Crime ID,Month,Reported by,Falls within,Longitude,Latitude,Location,LSOA code,LSOA name,Crime type,Last outcome category,Context
a6bb07e82939e53fd3539fcccd02b7377a64876f907f105a69e7a5ab651b690e,2026-01,Northumbria Police,Northumbria Police,-1.570576,54.878983,On or near Lamorbey Walk,E01020611,County Durham 007D,Drugs,Under investigation,
,2026-01,Northumbria Police,Northumbria Police,-1.848248,54.857639,On or near Dale Street,E01020631,County Durham 014B,Anti-social behaviour,,
,2026-01,Northumbria Police,Northumbria Police,-1.515913,54.859852,On or near Healeyfield,E01020591,County Durham 015B,Anti-social behaviour,,
,2026-01,Northumbria Police,Northumbria Police,-1.620226,54.818148,On or near Viola Crescent,E01020621,County Durham 019E,Anti-social behaviour,,
,2026-01,Northumbria Police,Northumbria Police,-1.753795,54.971512,On or near Hexham Old Road,E01008247,Gateshead 001B,Anti-social behaviour,,
,2026-01,Northumbria Police,Northumbria Police,-1.754848,54.968009,On or near Whernside Walk,E01008247,Gateshead 001B,Anti-social behaviour,,
,2026-01,Northumbria Police,Northumbria Police,-1.754848,54.968009,On or near Whernside Walk,E01008247,Gateshead 001B,Anti-social behaviour,,
,2026-01,Northumbria Police,Northumbria Police,-1.756391,54.968471,On or near Inleborough Drive,E01008247,Gateshead 001B,Anti-social behaviour,,
,2026-01,Northumbria Police,Northumbria Police,-1.766940,54.970253,On or near Grange Crescent,E01008247,Gateshead 001B,Anti-social behaviour,,
c358836cb38f76f366ceeea5173e6d4df6ce3d9b40b80d11aacf6ecde8a5a694,2026-01,Northumbria Police,Northumbria Police,-1.766940,54.970253,On or near Grange Crescent,E01008247,Gateshead 001B,Bicycle theft,Investigation complete; no suspect identified,
19f0c116cad5cd102d2761dad461326872e2b5567304253d58adef55a378d92a,2026-01,Northumbria Police,Northumbria Police,-1.771894,54.970957,On or near Sports/Recreation Area,E01008247,Gateshead 001B,Violence and sexual offences,Under investigation,
,2026-01,Northumbria Police,Northumbria Police,-1.731441,54.971572,On or near Spencers View,E01008248,Gateshead 001C,Anti-social behaviour,,
,2026-01,Northumbria Police,Northumbria Police,-1.730452,54.972388,On or near Hadrian Drive,E01008248,Gateshead 001C,Anti-social behaviour,,
b04f004278110d5e71adf80125520d1101b6d34aa30c0db429dc4e69341dfd53,2026-01,Northumbria Police,Northumbria Police,-1.723377,54.967519,On or near Stella Road,E01008248,Gateshead 001C,Criminal damage and arson,Investigation complete; no suspect identified,
117ae905031e7cae03f60816dc7a9af77d2c659cf4fa9310b0cf0868785c0542,2026-01,Northumbria Police,Northumbria Police,-1.729117,54.973427,On or near St Hildas Place,E01008248,Gateshead 001C,Criminal damage and arson,Under investigation,
49385a59fc747da29b6c098f5f66ed22c4af06134603d0028462676f47c2c2a5,2026-01,Northumbria Police,Northumbria Police,-1.730314,54.974293,On or near King Oswald Drive,E01008248,Gateshead 001C,Violence and sexual offences,Under investigation,
c31a5d4e2cbb184003a851289fb50760fcaa91cbeed3cf24d92bd1b71a2c8b9a,2026-01,Northumbria Police,Northumbria Police,-1.748420,54.969362,On or near King Edward Road,E01008248,Gateshead 001C,Violence and sexual offences,Investigation complete; no suspect identified,
,2026-01,Northumbria Police,Northumbria Police,-1.745232,54.969445,On or near Hexham Old Road,E01008249,Gateshead 001D,Anti-social behaviour,,
26fec89ae09cff952fe255c800457a04e25e44f21cfe13ae4edb020ef404dff4,2026-01,Northumbria Police,Northumbria Police,-1.746570,54.972827,On or near Primrose Gardens,E01008249,Gateshead 001D,Criminal damage and arson,Investigation complete; no suspect identified,
f92ad252b1662c11f6ded0e666b8187a3ee28ccdef413967d5ebf35f6f8d11bf,2026-01,Northumbria Police,Northumbria Police,-1.762816,54.973030,On or near Lane Head,E01008249,Gateshead 001D,Shoplifting,Investigation complete; no suspect identified,
46669539d78f7073deed8a7d3b1ee2e63a9607b966e8c1f1c2ed6c94d2fc9622,2026-01,Northumbria Police,Northumbria Police,-1.762107,54.976560,On or near Elvaston Road,E01008249,Gateshead 001D,Other crime,Investigation complete; no suspect identified,
b6bc1b7c5955bf4b82fcc16e3bdf255dffa5972e101e5caf34109d1e15b37e7d,2026-01,Northumbria Police,Northumbria Police,-1.762107,54.976560,On or near Elvaston Road,E01008249,Gateshead 001D,Other crime,Investigation complete; no suspect identified,
,2026-01,Northumbria Police,Northumbria Police,-1.763388,54.974029,On or near Balgonie Cottages,E01008250,Gateshead 001E,Anti-social behaviour,,
,2026-01,Northumbria Police,Northumbria Police,-1.763388,54.974029,On or near Balgonie Cottages,E01008250,Gateshead 001E,Anti-social behaviour,,
a3a8207acaecf922eb54fb5c84c3759760cd95804b945924f092496970d105bc,2026-01,Northumbria Police,Northumbria Police,-1.765693,54.975139,On or near Ash Grove,E01008250,Gateshead 001E,Violence and sexual offences,Under investigation,
,2026-01,Northumbria Police,Northumbria Police,-1.801188,54.943498,On or near Lead Road,E01008195,Gateshead 002A,Anti-social behaviour,,
5fe8101757b2cb7dcf3eec21e414fd9abd01b4022e8670eb69d6cefa9ff371f3,2026-01,Northumbria Police,Northumbria Police,-1.784795,54.952583,On or near Millenium Court,E01008195,Gateshead 002A,Burglary,Under investigation,
,2026-01,Northumbria Police,Northumbria Police,-1.788355,54.961575,On or near Greenside Road,E01008197,Gateshead 002B,Anti-social behaviour,,
90a98d676ecc92369bccbf52aa0df5c560b8626d1ecd7c26f7abbb7c8fac2d99,2026-01,Northumbria Police,Northumbria Police,-1.784676,54.963222,On or near Tilley Crescent,E01008197,Gateshead 002B,Public order,Under investigation,
,2026-01,Northumbria Police,Northumbria Police,-1.786628,54.969156,On or near Eden Dale,E01008198,Gateshead 002C,Anti-social behaviour,,
62f318b6e797d38c6f25ce905b457aab31d05db4b855ee6a8b6bcaf0f94e3a8f,2026-01,Northumbria Police,Northumbria Police,-1.791166,54.967690,On or near Chesters Gardens,E01008198,Gateshead 002C,Other theft,Under investigation,
9e4b0f7b27efcb49942356b703bd596d3316969728f4ae2b4446134af1193b7c,2026-01,Northumbria Police,Northumbria Police,-1.786628,54.969156,On or near Eden Dale,E01008198,Gateshead 002C,Violence and sexual offences,Investigation complete; no suspect identified,
,2026-01,Northumbria Police,Northumbria Police,-1.786779,54.967171,On or near Main Street,E01008199,Gateshead 002D,Anti-social behaviour,,
1f7a572b9fa91ed6ed0d26ec229b118e199bfb9df5344cdd01b05b667249f3ef,2026-01,Northumbria Police,Northumbria Police,-1.788329,54.966445,On or near Chamberlain Street,E01008199,Gateshead 002D,Violence and sexual offences,Under investigation,
,2026-01,Northumbria Police,Northumbria Police,-1.797408,54.962462,On or near Riding Close,E01008200,Gateshead 002E,Anti-social behaviour,,
,2026-01,Northumbria Police,Northumbria Police,-1.792453,54.969463,On or near Moralee Close,E01008200,Gateshead 002E,Anti-social behaviour,,
,2026-01,Northumbria Police,Northumbria Police,-1.781336,54.968500,On or near Meadow Lane,E01008245,Gateshead 002F,Anti-social behaviour,,
,2026-01,Northumbria Police,Northumbria Police,-1.778680,54.968648,On or near Sports/Recreation Area,E01008245,Gateshead 002F,Anti-social behaviour,,
,2026-01,Northumbria Police,Northumbria Police,-1.572097,54.957574,On or near George Smith Gardens,E01008214,Gateshead 003A,Anti-social behaviour,,
,2026-01,Northumbria Police,Northumbria Police,-1.580976,54.959690,On or near Park Road,E01008214,Gateshead 003A,Anti-social behaviour,,
,2026-01,Northumbria Police,Northumbria Police,-1.580976,54.959690,On or near Park Road,E01008214,Gateshead 003A,Anti-social behaviour,,
,2026-01,Northumbria Police,Northumbria Police,-1.574572,54.958266,On or near Coach Road Green,E01008214,Gateshead 003A,Anti-social behaviour,,
,2026-01,Northumbria Police,Northumbria Police,-1.574572,54.958266,On or near Coach Road Green,E01008214,Gateshead 003A,Anti-social behaviour,,
57c351423acbda2f5f3f3e8145d55279324e60c2f424fc15273dfdde0aca5fb0,2026-01,Northumbria Police,Northumbria Police,-1.576048,54.955997,On or near Friary Gardens,E01008214,Gateshead 003A,Criminal damage and arson,Under investigation,
492e7d3ab9e72d72fde92c0313108df0b0d88a457c7484770c79b7ba1e7da1a9,2026-01,Northumbria Police,Northumbria Police,-1.577769,54.957198,On or near Eastwood Gardens,E01008214,Gateshead 003A,Other theft,Under investigation,
db5d6b7acf0517760fd33eb3f375afb64bb320fbd9d52cfa2901f22d37e7c4c3,2026-01,Northumbria Police,Northumbria Police,-1.577769,54.957198,On or near Eastwood Gardens,E01008214,Gateshead 003A,Violence and sexual offences,Under investigation,
18a53bc0e312bb79eacd496725f03b62fdc4772cb2bf4d7eda300d305e1bba20,2026-01,Northumbria Police,Northumbria Police,-1.579319,54.958354,On or near Swan Crescent,E01008214,Gateshead 003A,Violence and sexual offences,Investigation complete; no suspect identified,
9fb956ee498347ad343aa6ea1405580e5a77ec411f420a2bc8b75767e6ba56e1,2026-01,Northumbria Police,Northumbria Police,-1.579840,54.957772,On or near Acacia Road,E01008214,Gateshead 003A,Violence and sexual offences,Under investigation,
5ba75a4795b615d2a9e1c42d763cc0c3d5d28e6d6b1e041ba18171edc5d8d1d3,2026-01,Northumbria Police,Northumbria Police,-1.579840,54.957772,On or near Acacia Road,E01008214,Gateshead 003A,Violence and sexual offences,Under investigation,
,2026-01,Northumbria Police,Northumbria Police,-1.568045,54.949526,On or near Stainton Drive,E01008215,Gateshead 003B,Anti-social behaviour,,
,2026-01,Northumbria Police,Northumbria Police,-1.571128,54.948836,On or near Coldwell Street,E01008215,Gateshead 003B,Anti-social behaviour,,
,2026-01,Northumbria Police,Northumbria Police,-1.556491,54.952369,On or near High House Gardens,E01008215,Gateshead 003B,Anti-social behaviour,,
,2026-01,Northumbria Police,Northumbria Police,-1.568045,54.949526,On or near Stainton Drive,E01008215,Gateshead 003B,Anti-social behaviour,,
,2026-01,Northumbria Police,Northumbria Police,-1.571128,54.948836,On or near Coldwell Street,E01008215,Gateshead 003B,Anti-social behaviour,,
,2026-01,Northumbria Police,Northumbria Police,-1.571128,54.948836,On or near Coldwell Street,E01008215,Gateshead 003B,Anti-social behaviour,,
,2026-01,Northumbria Police,Northumbria Police,-1.568045,54.949526,On or near Stainton Drive,E01008215,Gateshead 003B,Anti-social behaviour,,
e6e973a0aaba23cf5dcf97f6b17a4fd7599aeb65b5ec7846f4bbe58cb5113c4f,2026-01,Northumbria Police,Northumbria Police,-1.555393,54.951976,On or near Bus/Coach Station,E01008215,Gateshead 003B,Criminal damage and arson,Investigation complete; no suspect identified,
4a3983f83b14931230188106d0d410152191a10960b3b9cc5038301ec552f6f2,2026-01,Northumbria Police,Northumbria Police,-1.571128,54.948836,On or near Coldwell Street,E01008215,Gateshead 003B,Drugs,Under investigation,
77f3ed8e3ea813eed00bc8a190e5940d6c4086909be6f6e62792699bc7f094c8,2026-01,Northumbria Police,Northumbria Police,-1.571184,54.947973,On or near Parking Area,E01008215,Gateshead 003B,Shoplifting,Investigation complete; no suspect identified,
334a475d103298466e26114be548816597ee22c2d5830eddd79014ac8feda858,2026-01,Northumbria Police,Northumbria Police,-1.568040,54.952869,On or near John Hodgson Close,E01008215,Gateshead 003B,Violence and sexual offences,Under investigation,
d1e95908b3c0bd4178a07655ea35696b0dabd41a5bfc91ad79b0be5890157884,2026-01,Northumbria Police,Northumbria Police,-1.569017,54.950581,On or near Davidson Street,E01008215,Gateshead 003B,Violence and sexual offences,Under investigation,
a9097ce3bbe3bd47ab89fa669d050db8bd2c4391838cbd37a30bf0aac6d6ff7d,2026-01,Northumbria Police,Northumbria Police,-1.536124,54.957038,On or near Braemar Court,E01008243,Gateshead 003C,Other theft,Investigation complete; no suspect identified,
,2026-01,Northumbria Police,Northumbria Police,-1.543074,54.955501,On or near Fisherwell Road,E01008244,Gateshead 003D,Anti-social behaviour,,
,2026-01,Northumbria Police,Northumbria Police,-1.544074,54.955468,On or near King Street,E01008244,Gateshead 003D,Anti-social behaviour,,
,2026-01,Northumbria Police,Northumbria Police,-1.544071,54.959872,On or near Bosun'S Way,E01008244,Gateshead 003D,Anti-social behaviour,,
,2026-01,Northumbria Police,Northumbria Police,-1.540536,54.953577,On or near Lyons Court,E01008244,Gateshead 003D,Anti-social behaviour,,
,2026-01,Northumbria Police,Northumbria Police,-1.541966,54.954112,On or near A185,E01008244,Gateshead 003D,Anti-social behaviour,,
a4052d4073b0ca56d6230ed7bb7e3c211bc71c2b660523830e9a020e8041e975,2026-01,Northumbria Police,Northumbria Police,-1.543317,54.953399,On or near Cartmel Park,E01008244,Gateshead 003D,Burglary,Under investigation,
dd11ba183e8f0be55c0362940538181f846c8806398c44e1d50349aee421763f,2026-01,Northumbria Police,Northumbria Police,-1.719023,54.955809,On or near Simonside Road,E01008178,Gateshead 004A,Criminal damage and arson,Investigation complete; no suspect identified,
ceafb5da4eef8fb11ddcab042f7343a4ade6542f3e71a56719a130f731c3d039,2026-01,Northumbria Police,Northumbria Police,-1.714853,54.958100,On or near Low Mill Villas,E01008178,Gateshead 004A,Vehicle crime,Under investigation,
ab12eb74658bc2e124d3045d5b668ea007933d53753a0c5d65d9cc55373e4142,2026-01,Northumbria Police,Northumbria Police,-1.710232,54.962313,On or near Larch Road,E01008178,Gateshead 004A,Vehicle crime,Investigation complete; no suspect identified,
68cf2cf90481426a7331220e80e49d2b7de6b86b532d5525ec1ac1262507438c,2026-01,Northumbria Police,Northumbria Police,-1.715345,54.961435,On or near Ann Street,E01008178,Gateshead 004A,Vehicle crime,Under investigation,
4fa602bd3bcb626910aa2dec1b7c076e34360a068ed600b23d72ca1112efd3b5,2026-01,Northumbria Police,Northumbria Police,-1.723379,54.960366,On or near Back Lane,E01008180,Gateshead 004B,Public order,Under investigation,
ed96925a66f7a345130b136d7b7061018429709b22e12c1b2beedd02a1025dae,2026-01,Northumbria Police,Northumbria Police,-1.728011,54.959002,On or near Tulip Close,E01008180,Gateshead 004B,Other crime,Investigation complete; no suspect identified,
,2026-01,Northumbria Police,Northumbria Police,-1.710918,54.955826,On or near Hadrian Gardens,E01008182,Gateshead 004C,Anti-social behaviour,,
bbf360f04ea1ee1308c9e115c43f622587c305cbb3a2aa387334b2f55f9cc592,2026-01,Northumbria Police,Northumbria Police,-1.713771,54.956516,On or near Rockmore Road,E01008182,Gateshead 004C,Criminal damage and arson,Investigation complete; no suspect identified,
c514fa81d8feda8b18bd3546da3b42dcf432731a6bcbc508b36d45be9d5193d9,2026-01,Northumbria Police,Northumbria Police,-1.715787,54.956341,On or near Rennison Mews,E01008182,Gateshead 004C,Vehicle crime,Under investigation,
2b66ca888ae56e42b750d934ae2a28593c953bd5942c119bd486ec704ec84ae6,2026-01,Northumbria Police,Northumbria Police,-1.715787,54.956341,On or near Rennison Mews,E01008182,Gateshead 004C,Vehicle crime,Under investigation,
d1846fac8d5e69886883bd536fb71caf70d7ed119673aecec460cc8f7f1313c5,2026-01,Northumbria Police,Northumbria Police,-1.712104,54.958148,On or near Dockendale Place,E01008182,Gateshead 004C,Vehicle crime,Investigation complete; no suspect identified,
,2026-01,Northumbria Police,Northumbria Police,-1.730899,54.949887,On or near Coldstream Drive,E01008277,Gateshead 004D,Anti-social behaviour,,
,2026-01,Northumbria Police,Northumbria Police,-1.719891,54.952262,On or near Parkhead Gardens,E01008277,Gateshead 004D,Anti-social behaviour,,
,2026-01,Northumbria Police,Northumbria Police,-1.730899,54.949887,On or near Coldstream Drive,E01008277,Gateshead 004D,Anti-social behaviour,,
773020cf5c53073a91667a40cedb72910b33e92ce8cc540ee0b14b4578bb1cfe,2026-01,Northumbria Police,Northumbria Police,-1.723928,54.950878,On or near Ullswater Crescent,E01008277,Gateshead 004D,Public order,Awaiting court outcome,
1aa84ea40b888500488bfff84439a25ec7abc14bc96f5679569413ba84169570,2026-01,Northumbria Police,Northumbria Police,-1.721925,54.951610,On or near Parkland Avenue,E01008277,Gateshead 004D,Vehicle crime,Under investigation,
,2026-01,Northumbria Police,Northumbria Police,-1.728274,54.954707,On or near Back Street,E01008280,Gateshead 004E,Anti-social behaviour,,
,2026-01,Northumbria Police,Northumbria Police,-1.722937,54.956582,On or near Litchfield Street,E01008280,Gateshead 004E,Anti-social behaviour,,
,2026-01,Northumbria Police,Northumbria Police,-1.726879,54.954788,On or near Supermarket,E01008280,Gateshead 004E,Anti-social behaviour,,
,2026-01,Northumbria Police,Northumbria Police,-1.718410,54.954109,On or near East Park Gardens,E01008280,Gateshead 004E,Anti-social behaviour,,
,2026-01,Northumbria Police,Northumbria Police,-1.727187,54.953905,On or near Ambrose Court,E01008280,Gateshead 004E,Anti-social behaviour,,
579abadf03ce52b9951dc4602083fc9d19ac325d7920717c2bf9cc6a37c8b03b,2026-01,Northumbria Police,Northumbria Police,-1.715606,54.951030,On or near Wagtail Close,E01008280,Gateshead 004E,Criminal damage and arson,Investigation complete; no suspect identified,
c1d4d5fd005adf2f099b7c649b70865ca9a34110c5951fb5a30e77b56bcd6d6c,2026-01,Northumbria Police,Northumbria Police,-1.726879,54.954788,On or near Supermarket,E01008280,Gateshead 004E,Criminal damage and arson,Under investigation,
bdaf46dc51e18700f7686aaaf3c5ec1a469158a2f96c69a56512033cb4e235ba,2026-01,Northumbria Police,Northumbria Police,-1.719531,54.954516,On or near Parkside Avenue,E01008280,Gateshead 004E,Other theft,Under investigation,
1fe0a315407263a20c5cd71be5c881ec58305de377654a3d2dd7660da10d64d6,2026-01,Northumbria Police,Northumbria Police,-1.727134,54.957095,On or near Jobling Avenue,E01008280,Gateshead 004E,Public order,Under investigation,
05013bbcd9ece6b9e8140ba02343bcfcdaddf49ba5a3af6c30f9ed42a9883c6f,2026-01,Northumbria Police,Northumbria Police,-1.726879,54.954788,On or near Supermarket,E01008280,Gateshead 004E,Shoplifting,Under investigation,
53ba4b08c555f0fc582e5a05beba077d92c6332279367dd712ef83bcee8adf3a,2026-01,Northumbria Police,Northumbria Police,-1.726879,54.954788,On or near Supermarket,E01008280,Gateshead 004E,Shoplifting,Under investigation,
ab7e6ee664e1af8790ded2db67a13a6f65ba72ef54a69ac86d29b5b0cef9e93b,2026-01,Northumbria Police,Northumbria Police,-1.727627,54.953448,On or near Petrol Station,E01008280,Gateshead 004E,Shoplifting,Under investigation,
c55a8f83ca2f375c18cd1cbe8e4ca64730e32fe8bd1127f3d419d9e17d14af38,2026-01,Northumbria Police,Northumbria Police,-1.726879,54.954788,On or near Supermarket,E01008280,Gateshead 004E,Shoplifting,Under investigation,
5d98972b05703e1dabc02e2be4de43afe5ee6e015b76dd7b789143daf9286e82,2026-01,Northumbria Police,Northumbria Police,-1.726879,54.954788,On or near Supermarket,E01008280,Gateshead 004E,Shoplifting,Awaiting court outcome,
fafdb1568905f93d734477cdb9a4d0f2f7df428c96235109ebcaa19496d133bd,2026-01,Northumbria Police,Northumbria Police,-1.726879,54.954788,On or near Supermarket,E01008280,Gateshead 004E,Shoplifting,Under investigation,
8897ee2aa9248522e9151c05ea50b597477ae636bf1f970a0b968a599c2afba7,2026-01,Northumbria Police,Northumbria Police,-1.726879,54.954788,On or near Supermarket,E01008280,Gateshead 004E,Shoplifting,Under investigation,
033645a87ddce128e8ccb4e421ea8f59504d41480df392503b85f2220cfa4a94,2026-01,Northumbria Police,Northumbria Police,-1.719770,54.953906,On or near West Park Gardens,E01008280,Gateshead 004E,Vehicle crime,Under investigation,
f7017856409fa4d64a56f9cc41f95091a71e96c0b814b7addea60951121ccd3a,2026-01,Northumbria Police,Northumbria Police,-1.721601,54.953245,On or near California,E01008280,Gateshead 004E,Violence and sexual offences,Under investigation,
081f12dc24f14e718773952f62120bc4cad888b934fcf989a733d2c0169846b1,2026-01,Northumbria Police,Northumbria Police,-1.722937,54.956582,On or near Litchfield Street,E01008280,Gateshead 004E,Other crime,Under investigation,
,2026-01,Northumbria Police,Northumbria Police,-1.718165,54.962313,On or near Chesmond Drive,E01008177,Gateshead 005A,Anti-social behaviour,,
,2026-01,Northumbria Police,Northumbria Police,-1.712133,54.965031,On or near Shopping Area,E01008177,Gateshead 005A,Anti-social behaviour,,
,2026-01,Northumbria Police,Northumbria Police,-1.710292,54.964802,On or near Parking Area,E01008177,Gateshead 005A,Anti-social behaviour,,
,2026-01,Northumbria Police,Northumbria Police,-1.712133,54.965031,On or near Shopping Area,E01008177,Gateshead 005A,Anti-social behaviour,,
,2026-01,Northumbria Police,Northumbria Police,-1.714621,54.964390,On or near Shop Spouts,E01008177,Gateshead 005A,Anti-social behaviour,,
,2026-01,Northumbria Police,Northumbria Police,-1.710292,54.964802,On or near Parking Area,E01008177,Gateshead 005A,Anti-social behaviour,,
,2026-01,Northumbria Police,Northumbria Police,-1.710292,54.964802,On or near Parking Area,E01008177,Gateshead 005A,Anti-social behaviour,,
,2026-01,Northumbria Police,Northumbria Police,-1.718165,54.962313,On or near Chesmond Drive,E01008177,Gateshead 005A,Anti-social behaviour,,
63b92d4b6bb2b789d6a71bee30cec21ce1d24e99efd8b37ffdda9e66a080c01a,2026-01,Northumbria Police,Northumbria Police,-1.717684,54.964172,On or near Delacour Road,E01008177,Gateshead 005A,Burglary,Investigation complete; no suspect identified,
be5116f7d2254936fed6723504961b82ca803f2b63bdc91bacb14bd42b6c2814,2026-01,Northumbria Police,Northumbria Police,-1.709439,54.963910,On or near Supermarket,E01008177,Gateshead 005A,Criminal damage and arson,Under investigation,
5bf74e530f228cf8b95f4839b0f144809892d2462161ab79cc2bcca72341f8b2,2026-01,Northumbria Police,Northumbria Police,-1.709439,54.963910,On or near Supermarket,E01008177,Gateshead 005A,Shoplifting,Investigation complete; no suspect identified,
8cacdb1fe7144fabdaf4a6d24dff5849f4de69e7c1af31c9c2b4b9e24eaca137,2026-01,Northumbria Police,Northumbria Police,-1.709780,54.964289,On or near Parking Area,E01008177,Gateshead 005A,Shoplifting,Awaiting court outcome,
5fe96f9fc7ba4937acf39d854503e67b2bde88ed4bfc0abff3672ca19f1dd0f7,2026-01,Northumbria Police,Northumbria Police,-1.718000,54.963553,On or near Thornton Crescent,E01008177,Gateshead 005A,Vehicle crime,Under investigation,
cc1e22ea097251780522e764054e1b60abd16278d78ee7d7b74471362f8b0f4e,2026-01,Northumbria Police,Northumbria Police,-1.719323,54.962002,On or near Rushley Crescent,E01008177,Gateshead 005A,Vehicle crime,Under investigation,
16a3408f2ba9589bcb1831df053c14b418f06add7c289f2053315825be700b9b,2026-01,Northumbria Police,Northumbria Police,-1.710286,54.961288,On or near Elm Road,E01008177,Gateshead 005A,Vehicle crime,Investigation complete; no suspect identified,
93dfc5dca7a1e226bc57435eb1f6233303a250f4650c51ca15e34db914fa9c71,2026-01,Northumbria Police,Northumbria Police,-1.713319,54.962967,On or near Theresa Street,E01008177,Gateshead 005A,Vehicle crime,Under investigation,
585fd7e2954cef0b08784d02dac7cfe712d2f5fe207fd54d7492c59656938ff8,2026-01,Northumbria Police,Northumbria Police,-1.718165,54.962313,On or near Chesmond Drive,E01008177,Gateshead 005A,Violence and sexual offences,Investigation complete; no suspect identified,
2732eade4c10ab70b37d27709f19a3b35470610b0b27a8ab6aedfd865eace709,2026-01,Northumbria Police,Northumbria Police,-1.728240,54.959793,On or near Crocus Close,E01008179,Gateshead 005B,Other theft,Under investigation,
116bd053b1a93bc4bdb15836bbf9e901e98a8bd01eee7422b2047cdfeb5fd467,2026-01,Northumbria Police,Northumbria Police,-1.726790,54.959448,On or near Daffodil Close,E01008179,Gateshead 005B,Other crime,Investigation complete; no suspect identified,
,2026-01,Northumbria Police,Northumbria Police,-1.713783,54.965808,On or near Tyne Street,E01008181,Gateshead 005C,Anti-social behaviour,,
,2026-01,Northumbria Police,Northumbria Police,-1.713783,54.965808,On or near Tyne Street,E01008181,Gateshead 005C,Anti-social behaviour,,
,2026-01,Northumbria Police,Northumbria Police,-1.713783,54.965808,On or near Tyne Street,E01008181,Gateshead 005C,Anti-social behaviour,,
,2026-01,Northumbria Police,Northumbria Police,-1.713783,54.965808,On or near Tyne Street,E01008181,Gateshead 005C,Anti-social behaviour,,
,2026-01,Northumbria Police,Northumbria Police,-1.713783,54.965808,On or near Tyne Street,E01008181,Gateshead 005C,Anti-social behaviour,,
,2026-01,Northumbria Police,Northumbria Police,-1.713783,54.965808,On or near Tyne Street,E01008181,Gateshead 005C,Anti-social behaviour,,
,2026-01,Northumbria Police,Northumbria Police,-1.713783,54.965808,On or near Tyne Street,E01008181,Gateshead 005C,Anti-social behaviour,,
,2026-01,Northumbria Police,Northumbria Police,-1.713783,54.965808,On or near Tyne Street,E01008181,Gateshead 005C,Anti-social behaviour,,
f39dde96a1e745c6a8487fd2179dadcf768cfa60d6ada826145c629ded992a5a,2026-01,Northumbria Police,Northumbria Police,-1.691647,54.956989,On or near Petrol Station,E01008181,Gateshead 005C,Drugs,Under investigation,
5baeb888f3951c27145177a5fb6c037a3233e56ed44b3e215791b8036b03ed6b,2026-01,Northumbria Police,Northumbria Police,-1.713783,54.965808,On or near Tyne Street,E01008181,Gateshead 005C,Public order,Investigation complete; no suspect identified,
,2026-01,Northumbria Police,Northumbria Police,-1.711588,54.943004,On or near Petrol Station,E01008276,Gateshead 005D,Anti-social behaviour,,
586c4124bff925cc0d3c3e6381b451ac6b2fdd9e5ed68518a24b5095359f0cb5,2026-01,Northumbria Police,Northumbria Police,-1.726651,54.949986,On or near Buttermere Crescent,E01008276,Gateshead 005D,Vehicle crime,Under investigation,
382193dd8b7386cf640676eadd1f1ec64e96c27bcd6e805d65b68374a5d8da79,2026-01,Northumbria Police,Northumbria Police,-1.728544,54.949397,On or near Scotland Head,E01008276,Gateshead 005D,Other crime,Investigation complete; no suspect identified,
,2026-01,Northumbria Police,Northumbria Police,-1.646365,54.952984,On or near Sports/Recreation Area,E01008209,Gateshead 007A,Anti-social behaviour,,
,2026-01,Northumbria Police,Northumbria Police,-1.657650,54.959707,On or near Bus/Coach Station,E01008209,Gateshead 007A,Anti-social behaviour,,
,2026-01,Northumbria Police,Northumbria Police,-1.647686,54.956594,On or near Nelson Street,E01008209,Gateshead 007A,Anti-social behaviour,,
,2026-01,Northumbria Police,Northumbria Police,-1.646365,54.952984,On or near Sports/Recreation Area,E01008209,Gateshead 007A,Anti-social behaviour,,
,2026-01,Northumbria Police,Northumbria Police,-1.646365,54.952984,On or near Sports/Recreation Area,E01008209,Gateshead 007A,Anti-social behaviour,,
,2026-01,Northumbria Police,Northumbria Police,-1.646165,54.953804,On or near Ross Avenue,E01008209,Gateshead 007A,Anti-social behaviour,,
,2026-01,Northumbria Police,Northumbria Police,-1.646365,54.952984,On or near Sports/Recreation Area,E01008209,Gateshead 007A,Anti-social behaviour,,
,2026-01,Northumbria Police,Northumbria Police,-1.646165,54.953804,On or near Ross Avenue,E01008209,Gateshead 007A,Anti-social behaviour,,
,2026-01,Northumbria Police,Northumbria Police,-1.646165,54.953804,On or near Ross Avenue,E01008209,Gateshead 007A,Anti-social behaviour,,
,2026-01,Northumbria Police,Northumbria Police,-1.647890,54.954726,On or near Dunston Road,E01008209,Gateshead 007A,Anti-social behaviour,,
,2026-01,Northumbria Police,Northumbria Police,-1.672090,54.962710,On or near The Watermark,E01008209,Gateshead 007A,Anti-social behaviour,,
13d4ae847303964bed0f417d76844ebfe11ba34e4db91cb9f4272810d3114985,2026-01,Northumbria Police,Northumbria Police,-1.647686,54.956594,On or near Nelson Street,E01008209,Gateshead 007A,Criminal damage and arson,Investigation complete; no suspect identified,
447c26ef11965aab50773fbd57bd37ab6d5856729bb988826c47c8a1f4f3479b,2026-01,Northumbria Police,Northumbria Police,-1.643708,54.954372,On or near Barry Street,E01008209,Gateshead 007A,Public order,Investigation complete; no suspect identified,
fe9dfd4e307ea1178dd1389c299c2b8ed9584c46e9e8774f18ec1cd608633aeb,2026-01,Northumbria Police,Northumbria Police,-1.647686,54.956594,On or near Nelson Street,E01008209,Gateshead 007A,Violence and sexual offences,Investigation complete; no suspect identified,
41f76992023d424bb253301ea77a1ec6db18afc6b2dc7c505a5d02507f10ed47,2026-01,Northumbria Police,Northumbria Police,-1.650492,54.953538,On or near Meadow Lane,E01008209,Gateshead 007A,Violence and sexual offences,Under investigation,
874ae6f286a007dec66eac22bf898a0fa14fc7128a42618056c93aeac2ca514c,2026-01,Northumbria Police,Northumbria Police,-1.646015,54.954801,On or near Rendel Street,E01008209,Gateshead 007A,Violence and sexual offences,Under investigation,
49baac322f4edbc960ebd4e34b673fe0676a9822b63afa9db7958cc4fbfe3809,2026-01,Northumbria Police,Northumbria Police,-1.664092,54.961053,On or near Mandela Way,E01008209,Gateshead 007A,Violence and sexual offences,Under investigation,
,2026-01,Northumbria Police,Northumbria Police,-1.640767,54.951488,On or near Kent Avenue,E01008210,Gateshead 007B,Anti-social behaviour,,
,2026-01,Northumbria Police,Northumbria Police,-1.640767,54.951488,On or near Kent Avenue,E01008210,Gateshead 007B,Anti-social behaviour,,
,2026-01,Northumbria Police,Northumbria Police,-1.638251,54.955237,On or near Riverside Court,E01008210,Gateshead 007B,Anti-social behaviour,,
,2026-01,Northumbria Police,Northumbria Police,-1.640767,54.951488,On or near Kent Avenue,E01008210,Gateshead 007B,Anti-social behaviour,,
,2026-01,Northumbria Police,Northumbria Police,-1.639850,54.952752,On or near Parking Area,E01008210,Gateshead 007B,Anti-social behaviour,,
,2026-01,Northumbria Police,Northumbria Police,-1.638251,54.955237,On or near Riverside Court,E01008210,Gateshead 007B,Anti-social behaviour,,
843624077e6c475883e9eb30a93341beab23f8079d388ac2757c526fa6203fb5,2026-01,Northumbria Police,Northumbria Police,-1.640687,54.955190,On or near Seymour Street,E01008210,Gateshead 007B,Criminal damage and arson,Investigation complete; no suspect identified,
5bb02f311ee393f2104418490c9c3be6c0fd811fe9b66a71bb81e0e5a880ddfe,2026-01,Northumbria Police,Northumbria Police,-1.642941,54.954612,On or near Johnson Street,E01008210,Gateshead 007B,Violence and sexual offences,Under investigation,
0cf3c9cfc01bc1b8c04fc9462a284df14a423ac54fba490dc096b9dcf8e91ac6,2026-01,Northumbria Police,Northumbria Police,-1.642941,54.954612,On or near Johnson Street,E01008210,Gateshead 007B,Violence and sexual offences,Under investigation,
34e4ba1f41de89555044a97365afeada95db66875ec6732eac9fd5950a98db26,2026-01,Northumbria Police,Northumbria Police,-1.640687,54.955190,On or near Seymour Street,E01008210,Gateshead 007B,Violence and sexual offences,Under investigation,
bc00527332199a0d6465128b8e53fa3956dba9fe5213146522bc210e0f7f189f,2026-01,Northumbria Police,Northumbria Police,-1.642941,54.954612,On or near Johnson Street,E01008210,Gateshead 007B,Violence and sexual offences,Under investigation,
,2026-01,Northumbria Police,Northumbria Police,-1.628400,54.956654,On or near Fall Pass,E01008258,Gateshead 007C,Anti-social behaviour,,
,2026-01,Northumbria Police,Northumbria Police,-1.635993,54.956272,On or near Michaelmas Street,E01008258,Gateshead 007C,Anti-social behaviour,,
,2026-01,Northumbria Police,Northumbria Police,-1.623689,54.957834,On or near Rose Street,E01008258,Gateshead 007C,Anti-social behaviour,,
,2026-01,Northumbria Police,Northumbria Police,-1.635993,54.956272,On or near Michaelmas Street,E01008258,Gateshead 007C,Anti-social behaviour,,
,2026-01,Northumbria Police,Northumbria Police,-1.635993,54.956272,On or near Michaelmas Street,E01008258,Gateshead 007C,Anti-social behaviour,,
,2026-01,Northumbria Police,Northumbria Police,-1.634603,54.956241,On or near Valentine Way,E01008258,Gateshead 007C,Anti-social behaviour,,
,2026-01,Northumbria Police,Northumbria Police,-1.627164,54.956991,On or near Autumn Drive,E01008258,Gateshead 007C,Anti-social behaviour,,
,2026-01,Northumbria Police,Northumbria Police,-1.634603,54.956241,On or near Valentine Way,E01008258,Gateshead 007C,Anti-social behaviour,,
,2026-01,Northumbria Police,Northumbria Police,-1.628400,54.956654,On or near Fall Pass,E01008258,Gateshead 007C,Anti-social behaviour,,
,2026-01,Northumbria Police,Northumbria Police,-1.627233,54.957971,On or near North West Side,E01008258,Gateshead 007C,Anti-social behaviour,,
82e991b5fa5b8470b77f324c5b1cafbeac557ae895ab418d0bd76286d9ec1057,2026-01,Northumbria Police,Northumbria Police,-1.623689,54.957834,On or near Rose Street,E01008258,Gateshead 007C,Possession of weapons,Under investigation,
1856db27f38e5b5b0449bafa9ac5cf119630b6001ef11aeab5502aad43965013,2026-01,Northumbria Police,Northumbria Police,-1.635993,54.956272,On or near Michaelmas Street,E01008258,Gateshead 007C,Public order,Investigation complete; no suspect identified,
fd3570b283be3ab4bc6b1e6fa400c4c2c4e459ba6865ea079606d6a3621e0bcc,2026-01,Northumbria Police,Northumbria Police,-1.621787,54.957478,On or near Morrison Street,E01008258,Gateshead 007C,Violence and sexual offences,Under investigation,
0b5d680d79eee5a9fdb7ec39c391d8031b314ba09197e1251ae76a795268af25,2026-01,Northumbria Police,Northumbria Police,-1.623689,54.957834,On or near Rose Street,E01008258,Gateshead 007C,Violence and sexual offences,Under investigation,
,2026-01,Northumbria Police,Northumbria Police,-1.631313,54.935311,On or near Laurelwood Gardens,E01008259,Gateshead 007D,Anti-social behaviour,,
,2026-01,Northumbria Police,Northumbria Police,-1.629294,54.949493,On or near Sports/Recreation Area,E01008259,Gateshead 007D,Anti-social behaviour,,
d345216a0a7f98ee64d3c9c2ef303b56cee25d4d383482ca77348790a7e2ef90,2026-01,Northumbria Police,Northumbria Police,-1.609009,54.925698,On or near Eleventh Avenue North,E01008259,Gateshead 007D,Shoplifting,Under investigation,
17a81e3c6727905d0244a3e14a7026a9b09606023f9c3347b42760307f3462e6,2026-01,Northumbria Police,Northumbria Police,-1.617962,54.944202,On or near Fells Road,E01008259,Gateshead 007D,Vehicle crime,Investigation complete; no suspect identified,
6a60221088967ef76b4612bed1a38b0fc9c57d3aa46ede8a37444aca97139f39,2026-01,Northumbria Police,Northumbria Police,-1.607510,54.956345,On or near Claremont South Avenue,E01008167,Gateshead 008A,Vehicle crime,Investigation complete; no suspect identified,
bab93102bfbb6d4e6651e0a42df072f6400fdad2577a13571f25526153e15d6b,2026-01,Northumbria Police,Northumbria Police,-1.612303,54.954770,On or near Overhill Terrace,E01008167,Gateshead 008A,Violence and sexual offences,Under investigation,
,2026-01,Northumbria Police,Northumbria Police,-1.615733,54.953703,On or near Holystone Court,E01008170,Gateshead 008C,Anti-social behaviour,,
0924811811d92529a445f9b7d41c1400acae7be9a011402de59e4eeb1b5edd8f,2026-01,Northumbria Police,Northumbria Police,-1.613432,54.955933,On or near The Mill,E01008170,Gateshead 008C,Drugs,Investigation complete; no suspect identified,
484fb769fe422fe90c353ccb7cbca29763a432cda47b49b7ffcf2fb067154560,2026-01,Northumbria Police,Northumbria Police,-1.615167,54.950834,On or near Miller Street,E01008170,Gateshead 008C,Drugs,Under investigation,
21f4136d023c2c00185a2c293402aaadccb7bdb63fe0d6d938842f9f6a31ce58,2026-01,Northumbria Police,Northumbria Police,-1.615167,54.950834,On or near Miller Street,E01008170,Gateshead 008C,Possession of weapons,Under investigation,
e36d96f99bd6788eb3a5597af9917994d1b0ec8a35a428b146e2188ec07af75f,2026-01,Northumbria Police,Northumbria Police,-1.615113,54.956532,On or near School Street,E01008170,Gateshead 008C,Public order,Awaiting court outcome,
2b1a26a8ae417022480c23159003cd82d0293f881f20d4dc4324b5cbca53cfbc,2026-01,Northumbria Police,Northumbria Police,-1.615113,54.956532,On or near School Street,E01008170,Gateshead 008C,Public order,Under investigation,
548e37a69c57b5aef2c0dcfd76dc46e861c4a501f0e3fc297c3486f0d6f63bfb,2026-01,Northumbria Police,Northumbria Police,-1.617437,54.950239,On or near Newton Street,E01008170,Gateshead 008C,Violence and sexual offences,Under investigation,
63b6b5d76f2f5daf64abe6f2e47642b0de4857709a38dd2390239065af7365ba,2026-01,Northumbria Police,Northumbria Police,-1.613432,54.955933,On or near The Mill,E01008170,Gateshead 008C,Violence and sexual offences,Under investigation,
3e70d1163152805d3ff1c9c15d4fc4231f66cd3bdf8f09276d4b73c19c4826ab,2026-01,Northumbria Police,Northumbria Police,-1.613432,54.955933,On or near The Mill,E01008170,Gateshead 008C,Other crime,Under investigation,
9e81193cc75ef1aec71955ee185b77f4fa455a55261e8b189c6296107c33c48f,2026-01,Northumbria Police,Northumbria Police,-1.620964,54.953701,On or near Dixon Street,E01008257,Gateshead 008E,Public order,Under investigation,
e4bd01d20420819f255232f4765505c9a4bd212b08fb0550ef46dbba5f32bcd7,2026-01,Northumbria Police,Northumbria Police,-1.620332,54.951201,On or near Temple Green,E01008257,Gateshead 008E,Violence and sexual offences,Under investigation,
6045407bad66c6590cf328cd9d547f517a8fb96717bfac3d5c1be037458db4cf,2026-01,Northumbria Police,Northumbria Police,-1.622879,54.954282,On or near Victoria Court,E01008257,Gateshead 008E,Violence and sexual offences,Under investigation,
54371b35398f0d08ad249d66e4e2b3e3a7766dcc630cbafebdc7128b9e1389cb,2026-01,Northumbria Police,Northumbria Police,-1.617810,54.948713,On or near Newbury Avenue,E01008257,Gateshead 008E,Other crime,Investigation complete; no suspect identified,
,2026-01,Northumbria Police,Northumbria Police,-1.607744,54.954702,On or near Coatsworth Road,E01035610,Gateshead 008F,Anti-social behaviour,,
c0eedd19c6ca2149175354440c82ed0fb650c102b6a56a23992f23c18b712fcc,2026-01,Northumbria Police,Northumbria Police,-1.607744,54.954702,On or near Coatsworth Road,E01035610,Gateshead 008F,Criminal damage and arson,Under investigation,
5e99b1cb58a27ba510adb7dd0d5801afea01e5b60f830e532b36cf7ec2449b2b,2026-01,Northumbria Police,Northumbria Police,-1.608324,54.956096,On or near Claremont Street,E01035610,Gateshead 008F,Other theft,Under investigation,
7af65eb9f83595ed1e0389a3cee955dcf29eb518bfa86112632e1a0f70d2a9c0,2026-01,Northumbria Police,Northumbria Police,-1.611168,54.954326,On or near St Cuthbert'S Place,E01035610,Gateshead 008F,Other theft,Under investigation,
96d8ac4fe3f36afcffe82e856c79fea895bc1baef26f6ff02efa036c56ddb5df,2026-01,Northumbria Police,Northumbria Police,-1.613833,54.953140,On or near Bensham Avenue,E01035610,Gateshead 008F,Robbery,Investigation complete; no suspect identified,
54b2c0ae038a925cd3e54b3260621bb89a355a25d99e0668b83e18336edc9c88,2026-01,Northumbria Police,Northumbria Police,-1.607744,54.954702,On or near Coatsworth Road,E01035610,Gateshead 008F,Violence and sexual offences,Under investigation,
,2026-01,Northumbria Police,Northumbria Police,-1.675734,54.962055,On or near Riverside Way,E01008262,Gateshead 009A,Anti-social behaviour,,
,2026-01,Northumbria Police,Northumbria Police,-1.669432,54.959324,On or near Scotswood View,E01008262,Gateshead 009A,Anti-social behaviour,,
,2026-01,Northumbria Police,Northumbria Police,-1.671460,54.959500,On or near Parking Area,E01008262,Gateshead 009A,Anti-social behaviour,,
,2026-01,Northumbria Police,Northumbria Police,-1.677860,54.959886,On or near Petrol Station,E01008262,Gateshead 009A,Anti-social behaviour,,
,2026-01,Northumbria Police,Northumbria Police,-1.666288,54.957977,On or near Shopping Area,E01008262,Gateshead 009A,Anti-social behaviour,,
,2026-01,Northumbria Police,Northumbria Police,-1.680266,54.953800,On or near Masefield Avenue,E01008262,Gateshead 009A,Anti-social behaviour,,
47bf5555f6f23955341d94ae56a9022aa010b0954e0105d265d734861a697ae2,2026-01,Northumbria Police,Northumbria Police,-1.681447,54.952581,On or near Park Terrace,E01008262,Gateshead 009A,Burglary,Under investigation,
3c6ac4c8e086dd3d6a92fafcb74698baf1a3469e5dd799fe62a6644800941542,2026-01,Northumbria Police,Northumbria Police,-1.669432,54.959324,On or near Scotswood View,E01008262,Gateshead 009A,Other theft,Investigation complete; no suspect identified,
4c20da1e6e353c74fb6e0c77796c1e5b4f19a9a5db3f0ecff3caddcc106987cc,2026-01,Northumbria Police,Northumbria Police,-1.681447,54.952581,On or near Park Terrace,E01008262,Gateshead 009A,Public order,Under investigation,
7ba572c52d259cffd70b8f339a3852317b32f8f26d5d9962b3b745093c875362,2026-01,Northumbria Police,Northumbria Police,-1.685228,54.954280,On or near Front Street,E01008262,Gateshead 009A,Robbery,Under investigation,
665902928c8da1ced664d483708b82d0810d23342a6a0c5c78a09f1791a9f307,2026-01,Northumbria Police,Northumbria Police,-1.685228,54.954280,On or near Front Street,E01008262,Gateshead 009A,Shoplifting,Under investigation,
3a9e16cabcd50f1802c8b113a86ce45c9402bcf0bb57b31837d1abcc6f0e611b,2026-01,Northumbria Police,Northumbria Police,-1.668929,54.955881,On or near Shopping Area,E01008262,Gateshead 009A,Shoplifting,Under investigation,
c04bf8e70b727e2d2b8f872a54ae6c9cfb06a5a3e6ce0c730cca1c308668626e,2026-01,Northumbria Police,Northumbria Police,-1.677860,54.959886,On or near Petrol Station,E01008262,Gateshead 009A,Shoplifting,Investigation complete; no suspect identified,
943ccd4dc65f59e430dac0733b7ebf04b5d2921f587fdf681608ca0f565cf35b,2026-01,Northumbria Police,Northumbria Police,-1.677860,54.959886,On or near Petrol Station,E01008262,Gateshead 009A,Shoplifting,Investigation complete; no suspect identified,
f8fb07d74858aa7d3ee8b369bbc000bca3018e2f0290e6a99897910c3c052e44,2026-01,Northumbria Police,Northumbria Police,-1.676394,54.961518,On or near Petrol Station,E01008262,Gateshead 009A,Vehicle crime,Investigation complete; no suspect identified,
6db15c95bafd9a87e0d02e8f9417c4b72b70c2aeb61b65225f7396888286c389,2026-01,Northumbria Police,Northumbria Police,-1.668929,54.955881,On or near Shopping Area,E01008262,Gateshead 009A,Violence and sexual offences,Under investigation,
69a48ccac333f04ace4a5d49e84683784ad54cb8f790d496c850ef73a5203de4,2026-01,Northumbria Police,Northumbria Police,-1.677860,54.959886,On or near Petrol Station,E01008262,Gateshead 009A,Violence and sexual offences,Awaiting court outcome,
d9c85464e8cc32e7afec561807faee90d008f7df7c506304366b8cf155bd7af5,2026-01,Northumbria Police,Northumbria Police,-1.682764,54.953905,On or near Napier Road,E01008262,Gateshead 009A,Violence and sexual offences,Under investigation,
debd7a9c6be9d50e686459dcb08ef697ccf762836234e55f934ad376299e624d,2026-01,Northumbria Police,Northumbria Police,-1.685228,54.954280,On or near Front Street,E01008262,Gateshead 009A,Violence and sexual offences,Investigation complete; no suspect identified,
4e29e08bd097412f26f7ca2394d31c98819408ed2d6396e3dbcfad534b4f231b,2026-01,Northumbria Police,Northumbria Police,-1.677684,54.946712,On or near Parking Area,E01008263,Gateshead 009B,Shoplifting,Awaiting court outcome,
0cc5a79d75779d622300b99c233a43377fd5a2ba7eac6edc3cd89122894f8c3f,2026-01,Northumbria Police,Northumbria Police,-1.679420,54.946402,On or near Parking Area,E01008263,Gateshead 009B,Vehicle crime,Under investigation,
32ca527316534d01b21aef2a37cbf2a91076731a81e689f740dd8c0e3ab70640,2026-01,Northumbria Police,Northumbria Police,-1.683177,54.945055,On or near Fellside Court,E01008263,Gateshead 009B,Violence and sexual offences,Under investigation,
5c47d32983ef82765457504b6c071aa4401740468ec4b959bd43f2e19702f7d3,2026-01,Northumbria Police,Northumbria Police,-1.681483,54.948079,On or near Graham Avenue,E01008263,Gateshead 009B,Violence and sexual offences,Under investigation,
afd4d91812872d2f7cad49439a0cbb812d40f24c5f6dcc2fead3e077294f6826,2026-01,Northumbria Police,Northumbria Police,-1.683177,54.945055,On or near Fellside Court,E01008263,Gateshead 009B,Other crime,Investigation complete; no suspect identified,
c221c8f7d46e5dbca6756cc50ba5b7f6e40fa4981e4fd8b2e476bacb06a8e929,2026-01,Northumbria Police,Northumbria Police,-1.667191,54.945084,On or near Devon Avenue,E01008264,Gateshead 009C,Public order,Awaiting court outcome,
d4227b78a82ac035eb6eccad041d50355c57ac205386d26c3a282200601842e6,2026-01,Northumbria Police,Northumbria Police,-1.681757,54.948906,On or near Brooke Avenue,E01008265,Gateshead 009D,Other theft,Investigation complete; no suspect identified,
b1c7518bb36750a0082b891c5391a9a6278be2ef72c76e7860e9be11e77d5a7c,2026-01,Northumbria Police,Northumbria Police,-1.686531,54.947328,On or near Heathwood Avenue,E01008266,Gateshead 009E,Criminal damage and arson,Investigation complete; no suspect identified,
b64ae7796409de73368974330270d17d3d6ba0e0589e8c3d5d0b8ff3c2375322,2026-01,Northumbria Police,Northumbria Police,-1.692041,54.943343,On or near Syron,E01008266,Gateshead 009E,Violence and sexual offences,Under investigation,
,2026-01,Northumbria Police,Northumbria Police,-1.600639,54.953205,On or near Camborne Grove,E01008252,Gateshead 010B,Anti-social behaviour,,
,2026-01,Northumbria Police,Northumbria Police,-1.606895,54.952138,On or near Avondale Terrace,E01008252,Gateshead 010B,Anti-social behaviour,,
,2026-01,Northumbria Police,Northumbria Police,-1.600639,54.953205,On or near Camborne Grove,E01008252,Gateshead 010B,Anti-social behaviour,,
9b1bd40d62c57b6d776cf9f0dc756373f169eea392880b28b0b8cea5a476f92a,2026-01,Northumbria Police,Northumbria Police,-1.605341,54.949760,On or near Eastbourne Avenue,E01008252,Gateshead 010B,Violence and sexual offences,Under investigation,
,2026-01,Northumbria Police,Northumbria Police,-1.606325,54.949764,On or near Westbourne Avenue,E01008253,Gateshead 010C,Anti-social behaviour,,
,2026-01,Northumbria Police,Northumbria Police,-1.607262,54.949767,On or near Windsor Avenue,E01008253,Gateshead 010C,Anti-social behaviour,,
,2026-01,Northumbria Police,Northumbria Police,-1.606325,54.949764,On or near Westbourne Avenue,E01008253,Gateshead 010C,Anti-social behaviour,,
,2026-01,Northumbria Police,Northumbria Police,-1.610596,54.950406,On or near Brighton Road,E01008253,Gateshead 010C,Anti-social behaviour,,
dd5093baa695ae525d24e0ff2a6fc367f14293d04aeacc1192a0dd51d15c6cf8,2026-01,Northumbria Police,Northumbria Police,-1.612178,54.949926,On or near Hydepark Street,E01008253,Gateshead 010C,Other theft,Under investigation,
2aedebeece0e10ca14c9fedf75d1b0fe4e82a421e3ff7c9dcb17ca338c8103db,2026-01,Northumbria Police,Northumbria Police,-1.609137,54.951229,On or near Rectory Road,E01008253,Gateshead 010C,Other theft,Investigation complete; no suspect identified,
,2026-01,Northumbria Police,Northumbria Police,-1.612435,54.947537,On or near Rayleigh Grove,E01008254,Gateshead 010D,Anti-social behaviour,,
d4b35645379b0f178b8bdc04dd52c9271cc1de9b24ef90c4a7b11361730d6fbd,2026-01,Northumbria Police,Northumbria Police,-1.613747,54.945887,On or near Maxwell Street,E01008254,Gateshead 010D,Drugs,Under investigation,
5a44fdf96c4ef3dab149b39dd75ead28a2cf4a97cbf80ef53310bdabc8641beb,2026-01,Northumbria Police,Northumbria Police,-1.612435,54.947537,On or near Rayleigh Grove,E01008254,Gateshead 010D,Vehicle crime,Investigation complete; no suspect identified,
,2026-01,Northumbria Police,Northumbria Police,-1.608277,54.944854,On or near Felton Crescent,E01008255,Gateshead 010E,Anti-social behaviour,,
,2026-01,Northumbria Police,Northumbria Police,-1.611173,54.947335,On or near Faraday Grove,E01008255,Gateshead 010E,Anti-social behaviour,,
6e029519b6eba114ceb03af3f666be58f585bfce8531241f537af93fae339743,2026-01,Northumbria Police,Northumbria Police,-1.609079,54.937848,On or near Ventnor Crescent,E01008255,Gateshead 010E,Violence and sexual offences,Under investigation,
0f9e4473a327bd042e67f3621ea05247f35fe633e339b1e16a976c1695b6512c,2026-01,Northumbria Police,Northumbria Police,-1.607494,54.945095,On or near West Park Road,E01008255,Gateshead 010E,Violence and sexual offences,Under investigation,
71449605dc676e8e2f4594538f190b8544dd0cfd983f8cb866844d9ef7da270f,2026-01,Northumbria Police,Northumbria Police,-1.600241,54.947623,On or near Enfield Road,E01008255,Gateshead 010E,Violence and sexual offences,Investigation complete; no suspect identified,
,2026-01,Northumbria Police,Northumbria Police,-1.589737,54.951955,On or near Highcliffe Gardens,E01008165,Gateshead 011A,Anti-social behaviour,,
914f42468492766d535f2911553b7eebb7594abbf411d43091722b6cccbd66b9,2026-01,Northumbria Police,Northumbria Police,-1.579441,54.951147,On or near Gower Walk,E01008165,Gateshead 011A,Public order,Under investigation,
1d666fa36758a9636412a7e046d4c4a3c6857e03e43e55266f0f255b9b5c4acd,2026-01,Northumbria Police,Northumbria Police,-1.586682,54.951433,On or near Medway Crescent,E01008165,Gateshead 011A,Violence and sexual offences,Under investigation,
d0c3b2e49982406a04fc8afe4dfb737697aeae18365d6097795669082b28da66,2026-01,Northumbria Police,Northumbria Police,-1.587819,54.942612,On or near Fosse Terrace,E01008201,Gateshead 011B,Criminal damage and arson,Investigation complete; no suspect identified,
a9ec30dbc2f2321d5871ef0d121f0938fd43bd01553371c1f57f228f6839292f,2026-01,Northumbria Police,Northumbria Police,-1.587819,54.942612,On or near Fosse Terrace,E01008201,Gateshead 011B,Criminal damage and arson,Investigation complete; no suspect identified,
105c523b4649cbeeb24e32f7ec32beac90364e4512f59a369e10955fa757c31a,2026-01,Northumbria Police,Northumbria Police,-1.583969,54.941979,On or near Causeway,E01008201,Gateshead 011B,Violence and sexual offences,Under investigation,
e691028c5aec2bc237f9fdb73c33e3d6ef31e463ad1675f49dad718370aac112,2026-01,Northumbria Police,Northumbria Police,-1.587081,54.944479,On or near The Avenue,E01008201,Gateshead 011B,Other crime,Investigation complete; no suspect identified,
,2026-01,Northumbria Police,Northumbria Police,-1.581612,54.946563,On or near Strathmore Road,E01008202,Gateshead 011C,Anti-social behaviour,,
,2026-01,Northumbria Police,Northumbria Police,-1.583448,54.947099,On or near Gainsborough Crescent,E01008202,Gateshead 011C,Anti-social behaviour,,
ba2d3752bb8eef8ea8fb8c32ceb3d45a6d23e78a5a376292542cbf6a464ef1bd,2026-01,Northumbria Police,Northumbria Police,-1.578028,54.947422,On or near Balmoral Way,E01008202,Gateshead 011C,Criminal damage and arson,Under investigation,
0873bf38f5ae697a4262f158cf4c8eb42299001bf1dc97fae33039fe1d0a5ca6,2026-01,Northumbria Police,Northumbria Police,-1.581718,54.945323,On or near Esk Street,E01008202,Gateshead 011C,Criminal damage and arson,Under investigation,
4d2a92bd0f5ce95851fbe2206eaae8ac64cc15f12a4ec0453046651808f12ca5,2026-01,Northumbria Police,Northumbria Police,-1.585634,54.947044,On or near Carr Hill Road,E01008202,Gateshead 011C,Public order,Under investigation,
1e35a4046af59955d3ad25c877690a68bb14932d6c9dbefd2c54ccf7d1db2386,2026-01,Northumbria Police,Northumbria Police,-1.582376,54.948165,On or near Fielding Place,E01008202,Gateshead 011C,Vehicle crime,Investigation complete; no suspect identified,
2606de02e22e93ad05b59130243f7bd43151455629709e43a1809674546d5b05,2026-01,Northumbria Police,Northumbria Police,-1.580314,54.948248,On or near Sheriffs Close,E01008202,Gateshead 011C,Violence and sexual offences,Under investigation,
4dd20692442429e69938aea67d38f38b95060c7d52b17abc220e9af45a6e584b,2026-01,Northumbria Police,Northumbria Police,-1.586493,54.950066,On or near Chelsea Gardens,E01008204,Gateshead 011D,Burglary,Investigation complete; no suspect identified,
,2026-01,Northumbria Police,Northumbria Police,-1.570825,54.950911,On or near High Street,E01008212,Gateshead 012A,Anti-social behaviour,,
c9057cb8c7eb4373c953db7c2be5f9d43f752c1898b47ef0729ae03334770cfe,2026-01,Northumbria Police,Northumbria Police,-1.570825,54.950911,On or near High Street,E01008212,Gateshead 012A,Criminal damage and arson,Under investigation,
a85841c9dbd373bd8a7eb6be5fe6b33ed58df44e6aec0e0668211e60b84af8b1,2026-01,Northumbria Police,Northumbria Police,-1.576508,54.950886,On or near Brearley Way,E01008212,Gateshead 012A,Violence and sexual offences,Under investigation,
ab8de80f3b056bf700b82f3664b4c39c1285a36d28504e5fd4d4b50ff0349e98,2026-01,Northumbria Police,Northumbria Police,-1.573541,54.949447,On or near Millfield Gardens,E01008212,Gateshead 012A,Other crime,Under investigation,
4f94255cdf81003a566abd690a7716adbf1f03e61dc88c86b045521fbd3ab252,2026-01,Northumbria Police,Northumbria Police,-1.573893,54.945736,On or near Coldwell Lane,E01008213,Gateshead 012B,Violence and sexual offences,Under investigation,
190a5de3a23e57ded666ef559f1b516bea16521a9c54456e30330a6ecd722be6,2026-01,Northumbria Police,Northumbria Police,-1.562251,54.945372,On or near Thornygarth,E01008213,Gateshead 012B,Violence and sexual offences,Investigation complete; no suspect identified,
,2026-01,Northumbria Police,Northumbria Police,-1.559717,54.950080,On or near Mareburn Crescent,E01008216,Gateshead 012C,Anti-social behaviour,,
,2026-01,Northumbria Police,Northumbria Police,-1.567698,54.948321,On or near Crowhall Lane,E01008216,Gateshead 012C,Anti-social behaviour,,
85f1f080ad9e1909f29653edae018f01ad0927f2f366292b6381a948b65972d5,2026-01,Northumbria Police,Northumbria Police,-1.559717,54.950080,On or near Mareburn Crescent,E01008216,Gateshead 012C,Public order,Under investigation,
,2026-01,Northumbria Police,Northumbria Police,-1.579011,54.944424,On or near Iona Road,E01008228,Gateshead 012D,Anti-social behaviour,,
,2026-01,Northumbria Police,Northumbria Police,-1.577274,54.943322,On or near St Alban'S Place,E01008228,Gateshead 012D,Anti-social behaviour,,
,2026-01,Northumbria Police,Northumbria Police,-1.577274,54.943322,On or near St Alban'S Place,E01008228,Gateshead 012D,Anti-social behaviour,,
d4e9dae1a0366df53b88d3722bc8570b137e839c6165307a95884c5e8091640c,2026-01,Northumbria Police,Northumbria Police,-1.581044,54.941142,On or near Windy Nook Road,E01008228,Gateshead 012D,Public order,Investigation complete; no suspect identified,
9f7fc3f0e5be3f5fc9e7da054218a4a123758032d5a1f8f41a3322eb533057b5,2026-01,Northumbria Police,Northumbria Police,-1.642369,54.943432,On or near Knightside Gardens,E01008206,Gateshead 013A,Drugs,Under investigation,
,2026-01,Northumbria Police,Northumbria Police,-1.650747,54.945739,On or near Dunston Bank,E01008207,Gateshead 013B,Anti-social behaviour,,
,2026-01,Northumbria Police,Northumbria Police,-1.647330,54.947274,On or near Poplar Crescent,E01008208,Gateshead 013C,Anti-social behaviour,,
2e65fa340a5079c25ebfad9a9d63f38e3fb3cdd3d031adb12fcadb8ff97f0baf,2026-01,Northumbria Police,Northumbria Police,-1.657941,54.946065,On or near Mansion Heights,E01008208,Gateshead 013C,Vehicle crime,Investigation complete; no suspect identified,
,2026-01,Northumbria Police,Northumbria Police,-1.641366,54.950807,On or near Parking Area,E01008211,Gateshead 013D,Anti-social behaviour,,
b531bb6f3f31fc8026ad68e99d9a987ab91905b33808dd75f3867f480a9daba6,2026-01,Northumbria Police,Northumbria Police,-1.646564,54.949159,On or near Wynyard Street,E01008211,Gateshead 013D,Criminal damage and arson,Under investigation,
3449954359fbf8f66c0798262f83a6dda3f1eb865337ae77c2dfb323a13aed0b,2026-01,Northumbria Police,Northumbria Police,-1.642963,54.953813,On or near Kingsley Place,E01008211,Gateshead 013D,Violence and sexual offences,Investigation complete; no suspect identified,
814e8a9782488fa7ab1f4c5ec2055457886b7c73b950a0770c36331d7be624f3,2026-01,Northumbria Police,Northumbria Police,-1.532042,54.941431,On or near Lanchester Close,E01008284,Gateshead 014B,Violence and sexual offences,Under investigation,
,2026-01,Northumbria Police,Northumbria Police,-1.531644,54.950182,On or near Manor Gardens,E01008286,Gateshead 014C,Anti-social behaviour,,
a25903e45147a46fa2fc45d1961106e03ce9797bf48657dede98b46551c475d2,2026-01,Northumbria Police,Northumbria Police,-1.529768,54.947704,On or near Lingey Gardens,E01008286,Gateshead 014C,Burglary,Investigation complete; no suspect identified,
9cc8ce2e365e9982db1a6e4e7b77a036a74f73c1288a4f63051cc5db581bd563,2026-01,Northumbria Police,Northumbria Police,-1.534285,54.947227,On or near The Mews,E01008286,Gateshead 014C,Other crime,Under investigation,
863d2cd7befd167b1df09d53ed04fa637278307e17ceba9c23f609389edea6b4,2026-01,Northumbria Police,Northumbria Police,-1.527115,54.951548,On or near Wardley Lane,E01008287,Gateshead 014D,Drugs,Under investigation,
,2026-01,Northumbria Police,Northumbria Police,-1.550387,54.939730,On or near The Paddock,E01008231,Gateshead 015A,Anti-social behaviour,,
,2026-01,Northumbria Police,Northumbria Police,-1.555099,54.937024,On or near Whyndyke,E01008231,Gateshead 015A,Anti-social behaviour,,
2b14af8d8b1c62a248e5895508200c9f15722b6b9855cce2969f35871c3c0952,2026-01,Northumbria Police,Northumbria Police,-1.550387,54.939730,On or near The Paddock,E01008231,Gateshead 015A,Other theft,Investigation complete; no suspect identified,
7ac86f79569a17f06acbe5ae0f6d96b89eb452b5ec26027e5a00b7c40ba99015,2026-01,Northumbria Police,Northumbria Police,-1.548852,54.941521,On or near Staynebrigg,E01008231,Gateshead 015A,Violence and sexual offences,Under investigation,
,2026-01,Northumbria Police,Northumbria Police,-1.550821,54.946938,On or near High Lanes,E01008241,Gateshead 015C,Anti-social behaviour,,
,2026-01,Northumbria Police,Northumbria Police,-1.559008,54.944964,On or near Wardle Gardens,E01008241,Gateshead 015C,Anti-social behaviour,,
,2026-01,Northumbria Police,Northumbria Police,-1.545464,54.947125,On or near Birch Avenue,E01008241,Gateshead 015C,Anti-social behaviour,,
,2026-01,Northumbria Police,Northumbria Police,-1.548066,54.948977,On or near Field Lane,E01008241,Gateshead 015C,Anti-social behaviour,,
d800f82544bc9f1ccfc6ec7079a1aa4eba5e0c77f6626afaa2a9da1d857d7e3d,2026-01,Northumbria Police,Northumbria Police,-1.553260,54.946633,On or near St Cuthbert'S Drive,E01008241,Gateshead 015C,Violence and sexual offences,Under investigation,
,2026-01,Northumbria Police,Northumbria Police,-1.543024,54.946164,On or near Bolburn,E01008242,Gateshead 015D,Anti-social behaviour,,
,2026-01,Northumbria Police,Northumbria Police,-1.545398,54.944717,On or near Grange Crescent,E01008242,Gateshead 015D,Anti-social behaviour,,
384eb11e0bdb9c51ead99e085dd25496f8ce5275f3746eb684cd62f57682cfdd,2026-01,Northumbria Police,Northumbria Police,-1.543947,54.944666,On or near Thorne Brake,E01008242,Gateshead 015D,Burglary,Investigation complete; no suspect identified,
9bcc1335d786365c431e7fc1b1f2ee52e20a61be6b3c6cbb988af13f3157478a,2026-01,Northumbria Police,Northumbria Police,-1.546935,54.944057,On or near Longrigg,E01008242,Gateshead 015D,Violence and sexual offences,Under investigation,
59d9010f80cac56d5649a45b8abef4ed07339543b2e7c99e63fedcd5d01f72ca,2026-01,Northumbria Police,Northumbria Police,-1.543024,54.946164,On or near Bolburn,E01008242,Gateshead 015D,Violence and sexual offences,Under investigation,
,2026-01,Northumbria Police,Northumbria Police,-1.546086,54.940415,On or near Prince George Square,E01008281,Gateshead 015E,Anti-social behaviour,,
,2026-01,Northumbria Police,Northumbria Police,-1.537373,54.943410,On or near Hazelgrove,E01008281,Gateshead 015E,Anti-social behaviour,,
,2026-01,Northumbria Police,Northumbria Police,-1.541572,54.943453,On or near Meresyde,E01008281,Gateshead 015E,Anti-social behaviour,,
,2026-01,Northumbria Police,Northumbria Police,-1.546086,54.940415,On or near Prince George Square,E01008281,Gateshead 015E,Anti-social behaviour,,
,2026-01,Northumbria Police,Northumbria Police,-1.541572,54.943453,On or near Meresyde,E01008281,Gateshead 015E,Anti-social behaviour,,
dd2f24719927c3f388b0e41c8430c022b9126853a1402558728c586f635e6a9d,2026-01,Northumbria Police,Northumbria Police,-1.541572,54.943453,On or near Meresyde,E01008281,Gateshead 015E,Possession of weapons,Offender given a caution,
071357855eb58af92f330a8d5d8bf48a28d47f43374e379c58672329d4dd2a37,2026-01,Northumbria Police,Northumbria Police,-1.545580,54.941165,On or near Supermarket,E01008281,Gateshead 015E,Public order,Investigation complete; no suspect identified,
94100f603b3e1bcacaa9fd45c5cfe4f13539c02896e5c22225504b478818ae5c,2026-01,Northumbria Police,Northumbria Police,-1.544076,54.935968,On or near Staindrop,E01008282,Gateshead 015F,Violence and sexual offences,Under investigation,
f41fd28d42a47274dbebdd310ca0556cace23029e10681e83ac96dac5aa4cd21,2026-01,Northumbria Police,Northumbria Police,-1.548902,54.937064,On or near Falstone,E01008282,Gateshead 015F,Violence and sexual offences,Under investigation,
437245ebdb1220ccc13692972be19f9fede4ce7f84e40ae9457fbae2cabcadd3,2026-01,Northumbria Police,Northumbria Police,-1.547845,54.938094,On or near Chevington,E01008282,Gateshead 015F,Violence and sexual offences,Awaiting court outcome,
,2026-01,Northumbria Police,Northumbria Police,-1.584826,54.939106,On or near Coach House Court,E01008219,Gateshead 016A,Anti-social behaviour,,
,2026-01,Northumbria Police,Northumbria Police,-1.584826,54.939106,On or near Coach House Court,E01008219,Gateshead 016A,Anti-social behaviour,,
,2026-01,Northumbria Police,Northumbria Police,-1.589062,54.938582,On or near Church Drive,E01008236,Gateshead 016C,Anti-social behaviour,,
,2026-01,Northumbria Police,Northumbria Police,-1.589062,54.938582,On or near Church Drive,E01008236,Gateshead 016C,Anti-social behaviour,,
3c067acc3ccbf587e9a15a8748c92fd6732650d8bafcb340abc70e1b3e4c2815,2026-01,Northumbria Police,Northumbria Police,-1.591657,54.941196,On or near Beverley Crescent,E01008236,Gateshead 016C,Criminal damage and arson,Investigation complete; no suspect identified,
a5ef114e76dccd79f73f82a1953a34eb3c3a2299e6a2a66766afdbcf9354c2d4,2026-01,Northumbria Police,Northumbria Police,-1.588326,54.940349,On or near Egremont Gardens,E01008236,Gateshead 016C,Vehicle crime,Under investigation,
56624a0091019f20d0ae2a1f36fc0138913626a075240f11124bede361f84738,2026-01,Northumbria Police,Northumbria Police,-1.589062,54.938582,On or near Church Drive,E01008236,Gateshead 016C,Violence and sexual offences,Investigation complete; no suspect identified,
,2026-01,Northumbria Police,Northumbria Police,-1.597586,54.939904,On or near Joicey Road,E01008237,Gateshead 016D,Anti-social behaviour,,
24cb5ad0804caa8ba209a6d86c211702d53a0188dd25369be83d14a50b716ba8,2026-01,Northumbria Police,Northumbria Police,-1.596475,54.943333,On or near Dryden Road,E01008237,Gateshead 016D,Violence and sexual offences,Under investigation,
1dbf65b5ea2e680c8f7ac038eb3ef036a0b0c42fba2752787f5741b1a4e03f93,2026-01,Northumbria Police,Northumbria Police,-1.597705,54.942079,On or near Musgrave Road,E01008237,Gateshead 016D,Violence and sexual offences,Under investigation,
c56f6fe3bdff5a915b1555fbf0d123660156fbe190bf1d6cc9b923a69232053d,2026-01,Northumbria Police,Northumbria Police,-1.597705,54.942079,On or near Musgrave Road,E01008237,Gateshead 016D,Violence and sexual offences,Under investigation,
c5a7a4a54a0d539f60df64ec01770405f6f6cbe8b4841231a65802177d6bc4da,2026-01,Northumbria Police,Northumbria Police,-1.675284,54.946184,On or near Church Chare,E01008267,Gateshead 017A,Public order,Awaiting court outcome,
4583432edcf891005a28f6efe11d03229cd00b36cdd5fc059a401442c037d5c6,2026-01,Northumbria Police,Northumbria Police,-1.679481,54.942574,On or near Parking Area,E01008267,Gateshead 017A,Violence and sexual offences,Investigation complete; no suspect identified,
ed0cd9c90d2363f2c860cdb83d78ddcf494ed86bede704557378734330896a3b,2026-01,Northumbria Police,Northumbria Police,-1.693110,54.938241,On or near Supermarket,E01008271,Gateshead 017D,Public order,Awaiting court outcome,
5844c406a4cb60b6e4a0bcd6a72a9eec691e216a1a0f32ce3c11d58fe202fc29,2026-01,Northumbria Police,Northumbria Police,-1.693110,54.938241,On or near Supermarket,E01008271,Gateshead 017D,Public order,Awaiting court outcome,
de94d9b75aa4b865554d19526489a85cb54f2e835feb4786db5ede2eb27025b8,2026-01,Northumbria Police,Northumbria Police,-1.693110,54.938241,On or near Supermarket,E01008271,Gateshead 017D,Public order,Under investigation,
f20e962ee1b6dbaac7f503148d439dc4a1c48149224d38505146d533d81d1828,2026-01,Northumbria Police,Northumbria Police,-1.693110,54.938241,On or near Supermarket,E01008271,Gateshead 017D,Public order,Under investigation,
0f686f02e8703e5c95aa9e042b5a4ff84ca91bf21c43581f9b3844487dc9a0a9,2026-01,Northumbria Police,Northumbria Police,-1.693110,54.938241,On or near Supermarket,E01008271,Gateshead 017D,Public order,Awaiting court outcome,
8a17159f9870ce5e40639a998dde8bf4ca38fb33a62af8e8bad393f80e10c15e,2026-01,Northumbria Police,Northumbria Police,-1.693110,54.938241,On or near Supermarket,E01008271,Gateshead 017D,Public order,Awaiting court outcome,
409fb85e7bc6899febbc8e82b903ed8f8deb945343582b315da557bc9c220f8c,2026-01,Northumbria Police,Northumbria Police,-1.693110,54.938241,On or near Supermarket,E01008271,Gateshead 017D,Public order,Awaiting court outcome,
a31c36c75b9f2279aab1038a446c1a2ec974ed259671ec2c0c5395363db8545b,2026-01,Northumbria Police,Northumbria Police,-1.693110,54.938241,On or near Supermarket,E01008271,Gateshead 017D,Shoplifting,Under investigation,
d385404af9157964b4d5a4ccee19d5ef00b49847ad874b695d409a2109d55b32,2026-01,Northumbria Police,Northumbria Police,-1.679641,54.940202,On or near Oakfield Close,E01008275,Gateshead 017E,Violence and sexual offences,Investigation complete; no suspect identified,
,2026-01,Northumbria Police,Northumbria Police,-1.575280,54.941437,On or near Stone Street,E01008229,Gateshead 018A,Anti-social behaviour,,
,2026-01,Northumbria Police,Northumbria Police,-1.555193,54.944079,On or near Colegate West,E01008229,Gateshead 018A,Anti-social behaviour,,
1ca52b9c3eba2b257299c4cf3060d443e396f9afbec01e09e7a98aeda794174f,2026-01,Northumbria Police,Northumbria Police,-1.573698,54.940533,On or near Sea View,E01008229,Gateshead 018A,Burglary,Investigation complete; no suspect identified,
,2026-01,Northumbria Police,Northumbria Police,-1.575785,54.942418,On or near Parking Area,E01008230,Gateshead 018B,Anti-social behaviour,,
,2026-01,Northumbria Police,Northumbria Police,-1.576737,54.940966,On or near Kane Gardens,E01008230,Gateshead 018B,Anti-social behaviour,,
a67cb5332bc7c586de03bdca11cb3285b1623745237d8ad0146314939b82945d,2026-01,Northumbria Police,Northumbria Police,-1.570695,54.936667,On or near Campion Gardens,E01008230,Gateshead 018B,Criminal damage and arson,Under investigation,
41fcdafc15e338cf70d7815ee439f6e8032df11c8683be48eeaa687e64215d0e,2026-01,Northumbria Police,Northumbria Police,-1.572935,54.937403,On or near Coltsfoot Gardens,E01008230,Gateshead 018B,Drugs,Under investigation,
be31904783ce41d417694ed2b2fbef8425d9f63a0716eeaadd08bb4107c30bd1,2026-01,Northumbria Police,Northumbria Police,-1.574897,54.943727,On or near Windy Ridge Villas,E01008230,Gateshead 018B,Shoplifting,Offender given a caution,
02e6378ee533832ff9ac56143637355c254316e3bd3d97678e4158641471a5f3,2026-01,Northumbria Police,Northumbria Police,-1.574897,54.943727,On or near Windy Ridge Villas,E01008230,Gateshead 018B,Shoplifting,Awaiting court outcome,
4749ade9f888afe7e355e00749609b48ba8fd95d3d44a3f11fc8d2a308d1e0dd,2026-01,Northumbria Police,Northumbria Police,-1.572935,54.937403,On or near Coltsfoot Gardens,E01008230,Gateshead 018B,Violence and sexual offences,Under investigation,
,2026-01,Northumbria Police,Northumbria Police,-1.558380,54.933873,On or near Oakwood,E01008232,Gateshead 018C,Anti-social behaviour,,
,2026-01,Northumbria Police,Northumbria Police,-1.558380,54.933873,On or near Oakwood,E01008232,Gateshead 018C,Anti-social behaviour,,
,2026-01,Northumbria Police,Northumbria Police,-1.558380,54.933873,On or near Oakwood,E01008232,Gateshead 018C,Anti-social behaviour,,
,2026-01,Northumbria Police,Northumbria Police,-1.558380,54.933873,On or near Oakwood,E01008232,Gateshead 018C,Anti-social behaviour,,
,2026-01,Northumbria Police,Northumbria Police,-1.558380,54.933873,On or near Oakwood,E01008232,Gateshead 018C,Anti-social behaviour,,
,2026-01,Northumbria Police,Northumbria Police,-1.558380,54.933873,On or near Oakwood,E01008232,Gateshead 018C,Anti-social behaviour,,
,2026-01,Northumbria Police,Northumbria Police,-1.566871,54.936734,On or near Whitehill Drive,E01008233,Gateshead 018D,Anti-social behaviour,,
,2026-01,Northumbria Police,Northumbria Police,-1.566871,54.936734,On or near Whitehill Drive,E01008233,Gateshead 018D,Anti-social behaviour,,
,2026-01,Northumbria Police,Northumbria Police,-1.566871,54.936734,On or near Whitehill Drive,E01008233,Gateshead 018D,Anti-social behaviour,,
,2026-01,Northumbria Police,Northumbria Police,-1.563428,54.936120,On or near White House Way,E01008233,Gateshead 018D,Anti-social behaviour,,
,2026-01,Northumbria Police,Northumbria Police,-1.550476,54.934518,On or near Rickgarth,E01008285,Gateshead 018E,Anti-social behaviour,,
,2026-01,Northumbria Police,Northumbria Police,-1.642549,54.937133,On or near Parking Area,E01008256,Gateshead 019A,Anti-social behaviour,,
,2026-01,Northumbria Police,Northumbria Police,-1.643400,54.936210,On or near Consett Road,E01008256,Gateshead 019A,Anti-social behaviour,,
4c4770232b7acc2e191d5926a0a9a4cfc773f3bf60061436d2b092bcf044bbfd,2026-01,Northumbria Police,Northumbria Police,-1.643400,54.936210,On or near Consett Road,E01008256,Gateshead 019A,Violence and sexual offences,Under investigation,
5fd4f4332eb8e0b542744b2c841ed3965f6d697046c42a63400e4b24f704a8b1,2026-01,Northumbria Police,Northumbria Police,-1.632369,54.935818,On or near Hollywood Gardens,E01008256,Gateshead 019A,Violence and sexual offences,Investigation complete; no suspect identified,
,2026-01,Northumbria Police,Northumbria Police,-1.626960,54.943592,On or near Peacock Court,E01008260,Gateshead 019B,Anti-social behaviour,,
,2026-01,Northumbria Police,Northumbria Police,-1.627420,54.946191,On or near Heath Close,E01008260,Gateshead 019B,Anti-social behaviour,,
dd7a239ac0f4d3a35c75e9da75ed4d92c28c83fec89e1c8ff716b17bd124dec0,2026-01,Northumbria Police,Northumbria Police,-1.626960,54.943592,On or near Peacock Court,E01008260,Gateshead 019B,Other theft,Investigation complete; no suspect identified,
6923b9abe940a06e84d50d48db237dc7860b1b9b7300f8fc79e1e245d9f59c50,2026-01,Northumbria Police,Northumbria Police,-1.626960,54.943592,On or near Peacock Court,E01008260,Gateshead 019B,Vehicle crime,Investigation complete; no suspect identified,
,2026-01,Northumbria Police,Northumbria Police,-1.638784,54.944500,On or near Moorfoot Gardens,E01008261,Gateshead 019C,Anti-social behaviour,,
fa90ec0c201092ecb0d3088374b6d00d83c7647948cb84479a6950a5af5fd426,2026-01,Northumbria Police,Northumbria Police,-1.638319,54.945891,On or near Pentland Gardens,E01008261,Gateshead 019C,Violence and sexual offences,Under investigation,
315fcd3b0558b989fce2f35e3771cd72acd8b2ca1ae2d8f36697466d1e30f1ba,2026-01,Northumbria Police,Northumbria Police,-1.638306,54.942171,On or near Malvern Gardens,E01008261,Gateshead 019C,Other crime,Investigation complete; no suspect identified,
7009edde638297366571d542c29c21b3c8a40e10cdd053cb6c55fa11e33a47b2,2026-01,Northumbria Police,Northumbria Police,-1.670483,54.945281,On or near Dockendale Lane,E01008268,Gateshead 019D,Other theft,Under investigation,
a821729c910e99c9fd0a67a17ab8394f08f9920abc33c563b85f11ab20181da4,2026-01,Northumbria Police,Northumbria Police,-1.685152,54.917975,On or near Sports/Recreation Area,E01008273,Gateshead 019F,Shoplifting,Investigation complete; no suspect identified,
c4abe654a6f3552f496cba0f6001f0adedd77621367c4c7dc0418ed6b09e6777,2026-01,Northumbria Police,Northumbria Police,-1.685152,54.917975,On or near Sports/Recreation Area,E01008273,Gateshead 019F,Shoplifting,Investigation complete; no suspect identified,
24fd6355c9cbc70b16df9c9aab11ffccc6254ba5e15172736825bb66f023d41c,2026-01,Northumbria Police,Northumbria Police,-1.684175,54.917281,On or near Cuthbert Street,E01008273,Gateshead 019F,Violence and sexual offences,Under investigation,
,2026-01,Northumbria Police,Northumbria Police,-1.675768,54.922893,On or near Elm Street West,E01008274,Gateshead 019G,Anti-social behaviour,,
,2026-01,Northumbria Police,Northumbria Police,-1.678007,54.925864,On or near Sunniside Court,E01008274,Gateshead 019G,Anti-social behaviour,,
528547499f3227ed6aad9d9e5720507e1f729ff839345d94542202d7e6564469,2026-01,Northumbria Police,Northumbria Police,-1.677856,54.923195,On or near Coronation Avenue,E01008274,Gateshead 019G,Violence and sexual offences,Under investigation,
bedecca4e4781263a4c801c6ddda9ceb26cfc0f613c80f64566adbef9e55d04c,2026-01,Northumbria Police,Northumbria Police,-1.596415,54.930572,On or near Lyndhurst Green,E01008193,Gateshead 020A,Criminal damage and arson,Investigation complete; no suspect identified,
15ef7266829c3a27e637aecfe1352b1f8e82c42df63d7aa794446f91e0f61f25,2026-01,Northumbria Police,Northumbria Police,-1.596332,54.931156,On or near Ellison Place,E01008193,Gateshead 020A,Public order,Investigation complete; no suspect identified,
,2026-01,Northumbria Police,Northumbria Police,-1.595350,54.923182,On or near Weymouth Gardens,E01008194,Gateshead 020B,Anti-social behaviour,,
f715b89ea0d46d6370a3fb77f939315cb8ab8e70b54fee3e5bd395c7ef6dfdce,2026-01,Northumbria Police,Northumbria Police,-1.595350,54.923182,On or near Weymouth Gardens,E01008194,Gateshead 020B,Criminal damage and arson,Investigation complete; no suspect identified,
2b23fefbbe34d6293ba3d1439f7ad61066d64e40ec37f9e3e1dffd4f03817c15,2026-01,Northumbria Police,Northumbria Police,-1.599388,54.923501,On or near St Austell Gardens,E01008194,Gateshead 020B,Violence and sexual offences,Under investigation,
,2026-01,Northumbria Police,Northumbria Police,-1.605481,54.932301,On or near Grantham Drive,E01008234,Gateshead 020C,Anti-social behaviour,,
,2026-01,Northumbria Police,Northumbria Police,-1.604613,54.925261,On or near St Andrew'S Drive,E01008234,Gateshead 020C,Anti-social behaviour,,
e65aba41d6af2455232e76f039318be39b6e29d12d047eab4be6f5d80c18939c,2026-01,Northumbria Police,Northumbria Police,-1.604613,54.925261,On or near St Andrew'S Drive,E01008234,Gateshead 020C,Public order,Under investigation,
d74a6ea3f23e5b45879681d081437f92572a450771b7ad1f00c8122bf4a1b3ca,2026-01,Northumbria Police,Northumbria Police,-1.599568,54.933656,On or near Forster Court,E01008234,Gateshead 020C,Violence and sexual offences,Under investigation,
f6d9b93de99dfa8880b684163a5e680d8dae16099dd035b9e9c5a1af11345012,2026-01,Northumbria Police,Northumbria Police,-1.599112,54.930896,On or near Worley Mews,E01008234,Gateshead 020C,Other crime,Investigation complete; no suspect identified,
29b292d1523dd206aef5dfb1fa6bebe0bf7ae682606d6df8dee09ab69289e4f3,2026-01,Northumbria Police,Northumbria Police,-1.599228,54.936459,On or near Elder Grove,E01008239,Gateshead 020D,Shoplifting,Awaiting court outcome,
054b97242e97973d1c91297711ab4e3c1fcd4f3046aaa94ec81fc28c18821c20,2026-01,Northumbria Police,Northumbria Police,-1.569801,54.930491,On or near Sports/Recreation Area,E01008218,Gateshead 021A,Violence and sexual offences,Awaiting court outcome,
9ed93d75f1db9ce3585459664771c37b73831347cb430bbda51290f58d1601aa,2026-01,Northumbria Police,Northumbria Police,-1.571773,54.927738,On or near Burnhope Gardens,E01008218,Gateshead 021A,Violence and sexual offences,Investigation complete; no suspect identified,
,2026-01,Northumbria Police,Northumbria Police,-1.574914,54.934714,On or near Parking Area,E01008220,Gateshead 021B,Anti-social behaviour,,
,2026-01,Northumbria Police,Northumbria Police,-1.574914,54.934714,On or near Parking Area,E01008220,Gateshead 021B,Anti-social behaviour,,
,2026-01,Northumbria Police,Northumbria Police,-1.574914,54.934714,On or near Parking Area,E01008220,Gateshead 021B,Anti-social behaviour,,
,2026-01,Northumbria Police,Northumbria Police,-1.581332,54.933921,On or near Sports/Recreation Area,E01008220,Gateshead 021B,Anti-social behaviour,,
ee0cb11c334928cfdf607113d24b35d01c6b7d0fdb4397d71bf094dbe8f0f070,2026-01,Northumbria Police,Northumbria Police,-1.570346,54.932784,On or near Balmlaw,E01008220,Gateshead 021B,Other theft,Under investigation,
5b9e4020ff80fb19746db16e1eedb7dd4f6e47d46643b43fe27eef8db0de6c79,2026-01,Northumbria Police,Northumbria Police,-1.581332,54.933921,On or near Sports/Recreation Area,E01008220,Gateshead 021B,Violence and sexual offences,Under investigation,
582109c727f5fdc8b145a324a8e56f7efeba32104c1c3ac7930294ad62e03a5b,2026-01,Northumbria Police,Northumbria Police,-1.581821,54.933902,On or near B1296,E01008220,Gateshead 021B,Violence and sexual offences,Under investigation,
,2026-01,Northumbria Police,Northumbria Police,-1.588251,54.932339,On or near Supermarket,E01008221,Gateshead 021C,Anti-social behaviour,,
2990ba3ce55c2cbf28d36e421c22ad4ade36b04e6fb8ca6ab4da6e939d1f3024,2026-01,Northumbria Police,Northumbria Police,-1.577531,54.933698,On or near Sundew Road,E01008221,Gateshead 021C,Other theft,Under investigation,
9f2f14f54604658bdf08abc4a7f4c7c8f322a117bbedc8d8bd2574552e054423,2026-01,Northumbria Police,Northumbria Police,-1.577531,54.933698,On or near Sundew Road,E01008221,Gateshead 021C,Other theft,Investigation complete; no suspect identified,
4222ffdd8befe22d0b1cfa263c7bbfbd4379280d0dc091336cb695d176c43336,2026-01,Northumbria Police,Northumbria Police,-1.588251,54.932339,On or near Supermarket,E01008221,Gateshead 021C,Shoplifting,Under investigation,
db51f465766ec83102d01d3b211890eff79b0d8f209432a2a8208eab42d0c019,2026-01,Northumbria Police,Northumbria Police,-1.588251,54.932339,On or near Supermarket,E01008221,Gateshead 021C,Shoplifting,Investigation complete; no suspect identified,
f63791f59663010266195258a0bc0669ffec0cc78ea75d6f9c3bc8f4998b08c2,2026-01,Northumbria Police,Northumbria Police,-1.588251,54.932339,On or near Supermarket,E01008221,Gateshead 021C,Shoplifting,Under investigation,
d7b55614378e7b20b7da273883b7d1dd3ea5519eeb3418e397fdd4d0677abfb9,2026-01,Northumbria Police,Northumbria Police,-1.588251,54.932339,On or near Supermarket,E01008221,Gateshead 021C,Shoplifting,Investigation complete; no suspect identified,
fd208fcb4415d0354f9570762bdbd0f553af34f3a54f7b32ae6d7089b24bfddc,2026-01,Northumbria Police,Northumbria Police,-1.577531,54.933698,On or near Sundew Road,E01008221,Gateshead 021C,Violence and sexual offences,Under investigation,
d199b60b42b57d30cd72f5aa5121b4a7855d3db3950b2dab7b89b51688a23648,2026-01,Northumbria Police,Northumbria Police,-1.577531,54.933698,On or near Sundew Road,E01008221,Gateshead 021C,Violence and sexual offences,Under investigation,
fd4087fa30715b27d53be3e5d2b968d0d06ccddb99fca9b0873a29dcd68db20f,2026-01,Northumbria Police,Northumbria Police,-1.581646,54.932715,On or near Duddon Place,E01008221,Gateshead 021C,Violence and sexual offences,Under investigation,
a6cdd46b08ee9cfcf4e3374fd405e435110a89c42a12070ed0bed5550465d2d5,2026-01,Northumbria Police,Northumbria Police,-1.577531,54.933698,On or near Sundew Road,E01008221,Gateshead 021C,Violence and sexual offences,Under investigation,
0ea0ffa7e53000e342d76cd02f1837d87f04e8236bc736381f916db83a037a97,2026-01,Northumbria Police,Northumbria Police,-1.584078,54.931465,On or near Torver Place,E01008221,Gateshead 021C,Violence and sexual offences,Investigation complete; no suspect identified,
257bea3b943f0021f395197050378f1d2fcbb0de24be6d58471aabab795191fa,2026-01,Northumbria Police,Northumbria Police,-1.577531,54.933698,On or near Sundew Road,E01008221,Gateshead 021C,Violence and sexual offences,Under investigation,
,2026-01,Northumbria Police,Northumbria Police,-1.574221,54.924943,On or near Springwell Avenue,E01008225,Gateshead 021D,Anti-social behaviour,,
988158af103ae74d2bd66e0cd91f936bd1ebd688cc882f91642128db81823e77,2026-01,Northumbria Police,Northumbria Police,-1.574539,54.922949,On or near Capstan Lane,E01008225,Gateshead 021D,Criminal damage and arson,Investigation complete; no suspect identified,
cdabc73e5fb7ac75c63319602e9d2008e6a2bfe040640f573af4357702f712d1,2026-01,Northumbria Police,Northumbria Police,-1.573813,54.923720,On or near Finchale Gardens,E01008225,Gateshead 021D,Shoplifting,Under investigation,
,2026-01,Northumbria Police,Northumbria Police,-1.559255,54.929473,On or near Wallace Gardens,E01008227,Gateshead 021E,Anti-social behaviour,,
e0f49cf76f3aae6a4b9feb90d6d8b6999923660061dc37bed9ddd8424bc8d94a,2026-01,Northumbria Police,Northumbria Police,-1.562807,54.931526,On or near Blackhill Crescent,E01008227,Gateshead 021E,Violence and sexual offences,Under investigation,
,2026-01,Northumbria Police,Northumbria Police,-1.742052,54.919664,On or near Taylor Avenue,E01008184,Gateshead 022A,Anti-social behaviour,,
64f1e6c54987fb892108858fc3e1fe9f83cf8f07a95ec86aa78d7121894e0e54,2026-01,Northumbria Police,Northumbria Police,-1.745007,54.918681,On or near Stirling Avenue,E01008184,Gateshead 022A,Shoplifting,Under investigation,
c4b7c413f1d4be566c911fbc61569deb353587a6f6adeb1ee7ac71aad0779039,2026-01,Northumbria Police,Northumbria Police,-1.756727,54.923127,On or near Briar Road,E01008185,Gateshead 022B,Violence and sexual offences,Investigation complete; no suspect identified,
46b57df58c3f9a71a6e7530c44534edf437a3221bc9743f42c7a8b7feb590b95,2026-01,Northumbria Police,Northumbria Police,-1.737855,54.950981,On or near Meldon Way,E01008278,Gateshead 022D,Other crime,Under investigation,
,2026-01,Northumbria Police,Northumbria Police,-1.593289,54.920228,On or near Trafford,E01008189,Gateshead 023A,Anti-social behaviour,,
3a754e1a38fd17edc4cbe051cb40c26f827df9a0629fb24912bd25bcf2b30af3,2026-01,Northumbria Police,Northumbria Police,-1.597648,54.919631,On or near Woodford,E01008189,Gateshead 023A,Criminal damage and arson,Under investigation,
b4cbb5a5de391a2d0e8ae64ba93950f9ec6d33824e464e00925a8cc2c5f51e02,2026-01,Northumbria Police,Northumbria Police,-1.593289,54.920228,On or near Trafford,E01008189,Gateshead 023A,Shoplifting,Awaiting court outcome,
d28c75e49499cf877f5680df5076eb7b3d29d7c7163b63c78397ad35d44c12f3,2026-01,Northumbria Police,Northumbria Police,-1.593289,54.920228,On or near Trafford,E01008189,Gateshead 023A,Shoplifting,Under investigation,
f41ca4940bc3ee73b68489827fbb4497ba158103da8a2754bb93e6113fa60be3,2026-01,Northumbria Police,Northumbria Police,-1.593289,54.920228,On or near Trafford,E01008189,Gateshead 023A,Violence and sexual offences,Under investigation,
13aa613ee3f7f7172104e563207293451025630925974200bd8ad9f25deb8577,2026-01,Northumbria Police,Northumbria Police,-1.597648,54.919631,On or near Woodford,E01008189,Gateshead 023A,Violence and sexual offences,Investigation complete; no suspect identified,
,2026-01,Northumbria Police,Northumbria Police,-1.590975,54.920582,On or near Petrol Station,E01008190,Gateshead 023B,Anti-social behaviour,,
,2026-01,Northumbria Police,Northumbria Police,-1.588110,54.918701,On or near Richmond Close,E01008190,Gateshead 023B,Anti-social behaviour,,
,2026-01,Northumbria Police,Northumbria Police,-1.587476,54.922670,On or near Ivanhoe View,E01008190,Gateshead 023B,Anti-social behaviour,,
,2026-01,Northumbria Police,Northumbria Police,-1.589258,54.922380,On or near Talisman View,E01008190,Gateshead 023B,Anti-social behaviour,,
,2026-01,Northumbria Police,Northumbria Police,-1.588088,54.920803,On or near St Ronans View,E01008190,Gateshead 023B,Anti-social behaviour,,
,2026-01,Northumbria Police,Northumbria Police,-1.590975,54.920582,On or near Petrol Station,E01008190,Gateshead 023B,Anti-social behaviour,,
,2026-01,Northumbria Police,Northumbria Police,-1.589258,54.922380,On or near Talisman View,E01008190,Gateshead 023B,Anti-social behaviour,,
dab743bea27bd6492499493e8ff6836646c9aa564d2f3ac775c9d582e6ccb8c1,2026-01,Northumbria Police,Northumbria Police,-1.588110,54.918701,On or near Richmond Close,E01008190,Gateshead 023B,Other theft,Under investigation,
8375e1787933a384c11557ff75f43a8c45743303f15e3f63629104044b5fcbc4,2026-01,Northumbria Police,Northumbria Police,-1.587476,54.922670,On or near Ivanhoe View,E01008190,Gateshead 023B,Public order,Under investigation,
,2026-01,Northumbria Police,Northumbria Police,-1.582988,54.920696,On or near Waverley Road,E01008191,Gateshead 023C,Anti-social behaviour,,
2ff781062b7ee108d9f7b42668fcf6ba93501cee66b109a75a32f799f0131745,2026-01,Northumbria Police,Northumbria Police,-1.588319,54.925729,On or near Mardale Gardens,E01008192,Gateshead 023D,Criminal damage and arson,Under investigation,
13e84639cdc4eea86c705fde27c75fe4d3ecbc1019d16fb845baadfc4c793719,2026-01,Northumbria Police,Northumbria Police,-1.587578,54.924881,On or near Greystoke Gardens,E01008192,Gateshead 023D,Public order,Under investigation,
0b3fc3677f1e5e4dcaa87f420be8eb55782892daf9135af3bca20cc7d75ac0f1,2026-01,Northumbria Police,Northumbria Police,-1.587578,54.924881,On or near Greystoke Gardens,E01008192,Gateshead 023D,Robbery,Investigation complete; no suspect identified,
f913cb6fcbcc34d862623fd68991b28a382d6ebb04c467add1dec69a007771ee,2026-01,Northumbria Police,Northumbria Police,-1.587578,54.924881,On or near Greystoke Gardens,E01008192,Gateshead 023D,Violence and sexual offences,Under investigation,
a9505669d9cc3d690095fd3d48550c6c8c1ebb72dbc5dbd83d079902783f95aa,2026-01,Northumbria Police,Northumbria Police,-1.587578,54.924881,On or near Greystoke Gardens,E01008192,Gateshead 023D,Violence and sexual offences,Under investigation,
7172756f7b8c24e4e8af82d99a5880d3eba8907677c1e0b84e1b90e4be0dbd02,2026-01,Northumbria Police,Northumbria Police,-1.591561,54.930727,On or near Dovedale Gardens,E01008192,Gateshead 023D,Violence and sexual offences,Investigation complete; no suspect identified,
,2026-01,Northumbria Police,Northumbria Police,-1.578546,54.925007,On or near Sports/Recreation Area,E01008217,Gateshead 023E,Anti-social behaviour,,
09c93d6d1a66c6011ada366209787850a2da3208d41778ce355aca00b1e61c4e,2026-01,Northumbria Police,Northumbria Police,-1.576297,54.924905,On or near Parking Area,E01008217,Gateshead 023E,Criminal damage and arson,Investigation complete; no suspect identified,
4a03172b5934c3ca22e3e24c6c8da79a8793b9cd14ca709522a85b49abd0d67f,2026-01,Northumbria Police,Northumbria Police,-1.575311,54.926690,On or near High Street,E01008217,Gateshead 023E,Shoplifting,Under investigation,
e7ecfb693f76dbee6503aa0e1d3b9a1f46515c8b19a8b297dcaea1b588998858,2026-01,Northumbria Police,Northumbria Police,-1.575595,54.903854,On or near Sports/Recreation Area,E01008222,Gateshead 025A,Violence and sexual offences,Under investigation,
,2026-01,Northumbria Police,Northumbria Police,-1.578727,54.905926,On or near Newcastle Road,E01008223,Gateshead 025B,Anti-social behaviour,,
ff4d3e9aa681f56706a59511f3c3ee89b39111cf4dc11650cad8768fb9d12555,2026-01,Northumbria Police,Northumbria Police,-1.580160,54.903100,On or near Devon Crescent,E01008223,Gateshead 025B,Criminal damage and arson,Investigation complete; no suspect identified,
c01ea63f1f1bdd7cb579e4fbde11352a0df8e3919d80084d82353115ce141523,2026-01,Northumbria Police,Northumbria Police,-1.579303,54.901488,On or near Lavers Road,E01008223,Gateshead 025B,Violence and sexual offences,Under investigation,
22c679374cb0d94741e83b9722796abd1338f09a56202490fad66355f6aed1ac,2026-01,Northumbria Police,Northumbria Police,-1.580160,54.903100,On or near Devon Crescent,E01008223,Gateshead 025B,Violence and sexual offences,Under investigation,
a3b366037bf1d38e017c09b06c4a13f170f24d4d6ae652cd8da65510fd33360d,2026-01,Northumbria Police,Northumbria Police,-1.580160,54.903100,On or near Devon Crescent,E01008223,Gateshead 025B,Violence and sexual offences,Under investigation,
c143baaaeb585d9473ded2772d33482af345e7018d4b3a5c111e4f2bb678ad48,2026-01,Northumbria Police,Northumbria Police,-1.580160,54.903100,On or near Devon Crescent,E01008223,Gateshead 025B,Violence and sexual offences,Under investigation,
,2026-01,Northumbria Police,Northumbria Police,-1.587042,54.913314,On or near Durham Road,E01008224,Gateshead 025C,Anti-social behaviour,,
,2026-01,Northumbria Police,Northumbria Police,-1.587042,54.913314,On or near Durham Road,E01008224,Gateshead 025C,Anti-social behaviour,,
,2026-01,Northumbria Police,Northumbria Police,-1.621037,54.922654,On or near Shopping Area,E01008226,Gateshead 025D,Anti-social behaviour,,
,2026-01,Northumbria Police,Northumbria Police,-1.613527,54.926512,On or near Ninth Avenue,E01008226,Gateshead 025D,Anti-social behaviour,,
,2026-01,Northumbria Police,Northumbria Police,-1.655513,54.908702,On or near Parking Area,E01008226,Gateshead 025D,Anti-social behaviour,,
e795ce494e03f19f739165b6a17796cc0c9e4cc0f17b1e9967a1df239b4b66c3,2026-01,Northumbria Police,Northumbria Police,-1.621037,54.922654,On or near Shopping Area,E01008226,Gateshead 025D,Burglary,Under investigation,
76b211bb2b1a4a2f8c404d4f19a9fc00aee94f0d2f46fa0d8815513bcdbe344b,2026-01,Northumbria Police,Northumbria Police,-1.618762,54.920751,On or near Banesley Lane,E01008226,Gateshead 025D,Public order,Investigation complete; no suspect identified,
639e3d9d68e30ca06f39b0624a6b7244ff4ec1f654fec2637d4473e2e1792c98,2026-01,Northumbria Police,Northumbria Police,-1.621037,54.922654,On or near Shopping Area,E01008226,Gateshead 025D,Shoplifting,Under investigation,
d5ae685b02b938f1b7f76973e4dbdecf05c27564e5741d270cfe01a5c819c89c,2026-01,Northumbria Police,Northumbria Police,-1.619840,54.903940,On or near Moormill Court,E01008226,Gateshead 025D,Vehicle crime,Investigation complete; no suspect identified,
1eeae35b7162afe6a7c495eb0fec071581eb13da5d15b69fb996b83cbf949208,2026-01,Northumbria Police,Northumbria Police,-1.612753,54.899820,On or near Clarty Lane,E01008226,Gateshead 025D,Violence and sexual offences,Under investigation,
,2026-01,Northumbria Police,Northumbria Police,-1.559832,54.889327,On or near Motorway Service Area,E01008172,Gateshead 026A,Anti-social behaviour,,
,2026-01,Northumbria Police,Northumbria Police,-1.572022,54.885162,On or near Elgin Place,E01008172,Gateshead 026A,Anti-social behaviour,,
,2026-01,Northumbria Police,Northumbria Police,-1.568187,54.883701,On or near Lothian Close,E01008172,Gateshead 026A,Anti-social behaviour,,
,2026-01,Northumbria Police,Northumbria Police,-1.568187,54.883701,On or near Lothian Close,E01008172,Gateshead 026A,Anti-social behaviour,,
,2026-01,Northumbria Police,Northumbria Police,-1.559832,54.889327,On or near Motorway Service Area,E01008172,Gateshead 026A,Anti-social behaviour,,
,2026-01,Northumbria Police,Northumbria Police,-1.559832,54.889327,On or near Motorway Service Area,E01008172,Gateshead 026A,Anti-social behaviour,,
78ed7daf95383fce147e387b1d2746acb98d36f78a1427efa764b95636f64135,2026-01,Northumbria Police,Northumbria Police,-1.563201,54.882075,On or near Lonsdale,E01008172,Gateshead 026A,Criminal damage and arson,Under investigation,
6190ba40fd37751ddbc657beb97ef5936e471f4067951f5755225cf18c479c55,2026-01,Northumbria Police,Northumbria Police,-1.566361,54.882509,On or near Sandray Close,E01008172,Gateshead 026A,Criminal damage and arson,Investigation complete; no suspect identified,
4606f9f98e5c90937eaca450e53f261788bcafbcf99aa0e0ee7f1714adbde2df,2026-01,Northumbria Police,Northumbria Police,-1.566361,54.882509,On or near Sandray Close,E01008172,Gateshead 026A,Public order,Under investigation,
4c117ab8a9d67d79f644ae919ea0f0361f82316e13701e4acc6195449dd0d8a9,2026-01,Northumbria Police,Northumbria Police,-1.568240,54.884573,On or near Kinross Close,E01008172,Gateshead 026A,Vehicle crime,Investigation complete; no suspect identified,
ddf9c03f254aa8ed248edaaf18a5464dae7bd17acc3cdb743f386ad5a9d0537f,2026-01,Northumbria Police,Northumbria Police,-1.567234,54.885360,On or near Rosslyn Place,E01008172,Gateshead 026A,Violence and sexual offences,Under investigation,
0639ba667a7e5e73701097bed4dbb50cb7786e23c46b0417268e76aac4cf0cb5,2026-01,Northumbria Police,Northumbria Police,-1.557599,54.889864,On or near Motorway Service Area,E01008172,Gateshead 026A,Violence and sexual offences,Under investigation,
,2026-01,Northumbria Police,Northumbria Police,-1.574889,54.883842,On or near Dorset Avenue,E01008173,Gateshead 026B,Anti-social behaviour,,
,2026-01,Northumbria Police,Northumbria Police,-1.574889,54.883842,On or near Dorset Avenue,E01008173,Gateshead 026B,Anti-social behaviour,,
,2026-01,Northumbria Police,Northumbria Police,-1.574889,54.883842,On or near Dorset Avenue,E01008173,Gateshead 026B,Anti-social behaviour,,
,2026-01,Northumbria Police,Northumbria Police,-1.575754,54.883099,On or near York Road,E01008173,Gateshead 026B,Anti-social behaviour,,
0fbd8c02f69d69c438348e0ab74ef7ee47e7fc8be3dd034c67794d6fe5dfbb8a,2026-01,Northumbria Police,Northumbria Police,-1.572039,54.882133,On or near Norfolk Avenue,E01008173,Gateshead 026B,Vehicle crime,Investigation complete; no suspect identified,
6749c9d04472ea053034542817be91614e41f92b00fa770588fa2b0130ce7f14,2026-01,Northumbria Police,Northumbria Police,-1.575754,54.883099,On or near York Road,E01008173,Gateshead 026B,Violence and sexual offences,Under investigation,
0885aa94054a0632be38d230a1896322e5b61b178956bc04bc90515e3102324f,2026-01,Northumbria Police,Northumbria Police,-1.575246,54.879458,On or near Parking Area,E01008173,Gateshead 026B,Violence and sexual offences,Under investigation,
,2026-01,Northumbria Police,Northumbria Police,-1.571143,54.896059,On or near Kateregina,E01008174,Gateshead 026C,Anti-social behaviour,,
3e20009c8966c5a0c5a21a72bd5a79a5f325a7120bedd28a7e9bb09cfdb8dfb7,2026-01,Northumbria Police,Northumbria Police,-1.576805,54.892817,On or near Petrol Station,E01008174,Gateshead 026C,Burglary,Investigation complete; no suspect identified,
9db2720169e718ac758e3d76f10604f7545f85c325a7dd8c4458ecc9a6d8515c,2026-01,Northumbria Police,Northumbria Police,-1.576805,54.892817,On or near Petrol Station,E01008174,Gateshead 026C,Other theft,Investigation complete; no suspect identified,
7479254d7d8af71b3bbf7eb3bcb93ca54018edb822d42a2af391d21e84c40a96,2026-01,Northumbria Police,Northumbria Police,-1.576805,54.892817,On or near Petrol Station,E01008174,Gateshead 026C,Shoplifting,Investigation complete; no suspect identified,
446d8f6d970f39ae53123370d93bdc3472a6d6bec66b42b5a5ceb076e4404f8a,2026-01,Northumbria Police,Northumbria Police,-1.563337,54.899797,On or near Brightlea,E01008174,Gateshead 026C,Vehicle crime,Under investigation,
288a392c7aac32a079aa49a1005362f81bef09fb50e27b19fa85a8988e0fde2b,2026-01,Northumbria Police,Northumbria Police,-1.566499,54.895773,On or near Portmeads Rise,E01008174,Gateshead 026C,Other crime,Under investigation,
2572035714e28c4eb27a19cd7f1fe7ad1c42fcc5bb7057cff27bbd5b822e8909,2026-01,Northumbria Police,Northumbria Police,-1.576457,54.896302,On or near The Avenue,E01008175,Gateshead 026D,Violence and sexual offences,Investigation complete; no suspect identified,
,2026-01,Northumbria Police,Northumbria Police,-1.562691,54.887510,On or near Dunvegan,E01008176,Gateshead 026E,Anti-social behaviour,,
,2026-01,Northumbria Police,Northumbria Police,-1.562691,54.887510,On or near Dunvegan,E01008176,Gateshead 026E,Anti-social behaviour,,
,2026-01,Northumbria Police,Northumbria Police,-1.562691,54.887510,On or near Dunvegan,E01008176,Gateshead 026E,Anti-social behaviour,,
e05122f7520137574c8391078f722397ed37e384bc4b0415fe9754f608c0d16a,2026-01,Northumbria Police,Northumbria Police,-1.566704,54.888342,On or near Tamerton Drive,E01008176,Gateshead 026E,Burglary,Awaiting court outcome,
4de84863dc6f65cf9ec416ee5e0c3f279c0160bca787019c6df63dfaff8f0f0a,2026-01,Northumbria Police,Northumbria Police,-1.562714,54.889703,On or near Glenluce,E01008176,Gateshead 026E,Burglary,Awaiting court outcome,
c220878dffabbefba23955277aa32a7c02e8e950577f2d336c024a6dd46a1ca5,2026-01,Northumbria Police,Northumbria Police,-1.565206,54.894250,On or near Portmeads Road,E01008176,Gateshead 026E,Burglary,Investigation complete; no suspect identified,
,2026-01,Northumbria Police,Northumbria Police,-1.585531,54.955563,On or near Beech Street,E01008162,Gateshead 027A,Anti-social behaviour,,
,2026-01,Northumbria Police,Northumbria Police,-1.588649,54.957640,On or near Gateshead Stadium,E01008162,Gateshead 027A,Anti-social behaviour,,
,2026-01,Northumbria Police,Northumbria Police,-1.591674,54.958100,On or near Shelley Drive,E01008162,Gateshead 027A,Anti-social behaviour,,
,2026-01,Northumbria Police,Northumbria Police,-1.589836,54.956107,On or near Hardwick Court,E01008162,Gateshead 027A,Anti-social behaviour,,
ebbef922737efedc87d7a8a95f791218197f2942ac5c750e01d3d5d803c6bb4a,2026-01,Northumbria Police,Northumbria Police,-1.591674,54.958100,On or near Shelley Drive,E01008162,Gateshead 027A,Criminal damage and arson,Investigation complete; no suspect identified,
b5621c47b610c05f6eaa01d53b5e08c1ff9427ffee78314a340d106af530a720,2026-01,Northumbria Police,Northumbria Police,-1.596488,54.957585,On or near Parking Area,E01008162,Gateshead 027A,Other theft,Under investigation,
897866d5e581e5ded50e8c2e79d018c389bd3579da4ad1e5af5139b80714f976,2026-01,Northumbria Police,Northumbria Police,-1.593063,54.959677,On or near Chaucer Close,E01008162,Gateshead 027A,Public order,Investigation complete; no suspect identified,
b7d1f8cb9271661d90d58c1a1d5040b959a3d3b85c5b6135f6f70f8222c192d3,2026-01,Northumbria Police,Northumbria Police,-1.595129,54.958887,On or near Supermarket,E01008162,Gateshead 027A,Vehicle crime,Investigation complete; no suspect identified,
58aaa489d9541bc3b65c11b20ffd19e703743b36f09f26fd58aa106b4ddd2e2f,2026-01,Northumbria Police,Northumbria Police,-1.592975,54.957619,On or near Bede Court,E01008162,Gateshead 027A,Violence and sexual offences,Investigation complete; no suspect identified,
b4fd3b45341346feb29319f8e10974116eafa4992dcf33fec2e288d1e789da24,2026-01,Northumbria Police,Northumbria Police,-1.585870,54.956004,On or near Angel Avenue,E01008162,Gateshead 027A,Violence and sexual offences,Under investigation,
1509945057e059dd0b951ed84663ab79c6980cfa1fd9caf58591a3b892e1d966,2026-01,Northumbria Police,Northumbria Police,-1.585870,54.956004,On or near Angel Avenue,E01008162,Gateshead 027A,Violence and sexual offences,Under investigation,
,2026-01,Northumbria Police,Northumbria Police,-1.583983,54.954272,On or near Beaufront Gardens,E01008164,Gateshead 027B,Anti-social behaviour,,
b7dfb4d94c70a3fc2fd8d979de93391c9d0dd6054076bfc17da7747d1c5ff6dd,2026-01,Northumbria Police,Northumbria Police,-1.578344,54.954460,On or near Parking Area,E01008164,Gateshead 027B,Drugs,Under investigation,
1d7cbe2f8854c05061823618eeea9b21ea358b0ceedef0bbfcd48227945a53e9,2026-01,Northumbria Police,Northumbria Police,-1.577401,54.953594,On or near Fox Street,E01008164,Gateshead 027B,Violence and sexual offences,Investigation complete; no suspect identified,
,2026-01,Northumbria Police,Northumbria Police,-1.603976,54.963182,On or near West Street,E01008166,Gateshead 027C,Anti-social behaviour,,
,2026-01,Northumbria Police,Northumbria Police,-1.604897,54.966375,On or near Bottle Bank,E01008166,Gateshead 027C,Anti-social behaviour,,
,2026-01,Northumbria Police,Northumbria Police,-1.603976,54.963182,On or near West Street,E01008166,Gateshead 027C,Anti-social behaviour,,
,2026-01,Northumbria Police,Northumbria Police,-1.602342,54.964201,On or near Lambton Street,E01008166,Gateshead 027C,Anti-social behaviour,,
,2026-01,Northumbria Police,Northumbria Police,-1.603976,54.963182,On or near West Street,E01008166,Gateshead 027C,Anti-social behaviour,,
,2026-01,Northumbria Police,Northumbria Police,-1.602118,54.963122,On or near Supermarket,E01008166,Gateshead 027C,Anti-social behaviour,,
,2026-01,Northumbria Police,Northumbria Police,-1.603976,54.963182,On or near West Street,E01008166,Gateshead 027C,Anti-social behaviour,,
,2026-01,Northumbria Police,Northumbria Police,-1.602118,54.963122,On or near Supermarket,E01008166,Gateshead 027C,Anti-social behaviour,,
,2026-01,Northumbria Police,Northumbria Police,-1.602118,54.963122,On or near Supermarket,E01008166,Gateshead 027C,Anti-social behaviour,,
,2026-01,Northumbria Police,Northumbria Police,-1.599811,54.962665,On or near Hopper Street,E01008166,Gateshead 027C,Anti-social behaviour,,
,2026-01,Northumbria Police,Northumbria Police,-1.603976,54.963182,On or near West Street,E01008166,Gateshead 027C,Anti-social behaviour,,
,2026-01,Northumbria Police,Northumbria Police,-1.602853,54.964580,On or near Swinburne Place,E01008166,Gateshead 027C,Anti-social behaviour,,
,2026-01,Northumbria Police,Northumbria Police,-1.602118,54.963122,On or near Supermarket,E01008166,Gateshead 027C,Anti-social behaviour,,
,2026-01,Northumbria Police,Northumbria Police,-1.602118,54.963122,On or near Supermarket,E01008166,Gateshead 027C,Anti-social behaviour,,
,2026-01,Northumbria Police,Northumbria Police,-1.603976,54.963182,On or near West Street,E01008166,Gateshead 027C,Anti-social behaviour,,
,2026-01,Northumbria Police,Northumbria Police,-1.596136,54.969419,On or near Parking Area,E01008166,Gateshead 027C,Anti-social behaviour,,
,2026-01,Northumbria Police,Northumbria Police,-1.603976,54.963182,On or near West Street,E01008166,Gateshead 027C,Anti-social behaviour,,
,2026-01,Northumbria Police,Northumbria Police,-1.602061,54.960983,On or near Charles Street,E01008166,Gateshead 027C,Anti-social behaviour,,
,2026-01,Northumbria Police,Northumbria Police,-1.603976,54.963182,On or near West Street,E01008166,Gateshead 027C,Anti-social behaviour,,
,2026-01,Northumbria Police,Northumbria Police,-1.603976,54.963182,On or near West Street,E01008166,Gateshead 027C,Anti-social behaviour,,
,2026-01,Northumbria Police,Northumbria Police,-1.602118,54.963122,On or near Supermarket,E01008166,Gateshead 027C,Anti-social behaviour,,
,2026-01,Northumbria Police,Northumbria Police,-1.602118,54.963122,On or near Supermarket,E01008166,Gateshead 027C,Anti-social behaviour,,
,2026-01,Northumbria Police,Northumbria Police,-1.602118,54.963122,On or near Supermarket,E01008166,Gateshead 027C,Anti-social behaviour,,
,2026-01,Northumbria Police,Northumbria Police,-1.596147,54.965214,On or near Quarryfield Road,E01008166,Gateshead 027C,Anti-social behaviour,,
,2026-01,Northumbria Police,Northumbria Police,-1.602118,54.963122,On or near Supermarket,E01008166,Gateshead 027C,Anti-social behaviour,,
,2026-01,Northumbria Police,Northumbria Police,-1.604897,54.966375,On or near Bottle Bank,E01008166,Gateshead 027C,Anti-social behaviour,,
ac13691f6822a4e8dafd9c87f73e03f15e10e1ddea1dca63f1808d063952f407,2026-01,Northumbria Police,Northumbria Police,-1.596136,54.969419,On or near Parking Area,E01008166,Gateshead 027C,Burglary,Under investigation,
c60143d7562f9466e82071ced163bd19a51b8fc7057f677070ed3196dc0982e5,2026-01,Northumbria Police,Northumbria Police,-1.596136,54.969419,On or near Parking Area,E01008166,Gateshead 027C,Criminal damage and arson,Investigation complete; no suspect identified,
03cd41199256bd650d5f911f67cc0f7f8ce9e3e558c7a63b4d3f9e6d5cac09d7,2026-01,Northumbria Police,Northumbria Police,-1.601527,54.959678,On or near Ann Street,E01008166,Gateshead 027C,Other theft,Under investigation,
2b2e94bf53c4c469d306c374e090164547486ddc4f6dd5f2524943d567de63ab,2026-01,Northumbria Police,Northumbria Police,-1.602118,54.963122,On or near Supermarket,E01008166,Gateshead 027C,Other theft,Under investigation,
d661b2476bf4c833f2eb31b2972f1646e2ecb3143773398fad59b96254093e2f,2026-01,Northumbria Police,Northumbria Police,-1.596136,54.969419,On or near Parking Area,E01008166,Gateshead 027C,Public order,Under investigation,
8e72985d95328031d903fa2498c331d13835178ad17517560c4dd1de48500f5d,2026-01,Northumbria Police,Northumbria Police,-1.601527,54.959678,On or near Ann Street,E01008166,Gateshead 027C,Public order,Under investigation,
922a594a8eadd105684f27ad05ca1e0051376e01accc45b20c7b2eb09da66b75,2026-01,Northumbria Police,Northumbria Police,-1.597070,54.968173,On or near Mill Road,E01008166,Gateshead 027C,Robbery,Under investigation,
8abed1cc1ca1a9a826150ff5e4ea9db90c6d3978d2eb67b06371b9c82c04891a,2026-01,Northumbria Police,Northumbria Police,-1.596136,54.969419,On or near Parking Area,E01008166,Gateshead 027C,Theft from the person,Under investigation,
dc04f3cd0f420be95f41ef1716cc611cc77c66c2cfd4e53d0579a9a8036f33ea,2026-01,Northumbria Police,Northumbria Police,-1.599811,54.962665,On or near Hopper Street,E01008166,Gateshead 027C,Violence and sexual offences,Under investigation,
c02ae77ccdae085c6342d9a77b8258354bec12c137588bdf483b575b5664b6f8,2026-01,Northumbria Police,Northumbria Police,-1.603976,54.963182,On or near West Street,E01008166,Gateshead 027C,Violence and sexual offences,Under investigation,
5cccf3d291a9ca4e7f84e4346f29a90a0a26389634930a7f8dcb3a29e82f1e7e,2026-01,Northumbria Police,Northumbria Police,-1.602118,54.963122,On or near Supermarket,E01008166,Gateshead 027C,Violence and sexual offences,Under investigation,
,2026-01,Northumbria Police,Northumbria Police,-1.611297,54.960321,On or near St Cuthbert'S Road,E01035611,Gateshead 027E,Anti-social behaviour,,
a036ae2d29c560bb13c6e5f0679a0d777881de9faee3e329ed010c6f3872d176,2026-01,Northumbria Police,Northumbria Police,-1.606527,54.961060,On or near Half Moon Lane,E01035611,Gateshead 027E,Violence and sexual offences,Investigation complete; no suspect identified,
919aa09a78aac1b457deb2993f73c73c0ffd497932b7f8c8704bcab581983935,2026-01,Northumbria Police,Northumbria Police,-1.606527,54.961060,On or near Half Moon Lane,E01035611,Gateshead 027E,Violence and sexual offences,Under investigation,
cf42064256616b91b55cef2d31aa8fe144fa146036a98549bc71d159db01ff91,2026-01,Northumbria Police,Northumbria Police,-1.606527,54.961060,On or near Half Moon Lane,E01035611,Gateshead 027E,Violence and sexual offences,Investigation complete; no suspect identified,
627bc97270aca026987145ac039397ae40af3b22b20a2507406cbe538a9313a7,2026-01,Northumbria Police,Northumbria Police,-1.610191,54.961638,On or near Askew Road,E01035611,Gateshead 027E,Violence and sexual offences,Under investigation,
,2026-01,Northumbria Police,Northumbria Police,-1.603810,54.956262,On or near Ely Street,E01035612,Gateshead 027F,Anti-social behaviour,,
,2026-01,Northumbria Police,Northumbria Police,-1.606885,54.962778,On or near Mulgrave Terrace,E01035612,Gateshead 027F,Anti-social behaviour,,
0deeab20bf4c4eb18281976fb727f5d42fe54b2eb8a79a279dd447a4aaae916f,2026-01,Northumbria Police,Northumbria Police,-1.604536,54.957010,On or near Worcester Green,E01035612,Gateshead 027F,Criminal damage and arson,Awaiting court outcome,
1f0fec15a369a509dc5c2a3b7765f89f7e1ea63ec7e19e867c6ba8d1438522d4,2026-01,Northumbria Police,Northumbria Police,-1.608802,54.958336,On or near Coatsworth Court,E01035612,Gateshead 027F,Drugs,Awaiting court outcome,
,2026-01,Northumbria Police,Northumbria Police,-1.601799,54.954350,On or near Hartington Street,E01008163,Gateshead 028A,Anti-social behaviour,,
4c98c5277d978cadfc1dbd57015e14b1bb16b92ea9cfd2d03fb86dec554e05b5,2026-01,Northumbria Police,Northumbria Police,-1.596069,54.955787,On or near Marlowe Gardens,E01008163,Gateshead 028A,Criminal damage and arson,Under investigation,
a0efa5c7d02434d6b32ac5fd200fb233319b750a673717b2fd64d81eac7e39c6,2026-01,Northumbria Police,Northumbria Police,-1.595837,54.954034,On or near Milvain Street,E01008163,Gateshead 028A,Violence and sexual offences,Under investigation,
c07fbedd118e889c2bd2020a7febed0eba4deccef95e6dc96880b50d54859d66,2026-01,Northumbria Police,Northumbria Police,-1.601799,54.954350,On or near Hartington Street,E01008163,Gateshead 028A,Violence and sexual offences,Investigation complete; no suspect identified,
cac73e9765bf71acb7928aa24315785ae933a5e1ae572509c2ca1c680e55f2d5,2026-01,Northumbria Police,Northumbria Police,-1.595837,54.954034,On or near Milvain Street,E01008163,Gateshead 028A,Violence and sexual offences,Investigation complete; no suspect identified,
cf0b420e4d91b51ed37349e3daf5ecd82c5f7e8ebc71923adb357a746a3a74ca,2026-01,Northumbria Police,Northumbria Police,-1.596488,54.956112,On or near Sutherland Street,E01008163,Gateshead 028A,Violence and sexual offences,Investigation complete; no suspect identified,
94cb5de1a0381012a635f06ac945990677fd4207340bd85eb703de54fb879d2d,2026-01,Northumbria Police,Northumbria Police,-1.604026,54.954923,On or near Gladstone Terrace West,E01008163,Gateshead 028A,Violence and sexual offences,Under investigation,
6b8392110c264d636f556ff8427b6f398783aafb2bb40142f3253b12bfc320a2,2026-01,Northumbria Police,Northumbria Police,-1.595837,54.954034,On or near Milvain Street,E01008163,Gateshead 028A,Violence and sexual offences,Under investigation,
,2026-01,Northumbria Police,Northumbria Police,-1.597724,54.954283,On or near Richmond Court,E01008203,Gateshead 028B,Anti-social behaviour,,
b01d9e68d69f8c74b9b2e6e7fdbdca8df5d805ec02d562c43b2bf1005565f79a,2026-01,Northumbria Police,Northumbria Police,-1.597987,54.954562,On or near St Edmund'S Road,E01008203,Gateshead 028B,Other theft,Investigation complete; no suspect identified,
fcbdec1c3e40ad5b6dd08e8e15ae4f4cfcec4656de8262411cc5165cc84e5a82,2026-01,Northumbria Police,Northumbria Police,-1.597960,54.946214,On or near Summerfield Road,E01008205,Gateshead 028C,Violence and sexual offences,Under investigation,
,2026-01,Northumbria Police,Northumbria Police,-1.782420,54.935639,On or near Ramsay Street,E01008196,Gateshead 029A,Anti-social behaviour,,
,2026-01,Northumbria Police,Northumbria Police,-1.781896,54.925619,On or near Beechwood,E01008196,Gateshead 029A,Anti-social behaviour,,
,2026-01,Northumbria Police,Northumbria Police,-1.785069,54.936300,On or near Co-Operative Terrace,E01008196,Gateshead 029A,Anti-social behaviour,,
cb0431735d1b86d256da69b19f4555af878cfd33186d7291629e110a2f274a52,2026-01,Northumbria Police,Northumbria Police,-1.782420,54.935639,On or near Ramsay Street,E01008196,Gateshead 029A,Other theft,Under investigation,
95707c8ccbe5020b9c2b5d04600338338172cc3d21e0f695fbb909e276a3f6d3,2026-01,Northumbria Police,Northumbria Police,-1.780392,54.929741,On or near Spen Burn,E01008196,Gateshead 029A,Violence and sexual offences,Investigation complete; no suspect identified,
f79d4e6e9949eb7ed9e5d833db5f2819cc7beaac004cf9c2f2c38aa70dba1e81,2026-01,Northumbria Police,Northumbria Police,-1.786957,54.933535,On or near West Street,E01008196,Gateshead 029A,Violence and sexual offences,Under investigation,
56ad7681ba8ec7ccb0430ea737b9528f2954a697514a6349bfa3357fd9e71f26,2026-01,Northumbria Police,Northumbria Police,-1.783874,54.929288,On or near Hookergate Lane,E01008196,Gateshead 029A,Violence and sexual offences,Under investigation,
45dfdd65378f7e9e0ddbc370e68be8814b39b505557d10015be3d04c9d6b6b90,2026-01,Northumbria Police,Northumbria Police,-1.786957,54.933535,On or near West Street,E01008196,Gateshead 029A,Violence and sexual offences,Under investigation,
ebf049109f5399a4bc4c511caef59e8fbe4c065bd5396b1b470a0cf7e09a5afe,2026-01,Northumbria Police,Northumbria Police,-1.785603,54.932760,On or near South Street,E01008196,Gateshead 029A,Violence and sexual offences,Under investigation,
c6883b0601215f36ce523c13f43f82c45f92c230357474a8401373c7840bec59,2026-01,Northumbria Police,Northumbria Police,-1.780855,54.936409,On or near Pawston Road,E01008196,Gateshead 029A,Other crime,Investigation complete; no suspect identified,
fd7dfdc11541908168760c1ee169909a3e49c4235f632799c81e7d02c5b610c9,2026-01,Northumbria Police,Northumbria Police,-1.786957,54.933535,On or near West Street,E01008196,Gateshead 029A,Other crime,Under investigation,
a2565698ee4e9d18fbf425a2040032fd0ce9228e31bdb19bbe4b76b38bd8b818,2026-01,Northumbria Police,Northumbria Police,-1.786957,54.933535,On or near West Street,E01008196,Gateshead 029A,Other crime,Under investigation,
b939873c0c7b99f596c63beb0c77108bf6cd6fdaa76a3ada381fbe20fb1a3e15,2026-01,Northumbria Police,Northumbria Police,-1.758578,54.921558,On or near Valley View,E01008183,Gateshead 029B,Criminal damage and arson,Under investigation,
27e1549ee7bd44e61e7775fc72b0a5492db7c038f6152129f1de93f212a0361c,2026-01,Northumbria Police,Northumbria Police,-1.769100,54.923106,On or near Woodlea Road,E01008183,Gateshead 029B,Violence and sexual offences,Under investigation,
2851e59e09e527430d2924cf0247222d8ce9f7b353f083ad25c70e401215e9d9,2026-01,Northumbria Police,Northumbria Police,-1.769100,54.923106,On or near Woodlea Road,E01008183,Gateshead 029B,Violence and sexual offences,Under investigation,
,2026-01,Northumbria Police,Northumbria Police,-1.815034,54.919724,On or near Supermarket,E01008186,Gateshead 029C,Anti-social behaviour,,
4ad31a1f78bc7cd8d0bac516d22db5d5fbb709dd74d959f85dedc002188cfa4e,2026-01,Northumbria Police,Northumbria Police,-1.813311,54.921169,On or near Monument Court,E01008186,Gateshead 029C,Burglary,Investigation complete; no suspect identified,
940458d2e6ab1629438028961b0caaecad1a1eb1d5af19839e990266887c6d63,2026-01,Northumbria Police,Northumbria Police,-1.808544,54.919705,On or near Tay Street,E01008186,Gateshead 029C,Other theft,Investigation complete; no suspect identified,
8c5afe5f90c84750cc555ae0a168b5188a0468cea255a6b6441b694bc2f797cf,2026-01,Northumbria Police,Northumbria Police,-1.815034,54.919724,On or near Supermarket,E01008186,Gateshead 029C,Shoplifting,Under investigation,
6abfc6bde3470d5ce7d8abfd8f3695ff1dbc703d9a9c6bff2bf185320cb12e44,2026-01,Northumbria Police,Northumbria Police,-1.815034,54.919724,On or near Supermarket,E01008186,Gateshead 029C,Violence and sexual offences,Under investigation,
1c5b66fd1bfd6c731c64a3fe9a97d1517413350f353cc8d8b04b8045a74a8d97,2026-01,Northumbria Police,Northumbria Police,-1.810136,54.919546,On or near South Road,E01008186,Gateshead 029C,Violence and sexual offences,Investigation complete; no suspect identified,
fec06d7f0c3b049ff1f61d46ed00a1a6afffef3bf7b4ddb65e54706080ff55d5,2026-01,Northumbria Police,Northumbria Police,-1.810136,54.919546,On or near South Road,E01008186,Gateshead 029C,Violence and sexual offences,Under investigation,
36ccf74962a348ff4db735acfa60f9c1bf3c1395f4c29c9d112de5b46a65771c,2026-01,Northumbria Police,Northumbria Police,-1.808544,54.919705,On or near Tay Street,E01008186,Gateshead 029C,Other crime,Under investigation,
,2026-01,Northumbria Police,Northumbria Police,-1.812998,54.907931,On or near Mill Road,E01035624,Gateshead 029D,Anti-social behaviour,,
,2026-01,Northumbria Police,Northumbria Police,-1.812629,54.906790,On or near Chopwell Road,E01035624,Gateshead 029D,Anti-social behaviour,,
bc21e791e54f4bb51d337b011f8bd831d0e324555a3ef6b32cdcc9d587310a13,2026-01,Northumbria Police,Northumbria Police,-1.810914,54.906715,On or near Armondside Road,E01035624,Gateshead 029D,Drugs,Under investigation,
40f23ead22a4be1b31dc009665bbd1b90dd42921d704da7693f462cbcc680d28,2026-01,Northumbria Police,Northumbria Police,-1.810914,54.906715,On or near Armondside Road,E01035624,Gateshead 029D,Drugs,Under investigation,
4fc91ea6dd0821fd24bb5acd3d9ade3fe55959bd423199d67647f6084c0f9284,2026-01,Northumbria Police,Northumbria Police,-1.810914,54.906715,On or near Armondside Road,E01035624,Gateshead 029D,Drugs,Under investigation,
44bbe6cf587f8dccbc278fc6ef41522c935d1b30148f96a47c9906b1a290f3e8,2026-01,Northumbria Police,Northumbria Police,-1.815876,54.912860,On or near Mill Road,E01035624,Gateshead 029D,Shoplifting,Under investigation,
,2026-01,Northumbria Police,Northumbria Police,-1.628953,55.011903,On or near Warkworth Crescent,E01008352,Newcastle upon Tyne 002C,Anti-social behaviour,,
d0d9c42d48976a7b8f0f16197f4987f17bd0c497cca981c7daaca3e3e27b4943,2026-01,Northumbria Police,Northumbria Police,-1.632109,55.015597,On or near Lesbury Chase,E01008352,Newcastle upon Tyne 002C,Vehicle crime,Investigation complete; no suspect identified,
86b981e3bb347b053d1ebae534a6759070d075bbea08fdf6b41c6a546f3d855f,2026-01,Northumbria Police,Northumbria Police,-1.621968,55.019744,On or near Great North Road,E01008357,Newcastle upon Tyne 002D,Other theft,Under investigation,
b3139cf3c1833a02cc02c51062ef11c9feb0db2ba428f0d84cf5b1ee9e4790b7,2026-01,Northumbria Police,Northumbria Police,-1.626199,55.017214,On or near Grasmere Place,E01008357,Newcastle upon Tyne 002D,Vehicle crime,Investigation complete; no suspect identified,
007a19fe086050c75a9c7329a659f63860661de23592b9896784d0018fe1a13e,2026-01,Northumbria Police,Northumbria Police,-1.621968,55.019744,On or near Great North Road,E01008357,Newcastle upon Tyne 002D,Violence and sexual offences,Under investigation,
04b7c79c082d293a1026400d3fc191a19583245a10292abacce2dcc2e2e37c31,2026-01,Northumbria Police,Northumbria Police,-1.621367,55.012122,On or near Parking Area,E01008358,Newcastle upon Tyne 002E,Robbery,Investigation complete; no suspect identified,
,2026-01,Northumbria Police,Northumbria Police,-1.624980,55.035533,On or near Rotary Way,E01033551,Newcastle upon Tyne 002G,Anti-social behaviour,,
,2026-01,Northumbria Police,Northumbria Police,-1.624980,55.035533,On or near Rotary Way,E01033551,Newcastle upon Tyne 002G,Anti-social behaviour,,
,2026-01,Northumbria Police,Northumbria Police,-1.620655,55.037865,On or near Race Track,E01033551,Newcastle upon Tyne 002G,Anti-social behaviour,,
,2026-01,Northumbria Police,Northumbria Police,-1.640189,55.014480,On or near Heddon Close,E01008336,Newcastle upon Tyne 003A,Anti-social behaviour,,
,2026-01,Northumbria Police,Northumbria Police,-1.638748,55.014772,On or near Aln Walk,E01008336,Newcastle upon Tyne 003A,Anti-social behaviour,,
8cfeb5a35d9abafcf12683805b2170a12ed4e7d41374743f286c373a6570276e,2026-01,Northumbria Police,Northumbria Police,-1.650328,55.015659,On or near Barnard Green,E01008337,Newcastle upon Tyne 003B,Criminal damage and arson,Investigation complete; no suspect identified,
8e926575c2a42957ac01e29100ffa4acd7562d05ff3fdb195aeb3c25689715a2,2026-01,Northumbria Police,Northumbria Police,-1.647229,55.015911,On or near Park Avenue,E01008337,Newcastle upon Tyne 003B,Violence and sexual offences,Under investigation,
716594e3e8debdd442a5bdef75b06234073c548c80d572713c67df542e32acc2,2026-01,Northumbria Police,Northumbria Police,-1.654087,55.014906,On or near Amherst Road,E01008338,Newcastle upon Tyne 003C,Criminal damage and arson,Investigation complete; no suspect identified,
6c7538e378a1058ff7d9c288b23ba3d839943f30c0ce1a904dc147a61824b9f7,2026-01,Northumbria Police,Northumbria Police,-1.652878,55.013681,On or near Charles Avenue,E01008338,Newcastle upon Tyne 003C,Violence and sexual offences,Under investigation,
eb48862b2f6c26ef9b99be3974dbefa8ea3f4c1c136bca2cbc3358f460df501f,2026-01,Northumbria Police,Northumbria Police,-1.655857,55.014579,On or near Horsley Court,E01008338,Newcastle upon Tyne 003C,Violence and sexual offences,Under investigation,
847723e169cfe27837839f41c9e6d4149e4693c86572cd895f317175a629b690,2026-01,Northumbria Police,Northumbria Police,-1.651404,55.010603,On or near Afton Way,E01008340,Newcastle upon Tyne 003E,Burglary,Investigation complete; no suspect identified,
26f8849d636b89213ceeaf726ee274c25bcf45eae1881bceab6b56a31119adf9,2026-01,Northumbria Police,Northumbria Police,-1.650077,55.006681,On or near Kirkwood Drive,E01008340,Newcastle upon Tyne 003E,Criminal damage and arson,Investigation complete; no suspect identified,
b7da10639c4480d12dd3d3b114397732e1be589703684d3ac8daca60f6b9bcf7,2026-01,Northumbria Police,Northumbria Police,-1.650077,55.006681,On or near Kirkwood Drive,E01008340,Newcastle upon Tyne 003E,Criminal damage and arson,Investigation complete; no suspect identified,
e924edadef0fed0dcdbc53d170c2fa162f882343f60309ac9ae9bbaef94415fe,2026-01,Northumbria Police,Northumbria Police,-1.650077,55.006681,On or near Kirkwood Drive,E01008340,Newcastle upon Tyne 003E,Criminal damage and arson,Investigation complete; no suspect identified,
c2b52e9cbd378f3b33cb45b9142b5e9c3d6158c611570b05ac3dc080f3bcee7f,2026-01,Northumbria Police,Northumbria Police,-1.650077,55.006681,On or near Kirkwood Drive,E01008340,Newcastle upon Tyne 003E,Violence and sexual offences,Under investigation,
a93ee736b450a8dc5641430b4165398eccc3c66474b51e51f6688c164421c9c5,2026-01,Northumbria Police,Northumbria Police,-1.648156,55.010082,On or near Ambridge Way,E01008340,Newcastle upon Tyne 003E,Violence and sexual offences,Under investigation,
d7537ce9b86dd1cf0c0eb99f79434d67730a56000b2f7de84bb51c62b81554ba,2026-01,Northumbria Police,Northumbria Police,-1.648156,55.010082,On or near Ambridge Way,E01008340,Newcastle upon Tyne 003E,Violence and sexual offences,Under investigation,
,2026-01,Northumbria Police,Northumbria Police,-1.645168,55.010172,On or near Edgefield Avenue,E01008341,Newcastle upon Tyne 003F,Anti-social behaviour,,
,2026-01,Northumbria Police,Northumbria Police,-1.640796,55.011336,On or near Matfen Place,E01008341,Newcastle upon Tyne 003F,Anti-social behaviour,,
472d994c3691045f67d2420cef5e548444001637a682943bcbae433ac9dba4a0,2026-01,Northumbria Police,Northumbria Police,-1.642813,55.009581,On or near Carrfield Road,E01008341,Newcastle upon Tyne 003F,Bicycle theft,Investigation complete; no suspect identified,
66b1d4fdf1a322965653af8939b0bd6ebef8e37b099716396f6e82e76f38b857,2026-01,Northumbria Police,Northumbria Police,-1.646809,55.008505,On or near Fulbrook Road,E01008341,Newcastle upon Tyne 003F,Criminal damage and arson,Investigation complete; no suspect identified,
b4e6d7d17c5a4823289a6c8a3c6fc949f2ee629935035458262fb6a492ebc1c9,2026-01,Northumbria Police,Northumbria Police,-1.642813,55.009581,On or near Carrfield Road,E01008341,Newcastle upon Tyne 003F,Other theft,Investigation complete; no suspect identified,
d77037fa3b8dffb4fdac0174797248d6e4c701c71dd3333427bd997cfdb724f4,2026-01,Northumbria Police,Northumbria Police,-1.640796,55.011336,On or near Matfen Place,E01008341,Newcastle upon Tyne 003F,Violence and sexual offences,Investigation complete; no suspect identified,
,2026-01,Northumbria Police,Northumbria Police,-1.648467,55.020965,On or near Stable Lane,E01008342,Newcastle upon Tyne 003G,Anti-social behaviour,,
28bd8f7669bcf2aba981a763b6aadfaecbfd6c7e1ca76dbbd8ddc62a81deed2b,2026-01,Northumbria Police,Northumbria Police,-1.670846,55.002210,On or near St Just Place,E01008293,Newcastle upon Tyne 004A,Criminal damage and arson,Investigation complete; no suspect identified,
d71cf2e5198a06d6d15b3fee29a22cd65e1f20b6f1746d119e0bb3c547a6c02a,2026-01,Northumbria Police,Northumbria Police,-1.671762,55.008692,On or near Poynings Close,E01008293,Newcastle upon Tyne 004A,Other theft,Investigation complete; no suspect identified,
,2026-01,Northumbria Police,Northumbria Police,-1.689071,55.002609,On or near Shirlaw Close,E01008456,Newcastle upon Tyne 004B,Anti-social behaviour,,
201184d80259ac851a4276eef0fa69bd4fb5e254e3571c2ba028e9ab79848993,2026-01,Northumbria Police,Northumbria Police,-1.684805,55.002373,On or near Kidlandlee Green,E01008456,Newcastle upon Tyne 004B,Violence and sexual offences,Under investigation,
3e742a22f9bc28fcbe5d21f04ba0c7ee119d342b7aea9bd0d68178e17adae99a,2026-01,Northumbria Police,Northumbria Police,-1.684805,55.002373,On or near Kidlandlee Green,E01008456,Newcastle upon Tyne 004B,Violence and sexual offences,Awaiting court outcome,
af83d852506b05ca724404bc14edff6a07abc796d8925f6306999e4f6c721c49,2026-01,Northumbria Police,Northumbria Police,-1.686399,55.000373,On or near Herrick Street,E01008457,Newcastle upon Tyne 004C,Other theft,Under investigation,
ae69a73214a1f85243432925be239d66e83f062a9a9b232685563c1d0d073731,2026-01,Northumbria Police,Northumbria Police,-1.683798,55.003161,On or near Yetholm Place,E01008457,Newcastle upon Tyne 004C,Violence and sexual offences,Under investigation,
b4748373e0755f91e995be02b22c433ead13de887c29b9b8a373b967d46acd4c,2026-01,Northumbria Police,Northumbria Police,-1.692599,55.001279,On or near Anson Place,E01008457,Newcastle upon Tyne 004C,Violence and sexual offences,Under investigation,
,2026-01,Northumbria Police,Northumbria Police,-1.701305,55.030865,On or near Airport Freightway,E01008458,Newcastle upon Tyne 004D,Anti-social behaviour,,
,2026-01,Northumbria Police,Northumbria Police,-1.715027,55.010814,On or near Whorlton Lane,E01008458,Newcastle upon Tyne 004D,Anti-social behaviour,,
,2026-01,Northumbria Police,Northumbria Police,-1.721597,55.010371,On or near Watson Road,E01008458,Newcastle upon Tyne 004D,Anti-social behaviour,,
a707ae59e62c36a76e450c380770b10b847983585f5a6b98cabbb4f7f227c989,2026-01,Northumbria Police,Northumbria Police,-1.712175,55.035726,On or near Prestwick Terrace,E01008458,Newcastle upon Tyne 004D,Criminal damage and arson,Investigation complete; no suspect identified,
7741fa2337449fb06b891a2001cba02cc8cfe68ab6e0d6c97069c7adf42e04af,2026-01,Northumbria Police,Northumbria Police,-1.701689,55.021322,On or near Park/Open Space,E01008458,Newcastle upon Tyne 004D,Criminal damage and arson,Investigation complete; no suspect identified,
baed251be0d3ee4ea6c3c83747f271c79a89a539f5274bbaa3b4d946b22e47ce,2026-01,Northumbria Police,Northumbria Police,-1.712175,55.035726,On or near Prestwick Terrace,E01008458,Newcastle upon Tyne 004D,Criminal damage and arson,Investigation complete; no suspect identified,
ee9c38c701725ce555d081ca29a7b7e5b1fd6c88483aeb319149050bca316418,2026-01,Northumbria Police,Northumbria Police,-1.711367,55.037134,On or near Parking Area,E01008458,Newcastle upon Tyne 004D,Other theft,Investigation complete; no suspect identified,
7a408971fc75b5e31f0c3c4b9e3ea4030d38470ae8f23f475e6345be640b2354,2026-01,Northumbria Police,Northumbria Police,-1.681682,55.015682,On or near Broadfield Meadows,E01008458,Newcastle upon Tyne 004D,Public order,Under investigation,
d0f5b8aecb3e9e3f0acb5ab64cff6d161282dd2b6b7884cbf9911b56c52975de,2026-01,Northumbria Police,Northumbria Police,-1.711367,55.037134,On or near Parking Area,E01008458,Newcastle upon Tyne 004D,Public order,Awaiting court outcome,
c52dafa4940d6f5860097b5b478b3259d78ba0fe475ed36b2ba1039bf6150f02,2026-01,Northumbria Police,Northumbria Police,-1.711367,55.037134,On or near Parking Area,E01008458,Newcastle upon Tyne 004D,Shoplifting,Under investigation,
8a4c42887e4c8ed36a5ff27843bc2757a12bd4c0c2aa805483221e5f71210672,2026-01,Northumbria Police,Northumbria Police,-1.711367,55.037134,On or near Parking Area,E01008458,Newcastle upon Tyne 004D,Other crime,Investigation complete; no suspect identified,
,2026-01,Northumbria Police,Northumbria Police,-1.687125,55.009559,On or near Bluebell Dene,E01008459,Newcastle upon Tyne 004E,Anti-social behaviour,,
,2026-01,Northumbria Police,Northumbria Police,-1.687125,55.009559,On or near Bluebell Dene,E01008459,Newcastle upon Tyne 004E,Anti-social behaviour,,
bf14fe30d356ed08efa60ee996ec4f5f936e09408dedd46bafcb475a93d2d586,2026-01,Northumbria Police,Northumbria Police,-1.681843,55.005250,On or near Hedgehope Road,E01008459,Newcastle upon Tyne 004E,Burglary,Under investigation,
2d67a0ddfb86fa5653e61904d8ab032c4b116e9ccf9ffdea5f42458cedcb9c0d,2026-01,Northumbria Police,Northumbria Police,-1.691994,55.006687,On or near West Thorp,E01008459,Newcastle upon Tyne 004E,Violence and sexual offences,Under investigation,
d15c20e05465f024f1c73eb8f2452fd38fa74119308907ff09dec586697c5ce9,2026-01,Northumbria Police,Northumbria Police,-1.694259,55.007007,On or near Bedeburn Road,E01008460,Newcastle upon Tyne 004F,Bicycle theft,Investigation complete; no suspect identified,
cb458ed90d29469ac3ef2da8af4815372f8b0758a1d52f08b9713562a72251d5,2026-01,Northumbria Police,Northumbria Police,-1.692224,55.009419,On or near Hareydene,E01008460,Newcastle upon Tyne 004F,Public order,Under investigation,
573d6d02bf3116b224f5941758203d85bfe288762b0ca07f220a467138d0c06c,2026-01,Northumbria Police,Northumbria Police,-1.692224,55.009419,On or near Hareydene,E01008460,Newcastle upon Tyne 004F,Robbery,Under investigation,
504730cd36f5faef11bb88274fcd56499a761b7676eca71486f076838010d17d,2026-01,Northumbria Police,Northumbria Police,-1.692224,55.009419,On or near Hareydene,E01008460,Newcastle upon Tyne 004F,Vehicle crime,Investigation complete; no suspect identified,
6dabebc437a93527547a1d79863be746c5d1595b229e6b72316c73a9a3afa2a4,2026-01,Northumbria Police,Northumbria Police,-1.613519,55.013580,On or near Shield Grove,E01008351,Newcastle upon Tyne 005A,Violence and sexual offences,Under investigation,
4fcfb42618fbd2b11135767482e53af41dbd45ad1f7c29f19719ce9793f91a4b,2026-01,Northumbria Police,Northumbria Police,-1.607964,55.005933,On or near Balmoral Terrace,E01008418,Newcastle upon Tyne 005C,Other theft,Investigation complete; no suspect identified,
1b8110d7ff3dfc6bc8107db9607da28c0d232fc8f0d2dc8edd8d862ef807ef58,2026-01,Northumbria Police,Northumbria Police,-1.607964,55.005933,On or near Balmoral Terrace,E01008418,Newcastle upon Tyne 005C,Violence and sexual offences,Awaiting court outcome,
,2026-01,Northumbria Police,Northumbria Police,-1.620502,54.999395,On or near Leslie Crescent,E01008420,Newcastle upon Tyne 005D,Anti-social behaviour,,
972d54fc20bce9c6cb5fe6a6297ee4e5f2d0440368f6d6af1bfc5400b4632d83,2026-01,Northumbria Police,Northumbria Police,-1.614756,55.000338,On or near Treherne Road,E01008420,Newcastle upon Tyne 005D,Public order,Under investigation,
,2026-01,Northumbria Police,Northumbria Police,-1.610095,54.999003,On or near Honister Avenue,E01008422,Newcastle upon Tyne 005E,Anti-social behaviour,,
6ec7c01ca78799000faa2a0683003dbe9faf9cdd3764a59ef79e02660e58bbf0,2026-01,Northumbria Police,Northumbria Police,-1.605312,55.003750,On or near Dene Avenue,E01008422,Newcastle upon Tyne 005E,Other theft,Investigation complete; no suspect identified,
9ba17c66edbdfaf1a2fb14a1e2ad159f62236534d8cbf4f64c06ef8a06d6064a,2026-01,Northumbria Police,Northumbria Police,-1.606265,55.003789,On or near Dene View,E01008422,Newcastle upon Tyne 005E,Violence and sexual offences,Under investigation,
,2026-01,Northumbria Police,Northumbria Police,-1.604953,55.008493,On or near Bowsden Court,E01008424,Newcastle upon Tyne 005F,Anti-social behaviour,,
,2026-01,Northumbria Police,Northumbria Police,-1.604122,55.007098,On or near Commercial Road,E01008424,Newcastle upon Tyne 005F,Anti-social behaviour,,
3f7b0efe4d95b16d2941211243c17858464f48f795040a118d258b8fc3965dc1,2026-01,Northumbria Police,Northumbria Police,-1.605177,55.007901,On or near William Street,E01008424,Newcastle upon Tyne 005F,Violence and sexual offences,Under investigation,
,2026-01,Northumbria Police,Northumbria Police,-1.634596,55.013834,On or near Hepple Way,E01008353,Newcastle upon Tyne 006A,Anti-social behaviour,,
c8cc13b113419e856dcedba793af0108a584c44fa07d67b5cd1a9bf929853a3a,2026-01,Northumbria Police,Northumbria Police,-1.633581,55.013723,On or near Thropton Crescent,E01008353,Newcastle upon Tyne 006A,Vehicle crime,Investigation complete; no suspect identified,
78fb41b15be52180e5c8983a55552a368948a04f76d911773177bb3c8818a194,2026-01,Northumbria Police,Northumbria Police,-1.633556,55.009607,On or near Jubilee Road,E01008353,Newcastle upon Tyne 006A,Violence and sexual offences,Under investigation,
,2026-01,Northumbria Police,Northumbria Police,-1.621454,55.011904,On or near Bus/Coach Station,E01008355,Newcastle upon Tyne 006B,Anti-social behaviour,,
,2026-01,Northumbria Police,Northumbria Police,-1.623339,55.010349,On or near Parking Area,E01008355,Newcastle upon Tyne 006B,Anti-social behaviour,,
7df725e2898172ef3d03169a8f40f6a8cfc0e4a1cdf52e6686b9caeb5a196fea,2026-01,Northumbria Police,Northumbria Police,-1.621131,55.009021,On or near Lansdowne Court,E01008355,Newcastle upon Tyne 006B,Bicycle theft,Investigation complete; no suspect identified,
d333be204593eb275a60e2c376b56d5de7a6196dee8cf348f57e93f4dc321111,2026-01,Northumbria Police,Northumbria Police,-1.634410,55.005036,On or near Halterburn Close,E01008356,Newcastle upon Tyne 006C,Public order,Investigation complete; no suspect identified,
332b6c18511bd939c763c98d5fa316101a43538a7b550eda0a1120058d8def4b,2026-01,Northumbria Police,Northumbria Police,-1.634410,55.005036,On or near Halterburn Close,E01008356,Newcastle upon Tyne 006C,Public order,Under investigation,
ee46256363020a933e66de26f34ac1283a43ca2a504c81124a233487ef30c19a,2026-01,Northumbria Police,Northumbria Police,-1.634410,55.005036,On or near Halterburn Close,E01008356,Newcastle upon Tyne 006C,Violence and sexual offences,Under investigation,
efbd7da5c86c9889a9c39fc1ecc26bd3c7c1996e90504d05e178b402624703b1,2026-01,Northumbria Police,Northumbria Police,-1.634410,55.005036,On or near Halterburn Close,E01008356,Newcastle upon Tyne 006C,Violence and sexual offences,Under investigation,
7ac944bb48ad634d65b43ba6b8e429f6f33994b082767df3a1eddd9ae84b808c,2026-01,Northumbria Police,Northumbria Police,-1.619860,55.006186,On or near South Cross Street,E01008419,Newcastle upon Tyne 006E,Other theft,Investigation complete; no suspect identified,
e492464ce84800aebe98f6c12cb49216a06ee12f5ab469af5606067abe044bd9,2026-01,Northumbria Police,Northumbria Police,-1.629186,55.005299,On or near Salters' Road,E01008419,Newcastle upon Tyne 006E,Public order,Under investigation,
fbf152392e6c793fa713359c6fa1731e6a66af0eab29520bd0a18524c7296cec,2026-01,Northumbria Police,Northumbria Police,-1.619144,55.004180,On or near Parking Area,E01008419,Newcastle upon Tyne 006E,Shoplifting,Under investigation,
,2026-01,Northumbria Police,Northumbria Police,-1.634560,55.002367,On or near Ashburton Road,E01008421,Newcastle upon Tyne 006F,Anti-social behaviour,,
73eee4f1ec4eb0833f18b0f4b82bce9a12a5692e9474178f16dd1dcbbcd3ed33,2026-01,Northumbria Police,Northumbria Police,-1.633173,55.003630,On or near The Firs,E01008421,Newcastle upon Tyne 006F,Violence and sexual offences,Under investigation,
,2026-01,Northumbria Police,Northumbria Police,-1.591692,55.003993,On or near Parking Area,E01008317,Newcastle upon Tyne 007A,Anti-social behaviour,,
55a9d5a9a92cbf52d405f8d9ac5c0f03f5a5f70a486d64142a86bff3ae0842a1,2026-01,Northumbria Police,Northumbria Police,-1.600304,55.002709,On or near Edlingham Close,E01008321,Newcastle upon Tyne 007D,Other theft,Investigation complete; no suspect identified,
0e4b5724b63c718a43d33928f0b368ee5c93916184803fcd9b6379866eaabe99,2026-01,Northumbria Police,Northumbria Police,-1.591353,55.008125,On or near Glaisdale Road,E01008321,Newcastle upon Tyne 007D,Vehicle crime,Under investigation,
66b7feaee7c90762459e64bdcdcf2b38741052f587aaf5918479bd6edb0a6a93,2026-01,Northumbria Police,Northumbria Police,-1.588397,55.008259,On or near Fontburn Place,E01008321,Newcastle upon Tyne 007D,Violence and sexual offences,Investigation complete; no suspect identified,
,2026-01,Northumbria Police,Northumbria Police,-1.585764,55.002822,On or near Whitton Place,E01008322,Newcastle upon Tyne 007E,Anti-social behaviour,,
6d4d301111aa4dd32e7a8b66acd2be5fde921bcefa789cfe710e4a6e6ce89b09,2026-01,Northumbria Police,Northumbria Police,-1.587270,55.000716,On or near Heathdale Gardens,E01008322,Newcastle upon Tyne 007E,Violence and sexual offences,Under investigation,
,2026-01,Northumbria Police,Northumbria Police,-1.665946,55.014283,On or near Kingston Park,E01008295,Newcastle upon Tyne 008A,Anti-social behaviour,,
,2026-01,Northumbria Police,Northumbria Police,-1.659192,55.006752,On or near Beadnell Drive,E01008295,Newcastle upon Tyne 008A,Anti-social behaviour,,
,2026-01,Northumbria Police,Northumbria Police,-1.661168,55.013479,On or near Supermarket,E01008295,Newcastle upon Tyne 008A,Anti-social behaviour,,
,2026-01,Northumbria Police,Northumbria Police,-1.659851,55.008336,On or near Thirston Way,E01008295,Newcastle upon Tyne 008A,Anti-social behaviour,,
73e11dfbea9440c0ebc07413f04b5c606ef6d868156eba81902a34d0d082a18d,2026-01,Northumbria Police,Northumbria Police,-1.661799,55.009114,On or near Fourstones Close,E01008295,Newcastle upon Tyne 008A,Criminal damage and arson,Investigation complete; no suspect identified,
a38a4e86de6a99e1abc58f409f4b24afc8021f36f534fd6fd25d8e331e563e18,2026-01,Northumbria Police,Northumbria Police,-1.661528,55.009724,On or near Gunnerston Grove,E01008295,Newcastle upon Tyne 008A,Drugs,Under investigation,
1b7b0fdfba5a9bd7f6f492561124445283cfc69c3195a037bf03c1bee9b73c7c,2026-01,Northumbria Police,Northumbria Police,-1.665383,55.006841,On or near Hazeldene Avenue,E01008295,Newcastle upon Tyne 008A,Violence and sexual offences,Under investigation,
40f63cc4495ba87ea17fb5cf8027acbf3e0c2e8d17ba0260da736bcea4fbe01e,2026-01,Northumbria Police,Northumbria Police,-1.664194,55.006829,On or near Carter Close,E01008295,Newcastle upon Tyne 008A,Other crime,Investigation complete; no suspect identified,
8624ac967c77dc86b453f604511af856901d9d99b46763e07d1f5a1fa0c71ecb,2026-01,Northumbria Police,Northumbria Police,-1.647855,55.001562,On or near Drummond Road,E01008375,Newcastle upon Tyne 008C,Public order,Under investigation,
ec47e27928da732aa430e9f0d5fff8959a48dc45ea445e7139a291f54ef342a8,2026-01,Northumbria Police,Northumbria Police,-1.654132,55.006073,On or near Sherringham Avenue,E01008375,Newcastle upon Tyne 008C,Robbery,Awaiting court outcome,
659d405016fbea512b8755129add5254b28ba7807979395f15e59262ec445fc3,2026-01,Northumbria Police,Northumbria Police,-1.654132,55.006073,On or near Sherringham Avenue,E01008375,Newcastle upon Tyne 008C,Shoplifting,Awaiting court outcome,
72eb8e8ea63484d541c180763b72c11e0a8599b4948db293cb2c9eb9a6b735ec,2026-01,Northumbria Police,Northumbria Police,-1.654132,55.006073,On or near Sherringham Avenue,E01008375,Newcastle upon Tyne 008C,Shoplifting,Awaiting court outcome,
b55fa6fc4b751779d460fb77ff1c05eb39235a1f78cc660f0652a780ce1a7d26,2026-01,Northumbria Police,Northumbria Police,-1.654132,55.006073,On or near Sherringham Avenue,E01008375,Newcastle upon Tyne 008C,Shoplifting,Awaiting court outcome,
4dfb285547c59927925606249c43a2eeb7cd889c45a74ea18c45426c008c051e,2026-01,Northumbria Police,Northumbria Police,-1.654132,55.006073,On or near Sherringham Avenue,E01008375,Newcastle upon Tyne 008C,Shoplifting,Awaiting court outcome,
a73a97a53601f9401f97d435aabd1b854741c0a58db3e55bfcc33d07a24f3644,2026-01,Northumbria Police,Northumbria Police,-1.654132,55.006073,On or near Sherringham Avenue,E01008375,Newcastle upon Tyne 008C,Shoplifting,Awaiting court outcome,
6dca5cf68e31191066041d0df0fe35e5f7f6da3e46d16e869187e04c21290a26,2026-01,Northumbria Police,Northumbria Police,-1.650201,54.999619,On or near Burnfoot Way,E01008375,Newcastle upon Tyne 008C,Violence and sexual offences,Under investigation,
ff5c21f8e8dfe0326e02aecb5170d28b0424a6bf845d7c432b0584fa88788208,2026-01,Northumbria Police,Northumbria Police,-1.655187,55.005204,On or near Runnymede Way,E01008375,Newcastle upon Tyne 008C,Other crime,Under investigation,
,2026-01,Northumbria Police,Northumbria Police,-1.666020,55.001622,On or near Petrol Station,E01008377,Newcastle upon Tyne 008E,Anti-social behaviour,,
,2026-01,Northumbria Police,Northumbria Police,-1.666020,55.001622,On or near Petrol Station,E01008377,Newcastle upon Tyne 008E,Anti-social behaviour,,
,2026-01,Northumbria Police,Northumbria Police,-1.666020,55.001622,On or near Petrol Station,E01008377,Newcastle upon Tyne 008E,Anti-social behaviour,,
,2026-01,Northumbria Police,Northumbria Police,-1.666020,55.001622,On or near Petrol Station,E01008377,Newcastle upon Tyne 008E,Anti-social behaviour,,
,2026-01,Northumbria Police,Northumbria Police,-1.663585,54.999324,On or near Shipton Lane,E01008377,Newcastle upon Tyne 008E,Anti-social behaviour,,
,2026-01,Northumbria Police,Northumbria Police,-1.663585,54.999324,On or near Shipton Lane,E01008377,Newcastle upon Tyne 008E,Anti-social behaviour,,
,2026-01,Northumbria Police,Northumbria Police,-1.664135,55.000871,On or near Matlock Avenue,E01008377,Newcastle upon Tyne 008E,Anti-social behaviour,,
,2026-01,Northumbria Police,Northumbria Police,-1.666020,55.001622,On or near Petrol Station,E01008377,Newcastle upon Tyne 008E,Anti-social behaviour,,
,2026-01,Northumbria Police,Northumbria Police,-1.663007,55.001164,On or near Elvaston Crescent,E01008377,Newcastle upon Tyne 008E,Anti-social behaviour,,
,2026-01,Northumbria Police,Northumbria Police,-1.666020,55.001622,On or near Petrol Station,E01008377,Newcastle upon Tyne 008E,Anti-social behaviour,,
,2026-01,Northumbria Police,Northumbria Police,-1.666020,55.001622,On or near Petrol Station,E01008377,Newcastle upon Tyne 008E,Anti-social behaviour,,
8adaff888f2c39d66181beefe39900e7fa60c3932166199ccb1f95cd229c9665,2026-01,Northumbria Police,Northumbria Police,-1.659680,54.997102,On or near Murrayfield Road,E01008377,Newcastle upon Tyne 008E,Criminal damage and arson,Investigation complete; no suspect identified,
81fd275727a4b384a253cd7cced42c40a4f6e3ee809a30422de3f95ad39fd582,2026-01,Northumbria Police,Northumbria Police,-1.663007,55.001164,On or near Elvaston Crescent,E01008377,Newcastle upon Tyne 008E,Other theft,Investigation complete; no suspect identified,
f01f0a855e08c03aa000452e9470adb4a9c346fa36beea426f24a67868660279,2026-01,Northumbria Police,Northumbria Police,-1.661420,54.996496,On or near Hillsleigh Road,E01008377,Newcastle upon Tyne 008E,Violence and sexual offences,Under investigation,
80c34bb48201e06754c39bdbdade014e1942f17f58f5af58c17b5f3cf1babc83,2026-01,Northumbria Police,Northumbria Police,-1.659680,54.997102,On or near Murrayfield Road,E01008377,Newcastle upon Tyne 008E,Violence and sexual offences,Awaiting court outcome,
,2026-01,Northumbria Police,Northumbria Police,-1.649568,54.998754,On or near Birnham Place,E01008379,Newcastle upon Tyne 008F,Anti-social behaviour,,
,2026-01,Northumbria Police,Northumbria Police,-1.646766,54.999141,On or near Minorca Place,E01008379,Newcastle upon Tyne 008F,Anti-social behaviour,,
,2026-01,Northumbria Police,Northumbria Police,-1.652431,54.998448,On or near Brigham Close,E01008379,Newcastle upon Tyne 008F,Anti-social behaviour,,
,2026-01,Northumbria Police,Northumbria Police,-1.649568,54.998754,On or near Birnham Place,E01008379,Newcastle upon Tyne 008F,Anti-social behaviour,,
,2026-01,Northumbria Police,Northumbria Police,-1.646766,54.999141,On or near Minorca Place,E01008379,Newcastle upon Tyne 008F,Anti-social behaviour,,
02552ee98c2b61936387fed99e68f04e316f9c8342d313427f0b33f93f395b00,2026-01,Northumbria Police,Northumbria Police,-1.641213,54.997804,On or near Hardwick Place,E01008379,Newcastle upon Tyne 008F,Violence and sexual offences,Under investigation,
ae9a55743ba129e46bb38b2a6207a4f91acc155a964dbcae0725ca0eb6946ce8,2026-01,Northumbria Police,Northumbria Police,-1.647674,54.999018,On or near Montpellier Place,E01008379,Newcastle upon Tyne 008F,Violence and sexual offences,Under investigation,
e57fc7b0fa596aa419eb99d40df604282357c87acad788a1c3cb077137896fa2,2026-01,Northumbria Police,Northumbria Police,-1.641213,54.997804,On or near Hardwick Place,E01008379,Newcastle upon Tyne 008F,Violence and sexual offences,Under investigation,
ebeadb5286071a3ec8e464d83c7a6ebbd2ee35532278f1739554888eed0fa9cf,2026-01,Northumbria Police,Northumbria Police,-1.641213,54.997804,On or near Hardwick Place,E01008379,Newcastle upon Tyne 008F,Violence and sexual offences,Under investigation,
49b426684a144d6640de4bd177bbb3eac90143342212cd3e4ad8635c3f12c739,2026-01,Northumbria Police,Northumbria Police,-1.647674,54.999018,On or near Montpellier Place,E01008379,Newcastle upon Tyne 008F,Violence and sexual offences,Under investigation,
,2026-01,Northumbria Police,Northumbria Police,-1.653594,54.990480,On or near Moorhead Mews,E01008380,Newcastle upon Tyne 008G,Anti-social behaviour,,
,2026-01,Northumbria Police,Northumbria Police,-1.652874,54.990631,On or near Moor Head,E01008380,Newcastle upon Tyne 008G,Anti-social behaviour,,
2c537839ef5a6f4f031e0e0d8e373b4ea7445e82da87b20d3e701f9a401d9841,2026-01,Northumbria Police,Northumbria Police,-1.653594,54.990480,On or near Moorhead Mews,E01008380,Newcastle upon Tyne 008G,Criminal damage and arson,Investigation complete; no suspect identified,
da9628e1d6582f828e9165e19340032f20af189cc138b99ff9996f955aae4fea,2026-01,Northumbria Police,Northumbria Police,-1.653594,54.990480,On or near Moorhead Mews,E01008380,Newcastle upon Tyne 008G,Criminal damage and arson,Investigation complete; no suspect identified,
f94dbf785e2e24d5d5e96c1281ace2b63b375e40e3607f84c15c0f02b7973a6a,2026-01,Northumbria Police,Northumbria Police,-1.656867,54.995234,On or near Deepdale Crescent,E01008380,Newcastle upon Tyne 008G,Other theft,Investigation complete; no suspect identified,
09e0bacc7e83c4d258b65b1fc187b30a2e14a98592f3e5d5385951143c645cca,2026-01,Northumbria Police,Northumbria Police,-1.655227,54.993199,On or near Link Road,E01008380,Newcastle upon Tyne 008G,Violence and sexual offences,Under investigation,
e0b03e5095672c1ac7aac589da0fccee5507c91c133e2380a9120396e1a7067c,2026-01,Northumbria Police,Northumbria Police,-1.659050,54.995798,On or near Eastern Way,E01008380,Newcastle upon Tyne 008G,Other crime,Investigation complete; no suspect identified,
,2026-01,Northumbria Police,Northumbria Police,-1.668273,55.001404,On or near West Farm Mews,E01008296,Newcastle upon Tyne 011A,Anti-social behaviour,,
62193ca45830513edd5beb17363541da90c9aceb6259d8866b7b89f88eb4ca1a,2026-01,Northumbria Police,Northumbria Police,-1.668608,55.000623,On or near Rawlston Way,E01008296,Newcastle upon Tyne 011A,Shoplifting,Investigation complete; no suspect identified,
,2026-01,Northumbria Police,Northumbria Police,-1.664447,54.997116,On or near Monroe Place,E01008297,Newcastle upon Tyne 011B,Anti-social behaviour,,
,2026-01,Northumbria Police,Northumbria Police,-1.664447,54.997116,On or near Monroe Place,E01008297,Newcastle upon Tyne 011B,Anti-social behaviour,,
,2026-01,Northumbria Police,Northumbria Police,-1.664447,54.997116,On or near Monroe Place,E01008297,Newcastle upon Tyne 011B,Anti-social behaviour,,
,2026-01,Northumbria Police,Northumbria Police,-1.664447,54.997116,On or near Monroe Place,E01008297,Newcastle upon Tyne 011B,Anti-social behaviour,,
,2026-01,Northumbria Police,Northumbria Police,-1.663904,54.996656,On or near Fuchsia Place,E01008297,Newcastle upon Tyne 011B,Anti-social behaviour,,
,2026-01,Northumbria Police,Northumbria Police,-1.670690,54.996414,On or near Cragston Close,E01008297,Newcastle upon Tyne 011B,Anti-social behaviour,,
cf9a24db23cfe8c0a4ab063dea82b0b8d440fedf4d3437bcde1df5f157835fae,2026-01,Northumbria Police,Northumbria Police,-1.667178,54.990204,On or near Blakemoor Place,E01008297,Newcastle upon Tyne 011B,Other theft,Investigation complete; no suspect identified,
a88ca51b5ee153224ffd308f96d95e3297c5ec5d3465322a927b06973a58f28d,2026-01,Northumbria Police,Northumbria Police,-1.667178,54.990204,On or near Blakemoor Place,E01008297,Newcastle upon Tyne 011B,Other theft,Investigation complete; no suspect identified,
,2026-01,Northumbria Police,Northumbria Police,-1.676915,54.995891,On or near Amersham Place,E01008298,Newcastle upon Tyne 011C,Anti-social behaviour,,
,2026-01,Northumbria Police,Northumbria Police,-1.673081,54.998388,On or near Avonlea Way,E01008298,Newcastle upon Tyne 011C,Anti-social behaviour,,
,2026-01,Northumbria Police,Northumbria Police,-1.681196,54.998176,On or near Kirkland Chase,E01008298,Newcastle upon Tyne 011C,Anti-social behaviour,,
2bcfad9ece907ed78e267c82e7f59e0e3e3d09e14c2eb20f1c1b6882e96ca8f8,2026-01,Northumbria Police,Northumbria Police,-1.673081,54.998388,On or near Avonlea Way,E01008298,Newcastle upon Tyne 011C,Criminal damage and arson,Investigation complete; no suspect identified,
966107d19358de0f2f9ba263eca945c444107cc442aac77f69b6e03a9c5ff8ac,2026-01,Northumbria Police,Northumbria Police,-1.676731,54.995450,On or near Curzon Place,E01008298,Newcastle upon Tyne 011C,Possession of weapons,Investigation complete; no suspect identified,
bad8ec951c2a877ff1af5ccfd48ca5d4298d574cd2392dd695041a1d1392e5b7,2026-01,Northumbria Police,Northumbria Police,-1.680202,55.000104,On or near Police Station,E01008298,Newcastle upon Tyne 011C,Violence and sexual offences,Investigation complete; no suspect identified,
7705accc8eef6643312af1efb29e7d1ca01bcd160ca3259d9c8383a3f1d793ad,2026-01,Northumbria Police,Northumbria Police,-1.680202,55.000104,On or near Police Station,E01008298,Newcastle upon Tyne 011C,Violence and sexual offences,Investigation complete; no suspect identified,
,2026-01,Northumbria Police,Northumbria Police,-1.673333,54.990472,On or near Barclay Place,E01008299,Newcastle upon Tyne 011D,Anti-social behaviour,,
,2026-01,Northumbria Police,Northumbria Police,-1.671890,54.994880,On or near Moulton Place,E01008299,Newcastle upon Tyne 011D,Anti-social behaviour,,
a57b96cfb6e615ce26e1969ce373c85cf2fbd8f0608ee9d7852065f2572434db,2026-01,Northumbria Police,Northumbria Police,-1.584746,54.998442,On or near Cragside,E01008314,Newcastle upon Tyne 012A,Burglary,Investigation complete; no suspect identified,
c3a42dbe5e4f760d9bccfb55877211221ebb159b8595dca677a04977864f1d38,2026-01,Northumbria Police,Northumbria Police,-1.579095,54.996171,On or near Petrol Station,E01008314,Newcastle upon Tyne 012A,Shoplifting,Under investigation,
92d5e0e0a9fbb0ad67b2127b6e90814ec9f99aef7d810836d7f37ac08fdbe127,2026-01,Northumbria Police,Northumbria Police,-1.579095,54.996171,On or near Petrol Station,E01008314,Newcastle upon Tyne 012A,Shoplifting,Investigation complete; no suspect identified,
c7c9e29c5698e3403175d38f3d8587b172ad0e9df3a2a9c72fdcebada2c22366,2026-01,Northumbria Police,Northumbria Police,-1.579095,54.996171,On or near Petrol Station,E01008314,Newcastle upon Tyne 012A,Shoplifting,Investigation complete; no suspect identified,
16199910c7884d0539330ecd3b2a29566bc04cdc52da3f4b529f71e810016809,2026-01,Northumbria Police,Northumbria Police,-1.573827,54.996203,On or near Bretton Gardens,E01008314,Newcastle upon Tyne 012A,Violence and sexual offences,Under investigation,
,2026-01,Northumbria Police,Northumbria Police,-1.589731,54.995548,On or near Southlands,E01008315,Newcastle upon Tyne 012B,Anti-social behaviour,,
,2026-01,Northumbria Police,Northumbria Police,-1.589330,54.990397,On or near Loweswood Close,E01008315,Newcastle upon Tyne 012B,Anti-social behaviour,,
a0bf4607816afb36a974700e4908cfb62342c74681476fb25a610b0888f66f13,2026-01,Northumbria Police,Northumbria Police,-1.587023,54.995871,On or near Supermarket,E01008315,Newcastle upon Tyne 012B,Burglary,Investigation complete; no suspect identified,
e64aa420bd695c85184db2c1664c45ff21b39d48eed73f84de51710781a9153f,2026-01,Northumbria Police,Northumbria Police,-1.587023,54.995871,On or near Supermarket,E01008315,Newcastle upon Tyne 012B,Burglary,Awaiting court outcome,
f32028abef6342a3fd8d3155c3dccd6abfe48bce081b7d0130dd59b56f9129d4,2026-01,Northumbria Police,Northumbria Police,-1.586689,54.994953,On or near Newton Road,E01008315,Newcastle upon Tyne 012B,Public order,Investigation complete; no suspect identified,
b440efc203fe11e67553ab0c3a2b2dad9c2a9528cf5ce2562f420f7251f35004,2026-01,Northumbria Police,Northumbria Police,-1.587023,54.995871,On or near Supermarket,E01008315,Newcastle upon Tyne 012B,Violence and sexual offences,Under investigation,
476553ae9dc446e654148ec5130b1a937bdc81dd919f60731ff2a8360d47daae,2026-01,Northumbria Police,Northumbria Police,-1.569794,54.994814,On or near Martello Gardens,E01008316,Newcastle upon Tyne 012C,Violence and sexual offences,Under investigation,
,2026-01,Northumbria Police,Northumbria Police,-1.581604,54.993885,On or near Thropton Terrace,E01008318,Newcastle upon Tyne 012D,Anti-social behaviour,,
,2026-01,Northumbria Police,Northumbria Police,-1.586509,54.995663,On or near Newton Place,E01008318,Newcastle upon Tyne 012D,Anti-social behaviour,,
c039b51eda1fc612d2a2ca12e5c5583d588508419a86ede7ab1f7b342311ad97,2026-01,Northumbria Police,Northumbria Police,-1.581604,54.993885,On or near Thropton Terrace,E01008318,Newcastle upon Tyne 012D,Violence and sexual offences,Under investigation,
,2026-01,Northumbria Police,Northumbria Police,-1.579181,54.989464,On or near Sefton Avenue,E01008365,Newcastle upon Tyne 012F,Anti-social behaviour,,
,2026-01,Northumbria Police,Northumbria Police,-1.600028,54.991098,On or near Cavendish Place,E01008366,Newcastle upon Tyne 013A,Anti-social behaviour,,
,2026-01,Northumbria Police,Northumbria Police,-1.599831,54.990513,On or near Devonshire Place,E01008366,Newcastle upon Tyne 013A,Anti-social behaviour,,
,2026-01,Northumbria Police,Northumbria Police,-1.597217,54.990972,On or near Cavendish Road,E01008366,Newcastle upon Tyne 013A,Anti-social behaviour,,
3f06648e8a0b58f9dd0ab429c1e7e6310334d4384bc0e397217e1c580e06a153,2026-01,Northumbria Police,Northumbria Police,-1.610813,54.991052,On or near Fairfield Road,E01008369,Newcastle upon Tyne 013B,Other theft,Investigation complete; no suspect identified,
153f8720ac1a4c60fe55b0b85cba1d9fb3b99080d342ba1211c825de6232a0cf,2026-01,Northumbria Police,Northumbria Police,-1.607997,54.989695,On or near Henshelwood Terrace,E01008369,Newcastle upon Tyne 013B,Public order,Under investigation,
1d43a2417b4313127fd85389ad72d122456ab59d9f04679d7444ebc925e0b465,2026-01,Northumbria Police,Northumbria Police,-1.607113,54.990582,On or near Norham Place,E01008369,Newcastle upon Tyne 013B,Vehicle crime,Investigation complete; no suspect identified,
da9ef90327275569be2917bfc0a59b20ca62cdf8f1b5495dae9788d905c207a1,2026-01,Northumbria Police,Northumbria Police,-1.610813,54.991052,On or near Fairfield Road,E01008369,Newcastle upon Tyne 013B,Vehicle crime,Investigation complete; no suspect identified,
b4c25a145b566d0d468c801310cd952d52d1daf1730ed6792b9b79e551fcb095,2026-01,Northumbria Police,Northumbria Police,-1.611827,54.994425,On or near Holmwood Grove,E01008369,Newcastle upon Tyne 013B,Vehicle crime,Investigation complete; no suspect identified,
cf4c8da15f55d253344a7a12d356411e70ca9f49c918b88cf3e0ad61bd1a8245,2026-01,Northumbria Police,Northumbria Police,-1.605929,54.988601,On or near Holly Avenue West,E01008369,Newcastle upon Tyne 013B,Vehicle crime,Investigation complete; no suspect identified,
,2026-01,Northumbria Police,Northumbria Police,-1.604473,54.995273,On or near Newbrough Crescent,E01008371,Newcastle upon Tyne 013C,Anti-social behaviour,,
8f2367c25a55c6e88d8595399d1925ef46b32e53d7a207fab1d4293cc20aa8f3,2026-01,Northumbria Police,Northumbria Police,-1.605303,54.996714,On or near North Jesmond Avenue,E01008371,Newcastle upon Tyne 013C,Burglary,Investigation complete; no suspect identified,
,2026-01,Northumbria Police,Northumbria Police,-1.608587,54.994990,On or near Lonsdale Terrace,E01008372,Newcastle upon Tyne 013D,Anti-social behaviour,,
,2026-01,Northumbria Police,Northumbria Police,-1.604374,54.994176,On or near Sanderson Road,E01008372,Newcastle upon Tyne 013D,Anti-social behaviour,,
,2026-01,Northumbria Police,Northumbria Police,-1.606247,54.992907,On or near St George'S Terrace,E01008372,Newcastle upon Tyne 013D,Anti-social behaviour,,
,2026-01,Northumbria Police,Northumbria Police,-1.604374,54.994176,On or near Sanderson Road,E01008372,Newcastle upon Tyne 013D,Anti-social behaviour,,
34407712d627cc3d31d1b22ef4da9d3cd7666ee81af7150ae6559f231869f2af,2026-01,Northumbria Police,Northumbria Police,-1.604374,54.994176,On or near Sanderson Road,E01008372,Newcastle upon Tyne 013D,Other theft,Investigation complete; no suspect identified,
e79b25094f2ab9500df84be1e9a6b75f6fdea2525a43d95aff2d6a39bcdf7103,2026-01,Northumbria Police,Northumbria Police,-1.606016,54.992483,On or near Shopping Area,E01008372,Newcastle upon Tyne 013D,Vehicle crime,Investigation complete; no suspect identified,
08303ca70a4687f0899bad327f8973832f68289e7c69b45d96d53ddcc55b0b99,2026-01,Northumbria Police,Northumbria Police,-1.606101,54.995018,On or near Hazelwood Avenue,E01008372,Newcastle upon Tyne 013D,Violence and sexual offences,Under investigation,
5963fd1038b16026d7d29f0eeb424cc41ab6eb2c5268d2cd06c17451481a6155,2026-01,Northumbria Police,Northumbria Police,-1.606016,54.992483,On or near Shopping Area,E01008372,Newcastle upon Tyne 013D,Violence and sexual offences,Under investigation,
,2026-01,Northumbria Police,Northumbria Police,-1.607283,54.992389,On or near Thornleigh Road,E01008373,Newcastle upon Tyne 013E,Anti-social behaviour,,
,2026-01,Northumbria Police,Northumbria Police,-1.609855,54.993152,On or near Brentwood Avenue,E01008373,Newcastle upon Tyne 013E,Anti-social behaviour,,
e6f0309827ef7ac12444ea271bb8014bd217295b533c949f40169cae970a804e,2026-01,Northumbria Police,Northumbria Police,-1.610803,54.992121,On or near Lavender Gardens,E01008373,Newcastle upon Tyne 013E,Criminal damage and arson,Investigation complete; no suspect identified,
0d363cdec1438ef2a39a40cbc56de46db07b9f4287dc95281d3a2f4f47a95075,2026-01,Northumbria Police,Northumbria Police,-1.609819,54.993646,On or near West Jesmond,E01008373,Newcastle upon Tyne 013E,Drugs,Investigation complete; no suspect identified,
0c45ba9b5709ad4a1cc6e27ccd81d5d031bb0fefa09675c312d2ad2d753c7433,2026-01,Northumbria Police,Northumbria Police,-1.610803,54.992121,On or near Lavender Gardens,E01008373,Newcastle upon Tyne 013E,Vehicle crime,Awaiting court outcome,
e8ff772e68e4cd834b78ad52778103c5900f0c6073546ac741489171e40116ce,2026-01,Northumbria Police,Northumbria Police,-1.609460,54.993555,On or near Parking Area,E01008373,Newcastle upon Tyne 013E,Vehicle crime,Investigation complete; no suspect identified,
a24b1fbbf289217e4b110f7dbd5fb2a38ae4499916fbe3f5d435fca027df01d7,2026-01,Northumbria Police,Northumbria Police,-1.610803,54.992121,On or near Lavender Gardens,E01008373,Newcastle upon Tyne 013E,Vehicle crime,Investigation complete; no suspect identified,
,2026-01,Northumbria Police,Northumbria Police,-1.755287,54.990853,On or near Hallow Drive,E01008400,Newcastle upon Tyne 014A,Anti-social behaviour,,
,2026-01,Northumbria Police,Northumbria Police,-1.755918,54.992409,On or near The By-Way,E01008400,Newcastle upon Tyne 014A,Anti-social behaviour,,
,2026-01,Northumbria Police,Northumbria Police,-1.757825,54.992395,On or near Hawkwell Rise,E01008400,Newcastle upon Tyne 014A,Anti-social behaviour,,
,2026-01,Northumbria Police,Northumbria Police,-1.757825,54.992395,On or near Hawkwell Rise,E01008400,Newcastle upon Tyne 014A,Anti-social behaviour,,
,2026-01,Northumbria Police,Northumbria Police,-1.754393,54.983662,On or near Parking Area,E01008400,Newcastle upon Tyne 014A,Anti-social behaviour,,
,2026-01,Northumbria Police,Northumbria Police,-1.743895,54.983317,On or near Coniston Close,E01008400,Newcastle upon Tyne 014A,Anti-social behaviour,,
384189f606b57d1aa0bf9d691c5cc9b0149b44c09d1aa576e9186a4e97e85c89,2026-01,Northumbria Police,Northumbria Police,-1.757825,54.992395,On or near Hawkwell Rise,E01008400,Newcastle upon Tyne 014A,Burglary,Investigation complete; no suspect identified,
10b7a921ad8832ac9d5d55b95f904b4a47155b92344f71697da11416d9e5e404,2026-01,Northumbria Police,Northumbria Police,-1.744975,54.982987,On or near Grasmere Avenue,E01008400,Newcastle upon Tyne 014A,Violence and sexual offences,Investigation complete; no suspect identified,
5a2fca4c062a9c7b4f74e7c640932454c0b1e51b0ccc1603100df2f3356d6a5c,2026-01,Northumbria Police,Northumbria Police,-1.755918,54.992409,On or near The By-Way,E01008400,Newcastle upon Tyne 014A,Violence and sexual offences,Under investigation,
7e655b5008a4d3eadeed5210f37e800f7e2e1b23fe7458e1e98917263c83a498,2026-01,Northumbria Police,Northumbria Police,-1.750450,54.992155,On or near Newburn Road,E01008401,Newcastle upon Tyne 014B,Violence and sexual offences,Under investigation,
,2026-01,Northumbria Police,Northumbria Police,-1.738612,54.993083,On or near Grove Road,E01008402,Newcastle upon Tyne 014C,Anti-social behaviour,,
,2026-01,Northumbria Police,Northumbria Police,-1.738866,54.985221,On or near Berkley Street,E01008404,Newcastle upon Tyne 014E,Anti-social behaviour,,
,2026-01,Northumbria Police,Northumbria Police,-1.738871,54.984484,On or near Millfield Lane,E01008404,Newcastle upon Tyne 014E,Anti-social behaviour,,
0468a6ca309c5801d84b90c6865cedd8a4c04fc5ba1343c45b4d900c5631fe06,2026-01,Northumbria Police,Northumbria Police,-1.738451,54.981787,On or near High Street,E01008404,Newcastle upon Tyne 014E,Violence and sexual offences,Investigation complete; no suspect identified,
,2026-01,Northumbria Police,Northumbria Police,-1.755821,54.995608,On or near Parking Area,E01008405,Newcastle upon Tyne 014F,Anti-social behaviour,,
,2026-01,Northumbria Police,Northumbria Police,-1.755821,54.995608,On or near Parking Area,E01008405,Newcastle upon Tyne 014F,Anti-social behaviour,,
f8358b14e548266335deaca920f05320c417e60f514cad8736640a921718e85c,2026-01,Northumbria Police,Northumbria Police,-1.760724,54.996453,On or near North Farm Court,E01008405,Newcastle upon Tyne 014F,Violence and sexual offences,Under investigation,
dbed440085f0ebe2beaaad92c82af9c26656463e711a9173ae801ad910ce0446,2026-01,Northumbria Police,Northumbria Police,-1.720840,55.000017,On or near Dunstable Place,E01008443,Newcastle upon Tyne 014G,Violence and sexual offences,Under investigation,
e627235d22d07cfec0d1c1959bb1093e763ff47d8a87797213e3d9f4bd5e66ff,2026-01,Northumbria Police,Northumbria Police,-1.694890,54.996010,On or near Frankham Street,E01008324,Newcastle upon Tyne 015A,Vehicle crime,Investigation complete; no suspect identified,
b69261a6cd1326f9dc7eb9dccd216edd90f6adecbf2fad06c7f4cf5132481eff,2026-01,Northumbria Police,Northumbria Police,-1.686583,54.994928,On or near Fairspring,E01008324,Newcastle upon Tyne 015A,Violence and sexual offences,Under investigation,
,2026-01,Northumbria Police,Northumbria Police,-1.698486,54.991651,On or near Beltingham,E01008325,Newcastle upon Tyne 015B,Anti-social behaviour,,
,2026-01,Northumbria Police,Northumbria Police,-1.698486,54.991651,On or near Beltingham,E01008325,Newcastle upon Tyne 015B,Anti-social behaviour,,
f6c121eebed14788e67d18bc6cc0cc85d8b59462a9639354713b188d0a58aa62,2026-01,Northumbria Police,Northumbria Police,-1.694554,54.992899,On or near Lordenshaw,E01008325,Newcastle upon Tyne 015B,Criminal damage and arson,Investigation complete; no suspect identified,
05c633966f9bf804d48bb5fe95156663030ee736b5ef3b50006669ba8503c067,2026-01,Northumbria Police,Northumbria Police,-1.698486,54.991651,On or near Beltingham,E01008325,Newcastle upon Tyne 015B,Criminal damage and arson,Under investigation,
6854d923472418f9a859188cc9e9ea3a1f08ad8840f4cbafdd8dd5cc93334316,2026-01,Northumbria Police,Northumbria Police,-1.698486,54.991651,On or near Beltingham,E01008325,Newcastle upon Tyne 015B,Public order,Under investigation,
5d1302b321d243e4d411393cdf587eaec38b5c3185591e7f2c6e7d854ae3cecd,2026-01,Northumbria Police,Northumbria Police,-1.698486,54.991651,On or near Beltingham,E01008325,Newcastle upon Tyne 015B,Public order,Investigation complete; no suspect identified,
,2026-01,Northumbria Police,Northumbria Police,-1.710312,54.992408,On or near Ashdale Crescent,E01008326,Newcastle upon Tyne 015C,Anti-social behaviour,,
2ed2eeb44322e38402dcc37f9ec0d5ce6caf2729d0083260813deb32d99a15ce,2026-01,Northumbria Police,Northumbria Police,-1.714061,54.990512,On or near Chapel House Road,E01008326,Newcastle upon Tyne 015C,Robbery,Under investigation,
0656239bb3cd0abdb8ed55cc251c0e0d3b95d92741a0d69cedefc464fe173413,2026-01,Northumbria Police,Northumbria Police,-1.714061,54.990512,On or near Chapel House Road,E01008326,Newcastle upon Tyne 015C,Shoplifting,Under investigation,
9d448029a7c23308b50dcf1c7aa60edbc63a722f82cfdc199fd2ce1332d7d884,2026-01,Northumbria Police,Northumbria Police,-1.714061,54.990512,On or near Chapel House Road,E01008326,Newcastle upon Tyne 015C,Shoplifting,Investigation complete; no suspect identified,
980f43e8b5f3b71aee04e21ef8d429f82ce5a28f7e905f5296dffbf54f0d6e0a,2026-01,Northumbria Police,Northumbria Police,-1.707914,54.993391,On or near Milecastle Court,E01008326,Newcastle upon Tyne 015C,Violence and sexual offences,Under investigation,
ff10567a05b754bbca3a4e9a5ac55785d1a0b1bbaba1b7cc6daf14875440ec89,2026-01,Northumbria Police,Northumbria Police,-1.688136,54.992191,On or near Eshott Close,E01008327,Newcastle upon Tyne 015D,Criminal damage and arson,Investigation complete; no suspect identified,
d32150cf5cf6f9bc8cfcd2c707f024e98a975759fe4236da42019faea26622fa,2026-01,Northumbria Police,Northumbria Police,-1.690636,54.992180,On or near Darden Lough,E01008327,Newcastle upon Tyne 015D,Public order,Under investigation,
c05209689379922f7ad249e9a9b30bfb0660061606e84eb22196cefbbc9ae6f8,2026-01,Northumbria Police,Northumbria Police,-1.690683,54.990122,On or near Corsenside,E01008327,Newcastle upon Tyne 015D,Violence and sexual offences,Under investigation,
,2026-01,Northumbria Police,Northumbria Police,-1.718161,54.991950,On or near Bedford Place,E01008328,Newcastle upon Tyne 015E,Anti-social behaviour,,
64f1fca4075b982d4a0b7d43745858fdb669a21a07aa23222231762b37ff074a,2026-01,Northumbria Police,Northumbria Police,-1.714431,54.993469,On or near Alderney Gardens,E01008328,Newcastle upon Tyne 015E,Other theft,Investigation complete; no suspect identified,
d8f9cc14614093e77d8175252df3aa4f0238ecad5e017da679d2880f0efd3ee9,2026-01,Northumbria Police,Northumbria Police,-1.718218,54.990548,On or near The Chesters,E01008328,Newcastle upon Tyne 015E,Possession of weapons,Investigation complete; no suspect identified,
,2026-01,Northumbria Police,Northumbria Police,-1.702732,54.990296,On or near Knarsdale Place,E01008329,Newcastle upon Tyne 015F,Anti-social behaviour,,
,2026-01,Northumbria Police,Northumbria Police,-1.702732,54.990296,On or near Knarsdale Place,E01008329,Newcastle upon Tyne 015F,Anti-social behaviour,,
4495d22556a451ebf2a10f3a1e8281bc98f3064df851b4a869943bcab6dd4fac,2026-01,Northumbria Police,Northumbria Police,-1.705118,54.988774,On or near The Fell Way,E01008329,Newcastle upon Tyne 015F,Vehicle crime,Investigation complete; no suspect identified,
09e6c14d5b2605e745c5008e16321e4c0b0cdf49d0f882ed53baf08a9e437d22,2026-01,Northumbria Police,Northumbria Police,-1.706445,54.989038,On or near Middle Gate,E01008329,Newcastle upon Tyne 015F,Violence and sexual offences,Under investigation,
53a124f97f72435adc6d2a07d51990f2e05a3fd4a78f8d56cfc1417d6e9c179e,2026-01,Northumbria Police,Northumbria Police,-1.703840,54.990406,On or near Holborn Place,E01008329,Newcastle upon Tyne 015F,Other crime,Under investigation,
05b962de892188a5f27d61991fde151b15a13a5ba1c2d195dd73c049ba28181d,2026-01,Northumbria Police,Northumbria Police,-1.696610,54.987630,On or near Thornley Road,E01008330,Newcastle upon Tyne 015G,Burglary,Under investigation,
2ea0031ce1d727e5c506785c7dd9d6c88f617eaf627501d759d68e64f4d29786,2026-01,Northumbria Police,Northumbria Police,-1.698099,54.986968,On or near Hedgeley Road,E01008330,Newcastle upon Tyne 015G,Public order,Under investigation,
41644e677e7ea3948018b8a5bfaaa51a41192971bb91a9b4b8dc2b30fb68a3e7,2026-01,Northumbria Police,Northumbria Police,-1.698099,54.986968,On or near Hedgeley Road,E01008330,Newcastle upon Tyne 015G,Public order,Under investigation,
407e961240a24d5d116666ba801d1384430b35973e7816ffd4ccd2eb762099ce,2026-01,Northumbria Police,Northumbria Police,-1.694671,54.987733,On or near Allendale Court,E01008330,Newcastle upon Tyne 015G,Violence and sexual offences,Investigation complete; no suspect identified,
78d0e5d1ad208dcfe802fc3a6dfec3370371bf63ff8f87689a3f4011109ab749,2026-01,Northumbria Police,Northumbria Police,-1.701531,54.989987,On or near Linbridge Drive,E01008330,Newcastle upon Tyne 015G,Violence and sexual offences,Under investigation,
c504932824a0aa0bae5393959f43453bc38da697de2cc07a448291a8b4a4d846,2026-01,Northumbria Police,Northumbria Police,-1.701531,54.989987,On or near Linbridge Drive,E01008330,Newcastle upon Tyne 015G,Violence and sexual offences,Investigation complete; no suspect identified,
b7bcd5f9014d3798ad08a0f0b24e3242f4826e65ae1c4cb0be1d53e27beebff6,2026-01,Northumbria Police,Northumbria Police,-1.699433,54.988284,On or near Harle Close,E01008330,Newcastle upon Tyne 015G,Violence and sexual offences,Under investigation,
,2026-01,Northumbria Police,Northumbria Police,-1.663486,54.996223,On or near Holden Place,E01008300,Newcastle upon Tyne 016A,Anti-social behaviour,,
2fbc96023d8320fe8fb6154c8ab3720279b55e55e21e1df2b93cae1669b15a14,2026-01,Northumbria Police,Northumbria Police,-1.665848,54.994100,On or near Inchcliffe Crescent,E01008300,Newcastle upon Tyne 016A,Criminal damage and arson,Investigation complete; no suspect identified,
256bf0272ad1112fd85f0262ea9c9f40fee445ca33c7aa4566b78b4a31e2fa10,2026-01,Northumbria Police,Northumbria Police,-1.658497,54.992813,On or near Brieryside,E01008300,Newcastle upon Tyne 016A,Violence and sexual offences,Under investigation,
,2026-01,Northumbria Police,Northumbria Police,-1.656738,54.988333,On or near Juniper Drive,E01008450,Newcastle upon Tyne 016B,Anti-social behaviour,,
,2026-01,Northumbria Police,Northumbria Police,-1.657311,54.988891,On or near Supermarket,E01008450,Newcastle upon Tyne 016B,Anti-social behaviour,,
163ae72070872b5be7ecf66503d2395565ad43dfcdb90609926e19b68cc99646,2026-01,Northumbria Police,Northumbria Police,-1.655206,54.986540,On or near Royal Crescent,E01008450,Newcastle upon Tyne 016B,Criminal damage and arson,Investigation complete; no suspect identified,
81cd6be7904d02ce6bc15def3ac76cae39ed245534fff8e2f911ff2e2836a086,2026-01,Northumbria Police,Northumbria Police,-1.658826,54.987206,On or near Cypress Avenue,E01008450,Newcastle upon Tyne 016B,Violence and sexual offences,Under investigation,
,2026-01,Northumbria Police,Northumbria Police,-1.663982,54.987391,On or near Angerton Gardens,E01008451,Newcastle upon Tyne 016C,Anti-social behaviour,,
,2026-01,Northumbria Police,Northumbria Police,-1.663982,54.987391,On or near Angerton Gardens,E01008451,Newcastle upon Tyne 016C,Anti-social behaviour,,
44dce4d6f523f186251917ff1e49be5199842e7cca3930289ff8991e1939e30f,2026-01,Northumbria Police,Northumbria Police,-1.669755,54.988503,On or near Bingfield Gardens,E01008451,Newcastle upon Tyne 016C,Criminal damage and arson,Under investigation,
2df3aa08acb7eb6ea935392ec0856058ba7bb05fab33958ead7b01c022805577,2026-01,Northumbria Police,Northumbria Police,-1.661998,54.985355,On or near Genister Place,E01008451,Newcastle upon Tyne 016C,Drugs,Under investigation,
5c5c258c9b8c12e3c662c9f655fc3df0432f492a91970a44930c8d294d4cdf58,2026-01,Northumbria Police,Northumbria Police,-1.664763,54.985560,On or near Ovington Grove,E01008451,Newcastle upon Tyne 016C,Other theft,Under investigation,
b372e5342b817f263e87c9f1565b05b0139933d037fd1dc1ee28d0ab578c1a89,2026-01,Northumbria Police,Northumbria Police,-1.665272,54.988132,On or near Cheeseburn Gardens,E01008451,Newcastle upon Tyne 016C,Other theft,Investigation complete; no suspect identified,
17a46684392845394f343a3b37904f9b13f03ecd020a7994a6c515ace406df5f,2026-01,Northumbria Police,Northumbria Police,-1.665272,54.988132,On or near Cheeseburn Gardens,E01008451,Newcastle upon Tyne 016C,Other theft,Under investigation,
2b9ff57b8216ae14820ca12216861dcd018a1332f0cb18f18086ce456763e18a,2026-01,Northumbria Police,Northumbria Police,-1.665272,54.988132,On or near Cheeseburn Gardens,E01008451,Newcastle upon Tyne 016C,Violence and sexual offences,Under investigation,
302d7e7d3ef9922401cedf626229f1dede1d864827d473c08b6a97520abcc19c,2026-01,Northumbria Police,Northumbria Police,-1.669755,54.988503,On or near Bingfield Gardens,E01008451,Newcastle upon Tyne 016C,Other crime,Investigation complete; no suspect identified,
8d2e176c4fce610e2079b74df0f67c9858e318fad712973ef41c4fd254dcb6af,2026-01,Northumbria Police,Northumbria Police,-1.653983,54.987022,On or near Lindale Road,E01008452,Newcastle upon Tyne 016D,Criminal damage and arson,Investigation complete; no suspect identified,
44006b1f704f3f1101c892365d605b78cd9770c5153d52a6c175dce78966866c,2026-01,Northumbria Police,Northumbria Police,-1.642085,54.989405,On or near A167,E01008452,Newcastle upon Tyne 016D,Other theft,Investigation complete; no suspect identified,
c45e45a19ca2a3c27376f050e31d2a41ef6a694224f9a27717dcf302e6716823,2026-01,Northumbria Police,Northumbria Police,-1.652783,54.986605,On or near Friarside Road,E01008452,Newcastle upon Tyne 016D,Violence and sexual offences,Under investigation,
d81d50c2402ef75262402fd47d935e48b35ee10db1ce34b14d4bc62feafe7875,2026-01,Northumbria Police,Northumbria Police,-1.605478,54.989975,On or near Lily Avenue,E01008367,Newcastle upon Tyne 017A,Criminal damage and arson,Investigation complete; no suspect identified,
7d7a6995ea9474f45921af69bfdebe967482c07627d20ac1db0aeebb3cfd809f,2026-01,Northumbria Police,Northumbria Police,-1.605478,54.989975,On or near Lily Avenue,E01008367,Newcastle upon Tyne 017A,Public order,Under investigation,
,2026-01,Northumbria Police,Northumbria Police,-1.611489,54.984126,On or near Brandling Park,E01008370,Newcastle upon Tyne 017C,Anti-social behaviour,,
,2026-01,Northumbria Police,Northumbria Police,-1.608695,54.985438,On or near Clayton Park Square,E01008370,Newcastle upon Tyne 017C,Anti-social behaviour,,
,2026-01,Northumbria Police,Northumbria Police,-1.603998,54.984767,On or near Conference/Exhibition Centre,E01008370,Newcastle upon Tyne 017C,Anti-social behaviour,,
2a3ba1e036ef985e1ebfdadbd850190269ab8c36089b7da558ce4ccf4948f7c0,2026-01,Northumbria Police,Northumbria Police,-1.606887,54.986510,On or near Kingsland,E01008370,Newcastle upon Tyne 017C,Other theft,Investigation complete; no suspect identified,
fb00e1dee4b385dcc13e0602b55265854f3a9a890e2b9adebeaf7a305271ebce,2026-01,Northumbria Police,Northumbria Police,-1.604904,54.987365,On or near Hospital,E01008370,Newcastle upon Tyne 017C,Public order,Awaiting court outcome,
,2026-01,Northumbria Police,Northumbria Police,-1.591270,54.987061,On or near Ripon Gardens,E01008409,Newcastle upon Tyne 017D,Anti-social behaviour,,
,2026-01,Northumbria Police,Northumbria Police,-1.592150,54.985123,On or near Selborne Gardens,E01008409,Newcastle upon Tyne 017D,Anti-social behaviour,,
,2026-01,Northumbria Police,Northumbria Police,-1.592150,54.985123,On or near Selborne Gardens,E01008409,Newcastle upon Tyne 017D,Anti-social behaviour,,
,2026-01,Northumbria Police,Northumbria Police,-1.592150,54.985123,On or near Selborne Gardens,E01008409,Newcastle upon Tyne 017D,Anti-social behaviour,,
ed6ce5eceda938675c2ca70980e9b49125b00c86965a6325fbcd6d48a4d4507f,2026-01,Northumbria Police,Northumbria Police,-1.598492,54.982143,On or near Kelvin Grove,E01008411,Newcastle upon Tyne 017E,Vehicle crime,Under investigation,
6709cdfbaca08a2735c8114805e7698405e2efa5ec6b79c875b2e02f84749c6b,2026-01,Northumbria Police,Northumbria Police,-1.594373,54.981599,On or near Amble Grove,E01008411,Newcastle upon Tyne 017E,Violence and sexual offences,Under investigation,
62fa62224ecfe320d73d94d6d8cce92446566dd35610fd5a538ceca1b80c6040,2026-01,Northumbria Police,Northumbria Police,-1.598492,54.982143,On or near Kelvin Grove,E01008411,Newcastle upon Tyne 017E,Violence and sexual offences,Under investigation,
,2026-01,Northumbria Police,Northumbria Police,-1.576472,54.978042,On or near Shields Lane,E01008303,Newcastle upon Tyne 018A,Anti-social behaviour,,
,2026-01,Northumbria Police,Northumbria Police,-1.583717,54.977007,On or near Molineux Street,E01008303,Newcastle upon Tyne 018A,Anti-social behaviour,,
,2026-01,Northumbria Police,Northumbria Police,-1.576472,54.978042,On or near Shields Lane,E01008303,Newcastle upon Tyne 018A,Anti-social behaviour,,
,2026-01,Northumbria Police,Northumbria Police,-1.578479,54.980404,On or near Elvet Court,E01008303,Newcastle upon Tyne 018A,Anti-social behaviour,,
,2026-01,Northumbria Police,Northumbria Police,-1.576472,54.978042,On or near Shields Lane,E01008303,Newcastle upon Tyne 018A,Anti-social behaviour,,
,2026-01,Northumbria Police,Northumbria Police,-1.576472,54.978042,On or near Shields Lane,E01008303,Newcastle upon Tyne 018A,Anti-social behaviour,,
,2026-01,Northumbria Police,Northumbria Police,-1.577399,54.976149,On or near Conyers Road,E01008303,Newcastle upon Tyne 018A,Anti-social behaviour,,
,2026-01,Northumbria Police,Northumbria Police,-1.582309,54.977209,On or near Flora Street,E01008303,Newcastle upon Tyne 018A,Anti-social behaviour,,
,2026-01,Northumbria Police,Northumbria Police,-1.577399,54.976149,On or near Conyers Road,E01008303,Newcastle upon Tyne 018A,Anti-social behaviour,,
,2026-01,Northumbria Police,Northumbria Police,-1.583717,54.977007,On or near Molineux Street,E01008303,Newcastle upon Tyne 018A,Anti-social behaviour,,
,2026-01,Northumbria Police,Northumbria Police,-1.582309,54.977209,On or near Flora Street,E01008303,Newcastle upon Tyne 018A,Anti-social behaviour,,
,2026-01,Northumbria Police,Northumbria Police,-1.576472,54.978042,On or near Shields Lane,E01008303,Newcastle upon Tyne 018A,Anti-social behaviour,,
,2026-01,Northumbria Police,Northumbria Police,-1.580765,54.979944,On or near North View,E01008303,Newcastle upon Tyne 018A,Anti-social behaviour,,
,2026-01,Northumbria Police,Northumbria Police,-1.577399,54.976149,On or near Conyers Road,E01008303,Newcastle upon Tyne 018A,Anti-social behaviour,,
1bdc5a7030b83c64b3fc742872a3c559305332e3eef0d3ffd7842c732a83dbef,2026-01,Northumbria Police,Northumbria Police,-1.577432,54.978872,On or near St Mark'S Close,E01008303,Newcastle upon Tyne 018A,Other theft,Under investigation,
f991e3b657ae6be89bda67b072b7eb12ec225b29e179dec9011a107a2ac23b78,2026-01,Northumbria Police,Northumbria Police,-1.579099,54.979372,On or near Parking Area,E01008303,Newcastle upon Tyne 018A,Other theft,Under investigation,
9b55506491c44f74f06352de30f2c401e4ddcac078ca8f7226c97abbbb8b64c3,2026-01,Northumbria Police,Northumbria Police,-1.576213,54.978922,On or near Algernon Road,E01008303,Newcastle upon Tyne 018A,Public order,Under investigation,
65a17bca0f75aeaba60e02b9fdce38896fccdf67c6a51239d5970d0af5edfae0,2026-01,Northumbria Police,Northumbria Police,-1.583717,54.977007,On or near Molineux Street,E01008303,Newcastle upon Tyne 018A,Robbery,Under investigation,
b4a399d5aa23320b51f3143b84ecbd41331cd678af94ee44bc6166b4fb874e99,2026-01,Northumbria Police,Northumbria Police,-1.583717,54.977007,On or near Molineux Street,E01008303,Newcastle upon Tyne 018A,Shoplifting,Investigation complete; no suspect identified,
929d11fd57b725f907416285ace718346cdd297ee1c2d350ea587c60ea8eda67,2026-01,Northumbria Police,Northumbria Police,-1.583717,54.977007,On or near Molineux Street,E01008303,Newcastle upon Tyne 018A,Shoplifting,Investigation complete; no suspect identified,
25bb6be29bf57578fa9f0e2586d2e13dfafcb57e591fa208f85661016c219849,2026-01,Northumbria Police,Northumbria Police,-1.583717,54.977007,On or near Molineux Street,E01008303,Newcastle upon Tyne 018A,Shoplifting,Under investigation,
6ed81f60cefc06cd869d114cd8a1be8b037340a4a0ab9c86474fc832c5aa8f0a,2026-01,Northumbria Police,Northumbria Police,-1.583717,54.977007,On or near Molineux Street,E01008303,Newcastle upon Tyne 018A,Shoplifting,Under investigation,
ed7629fbf4dc98f58356dbacf9b258d9ca4a0dc0bb9691b38ec5fb40fdf9714d,2026-01,Northumbria Police,Northumbria Police,-1.577399,54.976149,On or near Conyers Road,E01008303,Newcastle upon Tyne 018A,Violence and sexual offences,Under investigation,
481066810b60cd951af55c4c12c2d85c8b70479fac5612162d68094ad4e86f47,2026-01,Northumbria Police,Northumbria Police,-1.583717,54.977007,On or near Molineux Street,E01008303,Newcastle upon Tyne 018A,Violence and sexual offences,Under investigation,
8f197d156e8894c6c872718ba2b111e2c557c116cb3f27f86003f2213a3482da,2026-01,Northumbria Police,Northumbria Police,-1.576213,54.978922,On or near Algernon Road,E01008303,Newcastle upon Tyne 018A,Violence and sexual offences,Under investigation,
fc740b830c6d57ee7a7ff831a71b9bab779f3547e639ee0d8ee6a0ad62d6bbb5,2026-01,Northumbria Police,Northumbria Police,-1.579099,54.979372,On or near Parking Area,E01008303,Newcastle upon Tyne 018A,Violence and sexual offences,Under investigation,
2eb8d283120ab560c8def0cf647e3d114ef46630b6230b7db36594056de346ec,2026-01,Northumbria Police,Northumbria Police,-1.579099,54.979372,On or near Parking Area,E01008303,Newcastle upon Tyne 018A,Violence and sexual offences,Under investigation,
0c44f06c3b67df49fb86d4f89b06979f34ccdcf0459cae5d7bfbdee5aacbd086,2026-01,Northumbria Police,Northumbria Police,-1.582309,54.977209,On or near Flora Street,E01008303,Newcastle upon Tyne 018A,Violence and sexual offences,Investigation complete; no suspect identified,
b91ea31d159ae3f1830118adc2b6f419fdfcc74a0d966c9bb9dbd9f72b8d9d27,2026-01,Northumbria Police,Northumbria Police,-1.577399,54.976149,On or near Conyers Road,E01008303,Newcastle upon Tyne 018A,Violence and sexual offences,Under investigation,
e3aee630a4506cbb6699a4e7b42ac3c964a99be4e5da524e36a484f90ff61853,2026-01,Northumbria Police,Northumbria Police,-1.577432,54.978872,On or near St Mark'S Close,E01008303,Newcastle upon Tyne 018A,Other crime,Investigation complete; no suspect identified,
,2026-01,Northumbria Police,Northumbria Police,-1.573233,54.985885,On or near Ebor Street,E01008360,Newcastle upon Tyne 018C,Anti-social behaviour,,
,2026-01,Northumbria Police,Northumbria Police,-1.575212,54.983465,On or near Hartford Street,E01008360,Newcastle upon Tyne 018C,Anti-social behaviour,,
,2026-01,Northumbria Police,Northumbria Police,-1.570771,54.988204,On or near Whitefield Terrace,E01008360,Newcastle upon Tyne 018C,Anti-social behaviour,,
752faf6f789ed932ace18d5d0dbd4af26c15633d96308d6663e66e7a79cc6bb6,2026-01,Northumbria Police,Northumbria Police,-1.570771,54.988204,On or near Whitefield Terrace,E01008360,Newcastle upon Tyne 018C,Vehicle crime,Investigation complete; no suspect identified,
a3ffa61a6e2a152b0fe56e9a0d0ffca1fa7fb60824368a17af9adf98ad4b4bef,2026-01,Northumbria Police,Northumbria Police,-1.570771,54.988204,On or near Whitefield Terrace,E01008360,Newcastle upon Tyne 018C,Vehicle crime,Investigation complete; no suspect identified,
,2026-01,Northumbria Police,Northumbria Police,-1.575431,54.986432,On or near Simonside Terrace,E01008361,Newcastle upon Tyne 018D,Anti-social behaviour,,
d7c286cf01695f23143440764c8c77e9eb33b326d1308db0e6c54bed11149272,2026-01,Northumbria Police,Northumbria Police,-1.574659,54.985494,On or near Richardson Street,E01008361,Newcastle upon Tyne 018D,Other theft,Investigation complete; no suspect identified,
,2026-01,Northumbria Police,Northumbria Police,-1.579723,54.982475,On or near Stannington Place,E01008362,Newcastle upon Tyne 018E,Anti-social behaviour,,
,2026-01,Northumbria Police,Northumbria Police,-1.578983,54.983038,On or near Second Avenue,E01008362,Newcastle upon Tyne 018E,Anti-social behaviour,,
f37e7d2af30186961b0943e0bf51e5c9ca0bda51a001b585b447447829fabf1d,2026-01,Northumbria Police,Northumbria Police,-1.579812,54.982942,On or near Mundella Terrace,E01008362,Newcastle upon Tyne 018E,Other theft,Investigation complete; no suspect identified,
edebe2d28695befc74f5dc8f00622e20d4d9d8c4bb90d07eda9bcdbb5a6f57df,2026-01,Northumbria Police,Northumbria Police,-1.580678,54.982289,On or near Roxburgh Place,E01008362,Newcastle upon Tyne 018E,Public order,Under investigation,
70e1dd8856fb79ef52618ad1e91db86f2247c2ffe282d23d843f8596d642d507,2026-01,Northumbria Police,Northumbria Police,-1.580678,54.982289,On or near Roxburgh Place,E01008362,Newcastle upon Tyne 018E,Public order,Under investigation,
53dd24044ed3d3bd24a85124d826f127c99200a292f9aac77f3e01dd40549487,2026-01,Northumbria Police,Northumbria Police,-1.575959,54.982255,On or near Theatre/Concert Hall,E01008362,Newcastle upon Tyne 018E,Theft from the person,Under investigation,
,2026-01,Northumbria Police,Northumbria Police,-1.576172,54.988762,On or near Cartington Terrace,E01008364,Newcastle upon Tyne 018F,Anti-social behaviour,,
,2026-01,Northumbria Police,Northumbria Police,-1.576004,54.989866,On or near Stanmore Road,E01008364,Newcastle upon Tyne 018F,Anti-social behaviour,,
,2026-01,Northumbria Police,Northumbria Police,-1.576172,54.988762,On or near Cartington Terrace,E01008364,Newcastle upon Tyne 018F,Anti-social behaviour,,
6e6cf0b335f10c7a3684f1ad00472cd15b10427170b2eb30260fabd69b87ce41,2026-01,Northumbria Police,Northumbria Police,-1.580095,54.991723,On or near Norwood Avenue,E01008364,Newcastle upon Tyne 018F,Burglary,Investigation complete; no suspect identified,
926d1d34b92920cd65ad08c9ef7aea052870bf3c6dc42ccaf06c7d5e79ef36e5,2026-01,Northumbria Police,Northumbria Police,-1.574366,54.988162,On or near Tosson Terrace,E01008364,Newcastle upon Tyne 018F,Criminal damage and arson,Under investigation,
3e1aa6272a1f5ab96442c22c7d3cf1c483cdeecf07bac86063312a7bedb69fb7,2026-01,Northumbria Police,Northumbria Police,-1.576004,54.989866,On or near Stanmore Road,E01008364,Newcastle upon Tyne 018F,Violence and sexual offences,Investigation complete; no suspect identified,
79afa40a761fb1e646f8e80e7a8a23073f548700c4fd0a4baa5bc49aa4351499,2026-01,Northumbria Police,Northumbria Police,-1.578529,54.992068,On or near Clarendon Road,E01008364,Newcastle upon Tyne 018F,Violence and sexual offences,Under investigation,
,2026-01,Northumbria Police,Northumbria Police,-1.677429,54.984489,On or near Ancroft Place,E01008344,Newcastle upon Tyne 019B,Anti-social behaviour,,
af88fce2859191ad71b26a6db7fe5347c9553dfa74a97188ce975e7d076e1eb3,2026-01,Northumbria Police,Northumbria Police,-1.677937,54.985362,On or near Elrington Gardens,E01008344,Newcastle upon Tyne 019B,Burglary,Awaiting court outcome,
e7242d58ead9d5b1d03e25622b1a1421a5d27d411a0275f5ba1206cf64ffa73d,2026-01,Northumbria Police,Northumbria Police,-1.683380,54.984765,On or near Keswick Grove,E01008344,Newcastle upon Tyne 019B,Violence and sexual offences,Investigation complete; no suspect identified,
7f519500fa0c05ebbd8c69155046c13e89970943669eb528cfed12a7f991f3a5,2026-01,Northumbria Police,Northumbria Police,-1.680455,54.983185,On or near Henshaw Place,E01008344,Newcastle upon Tyne 019B,Violence and sexual offences,Under investigation,
,2026-01,Northumbria Police,Northumbria Police,-1.683377,54.989169,On or near Bowness Road,E01008345,Newcastle upon Tyne 019C,Anti-social behaviour,,
,2026-01,Northumbria Police,Northumbria Police,-1.686388,54.983794,On or near Kenley Road,E01008345,Newcastle upon Tyne 019C,Anti-social behaviour,,
,2026-01,Northumbria Police,Northumbria Police,-1.686388,54.983794,On or near Kenley Road,E01008345,Newcastle upon Tyne 019C,Anti-social behaviour,,
,2026-01,Northumbria Police,Northumbria Police,-1.686443,54.988754,On or near Walton Road,E01008345,Newcastle upon Tyne 019C,Anti-social behaviour,,
b8d57aab7d0998800583bbea73e00cf75211d4af4254afb13da30aaff33ae385,2026-01,Northumbria Police,Northumbria Police,-1.687997,54.985865,On or near Woodbrook Avenue,E01008345,Newcastle upon Tyne 019C,Violence and sexual offences,Investigation complete; no suspect identified,
9ffee118ad4c7a4e4bb5a1f23be9404f0666859c4b00fdec021ba66311f77ec7,2026-01,Northumbria Police,Northumbria Police,-1.657764,54.983420,On or near Ord Court,E01008346,Newcastle upon Tyne 019D,Other theft,Under investigation,
,2026-01,Northumbria Police,Northumbria Police,-1.657792,54.980149,On or near Palm Avenue,E01008348,Newcastle upon Tyne 019F,Anti-social behaviour,,
,2026-01,Northumbria Police,Northumbria Police,-1.656757,54.976947,On or near Baxter Avenue,E01008349,Newcastle upon Tyne 019G,Anti-social behaviour,,
,2026-01,Northumbria Police,Northumbria Police,-1.655622,54.976324,On or near Shipley Avenue,E01008349,Newcastle upon Tyne 019G,Anti-social behaviour,,
,2026-01,Northumbria Police,Northumbria Police,-1.656928,54.980686,On or near Greywood Avenue,E01008349,Newcastle upon Tyne 019G,Anti-social behaviour,,
,2026-01,Northumbria Police,Northumbria Police,-1.655522,54.978903,On or near Hoyle Avenue,E01008349,Newcastle upon Tyne 019G,Anti-social behaviour,,
948c56b0df5ea78a0743c0aa1f49d000fc43bb1e2e8c8919a86ba2feb74b08c2,2026-01,Northumbria Police,Northumbria Police,-1.655622,54.976324,On or near Shipley Avenue,E01008349,Newcastle upon Tyne 019G,Public order,Investigation complete; no suspect identified,
fc6db833fc9b72e013ab88c5d57ef01099145fa521630e2d4d842c31e29c78f1,2026-01,Northumbria Police,Northumbria Police,-1.655622,54.976324,On or near Shipley Avenue,E01008349,Newcastle upon Tyne 019G,Shoplifting,Investigation complete; no suspect identified,
378ed89323b6df09b07021187be32ce7c9f185f329e4c63db5f2afd25fd67915,2026-01,Northumbria Police,Northumbria Police,-1.655622,54.976324,On or near Shipley Avenue,E01008349,Newcastle upon Tyne 019G,Theft from the person,Under investigation,
eb25c1903a07daed5e2c4cb0b72ee0ffd430b8cca3cbe86f335f9183ff2fb8b0,2026-01,Northumbria Police,Northumbria Police,-1.654514,54.976150,On or near Middleton Avenue,E01008349,Newcastle upon Tyne 019G,Vehicle crime,Investigation complete; no suspect identified,
e80422415d5c81c721dda74351649568493ab2287c3b9063e4da7178b77b38d0,2026-01,Northumbria Police,Northumbria Police,-1.654514,54.976150,On or near Middleton Avenue,E01008349,Newcastle upon Tyne 019G,Violence and sexual offences,Under investigation,
615ddc4ebdf237daf811a008cb9a727b795e67f5a835d3cb6655e0a9bcb63f59,2026-01,Northumbria Police,Northumbria Police,-1.654514,54.976150,On or near Middleton Avenue,E01008349,Newcastle upon Tyne 019G,Violence and sexual offences,Investigation complete; no suspect identified,
,2026-01,Northumbria Police,Northumbria Police,-1.681986,54.993083,On or near Elmont Close,E01008350,Newcastle upon Tyne 019H,Anti-social behaviour,,
,2026-01,Northumbria Police,Northumbria Police,-1.680449,54.991785,On or near Cromdale Place,E01008350,Newcastle upon Tyne 019H,Anti-social behaviour,,
,2026-01,Northumbria Police,Northumbria Police,-1.681986,54.993083,On or near Elmont Close,E01008350,Newcastle upon Tyne 019H,Anti-social behaviour,,
,2026-01,Northumbria Police,Northumbria Police,-1.681986,54.993083,On or near Elmont Close,E01008350,Newcastle upon Tyne 019H,Anti-social behaviour,,
59f8af4ab43ee3c49d3adaa7ee02d9916436db9de134f4d234c7a4481f163f56,2026-01,Northumbria Police,Northumbria Police,-1.679536,54.992663,On or near Waterbeach Place,E01008350,Newcastle upon Tyne 019H,Criminal damage and arson,Investigation complete; no suspect identified,
0cb0570e56cd6ef9ed5f73a3112760239e1644a9797b1e3655c3bb1579f8727d,2026-01,Northumbria Police,Northumbria Police,-1.680824,54.989845,On or near Redewood Close,E01008350,Newcastle upon Tyne 019H,Vehicle crime,Investigation complete; no suspect identified,
49123074b53d49a274cae34a1ee8bb9cbe0c6112614b1b05f76283134a3fd535,2026-01,Northumbria Police,Northumbria Police,-1.680824,54.989845,On or near Redewood Close,E01008350,Newcastle upon Tyne 019H,Vehicle crime,Investigation complete; no suspect identified,
a960d09f73322ece76f1b1728179f45927de9f28772ddf6136af4c8be7a5a92c,2026-01,Northumbria Police,Northumbria Police,-1.679082,54.990748,On or near Stapleford Close,E01008350,Newcastle upon Tyne 019H,Vehicle crime,Investigation complete; no suspect identified,
2332fd567c29e6e93f170b31717a7e398030ef6562c52654cf7f12e71568d899,2026-01,Northumbria Police,Northumbria Police,-1.680824,54.989845,On or near Redewood Close,E01008350,Newcastle upon Tyne 019H,Vehicle crime,Investigation complete; no suspect identified,
0cf696260c1361b86b6cc8b6238d49058d467797fe014873bdf65af48d74bf01,2026-01,Northumbria Police,Northumbria Police,-1.680433,54.993861,On or near Williston Close,E01008350,Newcastle upon Tyne 019H,Violence and sexual offences,Under investigation,
5f252ffaf08cb2a3a77798505d2869c20ffa9b7c662d39c414ec84f093f51ba9,2026-01,Northumbria Police,Northumbria Police,-1.679082,54.990748,On or near Stapleford Close,E01008350,Newcastle upon Tyne 019H,Violence and sexual offences,Under investigation,
b710ef91d2a63f70a252a5ebfd940ebfcccaec11fed2aa505cb1e57d1f0ab01e,2026-01,Northumbria Police,Northumbria Police,-1.677413,54.992280,On or near Finsmere Place,E01008350,Newcastle upon Tyne 019H,Violence and sexual offences,Investigation complete; no suspect identified,
cc4407a10a2b850bb5866c415d36d4db443cdd348d26e4437224754058932b07,2026-01,Northumbria Police,Northumbria Police,-1.680449,54.991785,On or near Cromdale Place,E01008350,Newcastle upon Tyne 019H,Violence and sexual offences,Under investigation,
b762377f20a4be2ee44fd94adeeecf8ea630eca939bad869ba3f0306afb7fd69,2026-01,Northumbria Police,Northumbria Police,-1.679082,54.990748,On or near Stapleford Close,E01008350,Newcastle upon Tyne 019H,Other crime,Under investigation,
e3bd57424aaa98e0b7cb8bc2a76db87d7aaf9820631203d18b142cb3d34a60e0,2026-01,Northumbria Police,Northumbria Police,-1.546659,54.976910,On or near Middle Street East,E01008430,Newcastle upon Tyne 020A,Criminal damage and arson,Under investigation,
c4638846877b5e24d506602f9665f12b9f3a6e452145babcc11b98061f4cd564,2026-01,Northumbria Police,Northumbria Police,-1.546659,54.976910,On or near Middle Street East,E01008430,Newcastle upon Tyne 020A,Criminal damage and arson,Investigation complete; no suspect identified,
c78d80603ebb33acd073adce04d84dd7ca898fc51ab7bde828a185f635588f5f,2026-01,Northumbria Police,Northumbria Police,-1.542089,54.977666,On or near Edendale Avenue,E01008430,Newcastle upon Tyne 020A,Vehicle crime,Investigation complete; no suspect identified,
67896f632f5048ca5f84b1c64476662b296bad0a4d396e642f149e1e21953ae8,2026-01,Northumbria Police,Northumbria Police,-1.545382,54.977984,On or near Eastbourne Avenue,E01008430,Newcastle upon Tyne 020A,Other crime,Under investigation,
da521eb0a9db9a4002fa6e8b7b3ae55fe20b90cbb2915d12b9197a555cbed812,2026-01,Northumbria Police,Northumbria Police,-1.550359,54.978569,On or near Corby Gardens,E01008431,Newcastle upon Tyne 020B,Vehicle crime,Investigation complete; no suspect identified,
5f67b04fccfd0f1996f1abcbb1fb9aab866fab86344fafa1196992457982d985,2026-01,Northumbria Police,Northumbria Police,-1.553680,54.979246,On or near Kentmere Avenue,E01008431,Newcastle upon Tyne 020B,Other crime,Under investigation,
,2026-01,Northumbria Police,Northumbria Police,-1.559141,54.988441,On or near Jasmine Close,E01008433,Newcastle upon Tyne 020C,Anti-social behaviour,,
,2026-01,Northumbria Police,Northumbria Police,-1.558996,54.987443,On or near Maplewood,E01008433,Newcastle upon Tyne 020C,Anti-social behaviour,,
,2026-01,Northumbria Police,Northumbria Police,-1.559141,54.988441,On or near Jasmine Close,E01008433,Newcastle upon Tyne 020C,Anti-social behaviour,,
,2026-01,Northumbria Police,Northumbria Police,-1.559141,54.988441,On or near Jasmine Close,E01008433,Newcastle upon Tyne 020C,Anti-social behaviour,,
,2026-01,Northumbria Police,Northumbria Police,-1.559141,54.988441,On or near Jasmine Close,E01008433,Newcastle upon Tyne 020C,Anti-social behaviour,,
,2026-01,Northumbria Police,Northumbria Police,-1.558996,54.987443,On or near Maplewood,E01008433,Newcastle upon Tyne 020C,Anti-social behaviour,,
a9c61524d8c72c8add8374dc24fb6904c555e4071dcc2b41ea5a251ae29220d5,2026-01,Northumbria Police,Northumbria Police,-1.553864,54.987981,On or near Elmwood Crescent,E01008433,Newcastle upon Tyne 020C,Vehicle crime,Under investigation,
f7c98a9f6848d743266ea20dd3071dd2904973462c04cb4991665f732c3997db,2026-01,Northumbria Police,Northumbria Police,-1.553864,54.987981,On or near Elmwood Crescent,E01008433,Newcastle upon Tyne 020C,Violence and sexual offences,Awaiting court outcome,
b8a4939fed541841ebfdf9f88fcf86f34305ded4d4595f941e218ca8ce9e9cb6,2026-01,Northumbria Police,Northumbria Police,-1.553864,54.987981,On or near Elmwood Crescent,E01008433,Newcastle upon Tyne 020C,Violence and sexual offences,Under investigation,
34a6810e7babcbc55bf7618c6029641526b318b836b9fbf2c3bc8b39c9c35b85,2026-01,Northumbria Police,Northumbria Police,-1.553864,54.987981,On or near Elmwood Crescent,E01008433,Newcastle upon Tyne 020C,Violence and sexual offences,Under investigation,
49d840fd652dd7f4389e085babc654508a025da1d78b6f2c24428d2411b3de02,2026-01,Northumbria Police,Northumbria Police,-1.553864,54.987981,On or near Elmwood Crescent,E01008433,Newcastle upon Tyne 020C,Violence and sexual offences,Awaiting court outcome,
f9f7535fd5eac05434d63526c9fbda4c4900182c7ab151125712167e27a9082f,2026-01,Northumbria Police,Northumbria Police,-1.551672,54.984145,On or near Selby Gardens,E01008435,Newcastle upon Tyne 020E,Violence and sexual offences,Under investigation,
,2026-01,Northumbria Police,Northumbria Police,-1.546032,54.982704,On or near Cloverdale Court,E01008436,Newcastle upon Tyne 020F,Anti-social behaviour,,
,2026-01,Northumbria Police,Northumbria Police,-1.541114,54.985076,On or near Tumulus Avenue,E01008436,Newcastle upon Tyne 020F,Anti-social behaviour,,
21cd2b85c09990840522e05552ecd0942e8d6042985aff726156b80b25c2955a,2026-01,Northumbria Police,Northumbria Police,-1.539099,54.986371,On or near George Road,E01008436,Newcastle upon Tyne 020F,Violence and sexual offences,Under investigation,
a8269dcf256207e560edf1f110b8771973616340712b26e191a102a24f7ef9b5,2026-01,Northumbria Police,Northumbria Police,-1.546032,54.982704,On or near Cloverdale Court,E01008436,Newcastle upon Tyne 020F,Violence and sexual offences,Under investigation,
d24bc037720db7d578099673c0105e5070d264787daab5b382e00455e10473bc,2026-01,Northumbria Police,Northumbria Police,-1.543355,54.983063,On or near Rotherdale Court,E01008436,Newcastle upon Tyne 020F,Violence and sexual offences,Under investigation,
ae788327872c9f5359525f4c52ba38162fca7cf7a430bbad5dd3137c5e053a9f,2026-01,Northumbria Police,Northumbria Police,-1.541431,54.985994,On or near Eastfield Avenue,E01008436,Newcastle upon Tyne 020F,Violence and sexual offences,Under investigation,
,2026-01,Northumbria Police,Northumbria Police,-1.715253,54.987675,On or near Nile Close,E01008381,Newcastle upon Tyne 021A,Anti-social behaviour,,
,2026-01,Northumbria Police,Northumbria Police,-1.713477,54.986952,On or near Cobalt Close,E01008381,Newcastle upon Tyne 021A,Anti-social behaviour,,
,2026-01,Northumbria Police,Northumbria Police,-1.717018,54.983419,On or near Tewkesbury Road,E01008381,Newcastle upon Tyne 021A,Anti-social behaviour,,
4c9a6dc05ed7d8ac872430be7595cd2ffa89dae4b20e3ffb8dfedce5afb3e088,2026-01,Northumbria Police,Northumbria Police,-1.723800,54.983264,On or near Orchard Rise,E01008381,Newcastle upon Tyne 021A,Criminal damage and arson,Under investigation,
7fc01b94c21b0e5df6e63e161352691b5c33b001bc0a9ec8128133faf2a28916,2026-01,Northumbria Police,Northumbria Police,-1.723800,54.983264,On or near Orchard Rise,E01008381,Newcastle upon Tyne 021A,Violence and sexual offences,Under investigation,
059b830510d286f46668699017a0f8d8c5e9e99db04dfa99a63914a54a29cc4c,2026-01,Northumbria Police,Northumbria Police,-1.709268,54.978971,On or near Denton Avenue,E01008382,Newcastle upon Tyne 021B,Public order,Under investigation,
ad3e091c634514b7b2a19e39c6cefd1d34a0a5afd29cae060ac44903a9bbe923,2026-01,Northumbria Police,Northumbria Police,-1.708618,54.982465,On or near Eldon Road,E01008382,Newcastle upon Tyne 021B,Vehicle crime,Under investigation,
2902a092427989e7c346c0cfcd96a9611132347a847eac7cd68ef5f280af71e9,2026-01,Northumbria Police,Northumbria Police,-1.710796,54.983755,On or near Leabank,E01008382,Newcastle upon Tyne 021B,Violence and sexual offences,Awaiting court outcome,
63685fe1e1ee462e7cd1ed53f3d8c477f02a64a9a118c25939e69ebad07527bb,2026-01,Northumbria Police,Northumbria Police,-1.710200,54.981894,On or near Honister Close,E01008382,Newcastle upon Tyne 021B,Violence and sexual offences,Under investigation,
fae1738485dae1ada0b66ae9625014b90acfb81b91e635238b665e4c7d1094b5,2026-01,Northumbria Police,Northumbria Police,-1.709268,54.978971,On or near Denton Avenue,E01008382,Newcastle upon Tyne 021B,Violence and sexual offences,Under investigation,
34ba056a472f1cd48cc79b61a5244a8b8b09f9a355cd03661226d86ed41f159b,2026-01,Northumbria Police,Northumbria Police,-1.710197,54.982334,On or near Honister Place,E01008382,Newcastle upon Tyne 021B,Violence and sexual offences,Under investigation,
,2026-01,Northumbria Police,Northumbria Police,-1.723029,54.981744,On or near Malvern Court,E01008383,Newcastle upon Tyne 021C,Anti-social behaviour,,
df592679361f3aab2a4d8ae68ebfb58d81f2a7963c168249cc2f7e9329247afa,2026-01,Northumbria Police,Northumbria Police,-1.723029,54.981744,On or near Malvern Court,E01008383,Newcastle upon Tyne 021C,Vehicle crime,Under investigation,
02d4493d7319733bbf5403b7131745221162bd831fe0ef7d52fcb63f146ab1a0,2026-01,Northumbria Police,Northumbria Police,-1.717701,54.979611,On or near Blyth Court,E01008383,Newcastle upon Tyne 021C,Violence and sexual offences,Under investigation,
0dc94608104389d50c3bcd3f5f38689041c1e6e0f5ec9d9534d6562e1dd110be,2026-01,Northumbria Police,Northumbria Police,-1.717701,54.979611,On or near Blyth Court,E01008383,Newcastle upon Tyne 021C,Violence and sexual offences,Under investigation,
,2026-01,Northumbria Police,Northumbria Police,-1.699450,54.984006,On or near Northlea,E01008384,Newcastle upon Tyne 021D,Anti-social behaviour,,
2828104840cb6088106a68cc1fb6239fb89d2253e2e41be3ce7f9d79b21a5623,2026-01,Northumbria Police,Northumbria Police,-1.705339,54.986447,On or near West Denton Close,E01008384,Newcastle upon Tyne 021D,Violence and sexual offences,Under investigation,
683eb74e8ee254cd8dd100f3e0faaed6d5b7aaa586cb0a104d96c77229f5a260,2026-01,Northumbria Police,Northumbria Police,-1.705339,54.986447,On or near West Denton Close,E01008384,Newcastle upon Tyne 021D,Violence and sexual offences,Investigation complete; no suspect identified,
4cf1fddc8383c83a5b9fd69091732a864092ebc850c4faed57a9289238a29a53,2026-01,Northumbria Police,Northumbria Police,-1.705339,54.986447,On or near West Denton Close,E01008384,Newcastle upon Tyne 021D,Violence and sexual offences,Under investigation,
,2026-01,Northumbria Police,Northumbria Police,-1.712491,54.978305,On or near Lesbury Street,E01008385,Newcastle upon Tyne 021E,Anti-social behaviour,,
,2026-01,Northumbria Police,Northumbria Police,-1.714354,54.977779,On or near Johnson Street,E01008385,Newcastle upon Tyne 021E,Anti-social behaviour,,
c55bcc452986e6f8526ef649b3772235e608736a98ec94a1b73f672f6f2a0b95,2026-01,Northumbria Police,Northumbria Police,-1.713435,54.977372,On or near West View,E01008385,Newcastle upon Tyne 021E,Violence and sexual offences,Under investigation,
,2026-01,Northumbria Police,Northumbria Police,-1.700685,54.981772,On or near Mapperley Drive,E01008386,Newcastle upon Tyne 021F,Anti-social behaviour,,
,2026-01,Northumbria Police,Northumbria Police,-1.695758,54.984563,On or near Centurion Road,E01008386,Newcastle upon Tyne 021F,Anti-social behaviour,,
,2026-01,Northumbria Police,Northumbria Police,-1.699533,54.972792,On or near Bells Close,E01008387,Newcastle upon Tyne 021G,Anti-social behaviour,,
,2026-01,Northumbria Police,Northumbria Police,-1.708854,54.975672,On or near Sugley Drive,E01008387,Newcastle upon Tyne 021G,Anti-social behaviour,,
,2026-01,Northumbria Police,Northumbria Police,-1.709286,54.976419,On or near Farnham Street,E01008387,Newcastle upon Tyne 021G,Anti-social behaviour,,
,2026-01,Northumbria Police,Northumbria Police,-1.703691,54.978904,On or near Norton Way,E01008387,Newcastle upon Tyne 021G,Anti-social behaviour,,
,2026-01,Northumbria Police,Northumbria Police,-1.703691,54.978904,On or near Norton Way,E01008387,Newcastle upon Tyne 021G,Anti-social behaviour,,
a881f35ed0ae07b4c899258c0c0b8fd9c295ab365ab30b6cc5c6db0ce166f33b,2026-01,Northumbria Police,Northumbria Police,-1.709286,54.976419,On or near Farnham Street,E01008387,Newcastle upon Tyne 021G,Criminal damage and arson,Investigation complete; no suspect identified,
7bb3661c06e20c98032e6082e88d0133ea92a02fc1bf34cb62af0c1d3600c102,2026-01,Northumbria Police,Northumbria Police,-1.709430,54.978127,On or near Fernwood Road,E01008387,Newcastle upon Tyne 021G,Other theft,Under investigation,
ac6332b6d7c181d13677e53645fac12a369e8228a591263c417c7306cb44e082,2026-01,Northumbria Police,Northumbria Police,-1.699533,54.972792,On or near Bells Close,E01008387,Newcastle upon Tyne 021G,Shoplifting,Under investigation,
75b1a6bd51d12671357bd91b3e8a1fc7b1c2455e0d79784bb845ac5c635a3bbe,2026-01,Northumbria Police,Northumbria Police,-1.699533,54.972792,On or near Bells Close,E01008387,Newcastle upon Tyne 021G,Shoplifting,Investigation complete; no suspect identified,
7b3f1f1ec3fd9f91a6e929b02bd8022e8613cc0aef47981b3b70b96cefc5fd99,2026-01,Northumbria Police,Northumbria Police,-1.703605,54.975632,On or near Ormiston,E01008387,Newcastle upon Tyne 021G,Violence and sexual offences,Under investigation,
,2026-01,Northumbria Police,Northumbria Police,-1.635931,54.978729,On or near Walter Terrace,E01008396,Newcastle upon Tyne 022B,Anti-social behaviour,,
7504573a5cadd2ecf8a301e1635ba929525c899d7a1e5045663516adc800d7ce,2026-01,Northumbria Police,Northumbria Police,-1.637618,54.976928,On or near Stanton Street,E01008396,Newcastle upon Tyne 022B,Violence and sexual offences,Under investigation,
,2026-01,Northumbria Police,Northumbria Police,-1.630506,54.972206,On or near Tindal Street,E01008398,Newcastle upon Tyne 022C,Anti-social behaviour,,
5d297e47223f369362eeac2480bc76126382496be1689f368dae0d1190ccac69,2026-01,Northumbria Police,Northumbria Police,-1.637059,54.974886,On or near Longley Street,E01008398,Newcastle upon Tyne 022C,Vehicle crime,Investigation complete; no suspect identified,
2736c781bf0db4c4ac894e5bda187c37e667d675a95a91eb3002ce24c477ceb8,2026-01,Northumbria Police,Northumbria Police,-1.630506,54.972206,On or near Tindal Street,E01008398,Newcastle upon Tyne 022C,Violence and sexual offences,Under investigation,
c7086ce75f16016f46251c5a39253dcdc95bbc8822bee44908846bdd1ddc597a,2026-01,Northumbria Police,Northumbria Police,-1.634502,54.974312,On or near Liddle Road,E01008398,Newcastle upon Tyne 022C,Violence and sexual offences,Under investigation,
af3bf626bc7fa104dbb758c64380b68e5c2ca030fc85ec891c0f884e316fcfa5,2026-01,Northumbria Police,Northumbria Police,-1.636926,54.975730,On or near Beaconsfield Street,E01008398,Newcastle upon Tyne 022C,Violence and sexual offences,Investigation complete; no suspect identified,
,2026-01,Northumbria Police,Northumbria Police,-1.640396,54.973836,On or near Chelsea Grove,E01008449,Newcastle upon Tyne 022D,Anti-social behaviour,,
b53e10a69a4ab76c6a6419c57b2c8e1af64e6b7c6e6abeee1e41050f7b3782ec,2026-01,Northumbria Police,Northumbria Police,-1.640409,54.977628,On or near Fenham Road,E01008449,Newcastle upon Tyne 022D,Criminal damage and arson,Investigation complete; no suspect identified,
6111d021d13b1437c562a0f23cd60e653a776c8c128348631fd0a50b3b52e09d,2026-01,Northumbria Police,Northumbria Police,-1.639440,54.974102,On or near Bishop'S Avenue,E01008449,Newcastle upon Tyne 022D,Public order,Investigation complete; no suspect identified,
854f22fa56229e4a21a85dba96ea4f13d0ef9eb227a8ca251911acc7d3ef6d4e,2026-01,Northumbria Police,Northumbria Police,-1.640396,54.973836,On or near Chelsea Grove,E01008449,Newcastle upon Tyne 022D,Violence and sexual offences,Investigation complete; no suspect identified,
a296ff224a48114a330203f3f127147b03d189201d5ce0be0405d4073b8ddec3,2026-01,Northumbria Police,Northumbria Police,-1.641955,54.977704,On or near Sidney Grove,E01008449,Newcastle upon Tyne 022D,Violence and sexual offences,Investigation complete; no suspect identified,
3f4b6b4eaabddebd7d2414f4dda1fb756db627ee4b8543bf914fd796b6256eb2,2026-01,Northumbria Police,Northumbria Police,-1.646485,54.977753,On or near Wingrove Avenue,E01008449,Newcastle upon Tyne 022D,Violence and sexual offences,Investigation complete; no suspect identified,
4be68b74d68fb5a503b24154c2e0382bae9206d361f14dd64756f9a96a2483ef,2026-01,Northumbria Police,Northumbria Police,-1.640396,54.973836,On or near Chelsea Grove,E01008449,Newcastle upon Tyne 022D,Violence and sexual offences,Investigation complete; no suspect identified,
daa9617f567c5496b052cb9fe31c2f29bd4f05205de3233a845f887c1eee4e59,2026-01,Northumbria Police,Northumbria Police,-1.640396,54.973836,On or near Chelsea Grove,E01008449,Newcastle upon Tyne 022D,Violence and sexual offences,Investigation complete; no suspect identified,
80cad80a28e6f8a8ae99dd06adb90670441a5ee40055d3cdce38032b51ad7bf8,2026-01,Northumbria Police,Northumbria Police,-1.651239,54.980876,On or near Nuns Moor Crescent,E01008453,Newcastle upon Tyne 022E,Vehicle crime,Investigation complete; no suspect identified,
,2026-01,Northumbria Police,Northumbria Police,-1.648628,54.979314,On or near Wingrove Gardens,E01008455,Newcastle upon Tyne 022G,Anti-social behaviour,,
,2026-01,Northumbria Police,Northumbria Police,-1.650208,54.979040,On or near Oliver Avenue,E01008455,Newcastle upon Tyne 022G,Anti-social behaviour,,
,2026-01,Northumbria Police,Northumbria Police,-1.650364,54.975491,On or near Auden Grove,E01008455,Newcastle upon Tyne 022G,Anti-social behaviour,,
,2026-01,Northumbria Police,Northumbria Police,-1.648628,54.979314,On or near Wingrove Gardens,E01008455,Newcastle upon Tyne 022G,Anti-social behaviour,,
,2026-01,Northumbria Police,Northumbria Police,-1.642045,54.979879,On or near Studley Terrace,E01033556,Newcastle upon Tyne 022H,Anti-social behaviour,,
,2026-01,Northumbria Police,Northumbria Police,-1.633159,54.982836,On or near Fountain Row,E01033556,Newcastle upon Tyne 022H,Anti-social behaviour,,
,2026-01,Northumbria Police,Northumbria Police,-1.643069,54.978903,On or near Hospital,E01033556,Newcastle upon Tyne 022H,Anti-social behaviour,,
,2026-01,Northumbria Police,Northumbria Police,-1.643069,54.978903,On or near Hospital,E01033556,Newcastle upon Tyne 022H,Anti-social behaviour,,
,2026-01,Northumbria Police,Northumbria Police,-1.640201,54.976396,On or near Dilston Road,E01033556,Newcastle upon Tyne 022H,Anti-social behaviour,,
,2026-01,Northumbria Police,Northumbria Police,-1.633159,54.982836,On or near Fountain Row,E01033556,Newcastle upon Tyne 022H,Anti-social behaviour,,
,2026-01,Northumbria Police,Northumbria Police,-1.643069,54.978903,On or near Hospital,E01033556,Newcastle upon Tyne 022H,Anti-social behaviour,,
1873aa439c31432e1376795f92b012eed292c1e9c15764d0b474561b83fe0ac0,2026-01,Northumbria Police,Northumbria Police,-1.643069,54.978903,On or near Hospital,E01033556,Newcastle upon Tyne 022H,Other theft,Under investigation,
a8c48be0d138fd4db40394ab320290509c4441a86cb59b0f5f95adce0557fb62,2026-01,Northumbria Police,Northumbria Police,-1.642045,54.979879,On or near Studley Terrace,E01033556,Newcastle upon Tyne 022H,Violence and sexual offences,Investigation complete; no suspect identified,
9389b9ae0afb2c39dda0b70c6a457b9d9978db131b795b729bcdf37c6e2e87c0,2026-01,Northumbria Police,Northumbria Police,-1.691355,54.977956,On or near Swinley Gardens,E01008415,Newcastle upon Tyne 025B,Violence and sexual offences,Investigation complete; no suspect identified,
,2026-01,Northumbria Police,Northumbria Police,-1.692782,54.983379,On or near Buteland Road,E01008416,Newcastle upon Tyne 025C,Anti-social behaviour,,
,2026-01,Northumbria Police,Northumbria Police,-1.685660,54.982579,On or near Petrol Station,E01008416,Newcastle upon Tyne 025C,Anti-social behaviour,,
,2026-01,Northumbria Police,Northumbria Police,-1.685660,54.982579,On or near Petrol Station,E01008416,Newcastle upon Tyne 025C,Anti-social behaviour,,
,2026-01,Northumbria Police,Northumbria Police,-1.689052,54.978786,On or near Howlett Hall Road,E01008416,Newcastle upon Tyne 025C,Anti-social behaviour,,
7208161e4fb1257918cbf3509c8219e69ded0d6d74a90c2370b9c2ecb6d829a7,2026-01,Northumbria Police,Northumbria Police,-1.693908,54.983238,On or near The Forum,E01008416,Newcastle upon Tyne 025C,Other theft,Under investigation,
f3935f12a1844ad1b571ba8b1227ef2079b5c809e34d0112ddad6d28b4276a57,2026-01,Northumbria Police,Northumbria Police,-1.690139,54.981656,On or near Overdene,E01008416,Newcastle upon Tyne 025C,Violence and sexual offences,Under investigation,
,2026-01,Northumbria Police,Northumbria Police,-1.690997,54.971674,On or near Heighley Street,E01033547,Newcastle upon Tyne 025E,Anti-social behaviour,,
,2026-01,Northumbria Police,Northumbria Police,-1.690997,54.971674,On or near Heighley Street,E01033547,Newcastle upon Tyne 025E,Anti-social behaviour,,
,2026-01,Northumbria Police,Northumbria Police,-1.683352,54.974386,On or near Higgins Close,E01033547,Newcastle upon Tyne 025E,Anti-social behaviour,,
,2026-01,Northumbria Police,Northumbria Police,-1.676252,54.971429,On or near Derwent Street,E01033547,Newcastle upon Tyne 025E,Anti-social behaviour,,
,2026-01,Northumbria Police,Northumbria Police,-1.683352,54.974386,On or near Higgins Close,E01033547,Newcastle upon Tyne 025E,Anti-social behaviour,,
d2b0f6e509496b95363e717f3ce406e1288767f4a22d6160fa45b6f24d10e0fe,2026-01,Northumbria Police,Northumbria Police,-1.681252,54.971361,On or near Ranmere Road,E01033547,Newcastle upon Tyne 025E,Criminal damage and arson,Investigation complete; no suspect identified,
0917acfd6c038e71bad0694bc8a6df8bb6ae4c2aa8858d630166988d1330bb8f,2026-01,Northumbria Police,Northumbria Police,-1.687746,54.973858,On or near Broadmead Way,E01033547,Newcastle upon Tyne 025E,Criminal damage and arson,Under investigation,
c1221bf6ba7d8c1a0bcb6351ecf1f40a8e5f7772d9aba099429bd3060850e6a3,2026-01,Northumbria Police,Northumbria Police,-1.683780,54.975591,On or near Whickham View,E01008288,Newcastle upon Tyne 027A,Violence and sexual offences,Under investigation,
40d9bfe760773f0fadb939adb35fa53bcd84af5825ecd599a30d4f9e6d23202b,2026-01,Northumbria Police,Northumbria Police,-1.682213,54.976216,On or near Burnopfield Gardens,E01008288,Newcastle upon Tyne 027A,Violence and sexual offences,Awaiting court outcome,
b896f9856d765339eee5274e1376e948ceab578ee6d45be8f9cbca90faebbdfb,2026-01,Northumbria Police,Northumbria Police,-1.683383,54.976435,On or near Castleside Road,E01008288,Newcastle upon Tyne 027A,Violence and sexual offences,Under investigation,
,2026-01,Northumbria Police,Northumbria Police,-1.669445,54.976668,On or near Aubone Avenue,E01008289,Newcastle upon Tyne 027B,Anti-social behaviour,,
,2026-01,Northumbria Police,Northumbria Police,-1.666699,54.974378,On or near Dorcas Avenue,E01008289,Newcastle upon Tyne 027B,Anti-social behaviour,,
,2026-01,Northumbria Police,Northumbria Police,-1.671105,54.976178,On or near Fox And Hounds Lane,E01008289,Newcastle upon Tyne 027B,Anti-social behaviour,,
055e2d671d1ce5237660fd8088430e02334caca71b93a4f20fb210c14bf48f27,2026-01,Northumbria Police,Northumbria Police,-1.669722,54.977172,On or near Pease Avenue,E01008289,Newcastle upon Tyne 027B,Violence and sexual offences,Under investigation,
75c9326dd2dd5deea4904d83dbdbf58bfadc3b286ce2de100d8843fb6d19c03d,2026-01,Northumbria Police,Northumbria Police,-1.666381,54.973137,On or near Riddell Avenue,E01008289,Newcastle upon Tyne 027B,Violence and sexual offences,Under investigation,
,2026-01,Northumbria Police,Northumbria Police,-1.672928,54.969183,On or near Bellshiel Grove,E01008290,Newcastle upon Tyne 027C,Anti-social behaviour,,
8f9ef2b28916d28c34803028bb6bc6f71bd6fc1fddc83da9b8e3bee9459b44b0,2026-01,Northumbria Police,Northumbria Police,-1.661808,54.967103,On or near Joan Street,E01008290,Newcastle upon Tyne 027C,Criminal damage and arson,Under investigation,
7de3434fb29a3e33221a943ee5a82b27bde705d323784145b3a68e8fc6fcf9bd,2026-01,Northumbria Police,Northumbria Police,-1.672928,54.969183,On or near Bellshiel Grove,E01008290,Newcastle upon Tyne 027C,Public order,Under investigation,
d422e5ba6e6d62dba838e87e008b133a036933e6b2c70ebb9930d5fb059c5ff6,2026-01,Northumbria Police,Northumbria Police,-1.664395,54.971532,On or near Benwell Grange Close,E01008290,Newcastle upon Tyne 027C,Public order,Investigation complete; no suspect identified,
e3fe15eab3354bf8f97d187301bc615011fc9d9f88f519ceed15a8e90548b561,2026-01,Northumbria Police,Northumbria Police,-1.664395,54.971532,On or near Benwell Grange Close,E01008290,Newcastle upon Tyne 027C,Robbery,Investigation complete; no suspect identified,
,2026-01,Northumbria Police,Northumbria Police,-1.660204,54.970262,On or near Atkinson Terrace,E01008291,Newcastle upon Tyne 027D,Anti-social behaviour,,
,2026-01,Northumbria Police,Northumbria Police,-1.654181,54.967612,On or near Troves Close,E01008291,Newcastle upon Tyne 027D,Anti-social behaviour,,
,2026-01,Northumbria Police,Northumbria Police,-1.656791,54.967476,On or near Keith Close,E01008291,Newcastle upon Tyne 027D,Anti-social behaviour,,
,2026-01,Northumbria Police,Northumbria Police,-1.653828,54.968707,On or near Caroline Street,E01008291,Newcastle upon Tyne 027D,Anti-social behaviour,,
943b1b87e78a861f076ee93a648dbfe81048ab6763a593152f7fa2296fc839bb,2026-01,Northumbria Police,Northumbria Police,-1.656570,54.969533,On or near Lawson Terrace,E01008291,Newcastle upon Tyne 027D,Burglary,Investigation complete; no suspect identified,
8adf6db9aa03eac6baa0ec5fd906672f48f4c2ff027c8680203f2c5fd4b97f38,2026-01,Northumbria Police,Northumbria Police,-1.657240,54.967863,On or near Birnie Close,E01008291,Newcastle upon Tyne 027D,Other theft,Investigation complete; no suspect identified,
633c10e130b863239fb34f07033dab3d96f7fc66baefd9d2a62d731854976074,2026-01,Northumbria Police,Northumbria Police,-1.659767,54.970144,On or near Gerald Street,E01008291,Newcastle upon Tyne 027D,Robbery,Investigation complete; no suspect identified,
ee140a55c82c01033da8094bc0795204ee4174a5cf367b8dba7fbb06acabca9d,2026-01,Northumbria Police,Northumbria Police,-1.659767,54.970144,On or near Gerald Street,E01008291,Newcastle upon Tyne 027D,Robbery,Awaiting court outcome,
f3ed40a5c8d7f5fd4898786ad32c760ed4b188037a4395a7f4838b8a72aa0939,2026-01,Northumbria Police,Northumbria Police,-1.659767,54.970144,On or near Gerald Street,E01008291,Newcastle upon Tyne 027D,Shoplifting,Under investigation,
a1a6be154ce447ede14adeb88e89199babaf50c6ebca612f9b0a637f74c505a6,2026-01,Northumbria Police,Northumbria Police,-1.659767,54.970144,On or near Gerald Street,E01008291,Newcastle upon Tyne 027D,Shoplifting,Awaiting court outcome,
4dfc25f2135c87f1b2276bc40a0a366ab260b68edef1253956bdb83dc5d03753,2026-01,Northumbria Police,Northumbria Police,-1.659767,54.970144,On or near Gerald Street,E01008291,Newcastle upon Tyne 027D,Shoplifting,Under investigation,
7e87dadcfc671aee6ddfeadae60d26f54afb37fce05685fd87d05f2634006f68,2026-01,Northumbria Police,Northumbria Police,-1.654043,54.967315,On or near Mulben Close,E01008291,Newcastle upon Tyne 027D,Violence and sexual offences,Under investigation,
dec827d9e68b9bbad1c15d1bca646325dbaf436f5b03625697120eb8473044c5,2026-01,Northumbria Police,Northumbria Police,-1.656570,54.969533,On or near Lawson Terrace,E01008291,Newcastle upon Tyne 027D,Violence and sexual offences,Investigation complete; no suspect identified,
80c43bee213c0574fa0db15a909e53d3174c769086c625853dfee10e6a4ac5f7,2026-01,Northumbria Police,Northumbria Police,-1.658605,54.967247,On or near Pipe Track Lane,E01008291,Newcastle upon Tyne 027D,Violence and sexual offences,Under investigation,
61339f94015780f45e5351f91d483d5a742441a37d763b9a89c069c9b2e8fa65,2026-01,Northumbria Police,Northumbria Police,-1.656570,54.969533,On or near Lawson Terrace,E01008291,Newcastle upon Tyne 027D,Violence and sexual offences,Under investigation,
2910700c15be12cbb50a0411b71ea8d5753da30d2575d20246a88ef74503ce0a,2026-01,Northumbria Police,Northumbria Police,-1.654043,54.967315,On or near Mulben Close,E01008291,Newcastle upon Tyne 027D,Violence and sexual offences,Investigation complete; no suspect identified,
8f67d4056319f540628ac04e9436f047e08d3c208d0b7f637d6cb463d58da2fb,2026-01,Northumbria Police,Northumbria Police,-1.684297,54.977462,On or near Tantobie Road,E01008292,Newcastle upon Tyne 027E,Violence and sexual offences,Under investigation,
,2026-01,Northumbria Police,Northumbria Police,-1.561724,54.975096,On or near Emily Street,E01008388,Newcastle upon Tyne 028A,Anti-social behaviour,,
,2026-01,Northumbria Police,Northumbria Police,-1.562182,54.973256,On or near Leicester Street,E01008388,Newcastle upon Tyne 028A,Anti-social behaviour,,
,2026-01,Northumbria Police,Northumbria Police,-1.562630,54.975154,On or near Cleadon Street,E01008388,Newcastle upon Tyne 028A,Anti-social behaviour,,
,2026-01,Northumbria Police,Northumbria Police,-1.561724,54.975096,On or near Emily Street,E01008388,Newcastle upon Tyne 028A,Anti-social behaviour,,
,2026-01,Northumbria Police,Northumbria Police,-1.562182,54.973256,On or near Leicester Street,E01008388,Newcastle upon Tyne 028A,Anti-social behaviour,,
,2026-01,Northumbria Police,Northumbria Police,-1.564800,54.973822,On or near Newbold Street,E01008388,Newcastle upon Tyne 028A,Anti-social behaviour,,
,2026-01,Northumbria Police,Northumbria Police,-1.561133,54.973414,On or near Chorley Place,E01008388,Newcastle upon Tyne 028A,Anti-social behaviour,,
,2026-01,Northumbria Police,Northumbria Police,-1.562182,54.973256,On or near Leicester Street,E01008388,Newcastle upon Tyne 028A,Anti-social behaviour,,
,2026-01,Northumbria Police,Northumbria Police,-1.564800,54.973822,On or near Newbold Street,E01008388,Newcastle upon Tyne 028A,Anti-social behaviour,,
,2026-01,Northumbria Police,Northumbria Police,-1.562182,54.973256,On or near Leicester Street,E01008388,Newcastle upon Tyne 028A,Anti-social behaviour,,
56568c0a7634f3afac83d652ab078abffde117999345b46e5514e3e5898b1609,2026-01,Northumbria Police,Northumbria Police,-1.562182,54.973256,On or near Leicester Street,E01008388,Newcastle upon Tyne 028A,Other theft,Investigation complete; no suspect identified,
8acb8186e0ade20c6b26a1d5bb5bcb5a6eb180c83502ab639a14a80756ca1286,2026-01,Northumbria Police,Northumbria Police,-1.560807,54.974653,On or near Ada Street,E01008388,Newcastle upon Tyne 028A,Public order,Under investigation,
c58c583e10684fb133c10e810ada1e179a47466b0dbf4eab1c281203b75a3ef3,2026-01,Northumbria Police,Northumbria Police,-1.562182,54.973256,On or near Leicester Street,E01008388,Newcastle upon Tyne 028A,Robbery,Under investigation,
aa0ab9446f4c19f660ef60e381eb6488e0b231b6f8b8f25ac07c306ae81c4408,2026-01,Northumbria Police,Northumbria Police,-1.564800,54.973822,On or near Newbold Street,E01008388,Newcastle upon Tyne 028A,Vehicle crime,Under investigation,
d18c3203f9838866332cb6611836f68f66acf12e0a6a873cc081199c7e660ac8,2026-01,Northumbria Police,Northumbria Police,-1.562630,54.975154,On or near Cleadon Street,E01008388,Newcastle upon Tyne 028A,Vehicle crime,Under investigation,
0952e3ebe0ad7d6e37a2159c75b3bc08a3df587d26e5e71c86c4518b6decf47a,2026-01,Northumbria Police,Northumbria Police,-1.562182,54.973256,On or near Leicester Street,E01008388,Newcastle upon Tyne 028A,Violence and sexual offences,Under investigation,
,2026-01,Northumbria Police,Northumbria Police,-1.557634,54.969151,On or near St Anthony'S Road,E01008389,Newcastle upon Tyne 028B,Anti-social behaviour,,
0e69670293ab877afdc248317e9718d0fb9c1749cf89833cdb740d4986e645a1,2026-01,Northumbria Police,Northumbria Police,-1.559680,54.967756,On or near Burnham Grove,E01008389,Newcastle upon Tyne 028B,Burglary,Under investigation,
eb66b63ae6d89217ef47930aa97cffc29660983208f183c8c1c033ea62856dad,2026-01,Northumbria Police,Northumbria Police,-1.560253,54.969636,On or near Pinner Place,E01008389,Newcastle upon Tyne 028B,Criminal damage and arson,Investigation complete; no suspect identified,
b9ec798314145b2592fe0daf1a0add1539764e38d0984e87c4603de355c37dfe,2026-01,Northumbria Police,Northumbria Police,-1.560914,54.967761,On or near Springwell Avenue,E01008389,Newcastle upon Tyne 028B,Violence and sexual offences,Under investigation,
9e273820a17b13a2a412ef46a9482ff1ca39424f81ad15ce96f4b48fdcaaa243,2026-01,Northumbria Police,Northumbria Police,-1.563525,54.968929,On or near Wilton Avenue,E01008389,Newcastle upon Tyne 028B,Violence and sexual offences,Under investigation,
,2026-01,Northumbria Police,Northumbria Police,-1.558306,54.973413,On or near Belford Terrace,E01008426,Newcastle upon Tyne 028C,Anti-social behaviour,,
,2026-01,Northumbria Police,Northumbria Police,-1.558306,54.973413,On or near Belford Terrace,E01008426,Newcastle upon Tyne 028C,Anti-social behaviour,,
,2026-01,Northumbria Police,Northumbria Police,-1.558306,54.973413,On or near Belford Terrace,E01008426,Newcastle upon Tyne 028C,Anti-social behaviour,,
,2026-01,Northumbria Police,Northumbria Police,-1.558306,54.973413,On or near Belford Terrace,E01008426,Newcastle upon Tyne 028C,Anti-social behaviour,,
,2026-01,Northumbria Police,Northumbria Police,-1.558306,54.973413,On or near Belford Terrace,E01008426,Newcastle upon Tyne 028C,Anti-social behaviour,,
,2026-01,Northumbria Police,Northumbria Police,-1.558306,54.973413,On or near Belford Terrace,E01008426,Newcastle upon Tyne 028C,Anti-social behaviour,,
2f5c833304a01642f4f84099a71260cf65a1e2b7e6d909383c6487b5b6ef9ec0,2026-01,Northumbria Police,Northumbria Police,-1.553764,54.971626,On or near Crawford Terrace,E01008426,Newcastle upon Tyne 028C,Criminal damage and arson,Investigation complete; no suspect identified,
dcd568c0a88ccff7cdb8a1bff75e2869cb2fdfd0b15b6a224e0edf9bbbcd922c,2026-01,Northumbria Police,Northumbria Police,-1.555198,54.970472,On or near Losh Terrace,E01008426,Newcastle upon Tyne 028C,Criminal damage and arson,Investigation complete; no suspect identified,
72999c3a445d05acccebf85bb08a24a76e795cd61be8e03be50734391601bbdd,2026-01,Northumbria Police,Northumbria Police,-1.555198,54.970472,On or near Losh Terrace,E01008426,Newcastle upon Tyne 028C,Violence and sexual offences,Under investigation,
40baf20df8795a62ab993d89ce8e5de0e2bd60a7ec501acff5f09541a12c4ccf,2026-01,Northumbria Police,Northumbria Police,-1.553307,54.972028,On or near Horsley Terrace,E01008426,Newcastle upon Tyne 028C,Violence and sexual offences,Under investigation,
,2026-01,Northumbria Police,Northumbria Police,-1.544336,54.975104,On or near Iona Place,E01008429,Newcastle upon Tyne 028D,Anti-social behaviour,,
,2026-01,Northumbria Police,Northumbria Police,-1.550506,54.973824,On or near Hexham Avenue,E01008429,Newcastle upon Tyne 028D,Anti-social behaviour,,
,2026-01,Northumbria Police,Northumbria Police,-1.552003,54.975420,On or near Cowen Street,E01008429,Newcastle upon Tyne 028D,Anti-social behaviour,,
,2026-01,Northumbria Police,Northumbria Police,-1.550506,54.973824,On or near Hexham Avenue,E01008429,Newcastle upon Tyne 028D,Anti-social behaviour,,
,2026-01,Northumbria Police,Northumbria Police,-1.549560,54.974630,On or near Hedgeley Terrace,E01008429,Newcastle upon Tyne 028D,Anti-social behaviour,,
,2026-01,Northumbria Police,Northumbria Police,-1.552003,54.975420,On or near Cowen Street,E01008429,Newcastle upon Tyne 028D,Anti-social behaviour,,
,2026-01,Northumbria Police,Northumbria Police,-1.557797,54.964236,On or near Clipstone Avenue,E01008390,Newcastle upon Tyne 030A,Anti-social behaviour,,
,2026-01,Northumbria Police,Northumbria Police,-1.562535,54.965151,On or near Lamerton Avenue,E01008390,Newcastle upon Tyne 030A,Anti-social behaviour,,
,2026-01,Northumbria Police,Northumbria Police,-1.562535,54.965151,On or near Lamerton Avenue,E01008390,Newcastle upon Tyne 030A,Anti-social behaviour,,
e49bf90d98e3d2de0525bce3955468e747fa381a480fcd7e2f6e0ffe61ca60ed,2026-01,Northumbria Police,Northumbria Police,-1.564514,54.967073,On or near Callaly Way,E01008390,Newcastle upon Tyne 030A,Public order,Investigation complete; no suspect identified,
365c7bbf7e4827c6607db966a65045ab42519043544409e07e0f8430f58f8169,2026-01,Northumbria Police,Northumbria Police,-1.558913,54.963611,On or near Oxted Place,E01008390,Newcastle upon Tyne 030A,Violence and sexual offences,Under investigation,
f802ba52417e1d32ef7fe74714e622ff7c8d04339814aa5066b4595575330d95,2026-01,Northumbria Police,Northumbria Police,-1.558913,54.963611,On or near Oxted Place,E01008390,Newcastle upon Tyne 030A,Violence and sexual offences,Under investigation,
,2026-01,Northumbria Police,Northumbria Police,-1.543779,54.969135,On or near Halling Close,E01008425,Newcastle upon Tyne 030B,Anti-social behaviour,,
,2026-01,Northumbria Police,Northumbria Police,-1.545139,54.970426,On or near Saffron Place,E01008425,Newcastle upon Tyne 030B,Anti-social behaviour,,
a6802346896dad7ff74e13bc2a52e5755bbe6d159deab7ec2343076c4d110d24,2026-01,Northumbria Police,Northumbria Police,-1.545963,54.967993,On or near Walker Park Close,E01008425,Newcastle upon Tyne 030B,Criminal damage and arson,Under investigation,
51b7a353a3c73c49fad4a8b8d06c764c2fbd99a449aa33609f0acce1ccf9f78a,2026-01,Northumbria Police,Northumbria Police,-1.545585,54.966896,On or near Dovercourt Road,E01008425,Newcastle upon Tyne 030B,Other theft,Under investigation,
a895989437215ec23c99849cb1e1befc6931011548e183139ca020be943845cd,2026-01,Northumbria Police,Northumbria Police,-1.545735,54.974346,On or near Berry Close,E01008425,Newcastle upon Tyne 030B,Shoplifting,Awaiting court outcome,
0dbdae2492163faabd3196f7a1d4e1e292de61ba2d1ac9e7d50a9660fc0254cd,2026-01,Northumbria Police,Northumbria Police,-1.545735,54.974346,On or near Berry Close,E01008425,Newcastle upon Tyne 030B,Shoplifting,Awaiting court outcome,
791f3a0e8986625a1e988f21da2ff7b34bc92df2890293bd90a5b0ce2ed79d48,2026-01,Northumbria Police,Northumbria Police,-1.545963,54.967993,On or near Walker Park Close,E01008425,Newcastle upon Tyne 030B,Violence and sexual offences,Under investigation,
0ace364ef2724c3970311cf09a807c19b1e06af7f260f1155b27fff4e94b6485,2026-01,Northumbria Police,Northumbria Police,-1.543975,54.972488,On or near Whitworth Close,E01008425,Newcastle upon Tyne 030B,Other crime,Under investigation,
,2026-01,Northumbria Police,Northumbria Police,-1.555217,54.964568,On or near Enslin Street,E01008427,Newcastle upon Tyne 030C,Anti-social behaviour,,
8d7dfbae91cb86238d5cac468cc94d82209bc5cac77496ec883a0273f1587179,2026-01,Northumbria Police,Northumbria Police,-1.555217,54.964568,On or near Enslin Street,E01008427,Newcastle upon Tyne 030C,Burglary,Investigation complete; no suspect identified,
1a7cc57d95d583e2a2be1fbb5dd57932c60bf5b797785789f33db7c7edad5406,2026-01,Northumbria Police,Northumbria Police,-1.555217,54.964568,On or near Enslin Street,E01008427,Newcastle upon Tyne 030C,Burglary,Under investigation,
357366d3294fd6f61c3849b2adcf826e8347f3488aa7e4f0affc7b0694cc84f2,2026-01,Northumbria Police,Northumbria Police,-1.548367,54.965324,On or near Burwood Close,E01008427,Newcastle upon Tyne 030C,Public order,Under investigation,
2828bbaca42c5fb0ceeec112321c7862e6d50c9f191e9a2ea362c8436dd6e180,2026-01,Northumbria Police,Northumbria Police,-1.555217,54.964568,On or near Enslin Street,E01008427,Newcastle upon Tyne 030C,Violence and sexual offences,Under investigation,
493e8ceac89419b60e03b91919867e1480f441c8fe9106a34283d4ccf00d24a7,2026-01,Northumbria Police,Northumbria Police,-1.549839,54.964970,On or near Burwood Road,E01008427,Newcastle upon Tyne 030C,Violence and sexual offences,Under investigation,
,2026-01,Northumbria Police,Northumbria Police,-1.551013,54.966188,On or near Readhead Drive,E01008428,Newcastle upon Tyne 030D,Anti-social behaviour,,
,2026-01,Northumbria Police,Northumbria Police,-1.552630,54.968270,On or near Wetheral Terrace,E01008428,Newcastle upon Tyne 030D,Anti-social behaviour,,
,2026-01,Northumbria Police,Northumbria Police,-1.550133,54.969438,On or near Wharrier Street,E01008428,Newcastle upon Tyne 030D,Anti-social behaviour,,
,2026-01,Northumbria Police,Northumbria Police,-1.550133,54.969438,On or near Wharrier Street,E01008428,Newcastle upon Tyne 030D,Anti-social behaviour,,
,2026-01,Northumbria Police,Northumbria Police,-1.550133,54.969438,On or near Wharrier Street,E01008428,Newcastle upon Tyne 030D,Anti-social behaviour,,
,2026-01,Northumbria Police,Northumbria Police,-1.551013,54.966188,On or near Readhead Drive,E01008428,Newcastle upon Tyne 030D,Anti-social behaviour,,
,2026-01,Northumbria Police,Northumbria Police,-1.550133,54.969438,On or near Wharrier Street,E01008428,Newcastle upon Tyne 030D,Anti-social behaviour,,
,2026-01,Northumbria Police,Northumbria Police,-1.553529,54.964651,On or near Mafeking Street,E01008428,Newcastle upon Tyne 030D,Anti-social behaviour,,
,2026-01,Northumbria Police,Northumbria Police,-1.550133,54.969438,On or near Wharrier Street,E01008428,Newcastle upon Tyne 030D,Anti-social behaviour,,
,2026-01,Northumbria Police,Northumbria Police,-1.551013,54.966188,On or near Readhead Drive,E01008428,Newcastle upon Tyne 030D,Anti-social behaviour,,
,2026-01,Northumbria Police,Northumbria Police,-1.553529,54.964651,On or near Mafeking Street,E01008428,Newcastle upon Tyne 030D,Anti-social behaviour,,
,2026-01,Northumbria Police,Northumbria Police,-1.551013,54.966188,On or near Readhead Drive,E01008428,Newcastle upon Tyne 030D,Anti-social behaviour,,
,2026-01,Northumbria Police,Northumbria Police,-1.553529,54.964651,On or near Mafeking Street,E01008428,Newcastle upon Tyne 030D,Anti-social behaviour,,
9b54e334109df62427a07beda3827578cf1055e23585be0ae61e34f0db8d56ec,2026-01,Northumbria Police,Northumbria Police,-1.553529,54.964651,On or near Mafeking Street,E01008428,Newcastle upon Tyne 030D,Violence and sexual offences,Under investigation,
946850ad51038cfeef7f408839e1933a5100918a31f350bdcae991fe97145c18,2026-01,Northumbria Police,Northumbria Police,-1.552630,54.968270,On or near Wetheral Terrace,E01008428,Newcastle upon Tyne 030D,Other crime,Investigation complete; no suspect identified,
fc335ad254db8f653514508eaa230d2df3add65ca99e6772bc1aa42c71b492d6,2026-01,Northumbria Police,Northumbria Police,-1.698724,55.001698,On or near B6324,E01008441,Newcastle upon Tyne 031A,Criminal damage and arson,Investigation complete; no suspect identified,
,2026-01,Northumbria Police,Northumbria Police,-1.715930,54.998109,On or near Dulverston Close,E01008442,Newcastle upon Tyne 031B,Anti-social behaviour,,
f09746d142bd7de086fd9b4db7033c7d974108f514c7daba0c5c19e7604143e9,2026-01,Northumbria Police,Northumbria Police,-1.708456,55.000455,On or near Glenhurst Drive,E01008444,Newcastle upon Tyne 031C,Vehicle crime,Investigation complete; no suspect identified,
,2026-01,Northumbria Police,Northumbria Police,-1.683381,54.994561,On or near Shopping Area,E01008445,Newcastle upon Tyne 031D,Anti-social behaviour,,
,2026-01,Northumbria Police,Northumbria Police,-1.710969,54.996714,On or near Highgrove,E01008446,Newcastle upon Tyne 031E,Anti-social behaviour,,
,2026-01,Northumbria Police,Northumbria Police,-1.712620,54.995343,On or near Eden Close,E01008447,Newcastle upon Tyne 031F,Anti-social behaviour,,
,2026-01,Northumbria Police,Northumbria Police,-1.717022,54.995238,On or near Shopping Area,E01008447,Newcastle upon Tyne 031F,Anti-social behaviour,,
d5aef82405b86dd24b10255b80da8e713863881d631db07c919569fdc056ab3a,2026-01,Northumbria Police,Northumbria Police,-1.714874,54.994836,On or near Petrol Station,E01008447,Newcastle upon Tyne 031F,Shoplifting,Investigation complete; no suspect identified,
e980d37319d7489bb205aa68db517d7ee146f795adb0e5d9c725c4ffdd1104f8,2026-01,Northumbria Police,Northumbria Police,-1.714874,54.994836,On or near Petrol Station,E01008447,Newcastle upon Tyne 031F,Shoplifting,Under investigation,
,2026-01,Northumbria Police,Northumbria Police,-1.721289,55.002965,On or near Lilac Close,E01008448,Newcastle upon Tyne 031G,Anti-social behaviour,,
0fe78dc34814cc53ffdbef6f805168872f1d73d77092f5c81d32d6e9cdfa997b,2026-01,Northumbria Police,Northumbria Police,-1.714508,55.006859,On or near B6324,E01008448,Newcastle upon Tyne 031G,Other theft,Under investigation,
5cf47f62b225249de0c789ba1aec4f28f5b7d72ffc3b5ed9a3dfe3c9fa65e11c,2026-01,Northumbria Police,Northumbria Police,-1.669442,55.055072,On or near Pine Avenue,E01008306,Newcastle upon Tyne 032A,Violence and sexual offences,Under investigation,
8d0a0df2a4331e405a528e7c54cbe27ec9317f9ac347f973be43f966c7a55eac,2026-01,Northumbria Police,Northumbria Police,-1.639837,55.048473,On or near George Street,E01008307,Newcastle upon Tyne 032B,Criminal damage and arson,Investigation complete; no suspect identified,
,2026-01,Northumbria Police,Northumbria Police,-1.625379,55.039776,On or near Ascot Drive,E01035613,Newcastle upon Tyne 032C,Anti-social behaviour,,
,2026-01,Northumbria Police,Northumbria Police,-1.625379,55.039776,On or near Ascot Drive,E01035613,Newcastle upon Tyne 032C,Anti-social behaviour,,
,2026-01,Northumbria Police,Northumbria Police,-1.625379,55.039776,On or near Ascot Drive,E01035613,Newcastle upon Tyne 032C,Anti-social behaviour,,
,2026-01,Northumbria Police,Northumbria Police,-1.628123,55.040791,On or near Chepstow Close,E01035613,Newcastle upon Tyne 032C,Anti-social behaviour,,
905ff0a9832d981f7649c655e7c41e3dae78a1a14774330c91eda2721def91b2,2026-01,Northumbria Police,Northumbria Police,-1.636068,55.041336,On or near Ferguson Crescent,E01035613,Newcastle upon Tyne 032C,Violence and sexual offences,Under investigation,
87112ebab871d406283e169ad55e8a29cea9686fcef678d96527e03433fbe4ec,2026-01,Northumbria Police,Northumbria Police,-1.659660,55.030935,On or near Ringlet Drive,E01035614,Newcastle upon Tyne 032D,Criminal damage and arson,Under investigation,
c65e19d9bf53e7e5dc53be0c50ea3177f0a515018b5c9a4736a898d6c087e3e5,2026-01,Northumbria Police,Northumbria Police,-1.657094,55.027271,On or near Comma Close,E01035614,Newcastle upon Tyne 032D,Violence and sexual offences,Under investigation,
,2026-01,Northumbria Police,Northumbria Police,-1.647438,55.027710,On or near Bridget Gardens,E01035615,Newcastle upon Tyne 032E,Anti-social behaviour,,
,2026-01,Northumbria Police,Northumbria Police,-1.638386,55.032384,On or near Great Parkway,E01035615,Newcastle upon Tyne 032E,Anti-social behaviour,,
,2026-01,Northumbria Police,Northumbria Police,-1.638115,55.034611,On or near Aspenwood Grove,E01035615,Newcastle upon Tyne 032E,Anti-social behaviour,,
582f84837038667a32d9735e2da74a8610d47f134c4208398c4d9d2178a4abd6,2026-01,Northumbria Police,Northumbria Police,-1.639292,55.030832,On or near Brunton Lane,E01035615,Newcastle upon Tyne 032E,Violence and sexual offences,Under investigation,
f60c2062afbaae4168949013d3908ed5e323ad87fed1b748168f0d4125839e27,2026-01,Northumbria Police,Northumbria Police,-1.636449,55.033717,On or near Elmwood Park Court,E01035615,Newcastle upon Tyne 032E,Violence and sexual offences,Under investigation,
ad153a15e7832ae148a45c1f43da356aaaab3b50eac53072c62787392296a3b7,2026-01,Northumbria Police,Northumbria Police,-1.639292,55.030832,On or near Brunton Lane,E01035615,Newcastle upon Tyne 032E,Violence and sexual offences,Under investigation,
69d15b4eb9e54ae6a8e12e79ec4d57918fae5a9fbbb267b9b893a2cc5cb75a44,2026-01,Northumbria Police,Northumbria Police,-1.651110,55.028278,On or near Heron Crescent,E01035616,Newcastle upon Tyne 032F,Violence and sexual offences,Investigation complete; no suspect identified,
,2026-01,Northumbria Police,Northumbria Police,-1.669936,55.015885,On or near Shannon Court,E01008312,Newcastle upon Tyne 033B,Anti-social behaviour,,
,2026-01,Northumbria Police,Northumbria Police,-1.664881,55.016383,On or near Hersham Close,E01008312,Newcastle upon Tyne 033B,Anti-social behaviour,,
369c642dc3e6ff035f6cca3ab502380dd82f56fae5e169894ba6fa64c10f82cd,2026-01,Northumbria Police,Northumbria Police,-1.667359,55.017441,On or near Courtney Court,E01008312,Newcastle upon Tyne 033B,Violence and sexual offences,Under investigation,
,2026-01,Northumbria Police,Northumbria Police,-1.664983,55.017282,On or near Windsor Way,E01008313,Newcastle upon Tyne 033C,Anti-social behaviour,,
dae6c50787800f8c0fbf7ba85f92e2ab9b2d98a516c21bb2c789add245c07231,2026-01,Northumbria Police,Northumbria Police,-1.663733,55.017126,On or near Laleham Court,E01008313,Newcastle upon Tyne 033C,Drugs,Under investigation,
,2026-01,Northumbria Police,Northumbria Police,-1.671048,55.011925,On or near Tudor Way,E01008294,Newcastle upon Tyne 033D,Anti-social behaviour,,
,2026-01,Northumbria Police,Northumbria Police,-1.666744,55.012354,On or near Parking Area,E01008294,Newcastle upon Tyne 033D,Anti-social behaviour,,
,2026-01,Northumbria Police,Northumbria Police,-1.666744,55.012354,On or near Parking Area,E01008294,Newcastle upon Tyne 033D,Anti-social behaviour,,
,2026-01,Northumbria Police,Northumbria Police,-1.666744,55.012354,On or near Parking Area,E01008294,Newcastle upon Tyne 033D,Anti-social behaviour,,
,2026-01,Northumbria Police,Northumbria Police,-1.666744,55.012354,On or near Parking Area,E01008294,Newcastle upon Tyne 033D,Anti-social behaviour,,
cb6c2c8637b5d4dac3b54e7e2657bef45c4f3844ea0de0ceae0b66cde48e8212,2026-01,Northumbria Police,Northumbria Police,-1.666744,55.012354,On or near Parking Area,E01008294,Newcastle upon Tyne 033D,Robbery,Investigation complete; no suspect identified,
b2ced95a75c392a0ce469cfb56be0ac240938adfb149a3d989f5af4c0b69caf3,2026-01,Northumbria Police,Northumbria Police,-1.669026,55.013656,On or near Shopping Area,E01008294,Newcastle upon Tyne 033D,Shoplifting,Awaiting court outcome,
50574316baad5a85f42d76e706822273d15ac8f3e1cf0861b3f55941db95fecb,2026-01,Northumbria Police,Northumbria Police,-1.666744,55.012354,On or near Parking Area,E01008294,Newcastle upon Tyne 033D,Shoplifting,Investigation complete; no suspect identified,
58aa8f05bccb02a9311fe7e604b22e828d3d9a55bd6fe445f408f699b3ce0009,2026-01,Northumbria Police,Northumbria Police,-1.666744,55.012354,On or near Parking Area,E01008294,Newcastle upon Tyne 033D,Shoplifting,Investigation complete; no suspect identified,
1cddf86d9a91f9d04bb65de5a42ada2b6c7ad01b32a85aa6fb8ee113c1cbcafc,2026-01,Northumbria Police,Northumbria Police,-1.666744,55.012354,On or near Parking Area,E01008294,Newcastle upon Tyne 033D,Shoplifting,Investigation complete; no suspect identified,
36090bd3e7a462c9d1e67f46fe84efe24d4ca48116b8ae32b71175cedeecc5cc,2026-01,Northumbria Police,Northumbria Police,-1.666744,55.012354,On or near Parking Area,E01008294,Newcastle upon Tyne 033D,Shoplifting,Investigation complete; no suspect identified,
8d8aa4fb12a8697041ce103ddd9ec1ad5bc466bd0e47943501faabadc9e7f03e,2026-01,Northumbria Police,Northumbria Police,-1.666744,55.012354,On or near Parking Area,E01008294,Newcastle upon Tyne 033D,Shoplifting,Awaiting court outcome,
32825d0a936cecd155c2bcc203f02ec75e9c66420dc712295ce64f3678421174,2026-01,Northumbria Police,Northumbria Police,-1.666744,55.012354,On or near Parking Area,E01008294,Newcastle upon Tyne 033D,Shoplifting,Investigation complete; no suspect identified,
2a501b3448c572fe44aa9374521cfac4e9910f1acb784ed40eae3023318fae8b,2026-01,Northumbria Police,Northumbria Police,-1.674457,55.009993,On or near Knowsley Court,E01008294,Newcastle upon Tyne 033D,Other crime,Under investigation,
,2026-01,Northumbria Police,Northumbria Police,-1.586698,54.981843,On or near Parking Area,E01008412,Newcastle upon Tyne 034A,Anti-social behaviour,,
3370f8eacf56c75bd3b60a4e4ba3c5d1e36bf727f290b3e46786775aab8ce8ae,2026-01,Northumbria Police,Northumbria Police,-1.582845,54.982719,On or near Tintern Crescent,E01008412,Newcastle upon Tyne 034A,Vehicle crime,Under investigation,
,2026-01,Northumbria Police,Northumbria Police,-1.589478,54.986588,On or near Lansdowne Gardens,E01008410,Newcastle upon Tyne 034B,Anti-social behaviour,,
,2026-01,Northumbria Police,Northumbria Police,-1.587903,54.984722,On or near Ouseburn Road,E01008410,Newcastle upon Tyne 034B,Anti-social behaviour,,
,2026-01,Northumbria Police,Northumbria Police,-1.599049,54.979556,On or near Rosedale Terrace,E01008410,Newcastle upon Tyne 034B,Anti-social behaviour,,
,2026-01,Northumbria Police,Northumbria Police,-1.594174,54.979576,On or near Newington Road,E01008410,Newcastle upon Tyne 034B,Anti-social behaviour,,
,2026-01,Northumbria Police,Northumbria Police,-1.592557,54.980371,On or near Stratford Grove West,E01008410,Newcastle upon Tyne 034B,Anti-social behaviour,,
315be0f23cead1115159d46344d356e15f0ed3f1c0955d022c220a9d75e7dd72,2026-01,Northumbria Police,Northumbria Police,-1.597328,54.979838,On or near Dinsdale Place,E01008410,Newcastle upon Tyne 034B,Violence and sexual offences,Investigation complete; no suspect identified,
,2026-01,Northumbria Police,Northumbria Police,-1.585415,54.978963,On or near Heaton Park Road,E01008413,Newcastle upon Tyne 034C,Anti-social behaviour,,
,2026-01,Northumbria Police,Northumbria Police,-1.589927,54.979310,On or near Mowbray Street,E01008413,Newcastle upon Tyne 034C,Anti-social behaviour,,
,2026-01,Northumbria Police,Northumbria Police,-1.585415,54.978963,On or near Heaton Park Road,E01008413,Newcastle upon Tyne 034C,Anti-social behaviour,,
,2026-01,Northumbria Police,Northumbria Police,-1.587488,54.979482,On or near Bolingbroke Street,E01008413,Newcastle upon Tyne 034C,Anti-social behaviour,,
fbc50a3b13f4c5c5c90aa5fb1acd917cf7797b074dd603df6f54037381ed297f,2026-01,Northumbria Police,Northumbria Police,-1.587495,54.978835,On or near Malcolm Street,E01008413,Newcastle upon Tyne 034C,Burglary,Investigation complete; no suspect identified,
b9fdaa5013902b3320392dcec404596556e36f4afaa10a57f45f48bfb1d094f9,2026-01,Northumbria Police,Northumbria Police,-1.585415,54.978963,On or near Heaton Park Road,E01008413,Newcastle upon Tyne 034C,Other theft,Investigation complete; no suspect identified,
d24208f3e6f928fb8796e57d45a39d7b74087a07970960be506d33188676cd2b,2026-01,Northumbria Police,Northumbria Police,-1.590391,54.979779,On or near Stratford Road,E01008413,Newcastle upon Tyne 034C,Vehicle crime,Investigation complete; no suspect identified,
e1da2cde31c6c9d7d422d7246ee77d1339e5562d0b6573970e9fc4fcd898e921,2026-01,Northumbria Police,Northumbria Police,-1.589927,54.979310,On or near Mowbray Street,E01008413,Newcastle upon Tyne 034C,Other crime,Under investigation,
4c3abc7c094a543d15f730d117da6c3fd56ac66d970fd90e663da86f1413fdc8,2026-01,Northumbria Police,Northumbria Police,-1.585415,54.978963,On or near Heaton Park Road,E01008413,Newcastle upon Tyne 034C,Other crime,Investigation complete; no suspect identified,
,2026-01,Northumbria Police,Northumbria Police,-1.605148,54.977447,On or near Camden Street,E01008407,Newcastle upon Tyne 034D,Anti-social behaviour,,
,2026-01,Northumbria Police,Northumbria Police,-1.605148,54.977447,On or near Camden Street,E01008407,Newcastle upon Tyne 034D,Anti-social behaviour,,
,2026-01,Northumbria Police,Northumbria Police,-1.605565,54.981123,On or near Archbold Terrace,E01008407,Newcastle upon Tyne 034D,Anti-social behaviour,,
95b37ae2e71c14758a2aeca91538cda3cf1ff08ba519e4a7778eeec9cc47a86f,2026-01,Northumbria Police,Northumbria Police,-1.602716,54.980126,On or near Chester Street,E01008407,Newcastle upon Tyne 034D,Burglary,Under investigation,
50aea3abdad8c24fcb9a0f7a0ca49ffebb4f5cb51c088a4f16be7d712aaa2dab,2026-01,Northumbria Police,Northumbria Police,-1.605148,54.977447,On or near Camden Street,E01008407,Newcastle upon Tyne 034D,Violence and sexual offences,Under investigation,
,2026-01,Northumbria Police,Northumbria Police,-1.566024,54.976199,On or near Blount Street,E01008392,Newcastle upon Tyne 035A,Anti-social behaviour,,
,2026-01,Northumbria Police,Northumbria Police,-1.560055,54.984858,On or near Walkergate Mews,E01008392,Newcastle upon Tyne 035A,Anti-social behaviour,,
,2026-01,Northumbria Police,Northumbria Police,-1.558197,54.981895,On or near A187,E01008392,Newcastle upon Tyne 035A,Anti-social behaviour,,
,2026-01,Northumbria Police,Northumbria Police,-1.568161,54.976575,On or near Grace Street,E01008392,Newcastle upon Tyne 035A,Anti-social behaviour,,
,2026-01,Northumbria Police,Northumbria Police,-1.569358,54.977065,On or near Lawson Gardens,E01008392,Newcastle upon Tyne 035A,Anti-social behaviour,,
b936897b8645ca3aac259f64b48321f428b4d149f131c1cbeaf2025ed493045e,2026-01,Northumbria Police,Northumbria Police,-1.560757,54.983567,On or near Walpole Street,E01008392,Newcastle upon Tyne 035A,Bicycle theft,Investigation complete; no suspect identified,
06014e5da746076ce2759ff5d3ca88696d9cb819d09c7d65dc6ddad2150ce9b6,2026-01,Northumbria Police,Northumbria Police,-1.566933,54.978835,On or near Brough Park Way,E01008392,Newcastle upon Tyne 035A,Bicycle theft,Investigation complete; no suspect identified,
1b1ad27274fc84ef571f651eb89e0e93ea768563156228fa93c5f6e6b3e4413e,2026-01,Northumbria Police,Northumbria Police,-1.568161,54.976575,On or near Grace Street,E01008392,Newcastle upon Tyne 035A,Burglary,Investigation complete; no suspect identified,
e48017958ea99f4abb51648cd7e8c8d02b4cac346e5d5ccc62abea9fecce3890,2026-01,Northumbria Police,Northumbria Police,-1.569358,54.977065,On or near Lawson Gardens,E01008392,Newcastle upon Tyne 035A,Criminal damage and arson,Investigation complete; no suspect identified,
a90d86c73279095c3bc2b0fd1f379d1b3fa1f7e26c2641ac8fbc21adc6f00535,2026-01,Northumbria Police,Northumbria Police,-1.560055,54.984858,On or near Walkergate Mews,E01008392,Newcastle upon Tyne 035A,Criminal damage and arson,Under investigation,
746a83ce3bf1d894a542d955ff3cebcbdce55ea38b4adaa2055c22684cfc15d1,2026-01,Northumbria Police,Northumbria Police,-1.574685,54.978620,On or near Petrol Station,E01008392,Newcastle upon Tyne 035A,Other theft,Investigation complete; no suspect identified,
54b1d3bbfaae8e812098f98a8360b94fd5df5959408e299c5ea7e4b7f44e1c8e,2026-01,Northumbria Police,Northumbria Police,-1.571895,54.976579,On or near Union Road,E01008392,Newcastle upon Tyne 035A,Other theft,Investigation complete; no suspect identified,
9d54867ab1359f1bad2d53761069fbebf027a47c47fc77fdc97ff7fbd1725f11,2026-01,Northumbria Police,Northumbria Police,-1.571895,54.976579,On or near Union Road,E01008392,Newcastle upon Tyne 035A,Shoplifting,Under investigation,
b4652804f58953724d8ff137e2f1f1f02f178893ff08aeaa19882730e1139922,2026-01,Northumbria Police,Northumbria Police,-1.571895,54.976579,On or near Union Road,E01008392,Newcastle upon Tyne 035A,Shoplifting,Under investigation,
cd23348d3252a2adca9f9c5fb7d37f43a7dee04aa9d05c87d49017d6039eac64,2026-01,Northumbria Police,Northumbria Police,-1.573178,54.979298,On or near Supermarket,E01008392,Newcastle upon Tyne 035A,Shoplifting,Under investigation,
ee161442ebe9978b1f4d0620475ab75c926a41a0393d431f470552989d88ecf9,2026-01,Northumbria Police,Northumbria Police,-1.571719,54.979325,On or near Shopping Area,E01008392,Newcastle upon Tyne 035A,Shoplifting,Awaiting court outcome,
e8eaef75ab94a13639b46ea16c78c1a5f7b8715609c1132471409daa36e064e7,2026-01,Northumbria Police,Northumbria Police,-1.571895,54.976579,On or near Union Road,E01008392,Newcastle upon Tyne 035A,Shoplifting,Investigation complete; no suspect identified,
9363f3e6a0a10eba77e92b3efe9f95ba2c09bcf2c9e84334fc5a0126ae835079,2026-01,Northumbria Police,Northumbria Police,-1.573178,54.979298,On or near Supermarket,E01008392,Newcastle upon Tyne 035A,Shoplifting,Under investigation,
afd242b89c3e7153a64384e985d9fe484aa1683c1eb42317037314c3f90903c8,2026-01,Northumbria Police,Northumbria Police,-1.566024,54.976199,On or near Blount Street,E01008392,Newcastle upon Tyne 035A,Vehicle crime,Investigation complete; no suspect identified,
44ee6418681a0c08385d8613a2634905f10b3638e822d663933ec7497c9450a2,2026-01,Northumbria Police,Northumbria Police,-1.571895,54.976579,On or near Union Road,E01008392,Newcastle upon Tyne 035A,Violence and sexual offences,Investigation complete; no suspect identified,
0ed02ab2b28f0a3d8f84f2cefd8a5221b76ac8382ad630f5024c191840d15ca5,2026-01,Northumbria Police,Northumbria Police,-1.560129,54.981022,On or near Christopher Road,E01008392,Newcastle upon Tyne 035A,Violence and sexual offences,Under investigation,
58f9cb03552370c28b97df7354278c8834b257a2ee47a11e060a0d0f8fb60d4c,2026-01,Northumbria Police,Northumbria Police,-1.560129,54.981022,On or near Christopher Road,E01008392,Newcastle upon Tyne 035A,Violence and sexual offences,Under investigation,
d4737dc9d247bedd8133b2111c8f43b6c87f3b08dfc39db2e466d35aac18a163,2026-01,Northumbria Police,Northumbria Police,-1.562230,54.980328,On or near Wall Terrace,E01008392,Newcastle upon Tyne 035A,Violence and sexual offences,Investigation complete; no suspect identified,
5f2e76245170bedc301f06df192d25f04b150e92807b779ba209fbf0fb458204,2026-01,Northumbria Police,Northumbria Police,-1.553305,54.982057,On or near Keebledale Avenue,E01008432,Newcastle upon Tyne 035B,Violence and sexual offences,Awaiting court outcome,
,2026-01,Northumbria Police,Northumbria Police,-1.561268,54.975418,On or near Alfred Street,E01008391,Newcastle upon Tyne 035C,Anti-social behaviour,,
,2026-01,Northumbria Police,Northumbria Police,-1.557902,54.978893,On or near Ulverstone Terrace,E01008391,Newcastle upon Tyne 035C,Anti-social behaviour,,
7501f145d18279f6b73fbb9bff8e2560106b9df84c3e5caccd7debc80c166e21,2026-01,Northumbria Police,Northumbria Police,-1.561268,54.975418,On or near Alfred Street,E01008391,Newcastle upon Tyne 035C,Criminal damage and arson,Investigation complete; no suspect identified,
a2e095620875485d4542f69cd96a49602630c61679edc7f72060b0956a7a34b9,2026-01,Northumbria Police,Northumbria Police,-1.559749,54.975718,On or near Hurst Terrace,E01008391,Newcastle upon Tyne 035C,Violence and sexual offences,Investigation complete; no suspect identified,
e8abb86247a5f3fb306f0cb2c6688b44679ad6fbec920312b6fb2df5cd273954,2026-01,Northumbria Police,Northumbria Police,-1.559749,54.975718,On or near Hurst Terrace,E01008391,Newcastle upon Tyne 035C,Violence and sexual offences,Under investigation,
f379e4f7741ca06a6510e7e445ffa17482bf821ed5fe1e80bcce8de11979f2ab,2026-01,Northumbria Police,Northumbria Police,-1.562549,54.978280,On or near Orpington Avenue,E01008391,Newcastle upon Tyne 035C,Violence and sexual offences,Investigation complete; no suspect identified,
,2026-01,Northumbria Police,Northumbria Police,-1.572465,54.974362,On or near Chirton Wynd,E01008302,Newcastle upon Tyne 035D,Anti-social behaviour,,
,2026-01,Northumbria Police,Northumbria Police,-1.568687,54.974133,On or near Brook Street,E01008302,Newcastle upon Tyne 035D,Anti-social behaviour,,
2a8f7e271bee9f1acded7975541c44d3ff63a54eaee51db558498e210b6c1988,2026-01,Northumbria Police,Northumbria Police,-1.568687,54.974133,On or near Brook Street,E01008302,Newcastle upon Tyne 035D,Burglary,Investigation complete; no suspect identified,
9d717d2d136a8ff7089273d603878815d7618098e80fe7238699f7e2b95454e0,2026-01,Northumbria Police,Northumbria Police,-1.569740,54.975008,On or near Harriet Street,E01008302,Newcastle upon Tyne 035D,Criminal damage and arson,Under investigation,
4752b1f0b172c5764941c49291a768f616eaa0bdf1ab3511c2f72092aaf4acda,2026-01,Northumbria Police,Northumbria Police,-1.568687,54.974133,On or near Brook Street,E01008302,Newcastle upon Tyne 035D,Other theft,Under investigation,
4f20c812a636767e6950cb80376f0008a557ba197a33deecd6173955e327b5bc,2026-01,Northumbria Police,Northumbria Police,-1.565553,54.972118,On or near Flodden Street,E01008302,Newcastle upon Tyne 035D,Other theft,Investigation complete; no suspect identified,
0a8f07dbd6296a1c19a4a6bdbed784cef2b7bbff32d065d963d3013c7eb1f023,2026-01,Northumbria Police,Northumbria Police,-1.567778,54.974345,On or near Morton Street,E01008302,Newcastle upon Tyne 035D,Public order,Investigation complete; no suspect identified,
e0bad187000f0ccd07e33d278e1079e6dafae853fb965942dc300d1a0db94637,2026-01,Northumbria Police,Northumbria Police,-1.568687,54.974133,On or near Brook Street,E01008302,Newcastle upon Tyne 035D,Violence and sexual offences,Under investigation,
051cfe48ffb639d4b8dede1c8a8cf3844996f99a3d7d038fdd7d73d2a29c8a9d,2026-01,Northumbria Police,Northumbria Police,-1.569622,54.974352,On or near Gillies Street,E01008302,Newcastle upon Tyne 035D,Violence and sexual offences,Investigation complete; no suspect identified,
9fa6db9914489aa0c3133fddf5e5143324ee79218c4a589521dd493983f9940e,2026-01,Northumbria Police,Northumbria Police,-1.569740,54.975008,On or near Harriet Street,E01008302,Newcastle upon Tyne 035D,Violence and sexual offences,Under investigation,
,2026-01,Northumbria Police,Northumbria Police,-1.618087,54.980507,On or near Parking Area,E01035617,Newcastle upon Tyne 036A,Anti-social behaviour,,
,2026-01,Northumbria Police,Northumbria Police,-1.623835,54.980642,On or near Richardson Road,E01035617,Newcastle upon Tyne 036A,Anti-social behaviour,,
,2026-01,Northumbria Police,Northumbria Police,-1.621821,54.982127,On or near Framlington Place,E01035617,Newcastle upon Tyne 036A,Anti-social behaviour,,
,2026-01,Northumbria Police,Northumbria Police,-1.618442,54.977678,On or near St Thomas' Terrace,E01035617,Newcastle upon Tyne 036A,Anti-social behaviour,,
,2026-01,Northumbria Police,Northumbria Police,-1.623835,54.980642,On or near Richardson Road,E01035617,Newcastle upon Tyne 036A,Anti-social behaviour,,
,2026-01,Northumbria Police,Northumbria Police,-1.618087,54.980507,On or near Parking Area,E01035617,Newcastle upon Tyne 036A,Anti-social behaviour,,
,2026-01,Northumbria Police,Northumbria Police,-1.629361,54.977819,On or near Barrack Road,E01035617,Newcastle upon Tyne 036A,Anti-social behaviour,,
,2026-01,Northumbria Police,Northumbria Police,-1.621821,54.982127,On or near Framlington Place,E01035617,Newcastle upon Tyne 036A,Anti-social behaviour,,
,2026-01,Northumbria Police,Northumbria Police,-1.624200,54.983411,On or near Claremont Street,E01035617,Newcastle upon Tyne 036A,Anti-social behaviour,,
,2026-01,Northumbria Police,Northumbria Police,-1.618087,54.980507,On or near Parking Area,E01035617,Newcastle upon Tyne 036A,Anti-social behaviour,,
,2026-01,Northumbria Police,Northumbria Police,-1.621821,54.982127,On or near Framlington Place,E01035617,Newcastle upon Tyne 036A,Anti-social behaviour,,
,2026-01,Northumbria Police,Northumbria Police,-1.623835,54.980642,On or near Richardson Road,E01035617,Newcastle upon Tyne 036A,Anti-social behaviour,,
,2026-01,Northumbria Police,Northumbria Police,-1.627129,54.984301,On or near Limewood Court,E01035617,Newcastle upon Tyne 036A,Anti-social behaviour,,
,2026-01,Northumbria Police,Northumbria Police,-1.627129,54.984301,On or near Limewood Court,E01035617,Newcastle upon Tyne 036A,Anti-social behaviour,,
,2026-01,Northumbria Police,Northumbria Police,-1.616710,54.977340,On or near St Thomas' Street,E01035617,Newcastle upon Tyne 036A,Anti-social behaviour,,
5b791826414fa5b8d223a8d78864d59556916271b6b00fe5d74b7cbc62de3b76,2026-01,Northumbria Police,Northumbria Police,-1.621821,54.982127,On or near Framlington Place,E01035617,Newcastle upon Tyne 036A,Burglary,Awaiting court outcome,
6a99e286542fc8cae80e0aa6bb0673f34e95f03728bd538321456ba95cbdc0e9,2026-01,Northumbria Police,Northumbria Police,-1.621821,54.982127,On or near Framlington Place,E01035617,Newcastle upon Tyne 036A,Other theft,Investigation complete; no suspect identified,
fca0e7e16901499c2321092a2ae143d79967e5aeb4b96cfc5702b3dd32c8a594,2026-01,Northumbria Police,Northumbria Police,-1.621821,54.982127,On or near Framlington Place,E01035617,Newcastle upon Tyne 036A,Vehicle crime,Investigation complete; no suspect identified,
cf10e29fe5d181d533228f42594ced638b1d4375ccfadc9405e4a9ddbe49fdf0,2026-01,Northumbria Police,Northumbria Police,-1.619183,54.976943,On or near Leazes Crescent,E01035617,Newcastle upon Tyne 036A,Vehicle crime,Under investigation,
1690bebdf827f56140d6b654749935251d3a4e6f473fbfe55b4575f3529a30cd,2026-01,Northumbria Police,Northumbria Police,-1.617671,54.979805,On or near Hospital,E01035617,Newcastle upon Tyne 036A,Violence and sexual offences,Under investigation,
8424596f7de581b0938bfabb918cf48367e0c8ec3eb8338b8c7289d39a5eeaab,2026-01,Northumbria Police,Northumbria Police,-1.617671,54.979805,On or near Hospital,E01035617,Newcastle upon Tyne 036A,Violence and sexual offences,Awaiting court outcome,
53c80a234e418b5703085965f9567d79e023239e1ffcda4a85818667e42cc76c,2026-01,Northumbria Police,Northumbria Police,-1.617671,54.979805,On or near Hospital,E01035617,Newcastle upon Tyne 036A,Violence and sexual offences,Under investigation,
98cc1134ea53fc56d814ecbc1c65f85bcda29e9447beafec9149705ff8b3a256,2026-01,Northumbria Police,Northumbria Police,-1.617671,54.979805,On or near Hospital,E01035617,Newcastle upon Tyne 036A,Violence and sexual offences,Under investigation,
7c3cfb47be2a2fd45a54ac44994af3c06f4c31150aa5a011957de75b6613a029,2026-01,Northumbria Police,Northumbria Police,-1.617671,54.979805,On or near Hospital,E01035617,Newcastle upon Tyne 036A,Violence and sexual offences,Awaiting court outcome,
6567bba62063141e2db898a596d9ffedff53f8e6257bc676ddf35ef0c43a515e,2026-01,Northumbria Police,Northumbria Police,-1.617671,54.979805,On or near Hospital,E01035617,Newcastle upon Tyne 036A,Violence and sexual offences,Under investigation,
8aba4916b31293ba90920d2ea2d66434fd3d87aa676840b9dc0dd060273ea71a,2026-01,Northumbria Police,Northumbria Police,-1.617671,54.979805,On or near Hospital,E01035617,Newcastle upon Tyne 036A,Violence and sexual offences,Under investigation,
805b2d9ef6d2ce14352cba53ae01b4871590cf59f5ce4f072705d0cdac928e38,2026-01,Northumbria Police,Northumbria Police,-1.629623,54.976562,On or near Jefferson Place,E01035617,Newcastle upon Tyne 036A,Violence and sexual offences,Under investigation,
,2026-01,Northumbria Police,Northumbria Police,-1.610528,54.980106,On or near Parking Area,E01008397,Newcastle upon Tyne 036B,Anti-social behaviour,,
,2026-01,Northumbria Police,Northumbria Police,-1.610649,54.975667,On or near Saville Row,E01008397,Newcastle upon Tyne 036B,Anti-social behaviour,,
,2026-01,Northumbria Police,Northumbria Police,-1.609659,54.977901,On or near Parking Area,E01008397,Newcastle upon Tyne 036B,Anti-social behaviour,,
,2026-01,Northumbria Police,Northumbria Police,-1.610384,54.975657,On or near John Dobson Street,E01008397,Newcastle upon Tyne 036B,Anti-social behaviour,,
,2026-01,Northumbria Police,Northumbria Police,-1.610164,54.977364,On or near Theatre/Concert Hall,E01008397,Newcastle upon Tyne 036B,Anti-social behaviour,,
,2026-01,Northumbria Police,Northumbria Police,-1.611248,54.975148,On or near Lisle Street,E01008397,Newcastle upon Tyne 036B,Anti-social behaviour,,
,2026-01,Northumbria Police,Northumbria Police,-1.609659,54.977901,On or near Parking Area,E01008397,Newcastle upon Tyne 036B,Anti-social behaviour,,
,2026-01,Northumbria Police,Northumbria Police,-1.614810,54.976750,On or near Haymarket Bus Station,E01008397,Newcastle upon Tyne 036B,Anti-social behaviour,,
,2026-01,Northumbria Police,Northumbria Police,-1.613996,54.976265,On or near Shopping Area,E01008397,Newcastle upon Tyne 036B,Anti-social behaviour,,
,2026-01,Northumbria Police,Northumbria Police,-1.613881,54.977475,On or near Haymarket,E01008397,Newcastle upon Tyne 036B,Anti-social behaviour,,
,2026-01,Northumbria Police,Northumbria Police,-1.611344,54.976541,On or near Parking Area,E01008397,Newcastle upon Tyne 036B,Anti-social behaviour,,
,2026-01,Northumbria Police,Northumbria Police,-1.614810,54.976750,On or near Haymarket Bus Station,E01008397,Newcastle upon Tyne 036B,Anti-social behaviour,,
,2026-01,Northumbria Police,Northumbria Police,-1.613881,54.977475,On or near Haymarket,E01008397,Newcastle upon Tyne 036B,Anti-social behaviour,,
,2026-01,Northumbria Police,Northumbria Police,-1.612818,54.975926,On or near Northumberland Street,E01008397,Newcastle upon Tyne 036B,Anti-social behaviour,,
,2026-01,Northumbria Police,Northumbria Police,-1.609659,54.977901,On or near Parking Area,E01008397,Newcastle upon Tyne 036B,Anti-social behaviour,,
,2026-01,Northumbria Police,Northumbria Police,-1.613375,54.974885,On or near Shopping Area,E01008397,Newcastle upon Tyne 036B,Anti-social behaviour,,
,2026-01,Northumbria Police,Northumbria Police,-1.612818,54.975926,On or near Northumberland Street,E01008397,Newcastle upon Tyne 036B,Anti-social behaviour,,
,2026-01,Northumbria Police,Northumbria Police,-1.613996,54.976265,On or near Shopping Area,E01008397,Newcastle upon Tyne 036B,Anti-social behaviour,,
,2026-01,Northumbria Police,Northumbria Police,-1.614305,54.974043,On or near Blackett Street,E01008397,Newcastle upon Tyne 036B,Anti-social behaviour,,
,2026-01,Northumbria Police,Northumbria Police,-1.613881,54.977475,On or near Haymarket,E01008397,Newcastle upon Tyne 036B,Anti-social behaviour,,
,2026-01,Northumbria Police,Northumbria Police,-1.613996,54.976265,On or near Shopping Area,E01008397,Newcastle upon Tyne 036B,Anti-social behaviour,,
,2026-01,Northumbria Police,Northumbria Police,-1.613402,54.978551,On or near Barras Bridge,E01008397,Newcastle upon Tyne 036B,Anti-social behaviour,,
,2026-01,Northumbria Police,Northumbria Police,-1.614841,54.976631,On or near Bus/Coach Station,E01008397,Newcastle upon Tyne 036B,Anti-social behaviour,,
,2026-01,Northumbria Police,Northumbria Police,-1.614223,54.974393,On or near Eldon Lane,E01008397,Newcastle upon Tyne 036B,Anti-social behaviour,,
,2026-01,Northumbria Police,Northumbria Police,-1.611344,54.976541,On or near Parking Area,E01008397,Newcastle upon Tyne 036B,Anti-social behaviour,,
,2026-01,Northumbria Police,Northumbria Police,-1.611615,54.977557,On or near Vine Lane,E01008397,Newcastle upon Tyne 036B,Anti-social behaviour,,
,2026-01,Northumbria Police,Northumbria Police,-1.613375,54.974885,On or near Shopping Area,E01008397,Newcastle upon Tyne 036B,Anti-social behaviour,,
,2026-01,Northumbria Police,Northumbria Police,-1.614810,54.976750,On or near Haymarket Bus Station,E01008397,Newcastle upon Tyne 036B,Anti-social behaviour,,
,2026-01,Northumbria Police,Northumbria Police,-1.614223,54.974393,On or near Eldon Lane,E01008397,Newcastle upon Tyne 036B,Anti-social behaviour,,
,2026-01,Northumbria Police,Northumbria Police,-1.614810,54.976750,On or near Haymarket Bus Station,E01008397,Newcastle upon Tyne 036B,Anti-social behaviour,,
,2026-01,Northumbria Police,Northumbria Police,-1.614810,54.976750,On or near Haymarket Bus Station,E01008397,Newcastle upon Tyne 036B,Anti-social behaviour,,
,2026-01,Northumbria Police,Northumbria Police,-1.610164,54.977364,On or near Theatre/Concert Hall,E01008397,Newcastle upon Tyne 036B,Anti-social behaviour,,
,2026-01,Northumbria Police,Northumbria Police,-1.614841,54.976631,On or near Bus/Coach Station,E01008397,Newcastle upon Tyne 036B,Anti-social behaviour,,
,2026-01,Northumbria Police,Northumbria Police,-1.609689,54.976437,On or near North Street East,E01008397,Newcastle upon Tyne 036B,Anti-social behaviour,,
,2026-01,Northumbria Police,Northumbria Police,-1.613375,54.974885,On or near Shopping Area,E01008397,Newcastle upon Tyne 036B,Anti-social behaviour,,
,2026-01,Northumbria Police,Northumbria Police,-1.612818,54.975926,On or near Northumberland Street,E01008397,Newcastle upon Tyne 036B,Anti-social behaviour,,
,2026-01,Northumbria Police,Northumbria Police,-1.615314,54.975661,On or near Bus/Coach Station,E01008397,Newcastle upon Tyne 036B,Anti-social behaviour,,
,2026-01,Northumbria Police,Northumbria Police,-1.621086,54.973876,On or near Parking Area,E01008397,Newcastle upon Tyne 036B,Anti-social behaviour,,
,2026-01,Northumbria Police,Northumbria Police,-1.613996,54.976265,On or near Shopping Area,E01008397,Newcastle upon Tyne 036B,Anti-social behaviour,,
,2026-01,Northumbria Police,Northumbria Police,-1.612818,54.975926,On or near Northumberland Street,E01008397,Newcastle upon Tyne 036B,Anti-social behaviour,,
,2026-01,Northumbria Police,Northumbria Police,-1.610649,54.975667,On or near Saville Row,E01008397,Newcastle upon Tyne 036B,Anti-social behaviour,,
,2026-01,Northumbria Police,Northumbria Police,-1.608412,54.980800,On or near Sloane Square,E01008397,Newcastle upon Tyne 036B,Anti-social behaviour,,
,2026-01,Northumbria Police,Northumbria Police,-1.611248,54.975148,On or near Lisle Street,E01008397,Newcastle upon Tyne 036B,Anti-social behaviour,,
,2026-01,Northumbria Police,Northumbria Police,-1.613881,54.977475,On or near Haymarket,E01008397,Newcastle upon Tyne 036B,Anti-social behaviour,,
,2026-01,Northumbria Police,Northumbria Police,-1.613402,54.978551,On or near Barras Bridge,E01008397,Newcastle upon Tyne 036B,Anti-social behaviour,,
,2026-01,Northumbria Police,Northumbria Police,-1.613881,54.977475,On or near Haymarket,E01008397,Newcastle upon Tyne 036B,Anti-social behaviour,,
,2026-01,Northumbria Police,Northumbria Police,-1.613881,54.977475,On or near Haymarket,E01008397,Newcastle upon Tyne 036B,Anti-social behaviour,,
,2026-01,Northumbria Police,Northumbria Police,-1.613881,54.977475,On or near Haymarket,E01008397,Newcastle upon Tyne 036B,Anti-social behaviour,,
,2026-01,Northumbria Police,Northumbria Police,-1.615314,54.975661,On or near Bus/Coach Station,E01008397,Newcastle upon Tyne 036B,Anti-social behaviour,,
,2026-01,Northumbria Police,Northumbria Police,-1.612818,54.975926,On or near Northumberland Street,E01008397,Newcastle upon Tyne 036B,Anti-social behaviour,,
,2026-01,Northumbria Police,Northumbria Police,-1.612818,54.975926,On or near Northumberland Street,E01008397,Newcastle upon Tyne 036B,Anti-social behaviour,,
,2026-01,Northumbria Police,Northumbria Police,-1.616690,54.974518,On or near Shopping Area,E01008397,Newcastle upon Tyne 036B,Anti-social behaviour,,
,2026-01,Northumbria Police,Northumbria Police,-1.613881,54.977475,On or near Haymarket,E01008397,Newcastle upon Tyne 036B,Anti-social behaviour,,
,2026-01,Northumbria Police,Northumbria Police,-1.610664,54.975748,On or near North Street,E01008397,Newcastle upon Tyne 036B,Anti-social behaviour,,
,2026-01,Northumbria Police,Northumbria Police,-1.612818,54.975926,On or near Northumberland Street,E01008397,Newcastle upon Tyne 036B,Anti-social behaviour,,
,2026-01,Northumbria Police,Northumbria Police,-1.613881,54.977475,On or near Haymarket,E01008397,Newcastle upon Tyne 036B,Anti-social behaviour,,
,2026-01,Northumbria Police,Northumbria Police,-1.614223,54.974393,On or near Eldon Lane,E01008397,Newcastle upon Tyne 036B,Anti-social behaviour,,
,2026-01,Northumbria Police,Northumbria Police,-1.614810,54.976750,On or near Haymarket Bus Station,E01008397,Newcastle upon Tyne 036B,Anti-social behaviour,,
,2026-01,Northumbria Police,Northumbria Police,-1.612818,54.975926,On or near Northumberland Street,E01008397,Newcastle upon Tyne 036B,Anti-social behaviour,,
,2026-01,Northumbria Police,Northumbria Police,-1.611446,54.977287,On or near Ridley Place,E01008397,Newcastle upon Tyne 036B,Anti-social behaviour,,
,2026-01,Northumbria Police,Northumbria Police,-1.612818,54.975926,On or near Northumberland Street,E01008397,Newcastle upon Tyne 036B,Anti-social behaviour,,
,2026-01,Northumbria Police,Northumbria Police,-1.610164,54.977364,On or near Theatre/Concert Hall,E01008397,Newcastle upon Tyne 036B,Anti-social behaviour,,
,2026-01,Northumbria Police,Northumbria Police,-1.611446,54.977287,On or near Ridley Place,E01008397,Newcastle upon Tyne 036B,Anti-social behaviour,,
,2026-01,Northumbria Police,Northumbria Police,-1.611248,54.975148,On or near Lisle Street,E01008397,Newcastle upon Tyne 036B,Anti-social behaviour,,
,2026-01,Northumbria Police,Northumbria Police,-1.610664,54.975748,On or near North Street,E01008397,Newcastle upon Tyne 036B,Anti-social behaviour,,
7ef0704d92ef910f34d277f12338dfe27fe50c64ad7b19b3ff9dfaf2d4296e3f,2026-01,Northumbria Police,Northumbria Police,-1.613881,54.977475,On or near Haymarket,E01008397,Newcastle upon Tyne 036B,Burglary,Awaiting court outcome,
af5f64fcc5851050e50f93d8c42b942d4086dfafa32e6f5b7f9ed327f4a54e50,2026-01,Northumbria Police,Northumbria Police,-1.613881,54.977475,On or near Haymarket,E01008397,Newcastle upon Tyne 036B,Burglary,Under investigation,
f6907ee2d41a6693a2ea0f524e13abbd399c0c5571fb783d10eee02b1f2e6aa9,2026-01,Northumbria Police,Northumbria Police,-1.620661,54.974279,On or near St James,E01008397,Newcastle upon Tyne 036B,Burglary,Under investigation,
050148415c0aa46b81d7b74a1afe0b38d37570dcbc9c1cb51998a1d0e55dc7c4,2026-01,Northumbria Police,Northumbria Police,-1.608241,54.975848,On or near Parking Area,E01008397,Newcastle upon Tyne 036B,Criminal damage and arson,Investigation complete; no suspect identified,
b08c6bace7772ae50e3cb825df0022be546e53eddfd3cf977886a368b0a44391,2026-01,Northumbria Police,Northumbria Police,-1.613996,54.976265,On or near Shopping Area,E01008397,Newcastle upon Tyne 036B,Drugs,Awaiting court outcome,
702f47ba46e940bd276a1e8b5d31c3f428cec7266590b9c1212353c458300809,2026-01,Northumbria Police,Northumbria Police,-1.613055,54.974347,On or near Shopping Area,E01008397,Newcastle upon Tyne 036B,Other theft,Investigation complete; no suspect identified,
a24848261bb1042c1d30f6302cb36605bffd1e9abcad4487956d7240078d1465,2026-01,Northumbria Police,Northumbria Police,-1.613055,54.974347,On or near Shopping Area,E01008397,Newcastle upon Tyne 036B,Other theft,Investigation complete; no suspect identified,
c55f16a19076bdc77a150e729271ffa7483df4d87578927c3c4cd2e397f41eab,2026-01,Northumbria Police,Northumbria Police,-1.606387,54.978529,On or near Radnor Street,E01008397,Newcastle upon Tyne 036B,Other theft,Under investigation,
baba317c0aa46199d2eef4637ff5495d5bc5775e778bc1f1e0ee77315425ac50,2026-01,Northumbria Police,Northumbria Police,-1.619670,54.974995,On or near Parking Area,E01008397,Newcastle upon Tyne 036B,Other theft,Investigation complete; no suspect identified,
b284bce2e8f389a88e8cb01596fe55bd776f65731af1f7154809fbd0636aa8f8,2026-01,Northumbria Police,Northumbria Police,-1.616851,54.975660,On or near Shopping Area,E01008397,Newcastle upon Tyne 036B,Other theft,Investigation complete; no suspect identified,
6aa6093f67ff1d24805766c1d84f9570a46353ed28c0d1646ad8036a83ae21a2,2026-01,Northumbria Police,Northumbria Police,-1.614756,54.975860,On or near Eldon Square Bus Station,E01008397,Newcastle upon Tyne 036B,Other theft,Investigation complete; no suspect identified,
54f33f624b853e0647593826fe5255b6db9bbd9a0599d20af2d1ff233196a156,2026-01,Northumbria Police,Northumbria Police,-1.615314,54.975661,On or near Bus/Coach Station,E01008397,Newcastle upon Tyne 036B,Possession of weapons,Awaiting court outcome,
67d7430ffdadfee4a9ba70de792cf84780495b4f7f06beead7f9c02c8054c286,2026-01,Northumbria Police,Northumbria Police,-1.621086,54.973876,On or near Parking Area,E01008397,Newcastle upon Tyne 036B,Public order,Investigation complete; no suspect identified,
a6621ef3d60cea5a4213fcb956a15490c52bc5424197815145eb5e0456833d27,2026-01,Northumbria Police,Northumbria Police,-1.619729,54.973647,On or near Gallowgate,E01008397,Newcastle upon Tyne 036B,Public order,Under investigation,
f3fc97b9119f6757a8b5322351cff63d75a428c03fd2648845272127076e4262,2026-01,Northumbria Police,Northumbria Police,-1.613055,54.974347,On or near Shopping Area,E01008397,Newcastle upon Tyne 036B,Public order,Investigation complete; no suspect identified,
f078cfaf8b82a0f5ccf1b04a759b1e0b49372867e6106a866d5fa17558f2f29d,2026-01,Northumbria Police,Northumbria Police,-1.612818,54.975926,On or near Northumberland Street,E01008397,Newcastle upon Tyne 036B,Robbery,Investigation complete; no suspect identified,
5c805e729d74d7337aff9d2f83f0c12374d4859abdb7f8310304220fec3a17aa,2026-01,Northumbria Police,Northumbria Police,-1.614841,54.976631,On or near Bus/Coach Station,E01008397,Newcastle upon Tyne 036B,Robbery,Awaiting court outcome,
f29c0e73cbea07a2d9e98682f6a4430d36c4e7dc5908567eb46a95201188251d,2026-01,Northumbria Police,Northumbria Police,-1.614841,54.976631,On or near Bus/Coach Station,E01008397,Newcastle upon Tyne 036B,Robbery,Awaiting court outcome,
0ee56f65553076cfa34bbcbef2f53006d169f442881067a4c9d657125939642e,2026-01,Northumbria Police,Northumbria Police,-1.616690,54.974518,On or near Shopping Area,E01008397,Newcastle upon Tyne 036B,Shoplifting,Under investigation,
116231f7861132e652ee13fbccd702ed53b8e21e4fd95593af79eeab06ee2011,2026-01,Northumbria Police,Northumbria Police,-1.613375,54.974885,On or near Shopping Area,E01008397,Newcastle upon Tyne 036B,Shoplifting,Under investigation,
d36b52edc3ce3570a6c32714bfcda2ab28973abc7c4535be237a3ac5862c6e2f,2026-01,Northumbria Police,Northumbria Police,-1.616690,54.974518,On or near Shopping Area,E01008397,Newcastle upon Tyne 036B,Shoplifting,Under investigation,
b1047f599f49215ec28be9c3b513cd5b4090187079343a9aea960358cc499a84,2026-01,Northumbria Police,Northumbria Police,-1.613881,54.977475,On or near Haymarket,E01008397,Newcastle upon Tyne 036B,Shoplifting,Investigation complete; no suspect identified,
eb2b42305866d313a0613341b68333af45edf4055935f8be0884aa74369a0d6c,2026-01,Northumbria Police,Northumbria Police,-1.612818,54.975926,On or near Northumberland Street,E01008397,Newcastle upon Tyne 036B,Shoplifting,Investigation complete; no suspect identified,
3e77b22c82319297c8b7f8fcd6350e32f0edf218fb4e4fdb11bf19d9c14fa28d,2026-01,Northumbria Police,Northumbria Police,-1.611248,54.975148,On or near Lisle Street,E01008397,Newcastle upon Tyne 036B,Shoplifting,Awaiting court outcome,
e8dd4b5e95aaf4367dc282cb2e81fbf81711220636f10d3f39b7211f303f5181,2026-01,Northumbria Police,Northumbria Police,-1.613375,54.974885,On or near Shopping Area,E01008397,Newcastle upon Tyne 036B,Shoplifting,Under investigation,
2edd3eb7e79ff6c8d9d5bc04dc4efa9eb152ec3145ad451121ebe22901dd9564,2026-01,Northumbria Police,Northumbria Police,-1.613375,54.974885,On or near Shopping Area,E01008397,Newcastle upon Tyne 036B,Shoplifting,Awaiting court outcome,
f5dd547be1ba2baf9a90262a2cfd8d866ccfeee3356f60e5a461287d59d93ebd,2026-01,Northumbria Police,Northumbria Police,-1.611248,54.975148,On or near Lisle Street,E01008397,Newcastle upon Tyne 036B,Shoplifting,Awaiting court outcome,
f01763a651e3b4a7cbdb21bc62503d6ee89565037174520f4d2d24c89c95f19a,2026-01,Northumbria Police,Northumbria Police,-1.611615,54.977557,On or near Vine Lane,E01008397,Newcastle upon Tyne 036B,Violence and sexual offences,Investigation complete; no suspect identified,
4a79418a3b2fbe4ac4235a2a482cdf9da3aa7cf7cb0049170d346a05676cc40a,2026-01,Northumbria Police,Northumbria Police,-1.616690,54.974518,On or near Shopping Area,E01008397,Newcastle upon Tyne 036B,Violence and sexual offences,Investigation complete; no suspect identified,
05c45dae937084e9bdc2c32a20599d1abb546125ff4349ddd56c9785cfa82ac2,2026-01,Northumbria Police,Northumbria Police,-1.619670,54.974995,On or near Parking Area,E01008397,Newcastle upon Tyne 036B,Violence and sexual offences,Under investigation,
b646a5ebdff04e9ba4e1a10f922efbb6ee4bf4c660c1f7e6ec526c3939d33170,2026-01,Northumbria Police,Northumbria Police,-1.611248,54.975148,On or near Lisle Street,E01008397,Newcastle upon Tyne 036B,Violence and sexual offences,Under investigation,
6f105b495c9caacf75218b94359f59b299213f44816abc3990188281536c5fcb,2026-01,Northumbria Police,Northumbria Police,-1.615362,54.975274,On or near Shopping Area,E01008397,Newcastle upon Tyne 036B,Violence and sexual offences,Under investigation,
9d91d18252eb9b18bc6e131ee4e7ae549a0a2d234fbe0a043261bc1114f161ef,2026-01,Northumbria Police,Northumbria Police,-1.619670,54.974995,On or near Parking Area,E01008397,Newcastle upon Tyne 036B,Violence and sexual offences,Under investigation,
a76135a7f3e8cf70572e34371176a2dbb34ee183ecf91b1ea5a91b6d94919163,2026-01,Northumbria Police,Northumbria Police,-1.613055,54.974347,On or near Shopping Area,E01008397,Newcastle upon Tyne 036B,Violence and sexual offences,Investigation complete; no suspect identified,
88a462a7d18266580d8753607cbe9a37bfc8d977d27db2140268de289a6ebbd8,2026-01,Northumbria Police,Northumbria Police,-1.619729,54.973647,On or near Gallowgate,E01008397,Newcastle upon Tyne 036B,Violence and sexual offences,Investigation complete; no suspect identified,
0c48143a3c4bfe378be816e2473eb11f70d41a4417cf04e01f4f24ad64527919,2026-01,Northumbria Police,Northumbria Police,-1.619729,54.973647,On or near Gallowgate,E01008397,Newcastle upon Tyne 036B,Violence and sexual offences,Investigation complete; no suspect identified,
b55861e8490e64f6b3af1ddd893f857784fe03f598793716c1cd34d24882c9a8,2026-01,Northumbria Police,Northumbria Police,-1.616690,54.974518,On or near Shopping Area,E01008397,Newcastle upon Tyne 036B,Violence and sexual offences,Investigation complete; no suspect identified,
6ea7e676a9f1bba47e9cfd4f38ff13deeaca08670d28493dcc1ac14c368a7f7b,2026-01,Northumbria Police,Northumbria Police,-1.611615,54.977557,On or near Vine Lane,E01008397,Newcastle upon Tyne 036B,Violence and sexual offences,Under investigation,
05340e43b4c537b4386d1b2edda032cbfb6842463d48fb18fa01604efa18ea5d,2026-01,Northumbria Police,Northumbria Police,-1.610384,54.975657,On or near John Dobson Street,E01008397,Newcastle upon Tyne 036B,Other crime,Under investigation,
,2026-01,Northumbria Police,Northumbria Police,-1.614451,54.971824,On or near Nightclub,E01033543,Newcastle upon Tyne 036C,Anti-social behaviour,,
,2026-01,Northumbria Police,Northumbria Police,-1.612903,54.973652,On or near Monument,E01033543,Newcastle upon Tyne 036C,Anti-social behaviour,,
,2026-01,Northumbria Police,Northumbria Police,-1.617106,54.971841,On or near Shopping Area,E01033543,Newcastle upon Tyne 036C,Anti-social behaviour,,
,2026-01,Northumbria Police,Northumbria Police,-1.612903,54.973652,On or near Monument,E01033543,Newcastle upon Tyne 036C,Anti-social behaviour,,
,2026-01,Northumbria Police,Northumbria Police,-1.608623,54.973558,On or near Carliol Street,E01033543,Newcastle upon Tyne 036C,Anti-social behaviour,,
,2026-01,Northumbria Police,Northumbria Police,-1.612903,54.973652,On or near Monument,E01033543,Newcastle upon Tyne 036C,Anti-social behaviour,,
,2026-01,Northumbria Police,Northumbria Police,-1.607530,54.973500,On or near Carliol Place,E01033543,Newcastle upon Tyne 036C,Anti-social behaviour,,
,2026-01,Northumbria Police,Northumbria Police,-1.617106,54.971841,On or near Shopping Area,E01033543,Newcastle upon Tyne 036C,Anti-social behaviour,,
,2026-01,Northumbria Police,Northumbria Police,-1.609801,54.974568,On or near New Bridge Street West,E01033543,Newcastle upon Tyne 036C,Anti-social behaviour,,
,2026-01,Northumbria Police,Northumbria Police,-1.617265,54.970468,On or near Conference/Exhibition Centre,E01033543,Newcastle upon Tyne 036C,Anti-social behaviour,,
,2026-01,Northumbria Police,Northumbria Police,-1.611086,54.970825,On or near Nightclub,E01033543,Newcastle upon Tyne 036C,Anti-social behaviour,,
,2026-01,Northumbria Police,Northumbria Police,-1.611086,54.970825,On or near Nightclub,E01033543,Newcastle upon Tyne 036C,Anti-social behaviour,,
,2026-01,Northumbria Police,Northumbria Police,-1.610834,54.974293,On or near Theatre/Concert Hall,E01033543,Newcastle upon Tyne 036C,Anti-social behaviour,,
,2026-01,Northumbria Police,Northumbria Police,-1.612903,54.973652,On or near Monument,E01033543,Newcastle upon Tyne 036C,Anti-social behaviour,,
,2026-01,Northumbria Police,Northumbria Police,-1.614922,54.971538,On or near Grainger Street,E01033543,Newcastle upon Tyne 036C,Anti-social behaviour,,
,2026-01,Northumbria Police,Northumbria Police,-1.612903,54.973652,On or near Monument,E01033543,Newcastle upon Tyne 036C,Anti-social behaviour,,
,2026-01,Northumbria Police,Northumbria Police,-1.607891,54.974903,On or near Parking Area,E01033543,Newcastle upon Tyne 036C,Anti-social behaviour,,
,2026-01,Northumbria Police,Northumbria Police,-1.619236,54.972989,On or near Parking Area,E01033543,Newcastle upon Tyne 036C,Anti-social behaviour,,
,2026-01,Northumbria Police,Northumbria Police,-1.609015,54.970216,On or near Parking Area,E01033543,Newcastle upon Tyne 036C,Anti-social behaviour,,
,2026-01,Northumbria Police,Northumbria Police,-1.612903,54.973652,On or near Monument,E01033543,Newcastle upon Tyne 036C,Anti-social behaviour,,
,2026-01,Northumbria Police,Northumbria Police,-1.610834,54.974293,On or near Theatre/Concert Hall,E01033543,Newcastle upon Tyne 036C,Anti-social behaviour,,
,2026-01,Northumbria Police,Northumbria Police,-1.614162,54.971050,On or near Nightclub,E01033543,Newcastle upon Tyne 036C,Anti-social behaviour,,
,2026-01,Northumbria Police,Northumbria Police,-1.614451,54.971824,On or near Nightclub,E01033543,Newcastle upon Tyne 036C,Anti-social behaviour,,
,2026-01,Northumbria Police,Northumbria Police,-1.609149,54.969309,On or near Nightclub,E01033543,Newcastle upon Tyne 036C,Anti-social behaviour,,
,2026-01,Northumbria Police,Northumbria Police,-1.617929,54.970784,On or near Parking Area,E01033543,Newcastle upon Tyne 036C,Anti-social behaviour,,
,2026-01,Northumbria Police,Northumbria Police,-1.614075,54.971940,On or near Shopping Area,E01033543,Newcastle upon Tyne 036C,Anti-social behaviour,,
,2026-01,Northumbria Police,Northumbria Police,-1.609149,54.969309,On or near Nightclub,E01033543,Newcastle upon Tyne 036C,Anti-social behaviour,,
,2026-01,Northumbria Police,Northumbria Police,-1.619236,54.972989,On or near Parking Area,E01033543,Newcastle upon Tyne 036C,Anti-social behaviour,,
,2026-01,Northumbria Police,Northumbria Police,-1.609186,54.971924,On or near Pilgrim Street,E01033543,Newcastle upon Tyne 036C,Anti-social behaviour,,
,2026-01,Northumbria Police,Northumbria Police,-1.614922,54.971538,On or near Grainger Street,E01033543,Newcastle upon Tyne 036C,Anti-social behaviour,,
,2026-01,Northumbria Police,Northumbria Police,-1.607891,54.974903,On or near Parking Area,E01033543,Newcastle upon Tyne 036C,Anti-social behaviour,,
,2026-01,Northumbria Police,Northumbria Police,-1.611862,54.971402,On or near Parking Area,E01033543,Newcastle upon Tyne 036C,Anti-social behaviour,,
,2026-01,Northumbria Police,Northumbria Police,-1.610834,54.974293,On or near Theatre/Concert Hall,E01033543,Newcastle upon Tyne 036C,Anti-social behaviour,,
,2026-01,Northumbria Police,Northumbria Police,-1.612903,54.973652,On or near Monument,E01033543,Newcastle upon Tyne 036C,Anti-social behaviour,,
,2026-01,Northumbria Police,Northumbria Police,-1.610834,54.974293,On or near Theatre/Concert Hall,E01033543,Newcastle upon Tyne 036C,Anti-social behaviour,,
,2026-01,Northumbria Police,Northumbria Police,-1.614451,54.971824,On or near Nightclub,E01033543,Newcastle upon Tyne 036C,Anti-social behaviour,,
,2026-01,Northumbria Police,Northumbria Police,-1.614162,54.971050,On or near Nightclub,E01033543,Newcastle upon Tyne 036C,Anti-social behaviour,,
,2026-01,Northumbria Police,Northumbria Police,-1.608078,54.974949,On or near Oxford Street,E01033543,Newcastle upon Tyne 036C,Anti-social behaviour,,
,2026-01,Northumbria Police,Northumbria Police,-1.611862,54.971402,On or near Parking Area,E01033543,Newcastle upon Tyne 036C,Anti-social behaviour,,
,2026-01,Northumbria Police,Northumbria Police,-1.617265,54.970468,On or near Conference/Exhibition Centre,E01033543,Newcastle upon Tyne 036C,Anti-social behaviour,,
,2026-01,Northumbria Police,Northumbria Police,-1.608623,54.973558,On or near Carliol Street,E01033543,Newcastle upon Tyne 036C,Anti-social behaviour,,
,2026-01,Northumbria Police,Northumbria Police,-1.610982,54.970357,On or near St Nicholas' Church Yard,E01033543,Newcastle upon Tyne 036C,Anti-social behaviour,,
,2026-01,Northumbria Police,Northumbria Police,-1.608623,54.973558,On or near Carliol Street,E01033543,Newcastle upon Tyne 036C,Anti-social behaviour,,
,2026-01,Northumbria Police,Northumbria Police,-1.619073,54.970338,On or near A186,E01033543,Newcastle upon Tyne 036C,Anti-social behaviour,,
,2026-01,Northumbria Police,Northumbria Police,-1.615321,54.973921,On or near Shopping Area,E01033543,Newcastle upon Tyne 036C,Anti-social behaviour,,
,2026-01,Northumbria Police,Northumbria Police,-1.617929,54.970784,On or near Parking Area,E01033543,Newcastle upon Tyne 036C,Anti-social behaviour,,
,2026-01,Northumbria Police,Northumbria Police,-1.608623,54.973558,On or near Carliol Street,E01033543,Newcastle upon Tyne 036C,Anti-social behaviour,,
,2026-01,Northumbria Police,Northumbria Police,-1.614451,54.971824,On or near Nightclub,E01033543,Newcastle upon Tyne 036C,Anti-social behaviour,,
,2026-01,Northumbria Police,Northumbria Police,-1.617929,54.970784,On or near Parking Area,E01033543,Newcastle upon Tyne 036C,Anti-social behaviour,,
,2026-01,Northumbria Police,Northumbria Police,-1.614162,54.971050,On or near Nightclub,E01033543,Newcastle upon Tyne 036C,Anti-social behaviour,,
,2026-01,Northumbria Police,Northumbria Police,-1.612903,54.973652,On or near Monument,E01033543,Newcastle upon Tyne 036C,Anti-social behaviour,,
,2026-01,Northumbria Police,Northumbria Police,-1.614922,54.971538,On or near Grainger Street,E01033543,Newcastle upon Tyne 036C,Anti-social behaviour,,
,2026-01,Northumbria Police,Northumbria Police,-1.614162,54.971050,On or near Nightclub,E01033543,Newcastle upon Tyne 036C,Anti-social behaviour,,
,2026-01,Northumbria Police,Northumbria Police,-1.613893,54.971400,On or near Nightclub,E01033543,Newcastle upon Tyne 036C,Anti-social behaviour,,
,2026-01,Northumbria Police,Northumbria Police,-1.614162,54.971050,On or near Nightclub,E01033543,Newcastle upon Tyne 036C,Anti-social behaviour,,
,2026-01,Northumbria Police,Northumbria Police,-1.619073,54.970338,On or near A186,E01033543,Newcastle upon Tyne 036C,Anti-social behaviour,,
,2026-01,Northumbria Police,Northumbria Police,-1.612903,54.973652,On or near Monument,E01033543,Newcastle upon Tyne 036C,Anti-social behaviour,,
,2026-01,Northumbria Police,Northumbria Police,-1.611604,54.970593,On or near Nightclub,E01033543,Newcastle upon Tyne 036C,Anti-social behaviour,,
,2026-01,Northumbria Police,Northumbria Police,-1.611604,54.970593,On or near Nightclub,E01033543,Newcastle upon Tyne 036C,Anti-social behaviour,,
,2026-01,Northumbria Police,Northumbria Police,-1.610982,54.970357,On or near St Nicholas' Church Yard,E01033543,Newcastle upon Tyne 036C,Anti-social behaviour,,
,2026-01,Northumbria Police,Northumbria Police,-1.608623,54.973558,On or near Carliol Street,E01033543,Newcastle upon Tyne 036C,Anti-social behaviour,,
,2026-01,Northumbria Police,Northumbria Police,-1.612903,54.973652,On or near Monument,E01033543,Newcastle upon Tyne 036C,Anti-social behaviour,,
,2026-01,Northumbria Police,Northumbria Police,-1.610834,54.974293,On or near Theatre/Concert Hall,E01033543,Newcastle upon Tyne 036C,Anti-social behaviour,,
,2026-01,Northumbria Police,Northumbria Police,-1.611086,54.970825,On or near Nightclub,E01033543,Newcastle upon Tyne 036C,Anti-social behaviour,,
,2026-01,Northumbria Police,Northumbria Police,-1.610498,54.968648,On or near Castle Garth,E01033543,Newcastle upon Tyne 036C,Anti-social behaviour,,
,2026-01,Northumbria Police,Northumbria Police,-1.617265,54.970468,On or near Conference/Exhibition Centre,E01033543,Newcastle upon Tyne 036C,Anti-social behaviour,,
46f17d8523edb6ccb0e0e2c32990829ab514133c569df65253d3fa9d6887aade,2026-01,Northumbria Police,Northumbria Police,-1.614075,54.971940,On or near Shopping Area,E01033543,Newcastle upon Tyne 036C,Bicycle theft,Investigation complete; no suspect identified,
4edf8488da2dee9a1f469ba43c8a160d8ef67f3dded6efe6aa437a8cf1a9c76e,2026-01,Northumbria Police,Northumbria Police,-1.620681,54.972140,On or near West Walls,E01033543,Newcastle upon Tyne 036C,Burglary,Under investigation,
fc16d878f0f6aad907cb9ac3f91ec30316123557210aca7393f6d953219ea8bb,2026-01,Northumbria Police,Northumbria Police,-1.619073,54.970338,On or near A186,E01033543,Newcastle upon Tyne 036C,Burglary,Investigation complete; no suspect identified,
e08356356c2cc8dcf8ff925f10c2241e2b5aab91ebf11d48a40aa4192c066379,2026-01,Northumbria Police,Northumbria Police,-1.612903,54.973652,On or near Monument,E01033543,Newcastle upon Tyne 036C,Burglary,Awaiting court outcome,
d825e6ca9820278fee5f6a7e0b65fee8d0246b698dbd26fb7e5f0de7899ba64b,2026-01,Northumbria Police,Northumbria Police,-1.609186,54.971924,On or near Pilgrim Street,E01033543,Newcastle upon Tyne 036C,Criminal damage and arson,Under investigation,
226fbfaf6eb40aef6012691ed25c100fb188045e22eabeb30c5f6ef132cfc083,2026-01,Northumbria Police,Northumbria Police,-1.609149,54.969309,On or near Nightclub,E01033543,Newcastle upon Tyne 036C,Criminal damage and arson,Under investigation,
648cedbf280b950b78019aa699cc08560f978035937f363218ea4dc637eaa8d5,2026-01,Northumbria Police,Northumbria Police,-1.609055,54.967664,On or near Parking Area,E01033543,Newcastle upon Tyne 036C,Criminal damage and arson,Investigation complete; no suspect identified,
5c6797db9d30b691cbab07b6e0bab248478788f6048be38f197bd5255b487207,2026-01,Northumbria Police,Northumbria Police,-1.614075,54.971940,On or near Shopping Area,E01033543,Newcastle upon Tyne 036C,Criminal damage and arson,Investigation complete; no suspect identified,
3bf2e26f0d336021713805e290c7328cca614e12451c3e46b5ffae3a94213529,2026-01,Northumbria Police,Northumbria Police,-1.610982,54.970357,On or near St Nicholas' Church Yard,E01033543,Newcastle upon Tyne 036C,Criminal damage and arson,Investigation complete; no suspect identified,
2ba6fff951e63e7e5f67f3a01599444cceb922c3513c9b7e07401f8141e62310,2026-01,Northumbria Police,Northumbria Police,-1.612903,54.973652,On or near Monument,E01033543,Newcastle upon Tyne 036C,Criminal damage and arson,Investigation complete; no suspect identified,
f348f4577c42d2ebafe30413e849102af7f066eedf9fa23908655a1e61fa98b6,2026-01,Northumbria Police,Northumbria Police,-1.611234,54.968462,On or near Queens Lane,E01033543,Newcastle upon Tyne 036C,Drugs,Under investigation,
c4605b6154cf3e82e403cafa80b44d1dcf39a6345827b621766dcc09a0f7c71e,2026-01,Northumbria Police,Northumbria Police,-1.608454,54.968453,On or near Sandhill,E01033543,Newcastle upon Tyne 036C,Drugs,Local resolution,
cddf8bfed6cadc91df9cc9cc54a1580a2e4b2a72476355b392485d983a103340,2026-01,Northumbria Police,Northumbria Police,-1.620681,54.972140,On or near West Walls,E01033543,Newcastle upon Tyne 036C,Drugs,Awaiting court outcome,
32bbb1b87428a69b3ccfdae90919bce6f9d12816a8fe977297903fe73547cbed,2026-01,Northumbria Police,Northumbria Police,-1.617265,54.970468,On or near Conference/Exhibition Centre,E01033543,Newcastle upon Tyne 036C,Drugs,Under investigation,
a0c894f4a08f853f020c53a72ac08a17814d8301c5a05952b4c402d7739fa131,2026-01,Northumbria Police,Northumbria Police,-1.618337,54.970587,On or near Fenkle Street,E01033543,Newcastle upon Tyne 036C,Drugs,Under investigation,
381dfaaca7f621228d282f4d0b940cdd16ad45922e7b5aece33be863f2594300,2026-01,Northumbria Police,Northumbria Police,-1.614592,54.973424,On or near Nelson Street,E01033543,Newcastle upon Tyne 036C,Other theft,Under investigation,
0d067352a6b533aca50d161b7802fc03c7f9f08dec224e489b7f27dc2bc3747a,2026-01,Northumbria Police,Northumbria Police,-1.612903,54.973652,On or near Monument,E01033543,Newcastle upon Tyne 036C,Other theft,Under investigation,
b9cb65e7ae9825c08b83c105c7ea379fe203a6ebc69a7cd9fd4893c55c254d3a,2026-01,Northumbria Police,Northumbria Police,-1.609186,54.971924,On or near Pilgrim Street,E01033543,Newcastle upon Tyne 036C,Other theft,Under investigation,
8e2351cb42b763e2342e421cc93f7eb314d1896825fac3f9aae310171b165d15,2026-01,Northumbria Police,Northumbria Police,-1.615322,54.972222,On or near Nun Street,E01033543,Newcastle upon Tyne 036C,Other theft,Under investigation,
fb6a3359cef9e4095904349c2fba38d36b1b9c51513d60726f4db696b6838279,2026-01,Northumbria Police,Northumbria Police,-1.612903,54.973652,On or near Monument,E01033543,Newcastle upon Tyne 036C,Other theft,Awaiting court outcome,
514717fe36f8ef769a78b7d94343939f6100953acf35ebbec30ab5e836d0a329,2026-01,Northumbria Police,Northumbria Police,-1.618344,54.971441,On or near Low Friar Street,E01033543,Newcastle upon Tyne 036C,Other theft,Under investigation,
7ba902bb75432b094023bfed76073590e0975fc4736e7c822cb81fc2c04df998,2026-01,Northumbria Police,Northumbria Police,-1.614075,54.971940,On or near Shopping Area,E01033543,Newcastle upon Tyne 036C,Other theft,Investigation complete; no suspect identified,
27f0e74c9019ce9738208f038cd307fdf118db16f8f83bb087464e1c24ad2878,2026-01,Northumbria Police,Northumbria Police,-1.613893,54.971400,On or near Nightclub,E01033543,Newcastle upon Tyne 036C,Other theft,Investigation complete; no suspect identified,
227ac6520a8c9af192864a49a09cf4899b27110c59cb104f23034b8508aa09be,2026-01,Northumbria Police,Northumbria Police,-1.613893,54.971400,On or near Nightclub,E01033543,Newcastle upon Tyne 036C,Public order,Under investigation,
a81717129c1ff9da17a1031df72a75de481cf8cfd99e1f7b722a966a80f513ca,2026-01,Northumbria Police,Northumbria Police,-1.609801,54.974568,On or near New Bridge Street West,E01033543,Newcastle upon Tyne 036C,Robbery,Investigation complete; no suspect identified,
936f11b591f1de2610a5cf143a7ad95b9ca64faf9d214ab420c3eff606bbf6f1,2026-01,Northumbria Police,Northumbria Police,-1.617106,54.971841,On or near Shopping Area,E01033543,Newcastle upon Tyne 036C,Shoplifting,Under investigation,
f725088c485660f50109193d0e63fc52ff93a07f31421b7d0b3be4f7deb4c215,2026-01,Northumbria Police,Northumbria Police,-1.612903,54.973652,On or near Monument,E01033543,Newcastle upon Tyne 036C,Shoplifting,Under investigation,
68af8fded10cfbcb3ca54e1a4570d04bea22ad70a7b84fa5ed2e89f4bb799e28,2026-01,Northumbria Police,Northumbria Police,-1.615322,54.972222,On or near Nun Street,E01033543,Newcastle upon Tyne 036C,Shoplifting,Investigation complete; no suspect identified,
2494b02aa2dfb00789e6f0fbd86fc3abe5f87d217bc21d19d31b3dc74a586617,2026-01,Northumbria Police,Northumbria Police,-1.612554,54.970919,On or near Cloth Market,E01033543,Newcastle upon Tyne 036C,Theft from the person,Investigation complete; no suspect identified,
5d37ef49145edb5c66896e310c36d6384c195610a7713696f08a530c1832d7bf,2026-01,Northumbria Police,Northumbria Police,-1.612554,54.970919,On or near Cloth Market,E01033543,Newcastle upon Tyne 036C,Theft from the person,Investigation complete; no suspect identified,
b039b6e1b655f649f22edb1a363b73c6d3e9d3d0bd80c722e4290e7cca7b1eae,2026-01,Northumbria Police,Northumbria Police,-1.616347,54.971201,On or near Parking Area,E01033543,Newcastle upon Tyne 036C,Vehicle crime,Investigation complete; no suspect identified,
588473d39dda07bb9d31da6ea6e68272c8e06b923bbe2398b5e7d328924dd9c2,2026-01,Northumbria Police,Northumbria Police,-1.607891,54.974903,On or near Parking Area,E01033543,Newcastle upon Tyne 036C,Violence and sexual offences,Under investigation,
d0c4524443321a9b8bb2a64bbd010345f0bfca738d8979667575380b6d7b0895,2026-01,Northumbria Police,Northumbria Police,-1.610834,54.974293,On or near Theatre/Concert Hall,E01033543,Newcastle upon Tyne 036C,Violence and sexual offences,Under investigation,
43194a7569b69f0e55a204413ac744bc33b0f2ca8c0eecfb0a2754ba89ff2042,2026-01,Northumbria Police,Northumbria Police,-1.611234,54.968462,On or near Queens Lane,E01033543,Newcastle upon Tyne 036C,Violence and sexual offences,Investigation complete; no suspect identified,
a79587f2bcda4a9e3b68ad51d86d545407f3c4a98f2b268b51af6d41f352aed2,2026-01,Northumbria Police,Northumbria Police,-1.614818,54.971021,On or near Nightclub,E01033543,Newcastle upon Tyne 036C,Violence and sexual offences,Under investigation,
64eb130c1b2dbe30c3baa9a4bfc5625227c414b760a87ad57a7afbf3209d7b2f,2026-01,Northumbria Police,Northumbria Police,-1.611521,54.971132,On or near Nightclub,E01033543,Newcastle upon Tyne 036C,Violence and sexual offences,Under investigation,
3e7983d5f46da021046dab638aa887840e7d09b12bfbcc477760070c20cc7ec8,2026-01,Northumbria Police,Northumbria Police,-1.609149,54.969309,On or near Nightclub,E01033543,Newcastle upon Tyne 036C,Violence and sexual offences,Under investigation,
ed1352625e840e3ddccc1fded214fd66ee3530ae356a2bb9f88452e32d28e013,2026-01,Northumbria Police,Northumbria Police,-1.614238,54.971194,On or near Bigg Market,E01033543,Newcastle upon Tyne 036C,Violence and sexual offences,Under investigation,
dc7f32ddbc4014ae09dc7a12a5c9b5425243ec35c2d91c8ed29ddb555a7d9dc8,2026-01,Northumbria Police,Northumbria Police,-1.611234,54.968462,On or near Queens Lane,E01033543,Newcastle upon Tyne 036C,Violence and sexual offences,Under investigation,
11f14c7d268ca8e4111b314801d7e7f3d4d4fb1b25291b8b4933dbec7c524c2c,2026-01,Northumbria Police,Northumbria Police,-1.614818,54.971021,On or near Nightclub,E01033543,Newcastle upon Tyne 036C,Violence and sexual offences,Under investigation,
71d24bf88a75cda23d6ac341571a28161074bde03175d61d5905e244dfb3c16e,2026-01,Northumbria Police,Northumbria Police,-1.612903,54.973652,On or near Monument,E01033543,Newcastle upon Tyne 036C,Violence and sexual offences,Under investigation,
a9ad301b23c3f45b2b15ecafe9e9576f8224f9ec7f2016a285309cec179d1be3,2026-01,Northumbria Police,Northumbria Police,-1.614818,54.971021,On or near Nightclub,E01033543,Newcastle upon Tyne 036C,Violence and sexual offences,Under investigation,
a9577e5141210a7f5a3e4421bcb628ea7d287c94fd2df9769e9377b580a5b6ac,2026-01,Northumbria Police,Northumbria Police,-1.614818,54.971021,On or near Nightclub,E01033543,Newcastle upon Tyne 036C,Violence and sexual offences,Investigation complete; no suspect identified,
103f9430e87bc9adbd50b2fddc7e097ce92bcd9404813d9cce54ed1c9f7cee92,2026-01,Northumbria Police,Northumbria Police,-1.609827,54.970192,On or near Dean Street,E01033543,Newcastle upon Tyne 036C,Violence and sexual offences,Under investigation,
d0f765fda7e9cc3589408a44b12c480b072c8d55030e984bfcf3f49d50f9c3fd,2026-01,Northumbria Police,Northumbria Police,-1.610067,54.972826,On or near Worswick Street,E01033543,Newcastle upon Tyne 036C,Violence and sexual offences,Under investigation,
ab8b7ee09fb997fb2ba0f0991538e1a42ab5d41e1fcf611d402ba2e4c0723410,2026-01,Northumbria Police,Northumbria Police,-1.615573,54.972124,On or near Shopping Area,E01033543,Newcastle upon Tyne 036C,Violence and sexual offences,Investigation complete; no suspect identified,
4c6a50b8b28223ac61d144151d7081df30316f5dd7d745baf098772da951c462,2026-01,Northumbria Police,Northumbria Police,-1.611234,54.968462,On or near Queens Lane,E01033543,Newcastle upon Tyne 036C,Violence and sexual offences,Under investigation,
01b319ce5fa5c8f1ae134d0cc9ef832761c3e7ca08e7bf2135323138952e3d25,2026-01,Northumbria Police,Northumbria Police,-1.612903,54.973652,On or near Monument,E01033543,Newcastle upon Tyne 036C,Violence and sexual offences,Under investigation,
3bed12f638af9b042f44496a43eec96bc9323f64a393dde6fa298740bc6498c9,2026-01,Northumbria Police,Northumbria Police,-1.619236,54.972989,On or near Parking Area,E01033543,Newcastle upon Tyne 036C,Violence and sexual offences,Under investigation,
fdb3c8dfa5e01de2665e95369fb84aa451ff07b449d505b0c1c5fb6549703b3c,2026-01,Northumbria Police,Northumbria Police,-1.612903,54.973652,On or near Monument,E01033543,Newcastle upon Tyne 036C,Violence and sexual offences,Under investigation,
2bfbe13068f257b670e9cb0677d3bc5fa5378f05c48eb3f011fa101a7b5986ec,2026-01,Northumbria Police,Northumbria Police,-1.618604,54.972035,On or near Dispensary Lane,E01033543,Newcastle upon Tyne 036C,Violence and sexual offences,Under investigation,
5ea9b89502285519970d7406fb3f84f0ac9c9b3c9df45e396b6be4cf128af3d3,2026-01,Northumbria Police,Northumbria Police,-1.614451,54.971824,On or near Nightclub,E01033543,Newcastle upon Tyne 036C,Violence and sexual offences,Under investigation,
93abbd6faf248f5bd7eeb5ce1fff3976d324eaeff7bc67977a15f8aab5a3d5ff,2026-01,Northumbria Police,Northumbria Police,-1.613893,54.971400,On or near Nightclub,E01033543,Newcastle upon Tyne 036C,Violence and sexual offences,Investigation complete; no suspect identified,
2bf566a57aec752dab6ca6c3f581f025cbc5603dda1f4b0dfa4c5bd472e35563,2026-01,Northumbria Police,Northumbria Police,-1.618337,54.970587,On or near Fenkle Street,E01033543,Newcastle upon Tyne 036C,Other crime,Under investigation,
,2026-01,Northumbria Police,Northumbria Police,-1.609822,54.967523,On or near Parking Area,E01033545,Newcastle upon Tyne 036D,Anti-social behaviour,,
,2026-01,Northumbria Police,Northumbria Police,-1.616861,54.968138,On or near Newcastle,E01033545,Newcastle upon Tyne 036D,Anti-social behaviour,,
,2026-01,Northumbria Police,Northumbria Police,-1.614776,54.968869,On or near Parking Area,E01033545,Newcastle upon Tyne 036D,Anti-social behaviour,,
,2026-01,Northumbria Police,Northumbria Police,-1.616861,54.968138,On or near Newcastle,E01033545,Newcastle upon Tyne 036D,Anti-social behaviour,,
,2026-01,Northumbria Police,Northumbria Police,-1.609822,54.967523,On or near Parking Area,E01033545,Newcastle upon Tyne 036D,Anti-social behaviour,,
,2026-01,Northumbria Police,Northumbria Police,-1.622607,54.968300,On or near Nightclub,E01033545,Newcastle upon Tyne 036D,Anti-social behaviour,,
,2026-01,Northumbria Police,Northumbria Police,-1.619421,54.969908,On or near Clayton Street West,E01033545,Newcastle upon Tyne 036D,Anti-social behaviour,,
,2026-01,Northumbria Police,Northumbria Police,-1.609822,54.967523,On or near Parking Area,E01033545,Newcastle upon Tyne 036D,Anti-social behaviour,,
,2026-01,Northumbria Police,Northumbria Police,-1.621476,54.968971,On or near Sunderland Street,E01033545,Newcastle upon Tyne 036D,Anti-social behaviour,,
,2026-01,Northumbria Police,Northumbria Police,-1.616861,54.968138,On or near Newcastle,E01033545,Newcastle upon Tyne 036D,Anti-social behaviour,,
,2026-01,Northumbria Police,Northumbria Police,-1.618244,54.968799,On or near Parking Area,E01033545,Newcastle upon Tyne 036D,Anti-social behaviour,,
,2026-01,Northumbria Police,Northumbria Police,-1.616861,54.968138,On or near Newcastle,E01033545,Newcastle upon Tyne 036D,Anti-social behaviour,,
,2026-01,Northumbria Police,Northumbria Police,-1.614383,54.967546,On or near Stephenson'S Lane,E01033545,Newcastle upon Tyne 036D,Anti-social behaviour,,
,2026-01,Northumbria Police,Northumbria Police,-1.621476,54.968971,On or near Sunderland Street,E01033545,Newcastle upon Tyne 036D,Anti-social behaviour,,
,2026-01,Northumbria Police,Northumbria Police,-1.620899,54.968942,On or near Forth Place,E01033545,Newcastle upon Tyne 036D,Anti-social behaviour,,
,2026-01,Northumbria Police,Northumbria Police,-1.616861,54.968138,On or near Newcastle,E01033545,Newcastle upon Tyne 036D,Anti-social behaviour,,
,2026-01,Northumbria Police,Northumbria Police,-1.620290,54.967357,On or near Nightclub,E01033545,Newcastle upon Tyne 036D,Anti-social behaviour,,
,2026-01,Northumbria Police,Northumbria Police,-1.623349,54.967467,On or near Churchill Street,E01033545,Newcastle upon Tyne 036D,Anti-social behaviour,,
,2026-01,Northumbria Police,Northumbria Police,-1.621476,54.968971,On or near Sunderland Street,E01033545,Newcastle upon Tyne 036D,Anti-social behaviour,,
,2026-01,Northumbria Police,Northumbria Police,-1.612013,54.970280,On or near St Nicholas Square,E01033545,Newcastle upon Tyne 036D,Anti-social behaviour,,
,2026-01,Northumbria Police,Northumbria Police,-1.622607,54.968300,On or near Nightclub,E01033545,Newcastle upon Tyne 036D,Anti-social behaviour,,
89b151a5d7654fcabef46836a1c4db1bd6fc9c1dfba339139bf1b1b72ebd209b,2026-01,Northumbria Police,Northumbria Police,-1.610635,54.967427,On or near Parking Area,E01033545,Newcastle upon Tyne 036D,Burglary,Investigation complete; no suspect identified,
048f037940f024854dea876f32f9fdc1f4b1872a46dc58c39a34820362e906be,2026-01,Northumbria Police,Northumbria Police,-1.612013,54.970280,On or near St Nicholas Square,E01033545,Newcastle upon Tyne 036D,Criminal damage and arson,Investigation complete; no suspect identified,
c2aa713ebf925523837802aaa3aafb5f1f8687fdbcf37d67f674cf32cae51bdb,2026-01,Northumbria Police,Northumbria Police,-1.610635,54.967427,On or near Parking Area,E01033545,Newcastle upon Tyne 036D,Drugs,Awaiting court outcome,
3ead9852f48cad4ea14ca772a2e36e9e2b02916173ca674de5a6180a8da1ee36,2026-01,Northumbria Police,Northumbria Police,-1.621224,54.969221,On or near Waterloo Street,E01033545,Newcastle upon Tyne 036D,Drugs,Under investigation,
2a6f243a8d5b022b43805dbbe723d2deb8fe826ed89037987d2d8662d2822ac1,2026-01,Northumbria Police,Northumbria Police,-1.622018,54.967795,On or near Marlborough Crescent,E01033545,Newcastle upon Tyne 036D,Other theft,Investigation complete; no suspect identified,
e1d71c4e4ef555520fe866d74501c1c3d0fdd5abc35fcc3f0f3e1ca0216b1209,2026-01,Northumbria Police,Northumbria Police,-1.620290,54.967357,On or near Nightclub,E01033545,Newcastle upon Tyne 036D,Other theft,Investigation complete; no suspect identified,
27751e1905fc1930a00afb880af2cd39475724d6275e27e02d07bcddc915015d,2026-01,Northumbria Police,Northumbria Police,-1.614313,54.968274,On or near Orchard Street,E01033545,Newcastle upon Tyne 036D,Possession of weapons,Under investigation,
bede469a7544106afeeb5c62d89dd902366c369f0f0c2a9aa52d309d23f3fb27,2026-01,Northumbria Police,Northumbria Police,-1.614776,54.968869,On or near Parking Area,E01033545,Newcastle upon Tyne 036D,Possession of weapons,Awaiting court outcome,
3eb7798f36b683b8fe283bda1d55af909e0f7a78ab84de7316b71ccbfaec8ac5,2026-01,Northumbria Police,Northumbria Police,-1.620790,54.967207,On or near Conference/Exhibition Centre,E01033545,Newcastle upon Tyne 036D,Public order,Under investigation,
dc631332cfbe4987bc45a30aeca408ebdb7d0db0caf72c99f62eaac1fe1e39af,2026-01,Northumbria Police,Northumbria Police,-1.612142,54.969867,On or near Nightclub,E01033545,Newcastle upon Tyne 036D,Robbery,Under investigation,
22745a9760ead137a6bee3714e27b16379d8ba528f5833e7e444ab4e437bd98b,2026-01,Northumbria Police,Northumbria Police,-1.619421,54.969908,On or near Clayton Street West,E01033545,Newcastle upon Tyne 036D,Shoplifting,Investigation complete; no suspect identified,
90fd2e8aa49324e16e3194c83feee1c7c425e318d3fc6890c432d4fd05a5b0c2,2026-01,Northumbria Police,Northumbria Police,-1.622018,54.967795,On or near Marlborough Crescent,E01033545,Newcastle upon Tyne 036D,Theft from the person,Under investigation,
bba2f77528bb8bed2cb291469bfb65a6ccbb3a7839df929f6d198ca195e2b1dd,2026-01,Northumbria Police,Northumbria Police,-1.613641,54.969960,On or near Nightclub,E01033545,Newcastle upon Tyne 036D,Violence and sexual offences,Under investigation,
9be96775402b2a7e5ec41c2bdffb9aa0f5733b30cf8fd911220154d687231e24,2026-01,Northumbria Police,Northumbria Police,-1.622018,54.967795,On or near Marlborough Crescent,E01033545,Newcastle upon Tyne 036D,Violence and sexual offences,Local resolution,
f662fe6e22c79e33110e9366f14fd38e267c7ecc89f57f937965d13dd7fb20b2,2026-01,Northumbria Police,Northumbria Police,-1.613641,54.969960,On or near Nightclub,E01033545,Newcastle upon Tyne 036D,Violence and sexual offences,Under investigation,
bda5f9042dc9de8462e2b0761576b862e89d0d9048943dd3953704de69123ddc,2026-01,Northumbria Police,Northumbria Police,-1.618504,54.966167,On or near Police Station,E01033545,Newcastle upon Tyne 036D,Violence and sexual offences,Under investigation,
24ac5891e1430ed2879731ac62f2f86fdeac64df166ce2a37c2194ae57ac37d4,2026-01,Northumbria Police,Northumbria Police,-1.614776,54.968869,On or near Parking Area,E01033545,Newcastle upon Tyne 036D,Violence and sexual offences,Investigation complete; no suspect identified,
670c2e90a460097e385ebf2bde493697869017ad2fea9aba0642b2927c2ea95e,2026-01,Northumbria Police,Northumbria Police,-1.613641,54.969960,On or near Nightclub,E01033545,Newcastle upon Tyne 036D,Violence and sexual offences,Awaiting court outcome,
61f355b807c36925ce677c4ced19cf3bf0a79a78f9ed56849f459fda876c87c1,2026-01,Northumbria Police,Northumbria Police,-1.612844,54.970004,On or near Collingwood Street,E01033545,Newcastle upon Tyne 036D,Violence and sexual offences,Under investigation,
2142c0bc83a3db96917f53235dd0552a3736c672ed7be365f0de626550e75261,2026-01,Northumbria Police,Northumbria Police,-1.618504,54.966167,On or near Police Station,E01033545,Newcastle upon Tyne 036D,Violence and sexual offences,Awaiting court outcome,
0cda2a5345d1ecb606c9e47af2ba4e81627a1f5997a6207883c500b9fada23db,2026-01,Northumbria Police,Northumbria Police,-1.613641,54.969960,On or near Nightclub,E01033545,Newcastle upon Tyne 036D,Violence and sexual offences,Under investigation,
ee040142c079f47b177b440c9a414dba5284c2757a2e609cbc93ebbbd121bed0,2026-01,Northumbria Police,Northumbria Police,-1.610635,54.967427,On or near Parking Area,E01033545,Newcastle upon Tyne 036D,Violence and sexual offences,Under investigation,
9744fe9a2ebb5a4274debe09155bcb0c06bc16170d0aa04bc1d4005d4c797575,2026-01,Northumbria Police,Northumbria Police,-1.610635,54.967427,On or near Parking Area,E01033545,Newcastle upon Tyne 036D,Violence and sexual offences,Under investigation,
f59b7c904d92f819c07f89bf495993cccc8cedb83a25e76b7e70713c3f4ba99c,2026-01,Northumbria Police,Northumbria Police,-1.621476,54.968971,On or near Sunderland Street,E01033545,Newcastle upon Tyne 036D,Violence and sexual offences,Under investigation,
469d55e42c5545b1da900c76928917b379087838df8d81a298b061856a6b88d8,2026-01,Northumbria Police,Northumbria Police,-1.622018,54.967795,On or near Marlborough Crescent,E01033545,Newcastle upon Tyne 036D,Violence and sexual offences,Investigation complete; no suspect identified,
b26e53ca56d3344ad1672459e46c022c092ab49f71cf5d4dfaa6da80a89c34ff,2026-01,Northumbria Police,Northumbria Police,-1.620290,54.967357,On or near Nightclub,E01033545,Newcastle upon Tyne 036D,Violence and sexual offences,Under investigation,
90c17d2cb9a9b2c21eb7260bc08479de3809b2b239cdd6b81e1dcee75486bcba,2026-01,Northumbria Police,Northumbria Police,-1.620899,54.968942,On or near Forth Place,E01033545,Newcastle upon Tyne 036D,Violence and sexual offences,Under investigation,
,2026-01,Northumbria Police,Northumbria Police,-1.597091,54.973853,On or near Red Barns,E01008406,Newcastle upon Tyne 037A,Anti-social behaviour,,
,2026-01,Northumbria Police,Northumbria Police,-1.591940,54.974923,On or near Sports/Recreation Area,E01008406,Newcastle upon Tyne 037A,Anti-social behaviour,,
,2026-01,Northumbria Police,Northumbria Police,-1.602702,54.976774,On or near Rock Terrace,E01008406,Newcastle upon Tyne 037A,Anti-social behaviour,,
,2026-01,Northumbria Police,Northumbria Police,-1.602702,54.976774,On or near Rock Terrace,E01008406,Newcastle upon Tyne 037A,Anti-social behaviour,,
,2026-01,Northumbria Police,Northumbria Police,-1.601548,54.978091,On or near Shield Street,E01008406,Newcastle upon Tyne 037A,Anti-social behaviour,,
,2026-01,Northumbria Police,Northumbria Police,-1.598414,54.975879,On or near Field Close,E01008406,Newcastle upon Tyne 037A,Anti-social behaviour,,
,2026-01,Northumbria Police,Northumbria Police,-1.594021,54.978074,On or near Sports/Recreation Area,E01008406,Newcastle upon Tyne 037A,Anti-social behaviour,,
a3b6eef33200996de91a8d2249a87fef2360ac676220f1e3bc3116a33f72509b,2026-01,Northumbria Police,Northumbria Police,-1.600657,54.976560,On or near Beadnell Place,E01008406,Newcastle upon Tyne 037A,Burglary,Investigation complete; no suspect identified,
2b2f2e6d1a0d8d04f32a45a3d1dd926939244be54579a645b4fd6140cad33bb6,2026-01,Northumbria Police,Northumbria Police,-1.600657,54.976560,On or near Beadnell Place,E01008406,Newcastle upon Tyne 037A,Drugs,Offender given a caution,
ef0e347e988e5eedd87b48f9f8a36b3f2e8562bbb89f62ba35030753ba31cdd9,2026-01,Northumbria Police,Northumbria Police,-1.602574,54.975497,On or near Prince Albert Terrace,E01008406,Newcastle upon Tyne 037A,Shoplifting,Investigation complete; no suspect identified,
ea1392a80fc5c4488dd0c0bfaef12fb4bf29bf22aab1075cd0c9281bc0939f6c,2026-01,Northumbria Police,Northumbria Police,-1.598808,54.977138,On or near Petrol Station,E01008406,Newcastle upon Tyne 037A,Shoplifting,Investigation complete; no suspect identified,
c4699e40ac0191634bdcd261875d21faf91e1ea98269aa5800011ffadd03ff11,2026-01,Northumbria Police,Northumbria Police,-1.602574,54.975497,On or near Prince Albert Terrace,E01008406,Newcastle upon Tyne 037A,Shoplifting,Investigation complete; no suspect identified,
80d3663a452560f8e6ff1c2047a50d2ecb5b496d1b60075f25585803bd237967,2026-01,Northumbria Police,Northumbria Police,-1.602574,54.975497,On or near Prince Albert Terrace,E01008406,Newcastle upon Tyne 037A,Shoplifting,Investigation complete; no suspect identified,
4af7e8c0768a4f9f9c2e8885843109ef999f4777531c3255b4863197b68ea1f3,2026-01,Northumbria Police,Northumbria Police,-1.602574,54.975497,On or near Prince Albert Terrace,E01008406,Newcastle upon Tyne 037A,Shoplifting,Investigation complete; no suspect identified,
7efd8be8124eac09e93eb2358a7d5feac0e48014f0d26bae4acae6674c1d7f56,2026-01,Northumbria Police,Northumbria Police,-1.597091,54.973853,On or near Red Barns,E01008406,Newcastle upon Tyne 037A,Vehicle crime,Investigation complete; no suspect identified,
bec8a8f29a77cadbe65903ba3ffcf2d369af6620ba0fdb5084d91e3c71da49d3,2026-01,Northumbria Police,Northumbria Police,-1.597462,54.975759,On or near Union Street,E01008406,Newcastle upon Tyne 037A,Violence and sexual offences,Under investigation,
debadc2f2b4f79c38db86ee69aa0b6ec14edcbd2d12b10c4469d4b2d6b556adc,2026-01,Northumbria Police,Northumbria Police,-1.594932,54.974205,On or near Coquet Street,E01008406,Newcastle upon Tyne 037A,Violence and sexual offences,Investigation complete; no suspect identified,
,2026-01,Northumbria Police,Northumbria Police,-1.604467,54.970426,On or near Pandon,E01033553,Newcastle upon Tyne 037B,Anti-social behaviour,,
,2026-01,Northumbria Police,Northumbria Police,-1.605774,54.972551,On or near Manors,E01033553,Newcastle upon Tyne 037B,Anti-social behaviour,,
,2026-01,Northumbria Police,Northumbria Police,-1.603169,54.970584,On or near Parking Area,E01033553,Newcastle upon Tyne 037B,Anti-social behaviour,,
,2026-01,Northumbria Police,Northumbria Police,-1.603580,54.973227,On or near Argyle Street,E01033553,Newcastle upon Tyne 037B,Anti-social behaviour,,
,2026-01,Northumbria Police,Northumbria Police,-1.604467,54.970426,On or near Pandon,E01033553,Newcastle upon Tyne 037B,Anti-social behaviour,,
,2026-01,Northumbria Police,Northumbria Police,-1.602824,54.973916,On or near Parking Area,E01033553,Newcastle upon Tyne 037B,Anti-social behaviour,,
,2026-01,Northumbria Police,Northumbria Police,-1.603183,54.972327,On or near Melbourne Street,E01033553,Newcastle upon Tyne 037B,Anti-social behaviour,,
,2026-01,Northumbria Police,Northumbria Police,-1.607069,54.969527,On or near Parking Area,E01033553,Newcastle upon Tyne 037B,Anti-social behaviour,,
a9c9e0c7e87b035c02b35e4e11eac10bdc831065154e2a67b83474a22572503a,2026-01,Northumbria Police,Northumbria Police,-1.602824,54.973916,On or near Parking Area,E01033553,Newcastle upon Tyne 037B,Criminal damage and arson,Under investigation,
da90ed95285113c6a523576da3632d23b39f03f0374bbcbf542eda600f986e8a,2026-01,Northumbria Police,Northumbria Police,-1.605803,54.971203,On or near Parking Area,E01033553,Newcastle upon Tyne 037B,Criminal damage and arson,Under investigation,
a1d734e09fe023141f49cf6743ef83cbaec0de9a77c46bb1ba755e6b18061954,2026-01,Northumbria Police,Northumbria Police,-1.603169,54.970584,On or near Parking Area,E01033553,Newcastle upon Tyne 037B,Criminal damage and arson,Under investigation,
7a30d1d876d33c51647941f263449f89bacda4e8a7e0b1519f688403e4d80e09,2026-01,Northumbria Police,Northumbria Police,-1.603169,54.970584,On or near Parking Area,E01033553,Newcastle upon Tyne 037B,Drugs,Local resolution,
005f4e08c61fb054dad5366370e8f26dfbef9c989014c132d9e69a495752292c,2026-01,Northumbria Police,Northumbria Police,-1.604388,54.972070,On or near Pandon Bank,E01033553,Newcastle upon Tyne 037B,Other theft,Investigation complete; no suspect identified,
fda36775d4e7107b115c153a0c675b5f76ead510487afbad541466053608aaeb,2026-01,Northumbria Police,Northumbria Police,-1.603169,54.970584,On or near Parking Area,E01033553,Newcastle upon Tyne 037B,Public order,Under investigation,
6859cfb28efeb904c569a6cb931b1b1d8a8b889b1a05399c918660c36f5b45b9,2026-01,Northumbria Police,Northumbria Police,-1.604467,54.970426,On or near Pandon,E01033553,Newcastle upon Tyne 037B,Shoplifting,Suspect charged as part of another case,
eb68e9f2fc64b80f69947347ca3393db14be9d347f65c8101580be5eaab206f1,2026-01,Northumbria Police,Northumbria Police,-1.604467,54.970426,On or near Pandon,E01033553,Newcastle upon Tyne 037B,Shoplifting,Suspect charged as part of another case,
0a20fcf538387ffe702e56379ac90f64f4407a549f9e087ec00cc1ce7fde4419,2026-01,Northumbria Police,Northumbria Police,-1.604467,54.970426,On or near Pandon,E01033553,Newcastle upon Tyne 037B,Shoplifting,Suspect charged as part of another case,
57e2e8e3ac9131197008b13435fc7d0b0e97f56671dc8df05e7f3ff48bed92fe,2026-01,Northumbria Police,Northumbria Police,-1.604467,54.970426,On or near Pandon,E01033553,Newcastle upon Tyne 037B,Shoplifting,Investigation complete; no suspect identified,
8875b592fff14bf2707c1c132a21007a6a1727a08086e48d2e4510572a372897,2026-01,Northumbria Police,Northumbria Police,-1.604467,54.970426,On or near Pandon,E01033553,Newcastle upon Tyne 037B,Shoplifting,Suspect charged as part of another case,
5cbd5c115bbc3824c35b65f92f39e2b804b2043811fe4ca2161a0f9370eb8bf3,2026-01,Northumbria Police,Northumbria Police,-1.604467,54.970426,On or near Pandon,E01033553,Newcastle upon Tyne 037B,Shoplifting,Suspect charged as part of another case,
6ebbd63b776514193daf17b952fd68932bfb0512f343c502c1483a04beae46e1,2026-01,Northumbria Police,Northumbria Police,-1.607060,54.972034,On or near Parking Area,E01033553,Newcastle upon Tyne 037B,Violence and sexual offences,Offender given a caution,
6fd07afbd09e51fb8cefc0a3b246bfba9d279c83e125661f91ec5140d45170c4,2026-01,Northumbria Police,Northumbria Police,-1.603169,54.970584,On or near Parking Area,E01033553,Newcastle upon Tyne 037B,Violence and sexual offences,Under investigation,
5b76fb5693204b75dbfa7435972e10b5251bfc0f6edd470e0f0d06276cd3e608,2026-01,Northumbria Police,Northumbria Police,-1.603183,54.972327,On or near Melbourne Street,E01033553,Newcastle upon Tyne 037B,Violence and sexual offences,Under investigation,
cdcb9da299efab23a94a25eb29f57195927264817ee6fa519c99969626e52510,2026-01,Northumbria Police,Northumbria Police,-1.607060,54.972034,On or near Parking Area,E01033553,Newcastle upon Tyne 037B,Other crime,Offender given a caution,
,2026-01,Northumbria Police,Northumbria Police,-1.599163,54.971280,On or near The Swirle,E01033548,Newcastle upon Tyne 037C,Anti-social behaviour,,
,2026-01,Northumbria Police,Northumbria Police,-1.602684,54.970609,On or near Forster Street,E01033548,Newcastle upon Tyne 037C,Anti-social behaviour,,
,2026-01,Northumbria Police,Northumbria Police,-1.604457,54.969878,On or near Broad Chare,E01033548,Newcastle upon Tyne 037C,Anti-social behaviour,,
,2026-01,Northumbria Police,Northumbria Police,-1.590341,54.972401,On or near Ouse Street,E01033548,Newcastle upon Tyne 037C,Anti-social behaviour,,
,2026-01,Northumbria Police,Northumbria Police,-1.597788,54.972866,On or near Howard Street,E01033548,Newcastle upon Tyne 037C,Anti-social behaviour,,
,2026-01,Northumbria Police,Northumbria Police,-1.592273,54.971428,On or near Quayside,E01033548,Newcastle upon Tyne 037C,Anti-social behaviour,,
0b3dd6df5ac03f29828055a8042f0e803460c6201c4f285db3e5d11dbaa6f45d,2026-01,Northumbria Police,Northumbria Police,-1.606591,54.968851,On or near Lombard Street,E01033548,Newcastle upon Tyne 037C,Burglary,Investigation complete; no suspect identified,
be13749188ce5007a2d1ac51bb5aecdb8cc6dd5f6dc7c199c7e3e7f76f4e6bb9,2026-01,Northumbria Police,Northumbria Police,-1.604915,54.969313,On or near Theatre/Concert Hall,E01033548,Newcastle upon Tyne 037C,Burglary,Investigation complete; no suspect identified,
ccddd53e49dc1d608e59aa6b134d16a59c5ad19e797577df51e8ebaf07d378a0,2026-01,Northumbria Police,Northumbria Police,-1.606591,54.968851,On or near Lombard Street,E01033548,Newcastle upon Tyne 037C,Other theft,Investigation complete; no suspect identified,
4f950c851b6a705c4373a14ece81e168b9b1adb0f0245ddd598d9978f355f646,2026-01,Northumbria Police,Northumbria Police,-1.604457,54.969878,On or near Broad Chare,E01033548,Newcastle upon Tyne 037C,Possession of weapons,Awaiting court outcome,
bc923acd8799888ae0855ce10281ffff6162ec2f224788aa74aba2d37bafcc12,2026-01,Northumbria Police,Northumbria Police,-1.593142,54.973498,On or near St Ann'S Close,E01033548,Newcastle upon Tyne 037C,Public order,Under investigation,
cb2765cd9c8e7128565930b806276144684e9ffbd446b83455da70b319630899,2026-01,Northumbria Police,Northumbria Police,-1.607306,54.969195,On or near Queen Street,E01033548,Newcastle upon Tyne 037C,Theft from the person,Investigation complete; no suspect identified,
ae52df306cb3600420b016e8bfb2f9de22fe4b4c21fbefeb2db266a6462bbe3c,2026-01,Northumbria Police,Northumbria Police,-1.604915,54.969313,On or near Theatre/Concert Hall,E01033548,Newcastle upon Tyne 037C,Vehicle crime,Under investigation,
cde591e63ccfba603b25c3afba25178976bf199fb20b5359a4b89988326eb8ce,2026-01,Northumbria Police,Northumbria Police,-1.607306,54.969195,On or near Queen Street,E01033548,Newcastle upon Tyne 037C,Vehicle crime,Under investigation,
0683e3f034a56568d58474326c7580f7fa3ee65e60d8e708275a221124b0cda6,2026-01,Northumbria Police,Northumbria Police,-1.607306,54.969195,On or near Queen Street,E01033548,Newcastle upon Tyne 037C,Violence and sexual offences,Under investigation,
c59ce47a15d8ba1bd1ba8108129e020d4a4856470cd07026c2ff5c17457ec89b,2026-01,Northumbria Police,Northumbria Police,-1.606591,54.968851,On or near Lombard Street,E01033548,Newcastle upon Tyne 037C,Violence and sexual offences,Under investigation,
c97d41b873b29df267f44c901ce1d1a61c806dead7fd7dcfe0c7b0025f0b5a7a,2026-01,Northumbria Police,Northumbria Police,-1.593132,54.972941,On or near Tarset Street,E01033548,Newcastle upon Tyne 037C,Violence and sexual offences,Under investigation,
,2026-01,Northumbria Police,Northumbria Police,-1.659660,54.973612,On or near Condercum Road,E01008334,Newcastle upon Tyne 038A,Anti-social behaviour,,
0d15fcba24fef1ff90739edb0af3a5e6d5c92409f088ac6c3c7ef28ca8dbd0ad,2026-01,Northumbria Police,Northumbria Police,-1.662065,54.971831,On or near Supermarket,E01008334,Newcastle upon Tyne 038A,Shoplifting,Under investigation,
ed10db12bcb8f78e91745e43db9f57a11dc8d5d90c575507ea7f933172c12d20,2026-01,Northumbria Police,Northumbria Police,-1.659970,54.976278,On or near Petrol Station,E01008334,Newcastle upon Tyne 038A,Shoplifting,Investigation complete; no suspect identified,
272be926aa3df801c9e664eb6983ece7ca4faecb27294a4156e4154dbd853434,2026-01,Northumbria Police,Northumbria Police,-1.659970,54.976278,On or near Petrol Station,E01008334,Newcastle upon Tyne 038A,Shoplifting,Awaiting court outcome,
9cf3668ee28183201f6f334f654b3c6dbb419614192e4200dd4425298091b89a,2026-01,Northumbria Police,Northumbria Police,-1.659970,54.976278,On or near Petrol Station,E01008334,Newcastle upon Tyne 038A,Shoplifting,Under investigation,
232d556f223c50c2b5ce39d6f3dadaa3916b3275383e4832bac8cfcdbd7c5b27,2026-01,Northumbria Police,Northumbria Police,-1.659970,54.976278,On or near Petrol Station,E01008334,Newcastle upon Tyne 038A,Shoplifting,Awaiting court outcome,
4a1b94a86d5b6b869908e63eca21aab64b9f1dbfe50a98f19ad98cdcc12e1e59,2026-01,Northumbria Police,Northumbria Police,-1.659970,54.976278,On or near Petrol Station,E01008334,Newcastle upon Tyne 038A,Shoplifting,Under investigation,
8133d43674090f79ed8f3f1d1e1f0a295c6d5cd2ccfdc6e3a930236e804f15d1,2026-01,Northumbria Police,Northumbria Police,-1.663088,54.974646,On or near Broomridge Avenue,E01008334,Newcastle upon Tyne 038A,Violence and sexual offences,Under investigation,
a4420b7015b5c09b2cb4c0cf58b84397b13429ddcd4aabeb0156832fd07a91fd,2026-01,Northumbria Police,Northumbria Police,-1.659970,54.976278,On or near Petrol Station,E01008334,Newcastle upon Tyne 038A,Violence and sexual offences,Under investigation,
,2026-01,Northumbria Police,Northumbria Police,-1.653059,54.972713,On or near Fairholm Road,E01035618,Newcastle upon Tyne 038B,Anti-social behaviour,,
5b5ffab51201f081a264ac04b84101058576eb95c8e0a67486f50ff4ae98b185,2026-01,Northumbria Police,Northumbria Police,-1.656683,54.974637,On or near Strathmore Crescent,E01035618,Newcastle upon Tyne 038B,Robbery,Awaiting court outcome,
986d0729dc98ec08a04f05271c60943e9ade90837c3ab656a5792574cc0dcd6b,2026-01,Northumbria Police,Northumbria Police,-1.653059,54.972713,On or near Fairholm Road,E01035618,Newcastle upon Tyne 038B,Violence and sexual offences,Under investigation,
,2026-01,Northumbria Police,Northumbria Police,-1.655661,54.971687,On or near Barnesbury Road,E01035619,Newcastle upon Tyne 038C,Anti-social behaviour,,
0ee61545b92259a41762e81cbea95517c21378c6888627284b370b5921f24add,2026-01,Northumbria Police,Northumbria Police,-1.658517,54.972108,On or near Dolphin Street,E01035619,Newcastle upon Tyne 038C,Drugs,Under investigation,
0dcc46595c4a92c92a56abb6c8a0fc23822524f52dd21ccfef4f5fc8ca9e12c0,2026-01,Northumbria Police,Northumbria Police,-1.656953,54.970442,On or near Cochrane Street,E01035619,Newcastle upon Tyne 038C,Shoplifting,Awaiting court outcome,
ee327a49aac727296d322b15fee8b779fce1ca728d88a101ba167d9252b290cd,2026-01,Northumbria Police,Northumbria Police,-1.657717,54.974227,On or near Canning Street,E01035619,Newcastle upon Tyne 038C,Violence and sexual offences,Under investigation,
dc0a23eb3ed517ba569e713af6ad8800f5a35ffea8c3cbf1285c8f51e0b9cf4b,2026-01,Northumbria Police,Northumbria Police,-1.658322,54.974831,On or near Colston Street,E01035619,Newcastle upon Tyne 038C,Violence and sexual offences,Under investigation,
e2a62952c6509b2c043a5cc198867871f674801ddad7643112ca3f640b21e562,2026-01,Northumbria Police,Northumbria Police,-1.658322,54.974831,On or near Colston Street,E01035619,Newcastle upon Tyne 038C,Violence and sexual offences,Under investigation,
5c57f6cfd6d515b871fc9c4b3eb389ffcb6e9065ad15f96f18614fa8467dcfdb,2026-01,Northumbria Police,Northumbria Police,-1.658322,54.974831,On or near Colston Street,E01035619,Newcastle upon Tyne 038C,Violence and sexual offences,Under investigation,
4597958fbfd3b03c7e7fe2dcdfe10f1156dbb0beb18f627514345da3ebff220c,2026-01,Northumbria Police,Northumbria Police,-1.657717,54.974227,On or near Canning Street,E01035619,Newcastle upon Tyne 038C,Violence and sexual offences,Investigation complete; no suspect identified,
ac640a5c709752e1c9af74719bc86284ff7c5d691aedbb64efced73879a578b2,2026-01,Northumbria Police,Northumbria Police,-1.652410,54.971992,On or near Normount Road,E01008335,Newcastle upon Tyne 038D,Other theft,Investigation complete; no suspect identified,
6bd2d4ecc4ce4d336afd5b63780723ef15f74ce92efc179763751389c5128596,2026-01,Northumbria Police,Northumbria Police,-1.649866,54.969855,On or near Eastgate Gardens,E01008335,Newcastle upon Tyne 038D,Public order,Under investigation,
11a70de08bd520225ec5bcf4dbdd1f2c31dbf523713368820e2664129ac0b21b,2026-01,Northumbria Police,Northumbria Police,-1.649866,54.969855,On or near Eastgate Gardens,E01008335,Newcastle upon Tyne 038D,Violence and sexual offences,Under investigation,
760f5626f51b89e34009e136afa4afc3bca6f59538df85899d5d6ede9ff88882,2026-01,Northumbria Police,Northumbria Police,-1.652215,54.974616,On or near Benwell Grove,E01008335,Newcastle upon Tyne 038D,Violence and sexual offences,Investigation complete; no suspect identified,
4e2b3f7e4ee3659bfbf33d26726084bda66a9d426576fe06598b94ecbf61466f,2026-01,Northumbria Police,Northumbria Police,-1.649866,54.969855,On or near Eastgate Gardens,E01008335,Newcastle upon Tyne 038D,Violence and sexual offences,Under investigation,
,2026-01,Northumbria Police,Northumbria Police,-1.645181,54.973328,On or near Lynnwood Avenue,E01008333,Newcastle upon Tyne 038E,Anti-social behaviour,,
,2026-01,Northumbria Police,Northumbria Police,-1.645181,54.973328,On or near Lynnwood Avenue,E01008333,Newcastle upon Tyne 038E,Anti-social behaviour,,
,2026-01,Northumbria Police,Northumbria Police,-1.645181,54.973328,On or near Lynnwood Avenue,E01008333,Newcastle upon Tyne 038E,Anti-social behaviour,,
ff13a8bdbddec76cc257977829198fd0343a3568cd358dd836350f6cc44ee78f,2026-01,Northumbria Police,Northumbria Police,-1.644447,54.971439,On or near Bentinck Road,E01008333,Newcastle upon Tyne 038E,Other theft,Under investigation,
8bc754725864ec49f3bc40b742335760527c7e44def8f9079e0345d8e27c002f,2026-01,Northumbria Police,Northumbria Police,-1.643711,54.969954,On or near Durham Street,E01008333,Newcastle upon Tyne 038E,Public order,Under investigation,
6759d647db8cacb58ec6ddb4ecf31768cfbf0865b05dc0d8026b1b80333e24ce,2026-01,Northumbria Police,Northumbria Police,-1.641893,54.968871,On or near Elswick Road,E01008333,Newcastle upon Tyne 038E,Violence and sexual offences,Under investigation,
263bb83c4a4a8f4153afa55c822538101cf5ed7bd97d7f64698490ccda095065,2026-01,Northumbria Police,Northumbria Police,-1.644447,54.971439,On or near Bentinck Road,E01008333,Newcastle upon Tyne 038E,Violence and sexual offences,Under investigation,
,2026-01,Northumbria Police,Northumbria Police,-1.630026,54.975188,On or near Avolon Place,E01008399,Newcastle upon Tyne 039A,Anti-social behaviour,,
,2026-01,Northumbria Police,Northumbria Police,-1.632933,54.973319,On or near Vallum Way,E01008399,Newcastle upon Tyne 039A,Anti-social behaviour,,
,2026-01,Northumbria Police,Northumbria Police,-1.632916,54.975251,On or near Cottingwood Court,E01008399,Newcastle upon Tyne 039A,Anti-social behaviour,,
fa7a528b037e32a4542cd153e8dad7f6c4a14c9a2e01e1698584e80e274e0c50,2026-01,Northumbria Police,Northumbria Police,-1.630743,54.973600,On or near Edward Place,E01008399,Newcastle upon Tyne 039A,Bicycle theft,Under investigation,
a63b33a4c18d43a149812ac8e75e7c5ab2bccf44f04b7ecb1021c5c0393cc151,2026-01,Northumbria Police,Northumbria Police,-1.629805,54.972025,On or near Cottenham Street,E01008399,Newcastle upon Tyne 039A,Public order,Under investigation,
72879d4fe8dda4e3942738c7e5bbf37925fabcb2e38e964318aed600eb4f4e1e,2026-01,Northumbria Police,Northumbria Police,-1.630942,54.977519,On or near Monday Place,E01008399,Newcastle upon Tyne 039A,Public order,Investigation complete; no suspect identified,
d927c62fb15c9cabe91ba979b740bed3dd6ef63e688161e0e8e9f880448e9c85,2026-01,Northumbria Police,Northumbria Police,-1.631313,54.977942,On or near New Mills,E01008399,Newcastle upon Tyne 039A,Public order,Under investigation,
ac0d4f1c1c785cf7e8bfce59c33f3e2d1e111125356b50c9058c9deb6d23d62a,2026-01,Northumbria Police,Northumbria Police,-1.634269,54.975920,On or near Frosterley Place,E01008399,Newcastle upon Tyne 039A,Violence and sexual offences,Under investigation,
90a161a3ae90fab1ed923e2b3de4451760cc6cb57e447ceb1dcf638f4f8680d0,2026-01,Northumbria Police,Northumbria Police,-1.632031,54.974619,On or near Avison Street,E01008399,Newcastle upon Tyne 039A,Violence and sexual offences,Investigation complete; no suspect identified,
92651acbc48c6e4c14321d8fd095eeff6763e66d1e16590c791f2b7a68a25871,2026-01,Northumbria Police,Northumbria Police,-1.632910,54.977542,On or near Monday Crescent,E01008399,Newcastle upon Tyne 039A,Other crime,Under investigation,
,2026-01,Northumbria Police,Northumbria Police,-1.619768,54.971230,On or near Charlotte Square,E01035620,Newcastle upon Tyne 039B,Anti-social behaviour,,
6387a7c352f5ccadc4c6e8fa4c08d5ee999188e0b0326e1446546b090590adfa,2026-01,Northumbria Police,Northumbria Police,-1.621824,54.971811,On or near Bath Lane,E01035620,Newcastle upon Tyne 039B,Drugs,Local resolution,
55a59d8a916e4924c18ed2aa23b295c9d961117002d4e615bb6e3f3d9ecbd82d,2026-01,Northumbria Police,Northumbria Police,-1.620369,54.970441,On or near Thornton Street,E01035620,Newcastle upon Tyne 039B,Drugs,Under investigation,
94da1b14209f29ef213d37fd714be164c5f64795944c79a6f80c991fbaa20f93,2026-01,Northumbria Police,Northumbria Police,-1.620369,54.970441,On or near Thornton Street,E01035620,Newcastle upon Tyne 039B,Other theft,Investigation complete; no suspect identified,
333dd98a7dcd42663f90e0d7aaf6f78b9ccd084cd9f925acc510a8925439ac07,2026-01,Northumbria Police,Northumbria Police,-1.620369,54.970441,On or near Thornton Street,E01035620,Newcastle upon Tyne 039B,Violence and sexual offences,Under investigation,
af0fe75e2ff5458086e9c65a79a4faf9accb21197cfc5083a667a0c5d42852d2,2026-01,Northumbria Police,Northumbria Police,-1.620369,54.970441,On or near Thornton Street,E01035620,Newcastle upon Tyne 039B,Violence and sexual offences,Under investigation,
,2026-01,Northumbria Police,Northumbria Police,-1.624362,54.971046,On or near Cross Villa Place No 2,E01035621,Newcastle upon Tyne 039C,Anti-social behaviour,,
,2026-01,Northumbria Police,Northumbria Police,-1.624290,54.968719,On or near Parking Area,E01035621,Newcastle upon Tyne 039C,Anti-social behaviour,,
,2026-01,Northumbria Police,Northumbria Police,-1.624362,54.971046,On or near Cross Villa Place No 2,E01035621,Newcastle upon Tyne 039C,Anti-social behaviour,,
,2026-01,Northumbria Police,Northumbria Police,-1.627137,54.975027,On or near Spring Garden Lane,E01035621,Newcastle upon Tyne 039C,Anti-social behaviour,,
,2026-01,Northumbria Police,Northumbria Police,-1.627137,54.975027,On or near Spring Garden Lane,E01035621,Newcastle upon Tyne 039C,Anti-social behaviour,,
,2026-01,Northumbria Police,Northumbria Police,-1.620963,54.970416,On or near Theatre/Concert Hall,E01035621,Newcastle upon Tyne 039C,Anti-social behaviour,,
,2026-01,Northumbria Police,Northumbria Police,-1.624362,54.971046,On or near Cross Villa Place No 2,E01035621,Newcastle upon Tyne 039C,Anti-social behaviour,,
,2026-01,Northumbria Police,Northumbria Police,-1.621419,54.970031,On or near Peel Street,E01035621,Newcastle upon Tyne 039C,Anti-social behaviour,,
,2026-01,Northumbria Police,Northumbria Police,-1.624290,54.968719,On or near Parking Area,E01035621,Newcastle upon Tyne 039C,Anti-social behaviour,,
e0cc01194c9fab7778e2bc6255fcffb1ea9864c5527d23eb063aaa3c9a79b4c1,2026-01,Northumbria Police,Northumbria Police,-1.624362,54.971046,On or near Cross Villa Place No 2,E01035621,Newcastle upon Tyne 039C,Drugs,Under investigation,
43b5f1af50747dca081c94a11c4a9155a1e1f89575ac8cc1bbc28350229ee277,2026-01,Northumbria Police,Northumbria Police,-1.624362,54.971046,On or near Cross Villa Place No 2,E01035621,Newcastle upon Tyne 039C,Possession of weapons,Investigation complete; no suspect identified,
0381df3a3a0de41c9bf9cd136921fc9b3984725ef5304c59875b1e5166ef7ce9,2026-01,Northumbria Police,Northumbria Police,-1.624085,54.970264,On or near Further/Higher Educational Building,E01035621,Newcastle upon Tyne 039C,Public order,Investigation complete; no suspect identified,
5673470232846bc29926899152a398d21cdb1ec36283778f5efa9f98474d80b7,2026-01,Northumbria Police,Northumbria Police,-1.624362,54.971046,On or near Cross Villa Place No 2,E01035621,Newcastle upon Tyne 039C,Violence and sexual offences,Investigation complete; no suspect identified,
8f624e139d480f787d6fb3f9751b9a704128fa2fbb3220aee445b916f26704b8,2026-01,Northumbria Police,Northumbria Police,-1.626514,54.974827,On or near Spring Street,E01035621,Newcastle upon Tyne 039C,Violence and sexual offences,Investigation complete; no suspect identified,
4ea5122fe4ae6d551634f530f2c339376ad830b16b0569a05666e3f15fe51949,2026-01,Northumbria Police,Northumbria Police,-1.624290,54.968719,On or near Parking Area,E01035621,Newcastle upon Tyne 039C,Violence and sexual offences,Under investigation,
088a001f90415a57b5a8c39a28790bc0f81f3b44a08ab7d0f5794ad9ddb27170,2026-01,Northumbria Police,Northumbria Police,-1.634736,54.967501,On or near Hawthorn Terrace,E01008439,Newcastle upon Tyne 039D,Burglary,Investigation complete; no suspect identified,
84df8fdace18502f737b5eb7d2863d6bce24347a3904a0943d3a29cd85e1aad4,2026-01,Northumbria Police,Northumbria Police,-1.629862,54.970874,On or near Lancaster Street,E01008439,Newcastle upon Tyne 039D,Possession of weapons,Under investigation,
3315af27a66a8c7623e6d5e804dd11260f5d6fb0cfe18718c08e922326c3fcb4,2026-01,Northumbria Police,Northumbria Police,-1.636034,54.967254,On or near Ashfield Close,E01008439,Newcastle upon Tyne 039D,Public order,Under investigation,
f296aed19378ad1cc22257e9e1ddd8a027d58e7cfe557b1c8d686c8238f54c7f,2026-01,Northumbria Police,Northumbria Police,-1.633707,54.970688,On or near St Paul'S Place,E01008439,Newcastle upon Tyne 039D,Violence and sexual offences,Under investigation,
0f37d1c56d8b019bcbf3eceb1cf2508f9d4bb01c6f3d1554a58999b53e2d06c7,2026-01,Northumbria Police,Northumbria Police,-1.632359,54.971161,On or near Mill Farm Close,E01008439,Newcastle upon Tyne 039D,Violence and sexual offences,Under investigation,
8d2e7da2a405a771cd1bd00c0a4ee0a78915b495eab3f9a0c066b21c1eb765bc,2026-01,Northumbria Police,Northumbria Police,-1.631830,54.970979,On or near Elswick Street,E01008439,Newcastle upon Tyne 039D,Violence and sexual offences,Under investigation,
8361f871d788cc76de9a103fbcee30c656a6587f6b996da10fa11f5e1ad109be,2026-01,Northumbria Police,Northumbria Police,-1.633707,54.970688,On or near St Paul'S Place,E01008439,Newcastle upon Tyne 039D,Violence and sexual offences,Under investigation,
2b19303afd905d36a536fb94eccc24061f2f1a921e2efe0423393a93adb37ffd,2026-01,Northumbria Police,Northumbria Police,-1.633707,54.970688,On or near St Paul'S Place,E01008439,Newcastle upon Tyne 039D,Violence and sexual offences,Under investigation,
,2026-01,Northumbria Police,Northumbria Police,-1.580862,54.975083,On or near Brinkburn Close,E01035622,Newcastle upon Tyne 040A,Anti-social behaviour,,
,2026-01,Northumbria Police,Northumbria Police,-1.583260,54.974399,On or near Dalton Street,E01035622,Newcastle upon Tyne 040A,Anti-social behaviour,,
,2026-01,Northumbria Police,Northumbria Police,-1.583260,54.974399,On or near Dalton Street,E01035622,Newcastle upon Tyne 040A,Anti-social behaviour,,
,2026-01,Northumbria Police,Northumbria Police,-1.586077,54.976171,On or near Parking Area,E01035622,Newcastle upon Tyne 040A,Anti-social behaviour,,
,2026-01,Northumbria Police,Northumbria Police,-1.583260,54.974399,On or near Dalton Street,E01035622,Newcastle upon Tyne 040A,Anti-social behaviour,,
,2026-01,Northumbria Police,Northumbria Police,-1.586077,54.976171,On or near Parking Area,E01035622,Newcastle upon Tyne 040A,Anti-social behaviour,,
,2026-01,Northumbria Police,Northumbria Police,-1.583260,54.974399,On or near Dalton Street,E01035622,Newcastle upon Tyne 040A,Anti-social behaviour,,
,2026-01,Northumbria Police,Northumbria Police,-1.586077,54.976171,On or near Parking Area,E01035622,Newcastle upon Tyne 040A,Anti-social behaviour,,
,2026-01,Northumbria Police,Northumbria Police,-1.580862,54.975083,On or near Brinkburn Close,E01035622,Newcastle upon Tyne 040A,Anti-social behaviour,,
,2026-01,Northumbria Police,Northumbria Police,-1.586077,54.976171,On or near Parking Area,E01035622,Newcastle upon Tyne 040A,Anti-social behaviour,,
,2026-01,Northumbria Police,Northumbria Police,-1.580862,54.975083,On or near Brinkburn Close,E01035622,Newcastle upon Tyne 040A,Anti-social behaviour,,
,2026-01,Northumbria Police,Northumbria Police,-1.583260,54.974399,On or near Dalton Street,E01035622,Newcastle upon Tyne 040A,Anti-social behaviour,,
,2026-01,Northumbria Police,Northumbria Police,-1.579709,54.976310,On or near Brinkburn Street,E01035622,Newcastle upon Tyne 040A,Anti-social behaviour,,
,2026-01,Northumbria Police,Northumbria Police,-1.585890,54.976888,On or near Supermarket,E01035622,Newcastle upon Tyne 040A,Anti-social behaviour,,
f9eefe4b9edc8110055c916759741f06e6a8a679a5ff7a306f8c20bc19a761a9,2026-01,Northumbria Police,Northumbria Police,-1.586077,54.976171,On or near Parking Area,E01035622,Newcastle upon Tyne 040A,Other theft,Investigation complete; no suspect identified,
5c479b129c764a9f59aea2a3708a62a87e01a94aa28d5bde564d82094e2124bf,2026-01,Northumbria Police,Northumbria Police,-1.584982,54.977083,On or near Roger Street,E01035622,Newcastle upon Tyne 040A,Public order,Awaiting court outcome,
fcd2fe6c748a77fec737dcdb87682fd6e662096b46b33435bcb756c9eee4c0ec,2026-01,Northumbria Police,Northumbria Police,-1.579709,54.976310,On or near Brinkburn Street,E01035622,Newcastle upon Tyne 040A,Public order,Under investigation,
a06d0563692d0523c967d62f55d85370b68bafed2ec6ee6e64c0f549f3fbbf4a,2026-01,Northumbria Police,Northumbria Police,-1.579709,54.976310,On or near Brinkburn Street,E01035622,Newcastle upon Tyne 040A,Shoplifting,Awaiting court outcome,
653ef423b910bb7355dfba860efbb906a8ec0c3a914f8e707a808e95be628cfc,2026-01,Northumbria Police,Northumbria Police,-1.585890,54.976888,On or near Supermarket,E01035622,Newcastle upon Tyne 040A,Shoplifting,Investigation complete; no suspect identified,
c3e3ef2cc11454cc99b08dfd2ac87069cf781d9b0d289ce14fc2cfba2b774140,2026-01,Northumbria Police,Northumbria Police,-1.579709,54.976310,On or near Brinkburn Street,E01035622,Newcastle upon Tyne 040A,Shoplifting,Under investigation,
95eec45c94b164f81f5e7615fed71c26e6f6930764c0db45073f5119557bf1ea,2026-01,Northumbria Police,Northumbria Police,-1.585890,54.976888,On or near Supermarket,E01035622,Newcastle upon Tyne 040A,Shoplifting,Investigation complete; no suspect identified,
5981738878c59cdf17d6623f6740d050329b9e4ca3435875e5279f374c991b69,2026-01,Northumbria Police,Northumbria Police,-1.586077,54.976171,On or near Parking Area,E01035622,Newcastle upon Tyne 040A,Violence and sexual offences,Under investigation,
242350b358f66b457470ea000944cbdf481667a4082e3a118ca9e1d21802c3f1,2026-01,Northumbria Police,Northumbria Police,-1.579709,54.976310,On or near Brinkburn Street,E01035622,Newcastle upon Tyne 040A,Violence and sexual offences,Under investigation,
e5d2b4d7ea9ad17be6c77c717ee428e549227c7bdb24dd3d34317c5e725f69ff,2026-01,Northumbria Police,Northumbria Police,-1.584429,54.976147,On or near Clifford Street,E01035622,Newcastle upon Tyne 040A,Violence and sexual offences,Under investigation,
07dcc5014c5b98a630703de93e8723fdfa20ba50ff23f76b6d8488a55a1caa56,2026-01,Northumbria Police,Northumbria Police,-1.579709,54.976310,On or near Brinkburn Street,E01035622,Newcastle upon Tyne 040A,Violence and sexual offences,Under investigation,
1b52b6d8160f993229063200d0a2d9c96af516b467eefe3fd06615189d6b2e6b,2026-01,Northumbria Police,Northumbria Police,-1.580862,54.975083,On or near Brinkburn Close,E01035622,Newcastle upon Tyne 040A,Violence and sexual offences,Under investigation,
13dc03aea7a79e505f7478d1f3fa4848fbf5d5866d0430eeefb68a17bb34d800,2026-01,Northumbria Police,Northumbria Police,-1.579709,54.976310,On or near Brinkburn Street,E01035622,Newcastle upon Tyne 040A,Violence and sexual offences,Under investigation,
6746f87afd92c80a2cac3e4b763b9c018fc79ba132a39482985e7211f74d671b,2026-01,Northumbria Police,Northumbria Police,-1.582602,54.979070,On or near Langhorn Close,E01035622,Newcastle upon Tyne 040A,Violence and sexual offences,Under investigation,
,2026-01,Northumbria Police,Northumbria Police,-1.581304,54.973206,On or near Dibley Street,E01035623,Newcastle upon Tyne 040B,Anti-social behaviour,,
,2026-01,Northumbria Police,Northumbria Police,-1.583393,54.970598,On or near Rodney Street,E01035623,Newcastle upon Tyne 040B,Anti-social behaviour,,
,2026-01,Northumbria Police,Northumbria Police,-1.588438,54.975199,On or near Back Stephen Street,E01035623,Newcastle upon Tyne 040B,Anti-social behaviour,,
,2026-01,Northumbria Police,Northumbria Police,-1.585639,54.973958,On or near Albion Row,E01035623,Newcastle upon Tyne 040B,Anti-social behaviour,,
19d670fc2549b73549ba8e71012e27129ab34e230107bfd8a6294cbd4912af4b,2026-01,Northumbria Police,Northumbria Police,-1.589965,54.974104,On or near Shopping Area,E01035623,Newcastle upon Tyne 040B,Criminal damage and arson,Investigation complete; no suspect identified,
47537f61f993fec1489cae32ef838f1037b90201ec1b94b3d8b70d3c7ea7c481,2026-01,Northumbria Police,Northumbria Police,-1.589965,54.974104,On or near Shopping Area,E01035623,Newcastle upon Tyne 040B,Criminal damage and arson,Investigation complete; no suspect identified,
eaccfeaa325ffb71f8c9352bf355fe410b951b610341fdd516d6fa5169c184a7,2026-01,Northumbria Police,Northumbria Police,-1.589965,54.974104,On or near Shopping Area,E01035623,Newcastle upon Tyne 040B,Other theft,Investigation complete; no suspect identified,
d5fbd56b10bcc3d634b45bfec4df3a1cd16b4b3269b33fcf651b250dc0cad173,2026-01,Northumbria Police,Northumbria Police,-1.585639,54.973958,On or near Albion Row,E01035623,Newcastle upon Tyne 040B,Public order,Under investigation,
d81b1757d7472681f05ec54fc2305e5ad46fd2712f6032fe07f2b30c5a6d7c83,2026-01,Northumbria Police,Northumbria Police,-1.588948,54.974239,On or near Byker Bank,E01035623,Newcastle upon Tyne 040B,Violence and sexual offences,Under investigation,
,2026-01,Northumbria Police,Northumbria Police,-1.574125,54.975464,On or near Spires Lane,E01008305,Newcastle upon Tyne 040C,Anti-social behaviour,,
,2026-01,Northumbria Police,Northumbria Police,-1.576655,54.971114,On or near Parking Area,E01008305,Newcastle upon Tyne 040C,Anti-social behaviour,,
,2026-01,Northumbria Police,Northumbria Police,-1.575211,54.974677,On or near Michaelgate,E01008305,Newcastle upon Tyne 040C,Anti-social behaviour,,
,2026-01,Northumbria Police,Northumbria Police,-1.574411,54.973506,On or near Avondale Road,E01008305,Newcastle upon Tyne 040C,Anti-social behaviour,,
,2026-01,Northumbria Police,Northumbria Police,-1.584291,54.969874,On or near Parking Area,E01008305,Newcastle upon Tyne 040C,Anti-social behaviour,,
,2026-01,Northumbria Police,Northumbria Police,-1.574411,54.973506,On or near Avondale Road,E01008305,Newcastle upon Tyne 040C,Anti-social behaviour,,
,2026-01,Northumbria Police,Northumbria Police,-1.573578,54.971077,On or near St Peter'S Road,E01008305,Newcastle upon Tyne 040C,Anti-social behaviour,,
,2026-01,Northumbria Police,Northumbria Police,-1.574125,54.975464,On or near Spires Lane,E01008305,Newcastle upon Tyne 040C,Anti-social behaviour,,
9a8dbcbccf799a18572229e5465df62560aac7401d0bd7f6f5473b593ae7119e,2026-01,Northumbria Police,Northumbria Police,-1.574125,54.975464,On or near Spires Lane,E01008305,Newcastle upon Tyne 040C,Other theft,Under investigation,
3b01983af28ee8897ae8c2d419df5853b3b4ecee2c966cb8e689fcf03d0a774f,2026-01,Northumbria Police,Northumbria Police,-1.574411,54.973506,On or near Avondale Road,E01008305,Newcastle upon Tyne 040C,Other theft,Investigation complete; no suspect identified,
78f045b8434d145e9002bf34f9672a49e10d05a509e0428d8a63455256ec7902,2026-01,Northumbria Police,Northumbria Police,-1.578566,54.970564,On or near Cushat Close,E01008305,Newcastle upon Tyne 040C,Vehicle crime,Investigation complete; no suspect identified,
5d07e2d8580983e53e67a64ca8decc3e5efb5eac326e3e8980551c83a5751b1e,2026-01,Northumbria Police,Northumbria Police,-1.588015,54.972268,On or near Back Maling Street,E01008305,Newcastle upon Tyne 040C,Vehicle crime,Investigation complete; no suspect identified,
eb4d0e61dc8423e3f5613d1be3e682d6f4a29026d5f4446ae1a856f6d7851c94,2026-01,Northumbria Police,Northumbria Police,-1.574411,54.973506,On or near Avondale Road,E01008305,Newcastle upon Tyne 040C,Violence and sexual offences,Investigation complete; no suspect identified,
a3957029b616833f1256cb21bb9627cafa116e01c1796aad07582f1425cf9eaf,2026-01,Northumbria Police,Northumbria Police,-1.575736,54.975281,On or near Jane Street,E01008305,Newcastle upon Tyne 040C,Violence and sexual offences,Investigation complete; no suspect identified,
b0b0095909a2a99dafdfd1c015fc82420959ba017b926ba23ce9da8d838e69a5,2026-01,Northumbria Police,Northumbria Police,-1.575736,54.975281,On or near Jane Street,E01008305,Newcastle upon Tyne 040C,Violence and sexual offences,Investigation complete; no suspect identified,
70cfd116bc93243a8c066f2a39dc7ff512c0a536eae5f13a154d753e614ab05e,2026-01,Northumbria Police,Northumbria Police,-1.576399,54.970188,On or near Garmondsway,E01008305,Newcastle upon Tyne 040C,Violence and sexual offences,Investigation complete; no suspect identified,
6d4d6ddb0b9d567b4713477a030bbc3c52fdc7cfbf1e5290a0c54bb4ad373e0a,2026-01,Northumbria Police,Northumbria Police,-1.577891,54.969375,On or near Parking Area,E01008305,Newcastle upon Tyne 040C,Violence and sexual offences,Under investigation,
8539931a5f7448e30fff457c8a707b0d10bb32edb7644caf75192cd185594f7f,2026-01,Northumbria Police,Northumbria Police,-1.578474,54.973367,On or near Raby Street,E01008305,Newcastle upon Tyne 040C,Violence and sexual offences,Under investigation,
edcf3212ec9df61ac4bd46a8334bacbcbfa1943b22376a2110374870d6ed95f0,2026-01,Northumbria Police,Northumbria Police,-1.578474,54.973367,On or near Raby Street,E01008305,Newcastle upon Tyne 040C,Violence and sexual offences,Under investigation,
06ef8cfe18d48b194038cc072203da215d4c21ea7027977336c4304ffc074be9,2026-01,Northumbria Police,Northumbria Police,-1.575736,54.975281,On or near Jane Street,E01008305,Newcastle upon Tyne 040C,Violence and sexual offences,Under investigation,
fd5e07248fd581e37901e7106c7f0d15d4571ac83a3dfd64d2cb673c8b31c4f2,2026-01,Northumbria Police,Northumbria Police,-1.587878,54.971935,On or near Parking Area,E01008305,Newcastle upon Tyne 040C,Violence and sexual offences,Under investigation,
dbfda1bd5a9802d946da58d7c2e4d3c70f75f7a18b4ac4ecd266f3ae949f2c77,2026-01,Northumbria Police,Northumbria Police,-1.567020,54.969346,On or near Relton Avenue,E01008301,Newcastle upon Tyne 040D,Public order,Under investigation,
0efcddb519381a12aedcb444f551988178a66d9fd84c7cc5eda3e4dd7b626a60,2026-01,Northumbria Police,Northumbria Police,-1.567040,54.967450,On or near Chatsworth Gardens,E01008301,Newcastle upon Tyne 040D,Public order,Under investigation,
7f06ad71be1d0a3f488c41306f8b2e170eeb1127afeaf2591fe884bb04e18946,2026-01,Northumbria Police,Northumbria Police,-1.571970,54.969489,On or near Janet Street,E01008301,Newcastle upon Tyne 040D,Other crime,Investigation complete; no suspect identified,
,2026-01,Northumbria Police,Northumbria Police,-1.638780,54.971135,On or near Sceptre Street,E01008331,Newcastle upon Tyne 041A,Anti-social behaviour,,
,2026-01,Northumbria Police,Northumbria Police,-1.641154,54.972930,On or near Supermarket,E01008331,Newcastle upon Tyne 041A,Anti-social behaviour,,
,2026-01,Northumbria Police,Northumbria Police,-1.641154,54.972930,On or near Supermarket,E01008331,Newcastle upon Tyne 041A,Anti-social behaviour,,
,2026-01,Northumbria Police,Northumbria Police,-1.638780,54.971135,On or near Sceptre Street,E01008331,Newcastle upon Tyne 041A,Anti-social behaviour,,
,2026-01,Northumbria Police,Northumbria Police,-1.641154,54.972930,On or near Supermarket,E01008331,Newcastle upon Tyne 041A,Anti-social behaviour,,
c4e36a3c29f030c380c70fe4769ca3f0f3994ed19aca19e6f79f9360da81c6ec,2026-01,Northumbria Police,Northumbria Police,-1.637882,54.971905,On or near Normanton Terrace,E01008331,Newcastle upon Tyne 041A,Drugs,Under investigation,
def19c99f47db0ac8fd6516e99ab687d2e298b7bea35a9ecd041205a8481f8bc,2026-01,Northumbria Police,Northumbria Police,-1.640715,54.969559,On or near Malvern Street,E01008331,Newcastle upon Tyne 041A,Drugs,Under investigation,
3318ba5f5d655971fa5f798a9b1f02eb44b51e68d673f4928ee089ce99f21540,2026-01,Northumbria Police,Northumbria Police,-1.637882,54.971905,On or near Normanton Terrace,E01008331,Newcastle upon Tyne 041A,Drugs,Under investigation,
e332e6e949e6f41d28130cc7f5a27a505749a19b9ea6b5bea7102252a6a89748,2026-01,Northumbria Police,Northumbria Police,-1.640100,54.970186,On or near Sceptre Place,E01008331,Newcastle upon Tyne 041A,Possession of weapons,Under investigation,
a9575c58be62e66c0a71c903adcbc565e48267d1880689f5d068a70613c3a0ca,2026-01,Northumbria Police,Northumbria Police,-1.638815,54.972402,On or near Kingsley Terrace,E01008331,Newcastle upon Tyne 041A,Violence and sexual offences,Under investigation,
,2026-01,Northumbria Police,Northumbria Police,-1.630974,54.965540,On or near Dobson Close,E01008438,Newcastle upon Tyne 041B,Anti-social behaviour,,
,2026-01,Northumbria Police,Northumbria Police,-1.624798,54.964533,On or near Railway Street,E01008438,Newcastle upon Tyne 041B,Anti-social behaviour,,
68e633c354426424fe877caa8ceb7c5d13a293b8fe73e9a73689d9c57202b9ca,2026-01,Northumbria Police,Northumbria Police,-1.630033,54.962554,On or near Dunn Street,E01008438,Newcastle upon Tyne 041B,Criminal damage and arson,Investigation complete; no suspect identified,
de8d5d571fc55b48361d5554a96aa86ba768e1e439e3d9942ceaba91e2469dbd,2026-01,Northumbria Police,Northumbria Police,-1.630651,54.966680,On or near Mather Road,E01008438,Newcastle upon Tyne 041B,Violence and sexual offences,Under investigation,
80e162274d2c1fa08dcd74cea0105f40540deee36a2dad488a4bc179cfa1ef78,2026-01,Northumbria Police,Northumbria Police,-1.631301,54.967266,On or near Waverley Road,E01008438,Newcastle upon Tyne 041B,Violence and sexual offences,Investigation complete; no suspect identified,
89d7a2c56010ae55bcbfdf6789d5b5c2dae225d3ce2064291236736b965d0917,2026-01,Northumbria Police,Northumbria Police,-1.630651,54.966680,On or near Mather Road,E01008438,Newcastle upon Tyne 041B,Violence and sexual offences,Investigation complete; no suspect identified,
76e4c735a21e15b948f99bd1c3979b3cf2f4ff92968f3d099e2ec71e1d6c51ea,2026-01,Northumbria Police,Northumbria Police,-1.639203,54.967497,On or near Beech Grove Road,E01008437,Newcastle upon Tyne 041C,Burglary,Investigation complete; no suspect identified,
5fcd869661869522ac797ed6f5f59619055dfce9d2bc76ef0d0a24d9f577ea03,2026-01,Northumbria Police,Northumbria Police,-1.644321,54.968060,On or near Ashtree Close,E01008437,Newcastle upon Tyne 041C,Other theft,Under investigation,
d301935a08a8ffbb62d2b8325ddb13791257464040d96edbb6f8f30f5e9631c8,2026-01,Northumbria Police,Northumbria Police,-1.652765,54.965182,On or near Isabella Close,E01008437,Newcastle upon Tyne 041C,Vehicle crime,Investigation complete; no suspect identified,
2e4c34b635ac91910322b65b9c168e17a8ac1186e90777241a198ca393bd3747,2026-01,Northumbria Police,Northumbria Police,-1.468619,55.052699,On or near Ashton Way,E01008547,North Tyneside 001A,Criminal damage and arson,Under investigation,
b8bd9ebc037d4f6113524b64655583ced59d91066beae1a99fd2fb9d0d5efd1d,2026-01,Northumbria Police,Northumbria Police,-1.482466,55.049515,On or near Westgate Close,E01008548,North Tyneside 001B,Public order,Under investigation,
d270bcb45669853c3dfc56fb13e522d7eb7071af5ec95e46e7d4554515348853,2026-01,Northumbria Police,Northumbria Police,-1.484078,55.047104,On or near Saltwick Gardens,E01008548,North Tyneside 001B,Violence and sexual offences,Under investigation,
,2026-01,Northumbria Police,Northumbria Police,-1.462317,55.054577,On or near Parking Area,E01008549,North Tyneside 001C,Anti-social behaviour,,
c251878b70cb3e9c64eeaeead8d035d799593ef0c402aa5f3bb9b80e50758297,2026-01,Northumbria Police,Northumbria Police,-1.580542,55.055293,On or near Owen Brannigan Drive,E01008478,North Tyneside 002A,Other theft,Investigation complete; no suspect identified,
2890f27eafa6c268212f93d1e64c1eb85c9de3b1adce402759db87989de0e0ca,2026-01,Northumbria Police,Northumbria Police,-1.582477,55.054401,On or near Love Avenue,E01008478,North Tyneside 002A,Violence and sexual offences,Awaiting court outcome,
d44bb50701413a74ab4c5a10315ec9894af56e58164ca9f2363a490f4e6761bd,2026-01,Northumbria Police,Northumbria Police,-1.581853,55.058631,On or near Wardle Drive,E01008480,North Tyneside 002B,Violence and sexual offences,Investigation complete; no suspect identified,
,2026-01,Northumbria Police,Northumbria Police,-1.553892,55.039050,On or near Ashley Close,E01008504,North Tyneside 002C,Anti-social behaviour,,
,2026-01,Northumbria Police,Northumbria Police,-1.553892,55.039050,On or near Ashley Close,E01008504,North Tyneside 002C,Anti-social behaviour,,
,2026-01,Northumbria Police,Northumbria Police,-1.592670,55.057185,On or near East View Terrace,E01008578,North Tyneside 002D,Anti-social behaviour,,
,2026-01,Northumbria Police,Northumbria Police,-1.592178,55.063986,On or near Dudley Lane,E01008583,North Tyneside 002E,Anti-social behaviour,,
,2026-01,Northumbria Police,Northumbria Police,-1.592178,55.063986,On or near Dudley Lane,E01008583,North Tyneside 002E,Anti-social behaviour,,
3d40291a029bfc61a30480223dad73dffa26e0f4c6c28a68efb1a85af0489e8b,2026-01,Northumbria Police,Northumbria Police,-1.465355,55.041578,On or near The Fold,E01008520,North Tyneside 003A,Violence and sexual offences,Under investigation,
5a3f610f19e29a00e0f04d845a875f71602c124f1bb8dad6d17f819f51140257,2026-01,Northumbria Police,Northumbria Police,-1.464832,55.042079,On or near Back Lane,E01008520,North Tyneside 003A,Other crime,Under investigation,
,2026-01,Northumbria Police,Northumbria Police,-1.624517,55.048256,On or near Supermarket,E01008577,North Tyneside 004A,Anti-social behaviour,,
,2026-01,Northumbria Police,Northumbria Police,-1.623718,55.050015,On or near Warkworth Drive,E01008577,North Tyneside 004A,Anti-social behaviour,,
7d11de77c0f05225811b78fea5fc9a64f726ab77d2613db9f9e986a96b15cf40,2026-01,Northumbria Police,Northumbria Police,-1.595795,55.040184,On or near Petrol Station,E01008577,North Tyneside 004A,Drugs,Under investigation,
2c825a2b723978174a6482ec494d98b57af3975c68818fab5b77a42967129bb5,2026-01,Northumbria Police,Northumbria Police,-1.623027,55.051873,On or near Morpeth Avenue,E01008577,North Tyneside 004A,Public order,Investigation complete; no suspect identified,
,2026-01,Northumbria Police,Northumbria Police,-1.626914,55.046359,On or near Winchester Walk,E01008579,North Tyneside 004B,Anti-social behaviour,,
,2026-01,Northumbria Police,Northumbria Police,-1.624358,55.046818,On or near Widdrington Gardens,E01008579,North Tyneside 004B,Anti-social behaviour,,
,2026-01,Northumbria Police,Northumbria Police,-1.633577,55.046702,On or near Aidan Close,E01008580,North Tyneside 004C,Anti-social behaviour,,
f1278ec6a625eb2ca448c5a2a31f1dba9ced3117cdb5bd9de4cc59bd5672841e,2026-01,Northumbria Police,Northumbria Police,-1.633432,55.043745,On or near Torver Close,E01008581,North Tyneside 004D,Violence and sexual offences,Offender given a caution,
2750fb8810b895bfd22982f13ae7e82e3a5177a58927117e69e107c1af60f548,2026-01,Northumbria Police,Northumbria Police,-1.623714,55.042080,On or near Pinewood Avenue,E01008581,North Tyneside 004D,Other crime,Investigation complete; no suspect identified,
,2026-01,Northumbria Police,Northumbria Police,-1.626598,55.056755,On or near Bridge Street,E01008582,North Tyneside 004E,Anti-social behaviour,,
,2026-01,Northumbria Police,Northumbria Police,-1.624459,55.057835,On or near Oak And Pine Street,E01008582,North Tyneside 004E,Anti-social behaviour,,
,2026-01,Northumbria Police,Northumbria Police,-1.623231,55.056915,On or near Patience Avenue,E01008582,North Tyneside 004E,Anti-social behaviour,,
9e875028f83bd8456d461e7cd8350d18a1b3554a745ddbab9e7dce58fb5e2b47,2026-01,Northumbria Police,Northumbria Police,-1.624459,55.057835,On or near Oak And Pine Street,E01008582,North Tyneside 004E,Criminal damage and arson,Under investigation,
36d76592fc6d5e7c97a1598147602a1019300c1bbfb5ea67b5c9eb48933c4516,2026-01,Northumbria Police,Northumbria Police,-1.625824,55.057444,On or near Russell Square,E01008582,North Tyneside 004E,Vehicle crime,Under investigation,
2bcc5ae5e52bc0a94afb1bb69b32a22aa828ecc3bbc961264716d007f453ad83,2026-01,Northumbria Police,Northumbria Police,-1.624459,55.057835,On or near Oak And Pine Street,E01008582,North Tyneside 004E,Other crime,Under investigation,
3dd833392b9248ffe00f68b06e2949063b63b388a0814e2d7e10079cf5e81985,2026-01,Northumbria Police,Northumbria Police,-1.476370,55.040476,On or near West Monkseaton,E01008521,North Tyneside 005C,Violence and sexual offences,Awaiting court outcome,
7bc6d2ab1834f99c1b9b16abe56e9fd48b0363dd2dfb2cdf6442d3dacbb8b161,2026-01,Northumbria Police,Northumbria Police,-1.474096,55.039720,On or near Westfield Avenue,E01008522,North Tyneside 005D,Shoplifting,Investigation complete; no suspect identified,
,2026-01,Northumbria Police,Northumbria Police,-1.442576,55.043435,On or near South Parade,E01008584,North Tyneside 006A,Anti-social behaviour,,
,2026-01,Northumbria Police,Northumbria Police,-1.445494,55.042891,On or near York Road,E01008584,North Tyneside 006A,Anti-social behaviour,,
,2026-01,Northumbria Police,Northumbria Police,-1.444740,55.042552,On or near Shopping Area,E01008584,North Tyneside 006A,Anti-social behaviour,,
,2026-01,Northumbria Police,Northumbria Police,-1.444200,55.044808,On or near Ocean View,E01008584,North Tyneside 006A,Anti-social behaviour,,
,2026-01,Northumbria Police,Northumbria Police,-1.446844,55.042646,On or near Parking Area,E01008584,North Tyneside 006A,Anti-social behaviour,,
,2026-01,Northumbria Police,Northumbria Police,-1.446844,55.042646,On or near Parking Area,E01008584,North Tyneside 006A,Anti-social behaviour,,
d7a5590276573f038157d150cf6987a51d5f660e6ebd38607db9ac02f70c5249,2026-01,Northumbria Police,Northumbria Police,-1.442576,55.043435,On or near South Parade,E01008584,North Tyneside 006A,Burglary,Investigation complete; no suspect identified,
0fbf943ff7adb090a72b25120d25e73fd78beb5967c983f9d205f5e5247871b2,2026-01,Northumbria Police,Northumbria Police,-1.442576,55.043435,On or near South Parade,E01008584,North Tyneside 006A,Other theft,Investigation complete; no suspect identified,
5511e8adb50be1ee7268fb76031f35075472251335ddb6d3c7d2d83a0b26ff73,2026-01,Northumbria Police,Northumbria Police,-1.444740,55.042552,On or near Shopping Area,E01008584,North Tyneside 006A,Public order,Investigation complete; no suspect identified,
7671d9d8b4b4951ec67bbd60caa5b748cef8ac638821497ff995ab2d42d107d1,2026-01,Northumbria Police,Northumbria Police,-1.442576,55.043435,On or near South Parade,E01008584,North Tyneside 006A,Public order,Under investigation,
296a9030ce2c18239e3065b7156726dd4177ff8ee505219e6c7822f21fb4f3d5,2026-01,Northumbria Police,Northumbria Police,-1.446844,55.042646,On or near Parking Area,E01008584,North Tyneside 006A,Shoplifting,Under investigation,
4438f6ebb6a0db3130e1fcc0a0f1168b8d70e8490b984b7ed4a71fe2c0eddde1,2026-01,Northumbria Police,Northumbria Police,-1.446844,55.042646,On or near Parking Area,E01008584,North Tyneside 006A,Shoplifting,Investigation complete; no suspect identified,
4edd2d441dc9c1c27206b54863c81e633315eeb6f9449bbe175d172955852844,2026-01,Northumbria Police,Northumbria Police,-1.442576,55.043435,On or near South Parade,E01008584,North Tyneside 006A,Violence and sexual offences,Awaiting court outcome,
4d4bed14b200585deec28e9e033c990025aa5dd9995336b99e117c67c734cd40,2026-01,Northumbria Police,Northumbria Police,-1.444740,55.042552,On or near Shopping Area,E01008584,North Tyneside 006A,Violence and sexual offences,Investigation complete; no suspect identified,
92149905cd9c19689a77cdfa66e357c50a3747a1d00d97da75ab82f22681821b,2026-01,Northumbria Police,Northumbria Police,-1.444200,55.044808,On or near Ocean View,E01008584,North Tyneside 006A,Other crime,Investigation complete; no suspect identified,
,2026-01,Northumbria Police,Northumbria Police,-1.454869,55.041684,On or near Norham Road,E01008585,North Tyneside 006B,Anti-social behaviour,,
,2026-01,Northumbria Police,Northumbria Police,-1.452420,55.037647,On or near Hillheads Court,E01008585,North Tyneside 006B,Anti-social behaviour,,
,2026-01,Northumbria Police,Northumbria Police,-1.452420,55.037647,On or near Hillheads Court,E01008585,North Tyneside 006B,Anti-social behaviour,,
,2026-01,Northumbria Police,Northumbria Police,-1.451097,55.040625,On or near Grosvenor Drive,E01008585,North Tyneside 006B,Anti-social behaviour,,
,2026-01,Northumbria Police,Northumbria Police,-1.447278,55.044040,On or near Park Avenue,E01008585,North Tyneside 006B,Anti-social behaviour,,
b3587934344bafd50226b531e068de0768e50547b193d85986461a951eb422e4,2026-01,Northumbria Police,Northumbria Police,-1.452686,55.039931,On or near Supermarket,E01008585,North Tyneside 006B,Burglary,Investigation complete; no suspect identified,
c35f29d7a0f725805787a6fcc6d75edcde8b5be4e885b358fd3b8f92c3c49393,2026-01,Northumbria Police,Northumbria Police,-1.454869,55.041684,On or near Norham Road,E01008585,North Tyneside 006B,Burglary,Investigation complete; no suspect identified,
9ae5eab45507eb8e4d4b0d2aacc650f049ce7a7b69a9e2553a23c277a1d042d0,2026-01,Northumbria Police,Northumbria Police,-1.452686,55.039931,On or near Supermarket,E01008585,North Tyneside 006B,Public order,Under investigation,
2d8f8660cbab4d19580c2ba0bd40cc56b4c630e2ac9e884c8af17fa6b30d12b7,2026-01,Northumbria Police,Northumbria Police,-1.452420,55.037647,On or near Hillheads Court,E01008585,North Tyneside 006B,Robbery,Under investigation,
d8a70b5e211d1ed0e591cfac174bedb1b148ec3e26e173efd1d41c40abcafe17,2026-01,Northumbria Police,Northumbria Police,-1.452686,55.039931,On or near Supermarket,E01008585,North Tyneside 006B,Shoplifting,Investigation complete; no suspect identified,
64c92717cec90d5da66a413511a5e9f05fbbfd70c7b90dc39cf0d947495edaf6,2026-01,Northumbria Police,Northumbria Police,-1.449596,55.041616,On or near Park Gardens,E01008585,North Tyneside 006B,Vehicle crime,Investigation complete; no suspect identified,
471dbe3ef52ac9c4ca5cc81367852fae69f5e5ebf1abab576c8faa741226e65a,2026-01,Northumbria Police,Northumbria Police,-1.448552,55.043606,On or near Park Parade,E01008585,North Tyneside 006B,Violence and sexual offences,Under investigation,
06080db0e9f2d2519de4d31e5b81eef9507913a22eed716ae5937fecb6dd8135,2026-01,Northumbria Police,Northumbria Police,-1.452420,55.037647,On or near Hillheads Court,E01008585,North Tyneside 006B,Violence and sexual offences,Under investigation,
fc352b6f10e78225fcc3b603c9ea572dc8d6d1dd354f3654f32688ab6027c1e0,2026-01,Northumbria Police,Northumbria Police,-1.451251,55.043097,On or near Warkworth Avenue,E01008585,North Tyneside 006B,Violence and sexual offences,Investigation complete; no suspect identified,
,2026-01,Northumbria Police,Northumbria Police,-1.436471,55.037997,On or near Marden Crescent,E01008587,North Tyneside 006C,Anti-social behaviour,,
688483f821e7b6688b524d02f9f2940e9c77be7a6f407c01f9d1e0a6d1c93348,2026-01,Northumbria Police,Northumbria Police,-1.438182,55.042058,On or near Helena Avenue,E01008587,North Tyneside 006C,Public order,Investigation complete; no suspect identified,
09614e2753b4cd534780129729c6c3212212a211d7d42aefe62e1b4c19cdcd2c,2026-01,Northumbria Police,Northumbria Police,-1.435468,55.039233,On or near Grafton Road,E01008587,North Tyneside 006C,Violence and sexual offences,Awaiting court outcome,
,2026-01,Northumbria Police,Northumbria Police,-1.438761,55.039823,On or near Egremont Place,E01008588,North Tyneside 006D,Anti-social behaviour,,
dcec541a353a3f7d2d32d4cecc031d69ef2b60fcc539982270f4468d9fbedb0b,2026-01,Northumbria Police,Northumbria Police,-1.487999,55.039060,On or near Harewood Crescent,E01008518,North Tyneside 007A,Violence and sexual offences,Investigation complete; no suspect identified,
,2026-01,Northumbria Police,Northumbria Police,-1.489843,55.040524,On or near Otterburn Avenue,E01008564,North Tyneside 007B,Anti-social behaviour,,
,2026-01,Northumbria Police,Northumbria Police,-1.509853,55.036976,On or near Abbey Terrace,E01008567,North Tyneside 007D,Anti-social behaviour,,
,2026-01,Northumbria Police,Northumbria Police,-1.504424,55.036954,On or near Shiremoor,E01008567,North Tyneside 007D,Anti-social behaviour,,
,2026-01,Northumbria Police,Northumbria Police,-1.540934,55.039146,On or near Humble Close,E01035625,North Tyneside 007E,Anti-social behaviour,,
,2026-01,Northumbria Police,Northumbria Police,-1.524751,55.043433,On or near Stretton Way,E01035625,North Tyneside 007E,Anti-social behaviour,,
,2026-01,Northumbria Police,Northumbria Police,-1.527437,55.042545,On or near Claverley Drive,E01035625,North Tyneside 007E,Anti-social behaviour,,
,2026-01,Northumbria Police,Northumbria Police,-1.516044,55.038744,On or near Deleval Crescent,E01035626,North Tyneside 007F,Anti-social behaviour,,
d4d8100e0a1ac521683b5f9cd160c5ee75f256737df967a650cd32bac25d077f,2026-01,Northumbria Police,Northumbria Police,-1.513800,55.036632,On or near Trevelyan Close,E01035626,North Tyneside 007F,Violence and sexual offences,Under investigation,
edfaaa36ff8a0fc992d23a515099fe3a07acac18a443d96a9cc96a286e366496,2026-01,Northumbria Police,Northumbria Police,-1.525495,55.042726,On or near Shrewsbury Drive,E01035626,North Tyneside 007F,Violence and sexual offences,Under investigation,
621732563539687abdd56a6883d01a9c8f88e72374be57b0997c2a22cf0a783b,2026-01,Northumbria Police,Northumbria Police,-1.513800,55.036632,On or near Trevelyan Close,E01035626,North Tyneside 007F,Violence and sexual offences,Under investigation,
a5423131b832f847792a93e42b87f4f4dd890dd186701a0ae58e5562091b68e4,2026-01,Northumbria Police,Northumbria Police,-1.574685,55.045190,On or near Strawberry Terrace,E01008475,North Tyneside 008A,Vehicle crime,Under investigation,
759159ddabb5f6d49345ced6149fbc63c6046a26bb0980c284136a28cde554e2,2026-01,Northumbria Police,Northumbria Police,-1.574685,55.045190,On or near Strawberry Terrace,E01008475,North Tyneside 008A,Vehicle crime,Under investigation,
cdc553e4a07ee29b9e2680d0b8037c4a66d0789839127725543973b45e96bdfa,2026-01,Northumbria Police,Northumbria Police,-1.574452,55.043536,On or near Coburn Close,E01008475,North Tyneside 008A,Violence and sexual offences,Under investigation,
,2026-01,Northumbria Police,Northumbria Police,-1.588725,55.046532,On or near Parking Area,E01008476,North Tyneside 008B,Anti-social behaviour,,
d2da9aa0e3f48eb5b2a1fecb49d98cde327d302f86641eff6f30a19c2759b640,2026-01,Northumbria Police,Northumbria Police,-1.579570,55.043428,On or near Front Street,E01008476,North Tyneside 008B,Criminal damage and arson,Investigation complete; no suspect identified,
6e2dd5032b5187c71ad0628830579d4aa6ab60e43362c22c0622f7fe4a7a032d,2026-01,Northumbria Police,Northumbria Police,-1.578132,55.041778,On or near Reed Avenue,E01008476,North Tyneside 008B,Violence and sexual offences,Under investigation,
c0e87d384ea7a690a1fa01b080b80ab0f42e4fe1c4c22990553cb68d67ba510d,2026-01,Northumbria Police,Northumbria Police,-1.578252,55.042300,On or near Allanville,E01008476,North Tyneside 008B,Violence and sexual offences,Under investigation,
,2026-01,Northumbria Police,Northumbria Police,-1.571249,55.034242,On or near Rothley Court,E01008479,North Tyneside 008D,Anti-social behaviour,,
,2026-01,Northumbria Police,Northumbria Police,-1.570614,55.036567,On or near West Wynd,E01008479,North Tyneside 008D,Anti-social behaviour,,
,2026-01,Northumbria Police,Northumbria Police,-1.570614,55.036567,On or near West Wynd,E01008479,North Tyneside 008D,Anti-social behaviour,,
,2026-01,Northumbria Police,Northumbria Police,-1.573973,55.031115,On or near Ryder Court,E01008479,North Tyneside 008D,Anti-social behaviour,,
,2026-01,Northumbria Police,Northumbria Police,-1.570064,55.033905,On or near Broomlee Road,E01008479,North Tyneside 008D,Anti-social behaviour,,
34ebe05acf24dd58c859ac33d6e31c59e3cb70ce8eabfd3f464035de2ec6fb68,2026-01,Northumbria Police,Northumbria Police,-1.569126,55.036759,On or near Citadel West,E01008479,North Tyneside 008D,Violence and sexual offences,Investigation complete; no suspect identified,
,2026-01,Northumbria Police,Northumbria Police,-1.471718,55.034875,On or near Cambo Avenue,E01008552,North Tyneside 009A,Anti-social behaviour,,
1de309df05aa2cad4442c75a6f79cd4bd3a660a3fe3770cc7de0dcef8cafc784,2026-01,Northumbria Police,Northumbria Police,-1.458664,55.042276,On or near Monkseaton,E01008553,North Tyneside 009B,Criminal damage and arson,Investigation complete; no suspect identified,
ebae12087573e5c902896104b7b7dfa8725a4467cdd44198413642f2d34a7f9d,2026-01,Northumbria Police,Northumbria Police,-1.467701,55.038129,On or near Crawford Place,E01008553,North Tyneside 009B,Violence and sexual offences,Under investigation,
595d279acbfe39c9dde47f9ee6b1250a3061a9bef4eb81634108eae64885ad79,2026-01,Northumbria Police,Northumbria Police,-1.463664,55.040510,On or near Chapel Lane,E01008553,North Tyneside 009B,Violence and sexual offences,Under investigation,
,2026-01,Northumbria Police,Northumbria Police,-1.456080,55.037763,On or near Chestnut Avenue,E01008554,North Tyneside 009C,Anti-social behaviour,,
,2026-01,Northumbria Police,Northumbria Police,-1.457250,55.039179,On or near The Nook,E01008554,North Tyneside 009C,Anti-social behaviour,,
,2026-01,Northumbria Police,Northumbria Police,-1.457250,55.039179,On or near The Nook,E01008554,North Tyneside 009C,Anti-social behaviour,,
3c3d18f852b1ad77cb88aada0f852262b5568ce331bbbed9d128005375d6fc35,2026-01,Northumbria Police,Northumbria Police,-1.455756,55.039729,On or near Belvedere Avenue,E01008554,North Tyneside 009C,Violence and sexual offences,Awaiting court outcome,
eecbd303566378495aaa984f2b0f3af123f57836e19ca54f4db87c7cab303844,2026-01,Northumbria Police,Northumbria Police,-1.459072,55.039816,On or near The Gardens,E01008554,North Tyneside 009C,Violence and sexual offences,Under investigation,
,2026-01,Northumbria Police,Northumbria Police,-1.448765,55.047453,On or near Elmwood Grove,E01008586,North Tyneside 009E,Anti-social behaviour,,
bd40cc0143e1f443c648f163da399c87bb4f7e072bb903c3bfd79a5ac5f3bb70,2026-01,Northumbria Police,Northumbria Police,-1.456750,55.043769,On or near Sanderson Road,E01008586,North Tyneside 009E,Shoplifting,Under investigation,
8e19e7bfecd454697e2412e9c286fe9bc354d406ab2e130991aa834badb301ea,2026-01,Northumbria Police,Northumbria Police,-1.456750,55.043769,On or near Sanderson Road,E01008586,North Tyneside 009E,Shoplifting,Awaiting court outcome,
d955078c0f2db80876ece86b622345a82819b55d5dad06011522ace3efeb2a37,2026-01,Northumbria Police,Northumbria Police,-1.456750,55.043769,On or near Sanderson Road,E01008586,North Tyneside 009E,Shoplifting,Awaiting court outcome,
feeef30d7782292e988b3219ed02c2c7f73049199511691289d8a9cbe1802e12,2026-01,Northumbria Police,Northumbria Police,-1.440526,55.032238,On or near The Broadway,E01008495,North Tyneside 010A,Violence and sexual offences,Investigation complete; no suspect identified,
,2026-01,Northumbria Police,Northumbria Police,-1.431553,55.037237,On or near Cliff Row,E01008496,North Tyneside 010B,Anti-social behaviour,,
,2026-01,Northumbria Police,Northumbria Police,-1.432524,55.034950,On or near Further/Higher Educational Building,E01008496,North Tyneside 010B,Anti-social behaviour,,
,2026-01,Northumbria Police,Northumbria Police,-1.435602,55.037499,On or near John Street,E01008496,North Tyneside 010B,Anti-social behaviour,,
,2026-01,Northumbria Police,Northumbria Police,-1.431553,55.037237,On or near Cliff Row,E01008496,North Tyneside 010B,Anti-social behaviour,,
,2026-01,Northumbria Police,Northumbria Police,-1.432524,55.034950,On or near Further/Higher Educational Building,E01008496,North Tyneside 010B,Anti-social behaviour,,
,2026-01,Northumbria Police,Northumbria Police,-1.431626,55.030938,On or near Beverley Gardens,E01008496,North Tyneside 010B,Anti-social behaviour,,
86f525f65e84d2ea1d0304f8adc3c9104f886c5771cc7919990602d8af8ffa29,2026-01,Northumbria Police,Northumbria Police,-1.432524,55.034950,On or near Further/Higher Educational Building,E01008496,North Tyneside 010B,Robbery,Investigation complete; no suspect identified,
19d01c2708f4bbfb72aa9d819156ca354a06a8deb77386ac13451562c5c9275e,2026-01,Northumbria Police,Northumbria Police,-1.435275,55.037371,On or near Supermarket,E01008496,North Tyneside 010B,Shoplifting,Awaiting court outcome,
e3a430650ec6a650fa33202b3b2829d101a63e603acceacf4956f4209ea27c07,2026-01,Northumbria Police,Northumbria Police,-1.431626,55.030938,On or near Beverley Gardens,E01008496,North Tyneside 010B,Vehicle crime,Investigation complete; no suspect identified,
,2026-01,Northumbria Police,Northumbria Police,-1.503214,55.034864,On or near Park Crescent,E01008568,North Tyneside 011B,Anti-social behaviour,,
97b3448c9b4a7bb0dd9015c5d7e2b9b27037d07e0f7b6270e4dd0774cbffadaf,2026-01,Northumbria Police,Northumbria Police,-1.498088,55.034394,On or near Allendale Crescent,E01008568,North Tyneside 011B,Violence and sexual offences,Investigation complete; no suspect identified,
7a2147c3fdb98b72e329524998602a23c56df25852ddf360d3bb46603e6c6a14,2026-01,Northumbria Police,Northumbria Police,-1.503988,55.031713,On or near Park Lane,E01008568,North Tyneside 011B,Violence and sexual offences,Investigation complete; no suspect identified,
,2026-01,Northumbria Police,Northumbria Police,-1.504792,55.027448,On or near Park Lane,E01008569,North Tyneside 011C,Anti-social behaviour,,
a2f82f1b389bb8d634ee237d7a24778515594f2fc5dd67bbf51d40b667438f85,2026-01,Northumbria Police,Northumbria Police,-1.510269,55.028512,On or near New York Road,E01008569,North Tyneside 011C,Other theft,Under investigation,
20d1ae03cc535f030144538d18e539694b360f62092fcd25810db6eee8a2b47b,2026-01,Northumbria Police,Northumbria Police,-1.509400,55.025391,On or near Parking Area,E01008569,North Tyneside 011C,Public order,Under investigation,
adeb69f05297a04aeeaba261f4692e50bdd92ba3cde4a62d38038d415a596286,2026-01,Northumbria Police,Northumbria Police,-1.507214,55.034044,On or near Witton Road,E01008569,North Tyneside 011C,Other crime,Under investigation,
a3ac0d009d684b3f75ad1624f5d805824f6fdf01d3fb90ba830d23a6bf6de26f,2026-01,Northumbria Police,Northumbria Police,-1.514292,55.027028,On or near Turner Street,E01008570,North Tyneside 011D,Burglary,Investigation complete; no suspect identified,
,2026-01,Northumbria Police,Northumbria Police,-1.522822,55.031292,On or near Supermarket,E01032647,North Tyneside 011E,Anti-social behaviour,,
,2026-01,Northumbria Police,Northumbria Police,-1.520913,55.030666,On or near A186,E01032647,North Tyneside 011E,Anti-social behaviour,,
,2026-01,Northumbria Police,Northumbria Police,-1.522822,55.031292,On or near Supermarket,E01032647,North Tyneside 011E,Anti-social behaviour,,
,2026-01,Northumbria Police,Northumbria Police,-1.530471,55.036032,On or near Bluestone Court,E01032647,North Tyneside 011E,Anti-social behaviour,,
8eaa3af08d554e370d394613e1580fa40278ed2c5426c09d45e78d050b11b3d7,2026-01,Northumbria Police,Northumbria Police,-1.522822,55.031292,On or near Supermarket,E01032647,North Tyneside 011E,Public order,Investigation complete; no suspect identified,
e5840975dc5c801cdc87e5d456e7142e16b74d96f0320ed9aa3da84faf5e24d9,2026-01,Northumbria Police,Northumbria Police,-1.522822,55.031292,On or near Supermarket,E01032647,North Tyneside 011E,Shoplifting,Investigation complete; no suspect identified,
,2026-01,Northumbria Police,Northumbria Police,-1.518669,55.032500,On or near Algernon Drive,E01032648,North Tyneside 011F,Anti-social behaviour,,
,2026-01,Northumbria Police,Northumbria Police,-1.512791,55.034696,On or near Emmerson Place,E01032648,North Tyneside 011F,Anti-social behaviour,,
a9618c074f4f5273e35b65989c09a53b1a221d9479559646b6e0cff18398c4ba,2026-01,Northumbria Police,Northumbria Police,-1.519255,55.037139,On or near Haydon Gardens,E01032648,North Tyneside 011F,Criminal damage and arson,Investigation complete; no suspect identified,
660e34b0d31b2b88e56330310e02f638b719e8f6aff973dcae957b7c5b928127,2026-01,Northumbria Police,Northumbria Police,-1.518669,55.032500,On or near Algernon Drive,E01032648,North Tyneside 011F,Shoplifting,Under investigation,
7d72c2ed7951b56c716a3fc796c67f7d9675e16a4b2897667490c3cce90d91c8,2026-01,Northumbria Police,Northumbria Police,-1.511494,55.035850,On or near Boyne Gardens,E01032648,North Tyneside 011F,Violence and sexual offences,Under investigation,
0528a51c697b3b3ff83772609a0349c3474fac0b757f81f8d072b52fc6f54cdf,2026-01,Northumbria Police,Northumbria Police,-1.518669,55.032500,On or near Algernon Drive,E01032648,North Tyneside 011F,Violence and sexual offences,Under investigation,
,2026-01,Northumbria Police,Northumbria Police,-1.561345,55.025670,On or near Granville Avenue,E01008500,North Tyneside 012A,Anti-social behaviour,,
f5892a2fdb97c53b3a852486085529f6f63056be47a62c4ed7aaa67533fe78fc,2026-01,Northumbria Police,Northumbria Police,-1.548279,55.024732,On or near Young Road,E01008500,North Tyneside 012A,Other theft,Awaiting court outcome,
8aa7c9eaa35f9033cb40cdf2bed353db2d2c9a787db2ebbee11bfceb69ec5dbd,2026-01,Northumbria Police,Northumbria Police,-1.548279,55.024732,On or near Young Road,E01008500,North Tyneside 012A,Public order,Investigation complete; no suspect identified,
,2026-01,Northumbria Police,Northumbria Police,-1.568761,55.032786,On or near Parking Area,E01008505,North Tyneside 012B,Anti-social behaviour,,
,2026-01,Northumbria Police,Northumbria Police,-1.568761,55.032786,On or near Parking Area,E01008505,North Tyneside 012B,Anti-social behaviour,,
ce1b72fbebc5665182f32a2aba7b4c00628348fe39419a83d00616965c47267e,2026-01,Northumbria Police,Northumbria Police,-1.563436,55.036200,On or near Stratford Close,E01008505,North Tyneside 012B,Criminal damage and arson,Under investigation,
468c567d19573410352e22a51a3f53c4d0b43684fd038313c1c8e48042e75cac,2026-01,Northumbria Police,Northumbria Police,-1.563436,55.036200,On or near Stratford Close,E01008505,North Tyneside 012B,Public order,Investigation complete; no suspect identified,
13a3e5e98e26917216a5ad9862ce13fd3fddad9bd9d69adee60f5406eda77e76,2026-01,Northumbria Police,Northumbria Police,-1.563436,55.036200,On or near Stratford Close,E01008505,North Tyneside 012B,Shoplifting,Investigation complete; no suspect identified,
a58c67d49eae354e3b2102fc4b366776448d72cd32f637db9893091a57b7cfb3,2026-01,Northumbria Police,Northumbria Police,-1.563436,55.036200,On or near Stratford Close,E01008505,North Tyneside 012B,Shoplifting,Investigation complete; no suspect identified,
,2026-01,Northumbria Police,Northumbria Police,-1.550445,55.033870,On or near Applewood,E01008507,North Tyneside 012D,Anti-social behaviour,,
,2026-01,Northumbria Police,Northumbria Police,-1.559288,55.033552,On or near East Bailey,E01008507,North Tyneside 012D,Anti-social behaviour,,
2ef1fad6da3e0930a737d4211538f9e6b25b1a3109d00e1a85c47d806d74d4a6,2026-01,Northumbria Police,Northumbria Police,-1.560690,55.034078,On or near Garth Thirty Two,E01008507,North Tyneside 012D,Violence and sexual offences,Under investigation,
8b77cbc743591096c8d07bbf313c19dda39004ad0e7d39e8df8abf6488bd57c0,2026-01,Northumbria Police,Northumbria Police,-1.547788,55.036350,On or near Harwood Drive,E01008507,North Tyneside 012D,Violence and sexual offences,Under investigation,
7ce50026551f6695dafaddcc6e6cd6477f28ab0b84cc9c8d905b3a671c26f993,2026-01,Northumbria Police,Northumbria Police,-1.445947,55.025999,On or near Bavington Gardens,E01008493,North Tyneside 013A,Violence and sexual offences,Under investigation,
b191cf6666eb1b910af5185001b9668a8332444838be9ac9ab24258308c2ec4c,2026-01,Northumbria Police,Northumbria Police,-1.446940,55.024296,On or near Campsie Crescent,E01008493,North Tyneside 013A,Violence and sexual offences,Under investigation,
,2026-01,Northumbria Police,Northumbria Police,-1.452478,55.024222,On or near Preston Wood,E01008494,North Tyneside 013B,Anti-social behaviour,,
852109b3e9eb551dc7e262f7101e9e680f73be8e6516347286e39813f216abea,2026-01,Northumbria Police,Northumbria Police,-1.452343,55.024959,On or near Cambo Place,E01008494,North Tyneside 013B,Other theft,Under investigation,
551ed73f0a51d58d72e54edce62b4bf3e6d53ff6fe6c41595db9090c5f5cab26,2026-01,Northumbria Police,Northumbria Police,-1.450676,55.023298,On or near Beach Road,E01008494,North Tyneside 013B,Violence and sexual offences,Under investigation,
997b05d345b375d9c1b786f460487fe4c9a5de2768ff7e940b3720b17e91a013,2026-01,Northumbria Police,Northumbria Police,-1.452343,55.024959,On or near Cambo Place,E01008494,North Tyneside 013B,Violence and sexual offences,Under investigation,
9de92884ceac20449008bb52ca10a1dde1af4abf707fae09bbaad2f66671af83,2026-01,Northumbria Police,Northumbria Police,-1.452343,55.024959,On or near Cambo Place,E01008494,North Tyneside 013B,Violence and sexual offences,Under investigation,
2b93e805937cd930b547f3fb3fe95a57577528caaad9fc93ad2ae8acdb411f5e,2026-01,Northumbria Police,Northumbria Police,-1.463121,55.028394,On or near Cotswold Road,E01008556,North Tyneside 013C,Other theft,Investigation complete; no suspect identified,
b0ca4e222f6b7b1f11878bc42ea145abbbf72ee7462120b0e048cc9e7def216a,2026-01,Northumbria Police,Northumbria Police,-1.463121,55.028394,On or near Cotswold Road,E01008556,North Tyneside 013C,Violence and sexual offences,Under investigation,
1df3126cc8f06a1fe039b9864a4350c759bd39c764c874815b43975848aef2f9,2026-01,Northumbria Police,Northumbria Police,-1.463121,55.028394,On or near Cotswold Road,E01008556,North Tyneside 013C,Other crime,Investigation complete; no suspect identified,
16cfb3740248825c755f76dc9077cceae71437ff33ea881a84eabef44f4db4be,2026-01,Northumbria Police,Northumbria Police,-1.461152,55.022437,On or near Westbury Road,E01008557,North Tyneside 013D,Criminal damage and arson,Under investigation,
8783580e8c01fd41d1e0f3965504e46b80dd197b18583e409c2d7d4b16953b3e,2026-01,Northumbria Police,Northumbria Police,-1.456814,55.023963,On or near Supermarket,E01008557,North Tyneside 013D,Shoplifting,Investigation complete; no suspect identified,
d40ee6fa6cc1f9a85f0bd9bb125f90716b3ee2fc147a291ba63957c4d67bfec5,2026-01,Northumbria Police,Northumbria Police,-1.456814,55.023963,On or near Supermarket,E01008557,North Tyneside 013D,Shoplifting,Awaiting court outcome,
2c17784334b18b69811bd189682fae44599f5e41a7e80210abe3153fa2dd30b9,2026-01,Northumbria Police,Northumbria Police,-1.461152,55.022437,On or near Westbury Road,E01008557,North Tyneside 013D,Theft from the person,Under investigation,
b537b5650302cd416792a367b39c20103923e2a20fa5cfac0d0343719edcb85f,2026-01,Northumbria Police,Northumbria Police,-1.456814,55.023963,On or near Supermarket,E01008557,North Tyneside 013D,Violence and sexual offences,Under investigation,
,2026-01,Northumbria Police,Northumbria Police,-1.568022,55.018594,On or near Connaught Gardens,E01008470,North Tyneside 014A,Anti-social behaviour,,
,2026-01,Northumbria Police,Northumbria Police,-1.565996,55.022325,On or near Whitfield Road,E01008470,North Tyneside 014A,Anti-social behaviour,,
2232cb08c97cd0882760bcc0e9ae9db36e4ed3c0c2e4a12cd4ff4829ef4d6f6e,2026-01,Northumbria Police,Northumbria Police,-1.563159,55.022863,On or near Mowbray Road,E01008470,North Tyneside 014A,Violence and sexual offences,Under investigation,
4feb5100b01ceb3069d14e7961b826ece8ed2459221c8aabb87e6452d448e6b5,2026-01,Northumbria Police,Northumbria Police,-1.563159,55.022863,On or near Mowbray Road,E01008470,North Tyneside 014A,Violence and sexual offences,Investigation complete; no suspect identified,
59bd20ae654d21762373096dba9c5d65d71120fc44506628b9b2241be76c7285,2026-01,Northumbria Police,Northumbria Police,-1.572116,55.024845,On or near Glebe Villas,E01008499,North Tyneside 014B,Public order,Under investigation,
aee813e921f61f8a2b38e6996a7b5e0d3525723115aa92b1b2e77915037485d0,2026-01,Northumbria Police,Northumbria Police,-1.568822,55.024223,On or near Glebe Crescent,E01008499,North Tyneside 014B,Violence and sexual offences,Under investigation,
c0c6bedc5b080fc2d7cd2ff7426dfbaf65e6968101ca489b894c4e72049d1c52,2026-01,Northumbria Police,Northumbria Police,-1.553430,55.021462,On or near Rocket Way,E01008502,North Tyneside 014C,Burglary,Investigation complete; no suspect identified,
ebc30a065efdae09ed5346f6b9cc4c4fa987ffba514ee5ac0f848ed1f3e04791,2026-01,Northumbria Police,Northumbria Police,-1.552247,55.023713,On or near Craster Avenue,E01008502,North Tyneside 014C,Public order,Investigation complete; no suspect identified,
aa076a02896b04673b4ef9364e6b675fb3c91135962d3934e92fff1ea8c9cb3e,2026-01,Northumbria Police,Northumbria Police,-1.581149,55.028615,On or near Armstrong Drive,E01008516,North Tyneside 014D,Drugs,Awaiting court outcome,
,2026-01,Northumbria Police,Northumbria Police,-1.487695,55.019963,On or near Wyndham Way,E01008488,North Tyneside 015A,Anti-social behaviour,,
,2026-01,Northumbria Police,Northumbria Police,-1.487695,55.019963,On or near Wyndham Way,E01008488,North Tyneside 015A,Anti-social behaviour,,
,2026-01,Northumbria Police,Northumbria Police,-1.489370,55.021130,On or near Dereham Way,E01008488,North Tyneside 015A,Anti-social behaviour,,
0e774fb89e73cb03944960d2b65474985371a3885631bb41dcf823432f8cad27,2026-01,Northumbria Police,Northumbria Police,-1.487695,55.019963,On or near Wyndham Way,E01008488,North Tyneside 015A,Criminal damage and arson,Investigation complete; no suspect identified,
844e9f16cadfacdc15482a1735b023b9d60f5e131056f621006f8b3bef5ccc8f,2026-01,Northumbria Police,Northumbria Police,-1.488713,55.021073,On or near Ewen Court,E01008488,North Tyneside 015A,Violence and sexual offences,Investigation complete; no suspect identified,
02cab85ccef910514f8cd7ec21a66a774ab8488e2fb0d486b65eeaaef23b9e60,2026-01,Northumbria Police,Northumbria Police,-1.486564,55.022852,On or near Guisborough Drive,E01008488,North Tyneside 015A,Violence and sexual offences,Investigation complete; no suspect identified,
,2026-01,Northumbria Police,Northumbria Police,-1.478813,55.024661,On or near Rake Lane,E01008489,North Tyneside 015B,Anti-social behaviour,,
,2026-01,Northumbria Police,Northumbria Police,-1.474745,55.021175,On or near Swanage Close,E01008489,North Tyneside 015B,Anti-social behaviour,,
90dbe2614624e1abb624f6354da368ed1f97ce8f00e4e2626c367c31f73bfbd0,2026-01,Northumbria Police,Northumbria Police,-1.474745,55.021175,On or near Swanage Close,E01008489,North Tyneside 015B,Criminal damage and arson,Investigation complete; no suspect identified,
9b50462f0514a6cb76a5626f4990e426ac475301f8d472691562fa0bdc78fdc4,2026-01,Northumbria Police,Northumbria Police,-1.477509,55.021538,On or near Tamar Close,E01008489,North Tyneside 015B,Violence and sexual offences,Under investigation,
,2026-01,Northumbria Police,Northumbria Police,-1.480817,55.017283,On or near Chirton Hill Drive,E01008490,North Tyneside 015C,Anti-social behaviour,,
cc2e3da4d9c80704f84ffbdb0e985135c2d35a28292470ccc91bcce152ca807c,2026-01,Northumbria Police,Northumbria Police,-1.478709,55.024266,On or near Exeter Road,E01008490,North Tyneside 015C,Public order,Under investigation,
fac1529d87a905a367a8000ddea74b38ea7de1f13ecf5402cb42c577daafde28,2026-01,Northumbria Police,Northumbria Police,-1.480751,55.023636,On or near Billy Mill Lane,E01008490,North Tyneside 015C,Violence and sexual offences,Awaiting court outcome,
,2026-01,Northumbria Police,Northumbria Police,-1.495523,55.010668,On or near Mallard Way,E01008491,North Tyneside 015D,Anti-social behaviour,,
,2026-01,Northumbria Police,Northumbria Police,-1.495523,55.010668,On or near Mallard Way,E01008491,North Tyneside 015D,Anti-social behaviour,,
,2026-01,Northumbria Police,Northumbria Police,-1.495067,55.013308,On or near Osprey Drive,E01008491,North Tyneside 015D,Anti-social behaviour,,
,2026-01,Northumbria Police,Northumbria Police,-1.495523,55.010668,On or near Mallard Way,E01008491,North Tyneside 015D,Anti-social behaviour,,
,2026-01,Northumbria Police,Northumbria Police,-1.495523,55.010668,On or near Mallard Way,E01008491,North Tyneside 015D,Anti-social behaviour,,
,2026-01,Northumbria Police,Northumbria Police,-1.496828,55.012534,On or near The Silverlink,E01008491,North Tyneside 015D,Anti-social behaviour,,
736bfa8257a293ec1c26cae676dc2a7b989af5393b86a7ec67e329399f9410df,2026-01,Northumbria Police,Northumbria Police,-1.495523,55.010668,On or near Mallard Way,E01008491,North Tyneside 015D,Criminal damage and arson,Investigation complete; no suspect identified,
b4909b11244c846278b27ef294c01768f6d5ea18d121c8786e689d8d6c47e952,2026-01,Northumbria Police,Northumbria Police,-1.493965,55.011205,On or near Shopping Area,E01008491,North Tyneside 015D,Other theft,Under investigation,
05c03a1454f2b3a065f504886bed9d94abf8cd34d85dffa14e78282a24fb1923,2026-01,Northumbria Police,Northumbria Police,-1.489962,55.018841,On or near Larch Court,E01008491,North Tyneside 015D,Public order,Under investigation,
4f8680f2ff829b01f6f94dcb6661e0ff0c868eea63c60d203bec6491c6c90cdd,2026-01,Northumbria Police,Northumbria Police,-1.485808,55.018347,On or near Aldwych Drive,E01008491,North Tyneside 015D,Public order,Under investigation,
082dc803c0e272258e83759fb39f4240b27033fed0f525443b58d089f03ac204,2026-01,Northumbria Police,Northumbria Police,-1.493965,55.011205,On or near Shopping Area,E01008491,North Tyneside 015D,Shoplifting,Under investigation,
5a4eab51000d1fde644310c02a72c54dfb32bbb033bb619c37938b2b7d07007e,2026-01,Northumbria Police,Northumbria Police,-1.495627,55.011046,On or near Shopping Area,E01008491,North Tyneside 015D,Shoplifting,Investigation complete; no suspect identified,
52f3ff54978f25f97390b57bb87c5b655d013fadf14d3d0bc572d581e83cdab7,2026-01,Northumbria Police,Northumbria Police,-1.493965,55.011205,On or near Shopping Area,E01008491,North Tyneside 015D,Shoplifting,Under investigation,
a8084809d5f06a096b0742eba40fa0ea0072706402aff3da725b2245f24f52b0,2026-01,Northumbria Police,Northumbria Police,-1.495627,55.011046,On or near Shopping Area,E01008491,North Tyneside 015D,Shoplifting,Investigation complete; no suspect identified,
fc6c146077b4192f1f49f2c79854c70066f767c087cc6fd289435f67d28067ee,2026-01,Northumbria Police,Northumbria Police,-1.493262,55.017542,On or near Alder Road,E01008491,North Tyneside 015D,Vehicle crime,Investigation complete; no suspect identified,
d5c4f7cd7ae5f2de617549c2f42b1d628531f23a8d94b26057dddbbb255a988e,2026-01,Northumbria Police,Northumbria Police,-1.486441,55.017747,On or near Norham Road North,E01008491,North Tyneside 015D,Violence and sexual offences,Under investigation,
777b7f3299dcc94e249f0ed47c2122d377ea6ac5be3847e5049add2743d43131,2026-01,Northumbria Police,Northumbria Police,-1.483653,55.019281,On or near Adelphi Close,E01008491,North Tyneside 015D,Violence and sexual offences,Under investigation,
,2026-01,Northumbria Police,Northumbria Police,-1.426791,55.017859,On or near Huntingdon Place,E01008558,North Tyneside 016A,Anti-social behaviour,,
b175196bca127069cab35ec0b04a04507c909474f442034ed8fcaa424093a0d9,2026-01,Northumbria Police,Northumbria Police,-1.429364,55.017278,On or near Parking Area,E01008558,North Tyneside 016A,Other theft,Investigation complete; no suspect identified,
89c73079754867f2cbd73e197eadf83d2afbd28302bdb604ab7fc7d14898057d,2026-01,Northumbria Police,Northumbria Police,-1.430380,55.016249,On or near Beanley Crescent,E01008558,North Tyneside 016A,Other theft,Investigation complete; no suspect identified,
46b4976a138fd2c93d0c59cb623585c6520d8dc6cda42d2d797d9ce246c94bac,2026-01,Northumbria Police,Northumbria Police,-1.429196,55.014824,On or near Rodney Close,E01008558,North Tyneside 016A,Public order,Under investigation,
650514648b71444d1b056b175755785ca29608b84101b54782a96bdfb3a59fff,2026-01,Northumbria Police,Northumbria Police,-1.430380,55.016249,On or near Beanley Crescent,E01008558,North Tyneside 016A,Violence and sexual offences,Under investigation,
,2026-01,Northumbria Police,Northumbria Police,-1.425187,55.017375,On or near Shopping Area,E01008560,North Tyneside 016B,Anti-social behaviour,,
,2026-01,Northumbria Police,Northumbria Police,-1.424743,55.017331,On or near Supermarket,E01008560,North Tyneside 016B,Anti-social behaviour,,
,2026-01,Northumbria Police,Northumbria Police,-1.425784,55.017153,On or near Colbeck Terrace,E01008560,North Tyneside 016B,Anti-social behaviour,,
0a46b63638950b5773d5fa1627e69c0b65bc87b4e30a07b766b239859432d3b1,2026-01,Northumbria Police,Northumbria Police,-1.424255,55.018332,On or near Theatre/Concert Hall,E01008560,North Tyneside 016B,Other theft,Investigation complete; no suspect identified,
fb6ceb0b07dd8f3c462db0c2be70eb95ce62c15da5fbc16d8bd260a9bf7e6d2b,2026-01,Northumbria Police,Northumbria Police,-1.424743,55.017331,On or near Supermarket,E01008560,North Tyneside 016B,Shoplifting,Investigation complete; no suspect identified,
13a8fb84a521e79482ba200daa2e31bf3427e666488a287d7255bece26a38eb9,2026-01,Northumbria Police,Northumbria Police,-1.424743,55.017331,On or near Supermarket,E01008560,North Tyneside 016B,Violence and sexual offences,Investigation complete; no suspect identified,
f47c49360835cf2868704dbda6af1a6f15b66371426c8f296df4d8ed4eb94f49,2026-01,Northumbria Police,Northumbria Police,-1.432463,55.013814,On or near River View,E01008561,North Tyneside 016C,Robbery,Investigation complete; no suspect identified,
,2026-01,Northumbria Police,Northumbria Police,-1.455150,55.015167,On or near Balmoral Gardens,E01008525,North Tyneside 017A,Anti-social behaviour,,
3aca2c32d94cefa99dc5453b48b39530ccec75a1b3173838cb95b3a18a226038,2026-01,Northumbria Police,Northumbria Police,-1.452345,55.015640,On or near Windsor Gardens,E01008525,North Tyneside 017A,Other theft,Investigation complete; no suspect identified,
498892c7f54bf945961c13bda1284d921b33fffa0542b3486767d2d9413261d5,2026-01,Northumbria Police,Northumbria Police,-1.446368,55.015846,On or near Bamborough Terrace,E01008527,North Tyneside 017B,Violence and sexual offences,Under investigation,
155b8b14c9a34e13ae1c5a4e92f9bcc21883cc4f37fcb9ed6795daaca19052ac,2026-01,Northumbria Police,Northumbria Police,-1.438971,55.014689,On or near Princes Street,E01008559,North Tyneside 017C,Violence and sexual offences,Investigation complete; no suspect identified,
,2026-01,Northumbria Police,Northumbria Police,-1.578557,55.010211,On or near Four Lane Ends,E01008469,North Tyneside 018A,Anti-social behaviour,,
,2026-01,Northumbria Police,Northumbria Police,-1.578651,55.010256,On or near Four Lane Ends Interchange,E01008469,North Tyneside 018A,Anti-social behaviour,,
3166db1f920be5dfea322f0e5391eb129466b9cde12cc83e7a76c0513eb8549c,2026-01,Northumbria Police,Northumbria Police,-1.574502,55.007798,On or near Portrush Way,E01008469,North Tyneside 018A,Criminal damage and arson,Investigation complete; no suspect identified,
b640b1d783810bbb3d38158594212cb6a4bf90edefde45dae47d2852c56af4d5,2026-01,Northumbria Police,Northumbria Police,-1.563378,55.006968,On or near Colliery Close,E01008469,North Tyneside 018A,Public order,Under investigation,
dedc319c2c193039edeb1356ab7dba27e59ef9553a495d348474e052a5e46ab7,2026-01,Northumbria Police,Northumbria Police,-1.564844,55.011727,On or near Belvedere Gardens,E01008469,North Tyneside 018A,Public order,Under investigation,
e0ca2345c647db112e4d7068f05e1e3b0ee92d81c5aec5247cb3831bfc80a37a,2026-01,Northumbria Police,Northumbria Police,-1.574502,55.007798,On or near Portrush Way,E01008469,North Tyneside 018A,Violence and sexual offences,Under investigation,
,2026-01,Northumbria Police,Northumbria Police,-1.567463,55.013839,On or near Benton,E01008473,North Tyneside 018C,Anti-social behaviour,,
510fd24b35ddd6cf4531269fef7ea00688f10dd6eb42d0f3d9099f669d18eaba,2026-01,Northumbria Police,Northumbria Police,-1.567463,55.013839,On or near Benton,E01008473,North Tyneside 018C,Public order,Investigation complete; no suspect identified,
1582f38cefcec4a9783f23b36fe67db39c2af74708ee310fa36e6194a2672da6,2026-01,Northumbria Police,Northumbria Police,-1.567463,55.013839,On or near Benton,E01008473,North Tyneside 018C,Shoplifting,Investigation complete; no suspect identified,
,2026-01,Northumbria Police,Northumbria Police,-1.544707,55.023838,On or near Elizabeth Court,E01008503,North Tyneside 018E,Anti-social behaviour,,
,2026-01,Northumbria Police,Northumbria Police,-1.544707,55.023838,On or near Elizabeth Court,E01008503,North Tyneside 018E,Anti-social behaviour,,
,2026-01,Northumbria Police,Northumbria Police,-1.541237,55.023592,On or near Palmersville,E01008503,North Tyneside 018E,Anti-social behaviour,,
cc16094bad230c608d1f0b481f5e21fa6a3fca6bd0e3452660befe1b7f7e6cb5,2026-01,Northumbria Police,Northumbria Police,-1.544707,55.023838,On or near Elizabeth Court,E01008503,North Tyneside 018E,Criminal damage and arson,Under investigation,
b807f3bff1e383c7972454fe37d77fe5572df7d40fece618e7ddb1ecbc1866bb,2026-01,Northumbria Police,Northumbria Police,-1.544707,55.023838,On or near Elizabeth Court,E01008503,North Tyneside 018E,Criminal damage and arson,Investigation complete; no suspect identified,
953d3e75e91df4c5634479f74506b0d216e2937d1d27edbb775c90f909f60ad9,2026-01,Northumbria Police,Northumbria Police,-1.541237,55.023592,On or near Palmersville,E01008503,North Tyneside 018E,Other theft,Investigation complete; no suspect identified,
3ce975c8d91b3077835f95703c880d74f242df5da09494713c8903a4f6bc170a,2026-01,Northumbria Police,Northumbria Police,-1.541237,55.023592,On or near Palmersville,E01008503,North Tyneside 018E,Public order,Investigation complete; no suspect identified,
8bdbb2eeb29604bba24d8ad8d56dd8e08b21cd3d07f3f9fb1dd336eeeb3a2bb9,2026-01,Northumbria Police,Northumbria Police,-1.544707,55.023838,On or near Elizabeth Court,E01008503,North Tyneside 018E,Violence and sexual offences,Awaiting court outcome,
8dd7ee0de7bb44c6858500fa5073d0faf4e9f9c60d7017edcd2c75566ea956c1,2026-01,Northumbria Police,Northumbria Police,-1.541237,55.023592,On or near Palmersville,E01008503,North Tyneside 018E,Violence and sexual offences,Under investigation,
17af7154df99c6c9d391bd1b947b5ef6939c50656af961580f28715772d1f594,2026-01,Northumbria Police,Northumbria Police,-1.529720,55.026657,On or near Devonshire Drive,E01035627,North Tyneside 018F,Criminal damage and arson,Investigation complete; no suspect identified,
593f5ff2ecc3f4c6076b92ac6019e754e75c278e76607c410fb3471e507f02cb,2026-01,Northumbria Police,Northumbria Police,-1.535175,55.024323,On or near Wesley Drive,E01035627,North Tyneside 018F,Vehicle crime,Awaiting court outcome,
,2026-01,Northumbria Police,Northumbria Police,-1.538879,55.020518,On or near Petrol Station,E01035628,North Tyneside 018G,Anti-social behaviour,,
,2026-01,Northumbria Police,Northumbria Police,-1.524748,55.022531,On or near Farm Close,E01035628,North Tyneside 018G,Anti-social behaviour,,
,2026-01,Northumbria Police,Northumbria Police,-1.536798,55.020582,On or near Supermarket,E01035628,North Tyneside 018G,Anti-social behaviour,,
718fa48a554f25c8686ff54834dfa0e16299653e857a87fedfe38a7e9a18cabc,2026-01,Northumbria Police,Northumbria Police,-1.523103,55.025382,On or near Francis Way,E01035628,North Tyneside 018G,Public order,Under investigation,
e9c8336f77c86826421a5ff1bad441d51283504b6447441385eda73f9b2b36da,2026-01,Northumbria Police,Northumbria Police,-1.536798,55.020582,On or near Supermarket,E01035628,North Tyneside 018G,Shoplifting,Investigation complete; no suspect identified,
,2026-01,Northumbria Police,Northumbria Police,-1.576169,55.017275,On or near Basingstoke Place,E01008471,North Tyneside 019A,Anti-social behaviour,,
,2026-01,Northumbria Police,Northumbria Police,-1.573491,55.017643,On or near Tenbury Crescent,E01008471,North Tyneside 019A,Anti-social behaviour,,
0b736c26ab5cda7b63316dc3fa34e1223a8688eab273579b59081035fb3081eb,2026-01,Northumbria Police,Northumbria Police,-1.574103,55.015920,On or near Widnes Place,E01008471,North Tyneside 019A,Violence and sexual offences,Under investigation,
,2026-01,Northumbria Police,Northumbria Police,-1.573818,55.014832,On or near Gladstonbury Place,E01008474,North Tyneside 019B,Anti-social behaviour,,
,2026-01,Northumbria Police,Northumbria Police,-1.594594,55.015523,On or near Merlin Place,E01008513,North Tyneside 019C,Anti-social behaviour,,
,2026-01,Northumbria Police,Northumbria Police,-1.589005,55.014533,On or near Bishop Rock Drive,E01008514,North Tyneside 019D,Anti-social behaviour,,
,2026-01,Northumbria Police,Northumbria Police,-1.584901,55.013675,On or near Weldon Road,E01008514,North Tyneside 019D,Anti-social behaviour,,
,2026-01,Northumbria Police,Northumbria Police,-1.581818,55.019928,On or near Parking Area,E01008514,North Tyneside 019D,Anti-social behaviour,,
,2026-01,Northumbria Police,Northumbria Police,-1.589005,55.014533,On or near Bishop Rock Drive,E01008514,North Tyneside 019D,Anti-social behaviour,,
8a37ca4ddb41b64a54ec83c0e3ed36794ba26f44653c6ba2399c2d95e13c31b1,2026-01,Northumbria Police,Northumbria Police,-1.582569,55.012400,On or near Oxford Close,E01008514,North Tyneside 019D,Drugs,Under investigation,
2c34cd09fdff79bd61d35f215796b88abbf8a63f896fe86f8b1eea171084a459,2026-01,Northumbria Police,Northumbria Police,-1.591427,55.016303,On or near Falcon Place,E01008514,North Tyneside 019D,Vehicle crime,Under investigation,
,2026-01,Northumbria Police,Northumbria Police,-1.592754,55.013459,On or near Pennine Way,E01032649,North Tyneside 019F,Anti-social behaviour,,
,2026-01,Northumbria Police,Northumbria Police,-1.591692,55.010202,On or near Westbury Court,E01032649,North Tyneside 019F,Anti-social behaviour,,
c3c74bb7b74b1287760d043f213a5b1784c5ae2ed809876cb1254d37406295be,2026-01,Northumbria Police,Northumbria Police,-1.591454,55.012106,On or near West Farm Avenue,E01032649,North Tyneside 019F,Other theft,Investigation complete; no suspect identified,
6dad8111025e183b1c8d7c7638b0067ca0fb966f68b67f92182cdfaa6bf1a274,2026-01,Northumbria Police,Northumbria Police,-1.586990,55.012801,On or near Charnwood Avenue,E01032649,North Tyneside 019F,Public order,Investigation complete; no suspect identified,
13417f0084e282f82916e36069d698f1b2fc1453d9c11c1105b91130cd81a6c0,2026-01,Northumbria Police,Northumbria Police,-1.591651,55.011127,On or near Clent Way,E01032649,North Tyneside 019F,Violence and sexual offences,Awaiting court outcome,
,2026-01,Northumbria Police,Northumbria Police,-1.583559,55.010390,On or near Rowanberry Road,E01032650,North Tyneside 019G,Anti-social behaviour,,
9cd954e6f9e5516d7577b28196bb851975122709277cbf7fd284345218156bc4,2026-01,Northumbria Police,Northumbria Police,-1.469595,55.011978,On or near Orlando Road,E01008486,North Tyneside 020A,Other theft,Under investigation,
,2026-01,Northumbria Police,Northumbria Police,-1.470551,55.018982,On or near Weldon Place,E01008487,North Tyneside 020B,Anti-social behaviour,,
,2026-01,Northumbria Police,Northumbria Police,-1.470551,55.018982,On or near Weldon Place,E01008487,North Tyneside 020B,Anti-social behaviour,,
,2026-01,Northumbria Police,Northumbria Police,-1.470551,55.018982,On or near Weldon Place,E01008487,North Tyneside 020B,Anti-social behaviour,,
5c77bea59bafd7e0ee7e1d0e459053bb4d84b91d5a1cf851c673dcee0f7f346f,2026-01,Northumbria Police,Northumbria Police,-1.472733,55.019540,On or near Acton Drive,E01008487,North Tyneside 020B,Burglary,Investigation complete; no suspect identified,
43f2bcc876471e067e3fe391beae1ed1e11b84a63891d27f0f5cf3fb71975f8b,2026-01,Northumbria Police,Northumbria Police,-1.470551,55.018982,On or near Weldon Place,E01008487,North Tyneside 020B,Criminal damage and arson,Under investigation,
0c56915f46bb4bbef4d49bebb47c26378de0e161ffc34e3d68d3a34176fcf1ec,2026-01,Northumbria Police,Northumbria Police,-1.470551,55.018982,On or near Weldon Place,E01008487,North Tyneside 020B,Violence and sexual offences,Awaiting court outcome,
3fab0d888fad0ec1075e41d005cbf44c7833db65eff6a4e3627ba4b1f564ea24,2026-01,Northumbria Police,Northumbria Police,-1.474720,55.018326,On or near Thropton Place,E01008487,North Tyneside 020B,Violence and sexual offences,Investigation complete; no suspect identified,
08245c99439171986e086f21487400cf14b3d620028bbaab5d082cf1f35498cd,2026-01,Northumbria Police,Northumbria Police,-1.474720,55.018326,On or near Thropton Place,E01008487,North Tyneside 020B,Violence and sexual offences,Under investigation,
471a18a8534ced83e7e6a9feed7a5751c35c477b50435238a8c73feb20b83ee7,2026-01,Northumbria Police,Northumbria Police,-1.474720,55.018326,On or near Thropton Place,E01008487,North Tyneside 020B,Violence and sexual offences,Under investigation,
2ee9790bf21a78d812075c7b54787c487c0852a2a489391414c97292d7cfa46e,2026-01,Northumbria Police,Northumbria Police,-1.472733,55.019540,On or near Acton Drive,E01008487,North Tyneside 020B,Violence and sexual offences,Investigation complete; no suspect identified,
6e577b6c636fdcafb6b02aa7779b42e2b268e9e8f5d7cbeb0f958070dc94eff1,2026-01,Northumbria Police,Northumbria Police,-1.470551,55.018982,On or near Weldon Place,E01008487,North Tyneside 020B,Violence and sexual offences,Under investigation,
,2026-01,Northumbria Police,Northumbria Police,-1.466086,55.014874,On or near Ritson Close,E01008526,North Tyneside 020C,Anti-social behaviour,,
02932575129cf8a4b09d56f14bfd661d8b8ed21681b7d39a868f2e4e9f41b9e9,2026-01,Northumbria Police,Northumbria Police,-1.456251,55.008945,On or near Spring Gardens,E01008530,North Tyneside 020D,Violence and sexual offences,Under investigation,
2a651092f29ef90d67f7669322db1bd3a320d0939cf1f29735665c2beb7842d0,2026-01,Northumbria Police,Northumbria Police,-1.509276,55.007400,On or near Embleton Avenue,E01008461,North Tyneside 021A,Shoplifting,Investigation complete; no suspect identified,
8e3e0c61c93c6e69f7fac2d2ae32916ff2a41ca259cb33710eaa28e9e7e1889d,2026-01,Northumbria Police,Northumbria Police,-1.509276,55.007400,On or near Embleton Avenue,E01008461,North Tyneside 021A,Shoplifting,Awaiting court outcome,
aa210f7cbd1a00f615a5910264177c1554c1803d3db26a29198bb33848884b9d,2026-01,Northumbria Police,Northumbria Police,-1.509276,55.007400,On or near Embleton Avenue,E01008461,North Tyneside 021A,Shoplifting,Awaiting court outcome,
cc2020761cf8d932291f90cb9892a355da5c073b85a9dcc99682417d9837b7e2,2026-01,Northumbria Police,Northumbria Police,-1.509276,55.007400,On or near Embleton Avenue,E01008461,North Tyneside 021A,Shoplifting,Awaiting court outcome,
cd380b0c71a8116a5f1bde6c7ad8e09fce47a2fd9a661ea15a55c9460aaf9b51,2026-01,Northumbria Police,Northumbria Police,-1.509276,55.007400,On or near Embleton Avenue,E01008461,North Tyneside 021A,Shoplifting,Awaiting court outcome,
262956fb7cd88c641ea57dc3f8c81b7d60a207339e5e4dc2c3f025d3963bdbfd,2026-01,Northumbria Police,Northumbria Police,-1.509276,55.007400,On or near Embleton Avenue,E01008461,North Tyneside 021A,Shoplifting,Awaiting court outcome,
63531b2861a6a8458c92a72699e1588c8ee3c772a796cb3a5bbe67b11f73e5c8,2026-01,Northumbria Police,Northumbria Police,-1.517916,55.018370,On or near Askrigg Avenue,E01008466,North Tyneside 021B,Violence and sexual offences,Under investigation,
72d1847883ce3fa41a565be3e072bf244bf103dd0481781825809388eec32029,2026-01,Northumbria Police,Northumbria Police,-1.516124,55.016530,On or near Lytham Close,E01008466,North Tyneside 021B,Violence and sexual offences,Under investigation,
,2026-01,Northumbria Police,Northumbria Police,-1.511322,55.016538,On or near Camerton Place,E01008467,North Tyneside 021C,Anti-social behaviour,,
,2026-01,Northumbria Police,Northumbria Police,-1.513752,55.017356,On or near Chelford Close,E01008467,North Tyneside 021C,Anti-social behaviour,,
343a3c7385aae8727e6a649fa96e8ae38782ee2809aad42fbcfc78a875476517,2026-01,Northumbria Police,Northumbria Police,-1.513752,55.017356,On or near Chelford Close,E01008467,North Tyneside 021C,Public order,Investigation complete; no suspect identified,
c3780ae98d428c5cbacb89ebd6569680b0383e1bf6116368c122eafa6b7ab582,2026-01,Northumbria Police,Northumbria Police,-1.502353,55.010858,On or near Police Station,E01008468,North Tyneside 021D,Criminal damage and arson,Under investigation,
64ed3b6683183030f9b30beb8667eee58d1e0e324540d13f7f7c94e132adad7f,2026-01,Northumbria Police,Northumbria Police,-1.507050,55.010392,On or near Bewick Park,E01008468,North Tyneside 021D,Violence and sexual offences,Investigation complete; no suspect identified,
bcf79c562a457339a83ac6a453effd2a964da0559fe42500545d1ff693fdf332,2026-01,Northumbria Police,Northumbria Police,-1.507050,55.010392,On or near Bewick Park,E01008468,North Tyneside 021D,Violence and sexual offences,Under investigation,
33a3314af5a369598df6ed42d0a68031dde14480a1b7760d8fae016053e4c47a,2026-01,Northumbria Police,Northumbria Police,-1.502353,55.010858,On or near Police Station,E01008468,North Tyneside 021D,Violence and sexual offences,Awaiting court outcome,
2d141a9e4eac58439540fd2ea546200306af088b62301c3b17970b7fd3c5e932,2026-01,Northumbria Police,Northumbria Police,-1.502353,55.010858,On or near Police Station,E01008468,North Tyneside 021D,Other crime,Under investigation,
,2026-01,Northumbria Police,Northumbria Police,-1.451703,55.007684,On or near Lovaine Place,E01008483,North Tyneside 022A,Anti-social behaviour,,
,2026-01,Northumbria Police,Northumbria Police,-1.451703,55.007684,On or near Lovaine Place,E01008483,North Tyneside 022A,Anti-social behaviour,,
f8a24aa4674dd6a7203d81d9579b84a0ee3af0c635b5bf8ae0663e8ca8e508d0,2026-01,Northumbria Police,Northumbria Police,-1.454302,55.007399,On or near Brannen Street,E01008483,North Tyneside 022A,Burglary,Investigation complete; no suspect identified,
6492126d778fafe41bd833e4e01a30c39097a2200dfb2aaa9cc93263228d7d19,2026-01,Northumbria Police,Northumbria Police,-1.454278,55.006833,On or near Lovaine Place West,E01008483,North Tyneside 022A,Other theft,Investigation complete; no suspect identified,
3ffd79889230787bd8a815dd26a5c12141c2bb97e22249e0d4422d436ce7dede,2026-01,Northumbria Police,Northumbria Police,-1.452661,55.008488,On or near Newcastle Street,E01008483,North Tyneside 022A,Vehicle crime,Under investigation,
,2026-01,Northumbria Police,Northumbria Police,-1.445735,55.007334,On or near Little Bedford Street,E01008524,North Tyneside 022B,Anti-social behaviour,,
,2026-01,Northumbria Police,Northumbria Police,-1.446747,55.008722,On or near Shopping Area,E01008524,North Tyneside 022B,Anti-social behaviour,,
,2026-01,Northumbria Police,Northumbria Police,-1.446747,55.008722,On or near Shopping Area,E01008524,North Tyneside 022B,Anti-social behaviour,,
,2026-01,Northumbria Police,Northumbria Police,-1.445651,55.007729,On or near Bedford Street,E01008524,North Tyneside 022B,Anti-social behaviour,,
,2026-01,Northumbria Police,Northumbria Police,-1.444222,55.010454,On or near Suez Street,E01008524,North Tyneside 022B,Anti-social behaviour,,
,2026-01,Northumbria Police,Northumbria Police,-1.445777,55.012222,On or near Kielder Terrace,E01008524,North Tyneside 022B,Anti-social behaviour,,
,2026-01,Northumbria Police,Northumbria Police,-1.448397,55.008181,On or near Railway Terrace,E01008524,North Tyneside 022B,Anti-social behaviour,,
,2026-01,Northumbria Police,Northumbria Police,-1.446162,55.008287,On or near Shopping Area,E01008524,North Tyneside 022B,Anti-social behaviour,,
,2026-01,Northumbria Police,Northumbria Police,-1.448397,55.008181,On or near Railway Terrace,E01008524,North Tyneside 022B,Anti-social behaviour,,
,2026-01,Northumbria Police,Northumbria Police,-1.444222,55.010454,On or near Suez Street,E01008524,North Tyneside 022B,Anti-social behaviour,,
,2026-01,Northumbria Police,Northumbria Police,-1.448338,55.010149,On or near Albion Terrace,E01008524,North Tyneside 022B,Anti-social behaviour,,
,2026-01,Northumbria Police,Northumbria Police,-1.446908,55.007294,On or near Rudyerd Street,E01008524,North Tyneside 022B,Anti-social behaviour,,
,2026-01,Northumbria Police,Northumbria Police,-1.449094,55.008652,On or near Russell Street,E01008524,North Tyneside 022B,Anti-social behaviour,,
9c23f0ae873a130ff619382dda239fe8c2b4154e8d87fc10fa936bcd9f518618,2026-01,Northumbria Police,Northumbria Police,-1.448338,55.010149,On or near Albion Terrace,E01008524,North Tyneside 022B,Criminal damage and arson,Awaiting court outcome,
ee0b8933b13633ba34fa4c2c47114260af6617a2a4c8831b480dd295573a3c24,2026-01,Northumbria Police,Northumbria Police,-1.447543,55.009984,On or near Church Way,E01008524,North Tyneside 022B,Criminal damage and arson,Awaiting court outcome,
09d8b095774b4dd7fe380b7385399f7c4c8821fb44995518cc57bc783b2b23ee,2026-01,Northumbria Police,Northumbria Police,-1.445651,55.007729,On or near Bedford Street,E01008524,North Tyneside 022B,Criminal damage and arson,Under investigation,
fb8982713bdccb9883b16e30511eaff4222b82320a5b7ef26b3d255d85286213,2026-01,Northumbria Police,Northumbria Police,-1.446042,55.008845,On or near Shopping Area,E01008524,North Tyneside 022B,Criminal damage and arson,Under investigation,
2c92c7fe033fcee55a13fcfbe3321e3e024984981a03f90c2506a20fa519d7bf,2026-01,Northumbria Police,Northumbria Police,-1.449083,55.009443,On or near Nile Street,E01008524,North Tyneside 022B,Criminal damage and arson,Under investigation,
24ccce3b945113955614842cc56844576749dadee2bfc8139381429861ccd6fa,2026-01,Northumbria Police,Northumbria Police,-1.446747,55.008722,On or near Shopping Area,E01008524,North Tyneside 022B,Criminal damage and arson,Awaiting court outcome,
f307e428987591d52c47bf7a447838e109bdfb9ba85e901b23d30aadb9de44f1,2026-01,Northumbria Police,Northumbria Police,-1.443882,55.007900,On or near Camden Street,E01008524,North Tyneside 022B,Public order,Under investigation,
229d6db06d312478ace0b1cf5082765b391c4e7b4de6b2e1fd7018ce42248225,2026-01,Northumbria Police,Northumbria Police,-1.446042,55.008845,On or near Shopping Area,E01008524,North Tyneside 022B,Public order,Investigation complete; no suspect identified,
2edc7a7fb2ccdcce3973db7d890379d3d32e09f5d654547518a4df4dfeef5865,2026-01,Northumbria Police,Northumbria Police,-1.446747,55.008722,On or near Shopping Area,E01008524,North Tyneside 022B,Shoplifting,Investigation complete; no suspect identified,
37e0a3aacf779dd6a88b97f69daab7814b9d1eeb02e82996a6782e70de4a44fc,2026-01,Northumbria Police,Northumbria Police,-1.446162,55.008287,On or near Shopping Area,E01008524,North Tyneside 022B,Shoplifting,Investigation complete; no suspect identified,
65e42bdb7e36c307578dbf6ae467713c1c352d1d0db8ab095936a04988e0687f,2026-01,Northumbria Police,Northumbria Police,-1.446747,55.008722,On or near Shopping Area,E01008524,North Tyneside 022B,Shoplifting,Investigation complete; no suspect identified,
5fccd467cc6d6fa17e8aede80bd53c6971b6fbd373c6a90047d28b36a699399f,2026-01,Northumbria Police,Northumbria Police,-1.445303,55.012580,On or near Military Road,E01008524,North Tyneside 022B,Theft from the person,Investigation complete; no suspect identified,
ca7c692ef12299dc265a3c460c6294f1c87d468b21d20a149f5a6d8b35d90687,2026-01,Northumbria Police,Northumbria Police,-1.446635,55.006646,On or near Gardner Place,E01008524,North Tyneside 022B,Violence and sexual offences,Under investigation,
4ef4ff0bcd22bbaa11d86240bc4db57498e869350b0c729d7274bea2c81d0f09,2026-01,Northumbria Police,Northumbria Police,-1.448397,55.008181,On or near Railway Terrace,E01008524,North Tyneside 022B,Violence and sexual offences,Investigation complete; no suspect identified,
2179439c2f8a85e0ca4d99ec208091e13c70d7ae636304b67b3751ac29b7ea29,2026-01,Northumbria Police,Northumbria Police,-1.449094,55.008652,On or near Russell Street,E01008524,North Tyneside 022B,Violence and sexual offences,Under investigation,
ad91fca59514cab606ceb8567179c2e3056f4bfff01c191807abae618fc10964,2026-01,Northumbria Police,Northumbria Police,-1.447302,55.005939,On or near Borough Road,E01008524,North Tyneside 022B,Violence and sexual offences,Under investigation,
,2026-01,Northumbria Police,Northumbria Police,-1.458367,55.015523,On or near Hawthorn Gardens,E01008528,North Tyneside 022C,Anti-social behaviour,,
1343aad2fb21b16a31f8103a4a946c2a2ed0ae827c9f84e6f007cc6d7e560915,2026-01,Northumbria Police,Northumbria Police,-1.458367,55.015523,On or near Hawthorn Gardens,E01008528,North Tyneside 022C,Shoplifting,Investigation complete; no suspect identified,
67d2bee2d68c4dcc0e407f3a574a61ea6bab7f72f5eb05ad7858a81d00656a98,2026-01,Northumbria Police,Northumbria Police,-1.456730,55.011688,On or near Lansdowne Terrace,E01008528,North Tyneside 022C,Shoplifting,Under investigation,
48765c891311a446d57629261e22a48166cd71443de4571eca72f75852b7d041,2026-01,Northumbria Police,Northumbria Police,-1.456730,55.011688,On or near Lansdowne Terrace,E01008528,North Tyneside 022C,Violence and sexual offences,Under investigation,
,2026-01,Northumbria Police,Northumbria Police,-1.451109,55.012246,On or near Alma Place,E01008529,North Tyneside 022D,Anti-social behaviour,,
7ebbd55407321a67a4590b82ced86979218423b142507584d43b2b36ccd7165b,2026-01,Northumbria Police,Northumbria Police,-1.451109,55.012246,On or near Alma Place,E01008529,North Tyneside 022D,Violence and sexual offences,Under investigation,
09d95371ecaf4536a0ab469dfad39a0b3603d73ed727349e95fecbd132555104,2026-01,Northumbria Police,Northumbria Police,-1.452169,55.012485,On or near Grosvenor Place,E01008529,North Tyneside 022D,Violence and sexual offences,Under investigation,
,2026-01,Northumbria Police,Northumbria Police,-1.469557,55.007781,On or near Sunniside,E01008481,North Tyneside 023A,Anti-social behaviour,,
,2026-01,Northumbria Police,Northumbria Police,-1.467484,55.008482,On or near The Quadrant,E01008481,North Tyneside 023A,Anti-social behaviour,,
a816f982bbc5256927045476901bc066ba93f42a8b514d718ed322a184bb9983,2026-01,Northumbria Police,Northumbria Police,-1.475795,55.009030,On or near Craster Road,E01008481,North Tyneside 023A,Other theft,Investigation complete; no suspect identified,
a8a8b72f2a7f9bde47d1487c46553a3d382da582d5aa18b6bdc6d31399b1a0e9,2026-01,Northumbria Police,Northumbria Police,-1.483072,55.011002,On or near Shopping Area,E01008481,North Tyneside 023A,Shoplifting,Under investigation,
f96d24e79655d6caed969c1ff9b70d07d5f80decf15e4ff971412d6f13fa86c0,2026-01,Northumbria Police,Northumbria Police,-1.469924,55.008385,On or near Oswin Terrace,E01008481,North Tyneside 023A,Other crime,Under investigation,
,2026-01,Northumbria Police,Northumbria Police,-1.461660,55.007845,On or near Petrol Station,E01008482,North Tyneside 023B,Anti-social behaviour,,
,2026-01,Northumbria Police,Northumbria Police,-1.460959,55.007636,On or near Lilburn Street,E01008482,North Tyneside 023B,Anti-social behaviour,,
,2026-01,Northumbria Police,Northumbria Police,-1.465103,55.007636,On or near Burt Avenue,E01008482,North Tyneside 023B,Anti-social behaviour,,
85d6908259f35ebf14a86d34ebaa26d0d516db6aada56fbe7fa12fd8943f57e1,2026-01,Northumbria Police,Northumbria Police,-1.465103,55.007636,On or near Burt Avenue,E01008482,North Tyneside 023B,Criminal damage and arson,Investigation complete; no suspect identified,
cea66e3f97b3742ddfa1e0772a8cd873b594cf88c997536fd5774f01b2af0874,2026-01,Northumbria Police,Northumbria Police,-1.461660,55.007845,On or near Petrol Station,E01008482,North Tyneside 023B,Shoplifting,Investigation complete; no suspect identified,
,2026-01,Northumbria Police,Northumbria Police,-1.475734,55.002892,On or near Mindrum Terrace,E01008484,North Tyneside 023C,Anti-social behaviour,,
,2026-01,Northumbria Police,Northumbria Police,-1.469987,55.003595,On or near Lambourn Avenue,E01008484,North Tyneside 023C,Anti-social behaviour,,
,2026-01,Northumbria Police,Northumbria Police,-1.477799,55.003971,On or near Rothbury Terrace,E01008484,North Tyneside 023C,Anti-social behaviour,,
,2026-01,Northumbria Police,Northumbria Police,-1.477799,55.003971,On or near Rothbury Terrace,E01008484,North Tyneside 023C,Anti-social behaviour,,
ebca1f7b10494f5757e4468eaef1a0c4d3320f120f16146dd2df8477403cbbb0,2026-01,Northumbria Police,Northumbria Police,-1.477799,55.003971,On or near Rothbury Terrace,E01008484,North Tyneside 023C,Vehicle crime,Under investigation,
749b54fa19330c92080aa1925132d08a48fb64a7030dbb924bc137481eeac680,2026-01,Northumbria Police,Northumbria Police,-1.469995,55.003020,On or near Weyhill Avenue,E01008484,North Tyneside 023C,Violence and sexual offences,Under investigation,
ea00d40eea1376e2b60d57dd95404378c872ec6e419948dd5f598fa51c449583,2026-01,Northumbria Police,Northumbria Police,-1.469995,55.003020,On or near Weyhill Avenue,E01008484,North Tyneside 023C,Violence and sexual offences,Under investigation,
3691ecb622f4bfa80d16857e0e13e383d3c905fae605d1b4410312398a834888,2026-01,Northumbria Police,Northumbria Police,-1.474653,55.003076,On or near Wallsend Road,E01008484,North Tyneside 023C,Violence and sexual offences,Under investigation,
20f037e144f065a31aa9f597359647032e5dead0d761b79a479321f4d362f0d2,2026-01,Northumbria Police,Northumbria Police,-1.474069,55.002337,On or near Brackley Grove,E01008484,North Tyneside 023C,Violence and sexual offences,Under investigation,
258bba8c31c9890b9392060be18dd091ea0af96d53bd54aca832e1b09af71adc,2026-01,Northumbria Police,Northumbria Police,-1.474653,55.003076,On or near Wallsend Road,E01008484,North Tyneside 023C,Violence and sexual offences,Under investigation,
e7e0b4d4801ab55c99dc8644620a19409e62f7b8b9493e92bf7afe3a52b7bb91,2026-01,Northumbria Police,Northumbria Police,-1.469995,55.003020,On or near Weyhill Avenue,E01008484,North Tyneside 023C,Violence and sexual offences,Under investigation,
,2026-01,Northumbria Police,Northumbria Police,-1.461951,55.006004,On or near Compton Road,E01008485,North Tyneside 023D,Anti-social behaviour,,
,2026-01,Northumbria Police,Northumbria Police,-1.460364,55.005368,On or near West Percy Road,E01008485,North Tyneside 023D,Anti-social behaviour,,
,2026-01,Northumbria Police,Northumbria Police,-1.460364,55.005368,On or near West Percy Road,E01008485,North Tyneside 023D,Anti-social behaviour,,
,2026-01,Northumbria Police,Northumbria Police,-1.463406,55.004762,On or near Dorking Avenue,E01008485,North Tyneside 023D,Anti-social behaviour,,
f61cf9473df051cf3b432cb17a3696e9a6c4c62ef7e99b3d297c231156a54e2c,2026-01,Northumbria Police,Northumbria Police,-1.463491,55.005382,On or near Oakham Gardens,E01008485,North Tyneside 023D,Criminal damage and arson,Investigation complete; no suspect identified,
349eda38087b36f96f982207bb39f8741f0956ebbdb6ba7407db364736956ec5,2026-01,Northumbria Police,Northumbria Police,-1.463844,55.005896,On or near Richmond Grove,E01008485,North Tyneside 023D,Other crime,Investigation complete; no suspect identified,
,2026-01,Northumbria Police,Northumbria Police,-1.475002,55.011094,On or near Knarsdale Avenue,E01008492,North Tyneside 023E,Anti-social behaviour,,
,2026-01,Northumbria Police,Northumbria Police,-1.474585,55.011901,On or near Bardolph Road,E01008492,North Tyneside 023E,Anti-social behaviour,,
10596ea5db513de729a619a8ad4ed9192c7fd97c0812e7d248ec699db55f7900,2026-01,Northumbria Police,Northumbria Police,-1.479231,55.010519,On or near Wark Avenue,E01008492,North Tyneside 023E,Criminal damage and arson,Under investigation,
b4126d9b8277b588ebcb444be7ab4d4db34d3bb3b24a90306ea4b6c71ebd70cc,2026-01,Northumbria Police,Northumbria Police,-1.479231,55.010519,On or near Wark Avenue,E01008492,North Tyneside 023E,Criminal damage and arson,Investigation complete; no suspect identified,
692ba2a8beea7d5ce3c917b76ea28c79d99bfa4b889a7d0e89a6edaea276aad6,2026-01,Northumbria Police,Northumbria Police,-1.479231,55.010519,On or near Wark Avenue,E01008492,North Tyneside 023E,Possession of weapons,Under investigation,
cff962ec283fc0ef591986ebdedcab2edd304eb3409fc0ad01f4564d6c84d8ca,2026-01,Northumbria Police,Northumbria Police,-1.475388,55.010224,On or near Bellister Road,E01008492,North Tyneside 023E,Public order,Investigation complete; no suspect identified,
d3aa886cf379c67c7a3e4c90af49e43b80fa658dc9cd63c02945adb9ad97888d,2026-01,Northumbria Police,Northumbria Police,-1.480172,55.010316,On or near Nunwick Gardens,E01008492,North Tyneside 023E,Shoplifting,Investigation complete; no suspect identified,
c2b5240f2674c77ab24d9425183aa653c54ebae03110bea5215458f06f9fbb73,2026-01,Northumbria Police,Northumbria Police,-1.480172,55.010316,On or near Nunwick Gardens,E01008492,North Tyneside 023E,Vehicle crime,Under investigation,
37dcc28066c41c0201fd1c6a7924489c61ad14da40bd5f7ee426cc0d8240450c,2026-01,Northumbria Police,Northumbria Police,-1.479231,55.010519,On or near Wark Avenue,E01008492,North Tyneside 023E,Violence and sexual offences,Investigation complete; no suspect identified,
061738d7b474c39b33e2e17a955e65f85967f9c6a2102b0bb4955fb33711c1f9,2026-01,Northumbria Police,Northumbria Police,-1.479102,55.012019,On or near Fawdon Place,E01008492,North Tyneside 023E,Violence and sexual offences,Investigation complete; no suspect identified,
12c71f8da0f5edcb2ce41ec747971a33505723c5f759bba6294f8654ea2757f5,2026-01,Northumbria Police,Northumbria Police,-1.474585,55.011901,On or near Bardolph Road,E01008492,North Tyneside 023E,Violence and sexual offences,Under investigation,
,2026-01,Northumbria Police,Northumbria Police,-1.519909,55.006013,On or near Bristol Drive,E01008462,North Tyneside 024A,Anti-social behaviour,,
7001a957cb004bfdf5d44935f1e250a976ad61dd8aae684f7fe28135648e4ba9,2026-01,Northumbria Police,Northumbria Police,-1.518487,55.005632,On or near Shopping Area,E01008462,North Tyneside 024A,Shoplifting,Investigation complete; no suspect identified,
f6eb3e78b576e7d161be3f3a064403418985047822f593e3104587942c8f306a,2026-01,Northumbria Police,Northumbria Police,-1.520105,55.007865,On or near Bexley Gardens,E01008462,North Tyneside 024A,Other crime,Under investigation,
4bb312cb2ba1a7f84d947b578c3ccb4e5af96824898608e7bf039abe23c9d29c,2026-01,Northumbria Police,Northumbria Police,-1.520105,55.007865,On or near Bexley Gardens,E01008462,North Tyneside 024A,Other crime,Investigation complete; no suspect identified,
8873c6faedbee8fbe1ee00d5da6e66bc1adf8853f24e60f41f2f46b5632ef751,2026-01,Northumbria Police,Northumbria Police,-1.521042,55.007995,On or near Banbury Gardens,E01008462,North Tyneside 024A,Other crime,Investigation complete; no suspect identified,
6561a4d0cbe9edda9c5f7c561be74c6499d58de4cf0bffabe1d78f3fe060fa84,2026-01,Northumbria Police,Northumbria Police,-1.520248,55.008989,On or near Bradford Avenue,E01008463,North Tyneside 024B,Other theft,Investigation complete; no suspect identified,
,2026-01,Northumbria Police,Northumbria Police,-1.528676,55.007629,On or near Burnet Close,E01008464,North Tyneside 024C,Anti-social behaviour,,
9787d67f7ef8271e80e3d72eaaf99eec1959756332da5abd2a1c2bed91360972,2026-01,Northumbria Police,Northumbria Police,-1.537151,55.004903,On or near Rose Gardens,E01008464,North Tyneside 024C,Violence and sexual offences,Under investigation,
,2026-01,Northumbria Police,Northumbria Police,-1.533142,55.002241,On or near Petrol Station,E01008465,North Tyneside 024D,Anti-social behaviour,,
be111145c96cd988b89df0007afe5561dd32ba7f5e7a0ca7ef5df6b3043a2fa5,2026-01,Northumbria Police,Northumbria Police,-1.544274,55.005460,On or near The Risings,E01008532,North Tyneside 025B,Criminal damage and arson,Under investigation,
4dc12a0e2c0ea1422a089d8f4f5bdd8f498c6100bfb680aedfd292d308674fdb,2026-01,Northumbria Police,Northumbria Police,-1.544274,55.005460,On or near The Risings,E01008532,North Tyneside 025B,Violence and sexual offences,Investigation complete; no suspect identified,
fb4d294914eee2b6fe462141bf9da4331204cf34c0fba2c92a09c17a73986fa6,2026-01,Northumbria Police,Northumbria Police,-1.544274,55.005460,On or near The Risings,E01008532,North Tyneside 025B,Violence and sexual offences,Under investigation,
,2026-01,Northumbria Police,Northumbria Police,-1.551476,54.998953,On or near Waltham Close,E01008534,North Tyneside 025C,Anti-social behaviour,,
,2026-01,Northumbria Police,Northumbria Police,-1.551476,54.998953,On or near Waltham Close,E01008534,North Tyneside 025C,Anti-social behaviour,,
,2026-01,Northumbria Police,Northumbria Police,-1.547519,55.012984,On or near Oxen Drive,E01008538,North Tyneside 025D,Anti-social behaviour,,
,2026-01,Northumbria Police,Northumbria Police,-1.542727,55.008114,On or near Sydney Grove,E01008538,North Tyneside 025D,Anti-social behaviour,,
3c28bb1516dff5123e174144fb96a7fbd86a42acba8689d5c1f1c35778fe4aa6,2026-01,Northumbria Police,Northumbria Police,-1.543314,55.012906,On or near Ridley Drive,E01008538,North Tyneside 025D,Bicycle theft,Under investigation,
81064a9bef6dddf9e1a8643c9db84d0292243513129e6866ec2497b2b4f8fee4,2026-01,Northumbria Police,Northumbria Police,-1.548793,55.010940,On or near A186,E01008538,North Tyneside 025D,Shoplifting,Investigation complete; no suspect identified,
cb7c5ef93cad3dbb16cc7e8954d784926d9148f914a96f76f412a5fc641f4dfa,2026-01,Northumbria Police,Northumbria Police,-1.548793,55.010940,On or near A186,E01008538,North Tyneside 025D,Shoplifting,Investigation complete; no suspect identified,
0d64f9796d263b252b23dae1d34d8c6e00890c75aa61d1833e7fc759edc08c30,2026-01,Northumbria Police,Northumbria Police,-1.547157,55.010404,On or near Mackley Court,E01008538,North Tyneside 025D,Shoplifting,Investigation complete; no suspect identified,
0e70dffd700c94ba68a6b0ad7338cbf06e45dd432b04a3968a1af3e4344ef9e8,2026-01,Northumbria Police,Northumbria Police,-1.546363,55.011533,On or near Furrow Drive,E01008538,North Tyneside 025D,Violence and sexual offences,Under investigation,
7c1828b82801d7c5feceb09ce6cd9f901b3f24eb3f0476745f0fffe70e5d4867,2026-01,Northumbria Police,Northumbria Police,-1.548267,55.011891,On or near Benton Rise,E01008538,North Tyneside 025D,Violence and sexual offences,Under investigation,
d8e1b8fd73e263d9aa52419ae79e9b2c3cecccdb71411c0f7b93ea5858c9ef5e,2026-01,Northumbria Police,Northumbria Police,-1.548267,55.011891,On or near Benton Rise,E01008538,North Tyneside 025D,Violence and sexual offences,Investigation complete; no suspect identified,
32e7a8bf69ed7f010645c45abf66a85d2816701bbeac7b28796d80639a80e9e1,2026-01,Northumbria Police,Northumbria Police,-1.548793,55.010940,On or near A186,E01008538,North Tyneside 025D,Violence and sexual offences,Investigation complete; no suspect identified,
ca718cb69b627a3f75a445fb7908e5a2908deb6045ea4a49af5f637dadb36c9b,2026-01,Northumbria Police,Northumbria Police,-1.498486,55.002512,On or near Windsor Cottages,E01008508,North Tyneside 026A,Shoplifting,Under investigation,
7945345babe3e3d876509411bb76dea126131c0fc0aefd7bf2879f7ceeac9796,2026-01,Northumbria Police,Northumbria Police,-1.493471,55.000964,On or near Radnor Gardens,E01008508,North Tyneside 026A,Violence and sexual offences,Under investigation,
5a554654666bdb6ff50e10c620941b83a391b6b05f0f5b9317ffd47ce767cadc,2026-01,Northumbria Police,Northumbria Police,-1.494922,55.004924,On or near Kendal Gardens,E01008508,North Tyneside 026A,Violence and sexual offences,Under investigation,
8f44dcd40e7ef9fe5a735a1fdab4719b0289e262344ac82de06dcea8d9d78da3,2026-01,Northumbria Police,Northumbria Police,-1.492112,55.002162,On or near Ridley Avenue,E01008508,North Tyneside 026A,Violence and sexual offences,Investigation complete; no suspect identified,
91b42882c6712998bb29f62f87f5dbb2e54c47453192fcbdc67973a7d9111d45,2026-01,Northumbria Police,Northumbria Police,-1.494922,55.004924,On or near Kendal Gardens,E01008508,North Tyneside 026A,Violence and sexual offences,Under investigation,
,2026-01,Northumbria Police,Northumbria Police,-1.504178,55.003614,On or near Purley Close,E01008509,North Tyneside 026B,Anti-social behaviour,,
,2026-01,Northumbria Police,Northumbria Police,-1.506841,55.000704,On or near Edward Road,E01008509,North Tyneside 026B,Anti-social behaviour,,
893b23440a50bb79af5141602d77b0ead2d7dbd19f8db904a4be2657dbbab45a,2026-01,Northumbria Police,Northumbria Police,-1.506691,55.001386,On or near Simonside Avenue,E01008509,North Tyneside 026B,Criminal damage and arson,Investigation complete; no suspect identified,
f4ff5df47625d8b87368fc012cf399ef5957eea85d928eb4d49ee83cc2d5dc56,2026-01,Northumbria Police,Northumbria Police,-1.506691,55.001386,On or near Simonside Avenue,E01008509,North Tyneside 026B,Criminal damage and arson,Under investigation,
fa53a032e091ec797c1e3991e82cc9db6f733331ae56c7ceca236552f138369a,2026-01,Northumbria Police,Northumbria Police,-1.509081,55.002888,On or near Octavia Court,E01008509,North Tyneside 026B,Criminal damage and arson,Investigation complete; no suspect identified,
87ca0d716931473007dc23838a9ac9310dd909b02a20846c1e4c0ce3a5c0b953,2026-01,Northumbria Police,Northumbria Police,-1.500767,55.003878,On or near Sandown Gardens,E01008509,North Tyneside 026B,Violence and sexual offences,Awaiting court outcome,
1f9e32a92978cfa64c543a41fce896c3e2bca7b22dd5452b5962d6ed2df3864f,2026-01,Northumbria Police,Northumbria Police,-1.500767,55.003878,On or near Sandown Gardens,E01008509,North Tyneside 026B,Violence and sexual offences,Investigation complete; no suspect identified,
,2026-01,Northumbria Police,Northumbria Police,-1.493784,54.998440,On or near Marske Road,E01008510,North Tyneside 026C,Anti-social behaviour,,
,2026-01,Northumbria Police,Northumbria Police,-1.500155,54.997783,On or near Watson Gardens,E01008510,North Tyneside 026C,Anti-social behaviour,,
,2026-01,Northumbria Police,Northumbria Police,-1.493784,54.998440,On or near Marske Road,E01008510,North Tyneside 026C,Anti-social behaviour,,
fcf98cadad9011a05feb1d1626b79008122a26045166bf74a645515ecb6e27d1,2026-01,Northumbria Police,Northumbria Police,-1.496462,55.000617,On or near Denbigh Avenue,E01008510,North Tyneside 026C,Criminal damage and arson,Under investigation,
5e46bc8578341db5e41f0ddf5d1959db9a9a6dc963323f0d3f37dc40f676af2d,2026-01,Northumbria Police,Northumbria Police,-1.495850,54.998305,On or near Edwin Grove,E01008510,North Tyneside 026C,Public order,Under investigation,
a3d2b7cc606df4921728590624d081799d665e30a9ae5ffca49d8d60cba938ce,2026-01,Northumbria Police,Northumbria Police,-1.493784,54.998440,On or near Marske Road,E01008510,North Tyneside 026C,Robbery,Under investigation,
576470ad684ff06ee50f563f678bc6f548f08fcef4eaa8e5e5c15dab137b876d,2026-01,Northumbria Police,Northumbria Police,-1.494502,54.998533,On or near Supermarket,E01008510,North Tyneside 026C,Shoplifting,Investigation complete; no suspect identified,
dd8cf2f5e8c1bc31a498247afd686d3471a65e3b1bad5e1f5af2d5e0191272d6,2026-01,Northumbria Police,Northumbria Police,-1.496462,55.000617,On or near Denbigh Avenue,E01008510,North Tyneside 026C,Vehicle crime,Investigation complete; no suspect identified,
58f89913d114d1752d660d5eec08e41289bdc9ca8ffd29cc2113d79e9fc3dae9,2026-01,Northumbria Police,Northumbria Police,-1.493924,54.999743,On or near Redcar Road,E01008510,North Tyneside 026C,Violence and sexual offences,Under investigation,
,2026-01,Northumbria Police,Northumbria Police,-1.505440,55.006521,On or near Beal Gardens,E01008512,North Tyneside 026D,Anti-social behaviour,,
,2026-01,Northumbria Police,Northumbria Police,-1.501925,55.006300,On or near Matfen Gardens,E01008512,North Tyneside 026D,Anti-social behaviour,,
b7cb06c869caf2c0fc8c1b7eaeb5dccdeba6711341a75fa64b06c26be979c3cc,2026-01,Northumbria Police,Northumbria Police,-1.501740,55.007351,On or near Ingram Close,E01008512,North Tyneside 026D,Public order,Investigation complete; no suspect identified,
d5fbf652acabf43f900ce2dca04c134df63cce90ecfbef1b706e9936ec01f2cd,2026-01,Northumbria Police,Northumbria Police,-1.505440,55.006521,On or near Beal Gardens,E01008512,North Tyneside 026D,Public order,Investigation complete; no suspect identified,
1433beece49f45c5cbaa1587ecf22561c9ac3cb5c991f2508c3725918cf9998b,2026-01,Northumbria Police,Northumbria Police,-1.501925,55.006300,On or near Matfen Gardens,E01008512,North Tyneside 026D,Violence and sexual offences,Under investigation,
,2026-01,Northumbria Police,Northumbria Police,-1.453733,54.998671,On or near Kestrel Way,E01008539,North Tyneside 027A,Anti-social behaviour,,
,2026-01,Northumbria Police,Northumbria Police,-1.453733,54.998671,On or near Kestrel Way,E01008539,North Tyneside 027A,Anti-social behaviour,,
,2026-01,Northumbria Police,Northumbria Police,-1.451385,54.999999,On or near Northumbrian Way,E01008539,North Tyneside 027A,Anti-social behaviour,,
,2026-01,Northumbria Police,Northumbria Police,-1.455074,55.000016,On or near Blucher Road,E01008539,North Tyneside 027A,Anti-social behaviour,,
,2026-01,Northumbria Police,Northumbria Police,-1.455074,55.000016,On or near Blucher Road,E01008539,North Tyneside 027A,Anti-social behaviour,,
,2026-01,Northumbria Police,Northumbria Police,-1.475373,54.997050,On or near St Luke'S Road,E01008540,North Tyneside 027B,Anti-social behaviour,,
7e1d6fbbf93ec0eb3124ace139fcfe2d746f5314d0760235869fc14b56fc1965,2026-01,Northumbria Police,Northumbria Police,-1.476209,54.997619,On or near St John'S Street,E01008540,North Tyneside 027B,Criminal damage and arson,Investigation complete; no suspect identified,
c270bc21739899e4467795dd4ac142c886e61b2f4b4d836950cc0e8efe6128b2,2026-01,Northumbria Police,Northumbria Police,-1.477317,54.996582,On or near St Stephen'S Way,E01008540,North Tyneside 027B,Criminal damage and arson,Under investigation,
fdfc0fefcc4daecd236d93290593cbb1d735e16d38080ff27d93166c009979a5,2026-01,Northumbria Police,Northumbria Police,-1.477317,54.996582,On or near St Stephen'S Way,E01008540,North Tyneside 027B,Criminal damage and arson,Investigation complete; no suspect identified,
dd1a8df336e96729d8f40f6d12ac5e51cc2e254d94a449ac6551cca730bf5f50,2026-01,Northumbria Police,Northumbria Police,-1.477317,54.996582,On or near St Stephen'S Way,E01008540,North Tyneside 027B,Criminal damage and arson,Under investigation,
5a4b9f30f9774ffda7803a1a1424ee3aa74c846908cd69a6a6f67333351fec32,2026-01,Northumbria Police,Northumbria Police,-1.477317,54.996582,On or near St Stephen'S Way,E01008540,North Tyneside 027B,Criminal damage and arson,Under investigation,
95d999909eedd52c01238d70e601db2ba011247ee7c88bcba271af924acbe993,2026-01,Northumbria Police,Northumbria Police,-1.476209,54.997619,On or near St John'S Street,E01008540,North Tyneside 027B,Violence and sexual offences,Under investigation,
a51ccb44a37709ccdb186be38163e7ff5418a91226c478ffa5cc42751245073c,2026-01,Northumbria Police,Northumbria Police,-1.481129,54.993111,On or near Telford Street,E01008540,North Tyneside 027B,Violence and sexual offences,Under investigation,
ede206e2be1390c91c7e849fbbac12efe197df940c60211f6f91f83e9adfe049,2026-01,Northumbria Police,Northumbria Police,-1.482794,54.991213,On or near Meldon Street,E01008540,North Tyneside 027B,Violence and sexual offences,Under investigation,
e020ea6845755305575812e0a8c595f14c958f13bf02606a61abce0e7d5578f2,2026-01,Northumbria Police,Northumbria Police,-1.476209,54.997619,On or near St John'S Street,E01008540,North Tyneside 027B,Other crime,Under investigation,
,2026-01,Northumbria Police,Northumbria Police,-1.465384,55.001751,On or near Meadow Well,E01008541,North Tyneside 027C,Anti-social behaviour,,
,2026-01,Northumbria Police,Northumbria Police,-1.470475,54.998646,On or near St John'S Green,E01008541,North Tyneside 027C,Anti-social behaviour,,
ea684e827ebd75854b2c9fac0895d9bb6593a4d7a6c0fb3184fbbc7949404316,2026-01,Northumbria Police,Northumbria Police,-1.465384,55.001751,On or near Meadow Well,E01008541,North Tyneside 027C,Burglary,Investigation complete; no suspect identified,
a500a6c408194f6886b53285395c13376dc2cad7a1743f180e3e02d3ef73b7cd,2026-01,Northumbria Police,Northumbria Police,-1.473653,54.998246,On or near Cockburn Terrace,E01008541,North Tyneside 027C,Criminal damage and arson,Investigation complete; no suspect identified,
00b458c517b2e47803f06495f00b95601b29c078981b7f2d7734b83ca88bbc48,2026-01,Northumbria Police,Northumbria Police,-1.466660,54.998719,On or near Lambden Close,E01008541,North Tyneside 027C,Violence and sexual offences,Under investigation,
3444d6aad36548fae50c6f0d6ee5b4fdb8a7c1e70cfc428bd6320cf0955c6a85,2026-01,Northumbria Police,Northumbria Police,-1.466660,54.998719,On or near Lambden Close,E01008541,North Tyneside 027C,Violence and sexual offences,Under investigation,
75331abe4124c85dbdec572f9b866e5f23b9b3a0af18839692f0ba10fe6c6461,2026-01,Northumbria Police,Northumbria Police,-1.466660,54.998719,On or near Lambden Close,E01008541,North Tyneside 027C,Violence and sexual offences,Under investigation,
fe1db2a4e21ce8ac60d72c9fbe1d63a81386db54d57344e909707a01b3f4d6b9,2026-01,Northumbria Police,Northumbria Police,-1.466569,54.997290,On or near Howdon Road,E01008541,North Tyneside 027C,Other crime,Investigation complete; no suspect identified,
,2026-01,Northumbria Police,Northumbria Police,-1.447936,55.005286,On or near Trinity Street,E01008544,North Tyneside 027D,Anti-social behaviour,,
,2026-01,Northumbria Police,Northumbria Police,-1.451985,55.005331,On or near Vicarage Street,E01008544,North Tyneside 027D,Anti-social behaviour,,
,2026-01,Northumbria Police,Northumbria Police,-1.448504,55.004911,On or near Trinity Place,E01008544,North Tyneside 027D,Anti-social behaviour,,
,2026-01,Northumbria Police,Northumbria Police,-1.449606,55.005482,On or near Prudhoe Street Back,E01008544,North Tyneside 027D,Anti-social behaviour,,
,2026-01,Northumbria Police,Northumbria Police,-1.444763,55.004094,On or near New Quay,E01008544,North Tyneside 027D,Anti-social behaviour,,
,2026-01,Northumbria Police,Northumbria Police,-1.449606,55.005482,On or near Prudhoe Street Back,E01008544,North Tyneside 027D,Anti-social behaviour,,
0fbed8ffb46087f00d6ec65d49a46b319751e8295f9a12b5e7fe66499c2f2666,2026-01,Northumbria Police,Northumbria Police,-1.452591,55.003267,On or near Upper Penman Street,E01008544,North Tyneside 027D,Burglary,Under investigation,
55f0137570a9e4d07dd71d90ccd62d4f01e481b1b4b9768c90f19a6b9a85b215,2026-01,Northumbria Police,Northumbria Police,-1.447936,55.005286,On or near Trinity Street,E01008544,North Tyneside 027D,Other theft,Under investigation,
761558b656e066552a2e5cdf1509abaf8ed0270e80f71f5ec91142dd5707da59,2026-01,Northumbria Police,Northumbria Police,-1.449260,55.005660,On or near Spencer Street,E01008544,North Tyneside 027D,Possession of weapons,Investigation complete; no suspect identified,
17b93c8b63dc58a4e7ea93080c5e57db70bdfe1b1d8a610a840bd7f8cebec0e4,2026-01,Northumbria Police,Northumbria Police,-1.447936,55.005286,On or near Trinity Street,E01008544,North Tyneside 027D,Violence and sexual offences,Investigation complete; no suspect identified,
a9d1795a13bf68d5b78aad5b86b06e6e7727546b690c395af2cc6e1144fde856,2026-01,Northumbria Police,Northumbria Police,-1.449709,55.005950,On or near Stanley Street West,E01008544,North Tyneside 027D,Violence and sexual offences,Under investigation,
576efb6a845406a5ec2796c3bc2ad664d991f797ada1c53aa198954c35530b20,2026-01,Northumbria Police,Northumbria Police,-1.447936,55.005286,On or near Trinity Street,E01008544,North Tyneside 027D,Violence and sexual offences,Under investigation,
,2026-01,Northumbria Police,Northumbria Police,-1.459214,55.002586,On or near Epsom Close,E01008545,North Tyneside 027E,Anti-social behaviour,,
,2026-01,Northumbria Police,Northumbria Police,-1.457817,55.002994,On or near Minton Court,E01008545,North Tyneside 027E,Anti-social behaviour,,
,2026-01,Northumbria Police,Northumbria Police,-1.463495,55.002731,On or near Wincanton Place,E01008545,North Tyneside 027E,Anti-social behaviour,,
58052f24bf0fc8477d3139da347a011207a898d3bd925ce97e4faeba1fb4d641,2026-01,Northumbria Police,Northumbria Police,-1.450723,55.002701,On or near Penman Place,E01008545,North Tyneside 027E,Burglary,Investigation complete; no suspect identified,
aae87b6ab2495fb2e375af2de49d9d5db977216d1a84dc3a0d969bf91d2303c0,2026-01,Northumbria Police,Northumbria Police,-1.453563,54.999668,On or near George Stephenson Way,E01008545,North Tyneside 027E,Other theft,Investigation complete; no suspect identified,
3c0cd44fbfc9a6547de8672c8faf7692f528746b567f3a9d7b5554dcc10721f6,2026-01,Northumbria Police,Northumbria Police,-1.456339,55.001298,On or near Parking Area,E01008545,North Tyneside 027E,Possession of weapons,Under investigation,
58158b512ef782de4fa062e946cd20df767939ea8bbd2d613b265ca1430f7684,2026-01,Northumbria Police,Northumbria Police,-1.453270,55.000520,On or near Locomotion Way,E01008545,North Tyneside 027E,Violence and sexual offences,Investigation complete; no suspect identified,
fc65ec30f4cd0fb6ba002c86a089827bb2c3b31cda7ba9cad27a8af1b1217fd0,2026-01,Northumbria Police,Northumbria Police,-1.453270,55.000520,On or near Locomotion Way,E01008545,North Tyneside 027E,Violence and sexual offences,Awaiting court outcome,
38cdb23a8af9610fe9af43a8ed6dc279d161fcc9ae34cdb40a31c652df34bb75,2026-01,Northumbria Police,Northumbria Police,-1.453270,55.000520,On or near Locomotion Way,E01008545,North Tyneside 027E,Violence and sexual offences,Investigation complete; no suspect identified,
aa00c7786d2d6b104a6ffefba9c5175503e6729f9c19dc0ad78f14b29aa0a782,2026-01,Northumbria Police,Northumbria Police,-1.453270,55.000520,On or near Locomotion Way,E01008545,North Tyneside 027E,Violence and sexual offences,Investigation complete; no suspect identified,
1df606f0e459e319199e1342adbc82757830b9e3dff540c3da6aa5bac1f2c178,2026-01,Northumbria Police,Northumbria Police,-1.453270,55.000520,On or near Locomotion Way,E01008545,North Tyneside 027E,Violence and sexual offences,Under investigation,
43cfc04e55da26ad938d528f154e0254336dc9da2301fb6b22bc0df995b06dcd,2026-01,Northumbria Police,Northumbria Police,-1.453270,55.000520,On or near Locomotion Way,E01008545,North Tyneside 027E,Violence and sexual offences,Under investigation,
6e11ca0a07e0838f74acd4e682e50cbc562b9e00540ec42cd7cb9946b46b540a,2026-01,Northumbria Police,Northumbria Police,-1.459214,55.002586,On or near Epsom Close,E01008545,North Tyneside 027E,Violence and sexual offences,Under investigation,
,2026-01,Northumbria Police,Northumbria Police,-1.502760,54.998216,On or near Gilsland Avenue,E01008511,North Tyneside 028A,Anti-social behaviour,,
,2026-01,Northumbria Police,Northumbria Police,-1.500423,55.000121,On or near Ilford Road,E01008511,North Tyneside 028A,Anti-social behaviour,,
,2026-01,Northumbria Police,Northumbria Police,-1.502760,54.998216,On or near Gilsland Avenue,E01008511,North Tyneside 028A,Anti-social behaviour,,
,2026-01,Northumbria Police,Northumbria Police,-1.503043,54.996794,On or near Further/Higher Educational Building,E01008511,North Tyneside 028A,Anti-social behaviour,,
5c9f32e824bd318a2ce5950a7a7cf5b74265924ca61163ab3d596945887d2e02,2026-01,Northumbria Police,Northumbria Police,-1.502760,54.998216,On or near Gilsland Avenue,E01008511,North Tyneside 028A,Robbery,Under investigation,
860ce0d88cf29e298ea24e573afa1388c5cc31ba9ad3bd57e9c8c9f73421fb42,2026-01,Northumbria Police,Northumbria Police,-1.507414,54.998532,On or near Bondfield Close,E01008511,North Tyneside 028A,Violence and sexual offences,Under investigation,
c87c695ab9612032cc8e7bc620cad19f8de62e9a658db96eeacefc081c05a721,2026-01,Northumbria Police,Northumbria Police,-1.506477,54.997189,On or near Shakespeare Street,E01008511,North Tyneside 028A,Violence and sexual offences,Awaiting court outcome,
,2026-01,Northumbria Police,Northumbria Police,-1.491133,54.991815,On or near Gladstone Street,E01008542,North Tyneside 028B,Anti-social behaviour,,
2e71375971f7e7f9727f80c1911ba281229b175d537c96f92dfb6005e8842c7c,2026-01,Northumbria Police,Northumbria Police,-1.491447,54.997828,On or near Timlin Gardens,E01008542,North Tyneside 028B,Violence and sexual offences,Under investigation,
bf18a7b6bf96f5d7ab739858425293049ae26b582c2211b2a7cb84aa27f5a4ed,2026-01,Northumbria Police,Northumbria Police,-1.491133,54.991815,On or near Gladstone Street,E01008542,North Tyneside 028B,Violence and sexual offences,Investigation complete; no suspect identified,
ea0d61f1b2f1eb1465dde52df20fff68effe439e32a25f42c39f96ddc0648a59,2026-01,Northumbria Police,Northumbria Police,-1.501527,54.993044,On or near Marina Veiw,E01008543,North Tyneside 028C,Criminal damage and arson,Under investigation,
efce3c0fdec1a155b2c41dec211c85dc7e067999a910e0ffa5d2e0dbbaa7699d,2026-01,Northumbria Police,Northumbria Police,-1.492759,54.991714,On or near Clavering Street,E01008543,North Tyneside 028C,Violence and sexual offences,Under investigation,
f19591f445f5b2877720ea5d1cef2024824d22343e7cc2f810921fea505f3885,2026-01,Northumbria Police,Northumbria Police,-1.497966,54.994081,On or near Dilston Grange,E01008543,North Tyneside 028C,Violence and sexual offences,Under investigation,
aaf8dd55e2e4aa7df8821faa997255813644a2e587246527000501478d2c8b93,2026-01,Northumbria Police,Northumbria Police,-1.492759,54.991714,On or near Clavering Street,E01008543,North Tyneside 028C,Other crime,Investigation complete; no suspect identified,
afd1ede6f20ff92c612278a8762454445e359cb5c9fd1fc58b9b7eb6878037d8,2026-01,Northumbria Police,Northumbria Police,-1.509727,54.998622,On or near Glanton Close,E01008571,North Tyneside 028D,Violence and sexual offences,Awaiting court outcome,
acc5452328a692738dae88e4599e14ae8fdb543259efd23829229f18191aea11,2026-01,Northumbria Police,Northumbria Police,-1.516071,54.992285,On or near Hadrian Road,E01008571,North Tyneside 028D,Violence and sexual offences,Under investigation,
a2ceb7e6ddc5c3d360c2974856bb508e3a61992dc6dc90dc1c48b24445ae8f24,2026-01,Northumbria Police,Northumbria Police,-1.509012,55.002070,On or near Dovecrest Court,E01008571,North Tyneside 028D,Other crime,Investigation complete; no suspect identified,
4ef4bf4c05bb9e251858f1fdf51ac7b5a051645ebde18c5567cedf8726e11036,2026-01,Northumbria Police,Northumbria Police,-1.529405,54.990756,On or near Vine Street,E01008572,North Tyneside 029A,Criminal damage and arson,Investigation complete; no suspect identified,
410929fc9199be0bc9fe79268ccf598e3b8e57dc485f50d8474f3fbc78c34660,2026-01,Northumbria Police,Northumbria Police,-1.527454,54.990595,On or near Holly Avenue,E01008572,North Tyneside 029A,Other theft,Investigation complete; no suspect identified,
788fcb9d698782b7753bae0e88b87149b658c31f8bf7aeba4b9dc7ad73afbc8e,2026-01,Northumbria Police,Northumbria Police,-1.529405,54.990756,On or near Vine Street,E01008572,North Tyneside 029A,Public order,Awaiting court outcome,
91f4126b7e878ade27d58cf175f1485d83d58602e50c6306770e9ccdb97f103c,2026-01,Northumbria Police,Northumbria Police,-1.518833,54.992691,On or near Limekiln Road,E01008572,North Tyneside 029A,Vehicle crime,Under investigation,
7b9f26a180017557b3af08d40a97643c62067a744a897480f408855ee47268a9,2026-01,Northumbria Police,Northumbria Police,-1.527454,54.990595,On or near Holly Avenue,E01008572,North Tyneside 029A,Violence and sexual offences,Under investigation,
52578a850175fc2e02155f9916bb0303594fe07b72fc75f68f0c1c44efbe6d0e,2026-01,Northumbria Police,Northumbria Police,-1.523072,54.993750,On or near Dene Crescent,E01008572,North Tyneside 029A,Violence and sexual offences,Under investigation,
56658c94c928ffb45f607307726919948a32ef4e0bbc59542583a3d81d12cab2,2026-01,Northumbria Police,Northumbria Police,-1.525175,54.992968,On or near Westmoreland Street,E01008572,North Tyneside 029A,Violence and sexual offences,Investigation complete; no suspect identified,
,2026-01,Northumbria Police,Northumbria Police,-1.526074,54.993582,On or near Durham Street,E01008573,North Tyneside 029B,Anti-social behaviour,,
4ba667d73a71b27de4c3b92bd560d28f31b69284b609b14115e3ff55a3c64095,2026-01,Northumbria Police,Northumbria Police,-1.532434,54.991082,On or near Sycamore Street,E01008573,North Tyneside 029B,Shoplifting,Awaiting court outcome,
b130973f2dcdf956f742f82f64299cea178008b5117af8ca9e177ab1e4b0ef3f,2026-01,Northumbria Police,Northumbria Police,-1.532434,54.991082,On or near Sycamore Street,E01008573,North Tyneside 029B,Shoplifting,Investigation complete; no suspect identified,
4a81b4883561583e7dda01c2560c74b90431f36bf7f25d58b329aedc4725fba6,2026-01,Northumbria Police,Northumbria Police,-1.532434,54.991082,On or near Sycamore Street,E01008573,North Tyneside 029B,Shoplifting,Awaiting court outcome,
9760cc0e370a41e3f4de9884c6c0bbb78e54f30ac8352ffd17b3a88f437ff4c5,2026-01,Northumbria Police,Northumbria Police,-1.525787,54.994138,On or near Cumberland Street,E01008573,North Tyneside 029B,Violence and sexual offences,Investigation complete; no suspect identified,
7b22c7f6421214f31e6063bb36783028b4a6d082d5a51c5b4394adbb719b692b,2026-01,Northumbria Police,Northumbria Police,-1.529586,54.992661,On or near Ferndale Avenue,E01008573,North Tyneside 029B,Violence and sexual offences,Investigation complete; no suspect identified,
15136552bfa3326c7cb1b059b72bef6d365c13940a03ddca6a546d5f0d3aa0e0,2026-01,Northumbria Police,Northumbria Police,-1.525787,54.994138,On or near Cumberland Street,E01008573,North Tyneside 029B,Violence and sexual offences,Under investigation,
b764b73e35c564d368e61659e52a0c5d8c95aef47148f2ab0e4a619b7aec383c,2026-01,Northumbria Police,Northumbria Police,-1.532434,54.991082,On or near Sycamore Street,E01008573,North Tyneside 029B,Violence and sexual offences,Investigation complete; no suspect identified,
73b54bc62a3944224a4b99743f351331194bef60ce196d259115a2505a76ef73,2026-01,Northumbria Police,Northumbria Police,-1.532434,54.991082,On or near Sycamore Street,E01008573,North Tyneside 029B,Violence and sexual offences,Under investigation,
901ecec34dc09637968aa24ea71100647c2b4d57a02d1c6546f667ddb11af953,2026-01,Northumbria Police,Northumbria Police,-1.527092,54.992077,On or near High Street East,E01008573,North Tyneside 029B,Violence and sexual offences,Under investigation,
,2026-01,Northumbria Police,Northumbria Police,-1.529425,54.994422,On or near Grange Villas,E01008574,North Tyneside 029C,Anti-social behaviour,,
,2026-01,Northumbria Police,Northumbria Police,-1.529425,54.994422,On or near Grange Villas,E01008574,North Tyneside 029C,Anti-social behaviour,,
7986208a7f8f20c29531fbea413f23facbad2a0a564b7b62ef46ff1adebde2f8,2026-01,Northumbria Police,Northumbria Police,-1.529425,54.994422,On or near Grange Villas,E01008574,North Tyneside 029C,Burglary,Investigation complete; no suspect identified,
479f32091b057141bdfa53a19e860a0ea43e76f96a66e8f55b31f185d08c1e45,2026-01,Northumbria Police,Northumbria Police,-1.537965,54.999352,On or near Reid Avenue,E01008574,North Tyneside 029C,Criminal damage and arson,Under investigation,
03c076cebfae78366ee3178f5dbf0d86c7172fd6dc7c81913817d4ce24235b6a,2026-01,Northumbria Police,Northumbria Police,-1.532854,54.999315,On or near The Acres,E01008574,North Tyneside 029C,Other theft,Investigation complete; no suspect identified,
a8f834f2836df1c18f1fba231de52dad310add84fed544ac02dfa54440863572,2026-01,Northumbria Police,Northumbria Police,-1.535380,54.999810,On or near The Crescent,E01008574,North Tyneside 029C,Vehicle crime,Investigation complete; no suspect identified,
,2026-01,Northumbria Police,Northumbria Police,-1.518874,54.998398,On or near Lindisfarne Place,E01008576,North Tyneside 029D,Anti-social behaviour,,
,2026-01,Northumbria Police,Northumbria Police,-1.519910,54.998051,On or near Parkside,E01008576,North Tyneside 029D,Anti-social behaviour,,
c79e54c9d5ab1fd265dbc0ca105aca9beea700eef8f96759ba343e9cf5136716,2026-01,Northumbria Police,Northumbria Police,-1.518874,54.998398,On or near Lindisfarne Place,E01008576,North Tyneside 029D,Public order,Under investigation,
66b371ef8f2735eb6658bde131c8144788cdb864dec4aecf5cd8cb3d19adc516,2026-01,Northumbria Police,Northumbria Police,-1.515884,55.001387,On or near Suffolk Gardens,E01008576,North Tyneside 029D,Violence and sexual offences,Under investigation,
55963d8431f1263b409fed895b7914654bdf819c83bf36109243ad7bc7ba3c87,2026-01,Northumbria Police,Northumbria Police,-1.521747,54.998634,On or near Deneholm,E01008576,North Tyneside 029D,Violence and sexual offences,Under investigation,
,2026-01,Northumbria Police,Northumbria Police,-1.546342,54.998117,On or near Cheshire Gardens,E01008533,North Tyneside 030A,Anti-social behaviour,,
a7066ce3720659bb519177032f9e5490a8bb46d420fe87e555f5bb5e722656b6,2026-01,Northumbria Police,Northumbria Police,-1.546769,55.001893,On or near Strawberry Gardens,E01008533,North Tyneside 030A,Public order,Under investigation,
f6aa8698288a4790a9e84d74a7b0d5a41b7892c7cda60bb985cd589007ecea82,2026-01,Northumbria Police,Northumbria Police,-1.542075,55.003555,On or near Churcher Gardens,E01008533,North Tyneside 030A,Vehicle crime,Under investigation,
d6f6499a96cf535b3d1a2de1e3cfded5823c4450a348c7f2308feca10d7f590e,2026-01,Northumbria Police,Northumbria Police,-1.544030,54.995224,On or near Eltringham Close,E01008535,North Tyneside 030B,Vehicle crime,Investigation complete; no suspect identified,
b548c7d849aa5df921b7bdd25f550dcfefbd3c3ce7ac9d45a4a2eae50848e841,2026-01,Northumbria Police,Northumbria Police,-1.551398,54.993265,On or near Sports/Recreation Area,E01008535,North Tyneside 030B,Vehicle crime,Under investigation,
9b9ed77ebac93b52f242a555f2871db519f9e2d5cd8cd545b4835808aab51875,2026-01,Northumbria Police,Northumbria Police,-1.551398,54.993265,On or near Sports/Recreation Area,E01008535,North Tyneside 030B,Violence and sexual offences,Under investigation,
,2026-01,Northumbria Police,Northumbria Police,-1.536476,54.991582,On or near Parking Area,E01008536,North Tyneside 030C,Anti-social behaviour,,
59a6a952dbfd54b99721a06b9ae1c1b54bd4df39dd60cc2e39e29d087d4f5b31,2026-01,Northumbria Police,Northumbria Police,-1.535572,54.991381,On or near Shopping Area,E01008536,North Tyneside 030C,Shoplifting,Awaiting court outcome,
e8876358de236e07b28fd844c4a742aae9d1ba9afb3316b37b3c1cc6de85d670,2026-01,Northumbria Police,Northumbria Police,-1.538341,54.995202,On or near Burn Avenue,E01008536,North Tyneside 030C,Theft from the person,Investigation complete; no suspect identified,
078417a6d62eabc02b6e9771f6a63bd7e61456ef1799c73a750eda929bafd9ce,2026-01,Northumbria Police,Northumbria Police,-1.538341,54.995202,On or near Burn Avenue,E01008536,North Tyneside 030C,Violence and sexual offences,Investigation complete; no suspect identified,
f7be5257faa884e71787876bc683d35ccad1fd86cee262896a472fdb2430b2ab,2026-01,Northumbria Police,Northumbria Police,-1.536214,54.993972,On or near North Road,E01008536,North Tyneside 030C,Violence and sexual offences,Under investigation,
3648ab72d7cea7b513d8f59e11b144f06dec2e4a5cf7fd3dd45e0e891985a0e2,2026-01,Northumbria Police,Northumbria Police,-1.540957,54.993298,On or near Westfield Park,E01008537,North Tyneside 030D,Burglary,Investigation complete; no suspect identified,
fc31e4edaa71d2052ba0c729fb0c6836be795ec88c0955593af78fcc80e755e5,2026-01,Northumbria Police,Northumbria Police,-1.538668,54.990662,On or near Supermarket,E01008537,North Tyneside 030D,Other theft,Investigation complete; no suspect identified,
,2026-01,Northumbria Police,Northumbria Police,-1.539002,54.987989,On or near Sedley Road,E01008575,North Tyneside 030E,Anti-social behaviour,,
,2026-01,Northumbria Police,Northumbria Police,-1.535399,54.987355,On or near Plantation Street,E01008575,North Tyneside 030E,Anti-social behaviour,,
,2026-01,Northumbria Police,Northumbria Police,-1.534226,54.990190,On or near Atkinson Street,E01008575,North Tyneside 030E,Anti-social behaviour,,
,2026-01,Northumbria Police,Northumbria Police,-1.535399,54.987355,On or near Plantation Street,E01008575,North Tyneside 030E,Anti-social behaviour,,
,2026-01,Northumbria Police,Northumbria Police,-1.532608,54.989510,On or near Wallsend,E01008575,North Tyneside 030E,Anti-social behaviour,,
,2026-01,Northumbria Police,Northumbria Police,-1.535399,54.987355,On or near Plantation Street,E01008575,North Tyneside 030E,Anti-social behaviour,,
,2026-01,Northumbria Police,Northumbria Police,-1.538584,54.983521,On or near Westfield Court,E01008575,North Tyneside 030E,Anti-social behaviour,,
bfda732c88dffdf3d2663901ca1da45bd3e3c773ecc3c4467113e187e17b9df9,2026-01,Northumbria Police,Northumbria Police,-1.538202,54.986916,On or near The Avenue,E01008575,North Tyneside 030E,Criminal damage and arson,Under investigation,
f2cde4a57dd62b39f7676dac5f5b05b1cd438018e5e61dc039fe7b15214cabe2,2026-01,Northumbria Police,Northumbria Police,-1.537282,54.988108,On or near Crawley Road,E01008575,North Tyneside 030E,Robbery,Investigation complete; no suspect identified,
46145d843facaa466941339511f256a023c0caa93b2bcae447236614ade4cfe0,2026-01,Northumbria Police,Northumbria Police,-1.534751,54.989365,On or near Carville Road,E01008575,North Tyneside 030E,Violence and sexual offences,Under investigation,
e97dc3a493cb40b867326cddbaa8eba0c641f33fd7fabf8ec417003c5402ab96,2026-01,Northumbria Police,Northumbria Police,-1.537588,54.990014,On or near Border Road,E01008575,North Tyneside 030E,Violence and sexual offences,Offender given a caution,
247148ad290d8af95e04debf036a5cd4b1779e48a221c49ddb9ff5bfa5d291e2,2026-01,Northumbria Police,Northumbria Police,-1.538926,54.987773,On or near The Avenue,E01008575,North Tyneside 030E,Other crime,Investigation complete; no suspect identified,
d80f9493e5093a6a162156d58c6cbb0654776fd6bc9fa17379ab353d11094ef1,2026-01,Northumbria Police,Northumbria Police,-1.539916,54.990050,On or near High Street West,E01008575,North Tyneside 030E,Other crime,Under investigation,
dd072d8c4ac78e753971caeddf585d907498ff9295d4e85bd2e93958d0e6e4e0,2026-01,Northumbria Police,Northumbria Police,-2.014039,55.787185,On or near Sports/Recreation Area,E01027376,Northumberland 001A,Violence and sexual offences,Investigation complete; no suspect identified,
,2026-01,Northumbria Police,Northumbria Police,-2.001456,55.768999,On or near Woolmarket,E01027377,Northumberland 001B,Anti-social behaviour,,
,2026-01,Northumbria Police,Northumbria Police,-2.006239,55.772988,On or near Brucegate,E01027377,Northumberland 001B,Anti-social behaviour,,
,2026-01,Northumbria Police,Northumbria Police,-2.005027,55.768020,On or near Sally Port,E01027377,Northumberland 001B,Anti-social behaviour,,
,2026-01,Northumbria Police,Northumbria Police,-2.005744,55.771299,On or near Greenside Avenue,E01027377,Northumberland 001B,Anti-social behaviour,,
b2576d541a4a2246d3f0d581dbf8d00d314e7229f0a32f5b73e11304af2147db,2026-01,Northumbria Police,Northumbria Police,-2.001456,55.768999,On or near Woolmarket,E01027377,Northumberland 001B,Public order,Investigation complete; no suspect identified,
fc09e9d2917d1326fbc47927009b64567074d033b0b1df36291de5ec2de75c7e,2026-01,Northumbria Police,Northumbria Police,-2.002285,55.771290,On or near Parade School Mews,E01027377,Northumberland 001B,Public order,Under investigation,
648685ba7cdcd6d22903e3dd952226d0b97b9afd1259e2921d5bf520eeb60238,2026-01,Northumbria Police,Northumbria Police,-2.005425,55.770077,On or near Nightclub,E01027377,Northumberland 001B,Shoplifting,Investigation complete; no suspect identified,
,2026-01,Northumbria Police,Northumbria Police,-2.011017,55.759852,On or near Turret Gardens,E01027385,Northumberland 001C,Anti-social behaviour,,
,2026-01,Northumbria Police,Northumbria Police,-2.011017,55.759852,On or near Turret Gardens,E01027385,Northumberland 001C,Anti-social behaviour,,
,2026-01,Northumbria Police,Northumbria Police,-2.013708,55.754434,On or near Hawthorne Crescent,E01027385,Northumberland 001C,Anti-social behaviour,,
f84ac6a9ffee60970dfc2037c56e3797c02971aa483599ebf77d79b49785be99,2026-01,Northumbria Police,Northumbria Police,-2.013008,55.757659,On or near Parkside,E01027385,Northumberland 001C,Violence and sexual offences,Investigation complete; no suspect identified,
e01940cc7c5ef27c222d103de042d3ca101f1c201d71461a09f04911a524bade,2026-01,Northumbria Police,Northumbria Police,-2.012673,55.757758,On or near Parking Area,E01027385,Northumberland 001C,Violence and sexual offences,Under investigation,
e1afcb43a8ec80f1cb2b834e7ce64e315f50985c2955eac97dcbc0dd5a666651,2026-01,Northumbria Police,Northumbria Police,-2.012673,55.757758,On or near Parking Area,E01027385,Northumberland 001C,Violence and sexual offences,Investigation complete; no suspect identified,
,2026-01,Northumbria Police,Northumbria Police,-2.012375,55.770194,On or near Riverside Road,E01027387,Northumberland 001D,Anti-social behaviour,,
713bbe02ba48ccaab597920ef87882aae36ed204dbd135b164866853bd5021ec,2026-01,Northumbria Police,Northumbria Police,-2.013616,55.763994,On or near Ladywell Place,E01027387,Northumberland 001D,Violence and sexual offences,Under investigation,
,2026-01,Northumbria Police,Northumbria Police,-1.995545,55.753931,On or near Eastcliffe,E01027388,Northumberland 001E,Anti-social behaviour,,
,2026-01,Northumbria Police,Northumbria Police,-2.015026,55.783186,On or near Countess Of Buchan Way,E01027378,Northumberland 002A,Anti-social behaviour,,
,2026-01,Northumbria Police,Northumbria Police,-2.016636,55.782224,On or near Douglas Close,E01027378,Northumberland 002A,Anti-social behaviour,,
,2026-01,Northumbria Police,Northumbria Police,-2.009554,55.773779,On or near Railway Street,E01027378,Northumberland 002A,Anti-social behaviour,,
,2026-01,Northumbria Police,Northumbria Police,-2.015026,55.783186,On or near Countess Of Buchan Way,E01027378,Northumberland 002A,Anti-social behaviour,,
,2026-01,Northumbria Police,Northumbria Police,-2.015026,55.783186,On or near Countess Of Buchan Way,E01027378,Northumberland 002A,Anti-social behaviour,,
4d2922a6ef334ad49d6d34a33177b6f3c7e912d28caa68735eb873e9f92a2fbb,2026-01,Northumbria Police,Northumbria Police,-2.015026,55.783186,On or near Countess Of Buchan Way,E01027378,Northumberland 002A,Other theft,Under investigation,
6c945feb008552ed84b3b877dab336a20723d0cd994ea0bc1e050a5f5185959c,2026-01,Northumbria Police,Northumbria Police,-2.014754,55.782736,On or near Carrick Close,E01027378,Northumberland 002A,Violence and sexual offences,Under investigation,
d2ed5819299c8a16fa42cd0b08f82cf8e267ee6f1f358334b1caeca544de9a41,2026-01,Northumbria Police,Northumbria Police,-2.030070,55.757243,On or near Park/Open Space,E01027379,Northumberland 002B,Criminal damage and arson,Investigation complete; no suspect identified,
,2026-01,Northumbria Police,Northumbria Police,-1.915549,55.672111,On or near Ocean Drive,E01027380,Northumberland 002C,Anti-social behaviour,,
,2026-01,Northumbria Police,Northumbria Police,-1.966385,55.702640,On or near Parking Area,E01027380,Northumberland 002C,Anti-social behaviour,,
784cfaa79f15399c5896ea3ca63641f0c86fdc7e15e5ec2606862fe8186de0d8,2026-01,Northumbria Police,Northumbria Police,-2.000181,55.699500,On or near Bride'S Brae,E01027380,Northumberland 002C,Vehicle crime,Investigation complete; no suspect identified,
,2026-01,Northumbria Police,Northumbria Police,-2.014967,55.756248,On or near Prior Road,E01027386,Northumberland 002E,Anti-social behaviour,,
eaa2f785142739ee39ad029aaa04cef240d428447e17914ff22935261bf2fd52,2026-01,Northumbria Police,Northumbria Police,-2.018218,55.756697,On or near Valley View,E01027386,Northumberland 002E,Criminal damage and arson,Under investigation,
609c8176af89a2ac440810659ad6400beb404c80f0ab3515dc412b8f073a618e,2026-01,Northumbria Police,Northumbria Police,-2.018218,55.756697,On or near Valley View,E01027386,Northumberland 002E,Criminal damage and arson,Under investigation,
511645ae293b2432266afeb51b2d9647d1266387d5ae4fb44f0b7b9f344a4db1,2026-01,Northumbria Police,Northumbria Police,-2.018218,55.756697,On or near Valley View,E01027386,Northumberland 002E,Criminal damage and arson,Under investigation,
7faebfceda2f7da08991f1a71f290d6aa372ef6609cc760cd27ea6082626af4d,2026-01,Northumbria Police,Northumbria Police,-2.016751,55.755089,On or near B6354,E01027386,Northumberland 002E,Violence and sexual offences,Under investigation,
b4bfa79a97721f64e547c4c26587fe879fc6476ebd54332b2dc92de1e8772916,2026-01,Northumbria Police,Northumbria Police,-2.018601,55.758854,On or near Greenwood,E01027386,Northumberland 002E,Violence and sexual offences,Investigation complete; no suspect identified,
92bea1540d223cb732f945effb3e02c3ea0b80372528021d8c4c768dcfb2e4df,2026-01,Northumbria Police,Northumbria Police,-2.016448,55.754200,On or near Etal Road,E01027386,Northumberland 002E,Violence and sexual offences,Under investigation,
914fc1bfd6d13e8105fcc059b61ca0d27edaeeebbaa0b45efda3909da51adaa4,2026-01,Northumbria Police,Northumbria Police,-2.016751,55.755089,On or near B6354,E01027386,Northumberland 002E,Violence and sexual offences,Under investigation,
efc9d333db225fc0932d0c08bd688dd04a085728a21768787ee4fbe3524c9e9b,2026-01,Northumbria Police,Northumbria Police,-1.828250,55.598853,On or near The Neuk,E01027374,Northumberland 003A,Other theft,Investigation complete; no suspect identified,
a099c26ddf9dbd550f5910ff27bf367b1cc0b9889f59232609ed4208777e74c1,2026-01,Northumbria Police,Northumbria Police,-1.828066,55.597353,On or near Nursery Lane,E01027374,Northumberland 003A,Vehicle crime,Investigation complete; no suspect identified,
6ffb3632756c4b10e1e77691c6f5d8a769a4f837195f7681a17c2e94323a8b93,2026-01,Northumbria Police,Northumbria Police,-1.806648,55.596332,On or near Station Road,E01027374,Northumberland 003A,Vehicle crime,Under investigation,
a8b43b925821ceaa0dcdfc1bd0ed364fed2dec6b678146c1fafbb876bdc455b5,2026-01,Northumbria Police,Northumbria Police,-1.824396,55.594661,On or near The Meadows,E01027374,Northumberland 003A,Violence and sexual offences,Under investigation,
b7222b6f37185641288d07cd870c94469eade46ca54184f88ce702e0dba3504c,2026-01,Northumbria Police,Northumbria Police,-1.829281,55.598846,On or near Market Place,E01027374,Northumberland 003A,Violence and sexual offences,Under investigation,
226b5f6aa82a69d4be6055bc85ca2b7d3ae9cf29023e39548be4e17ba9d8446f,2026-01,Northumbria Police,Northumbria Police,-1.824396,55.594661,On or near The Meadows,E01027374,Northumberland 003A,Violence and sexual offences,Investigation complete; no suspect identified,
e0c1912900d73da16741f2fa300986a2bb9dab85629734cd3b0c23a6089ff776,2026-01,Northumbria Police,Northumbria Police,-1.824396,55.594661,On or near The Meadows,E01027374,Northumberland 003A,Violence and sexual offences,Under investigation,
6fe5186a61686f4e4f2afa770ab5412989bf2a4bc8f6611e2cbeada3456933bc,2026-01,Northumbria Police,Northumbria Police,-1.765978,55.604097,On or near Parking Area,E01027374,Northumberland 003A,Other crime,Investigation complete; no suspect identified,
,2026-01,Northumbria Police,Northumbria Police,-1.944005,55.518407,On or near Park/Open Space,E01027375,Northumberland 003B,Anti-social behaviour,,
5517af8f0ee50fa7df5e2ec56531a8898b4fc5e99f6fff0ca3807f91c100cf64,2026-01,Northumbria Police,Northumbria Police,-1.654164,55.580426,On or near Crown Street,E01027383,Northumberland 003D,Burglary,Investigation complete; no suspect identified,
1b2eac0fd2010f8d92576ea6fc5b2d52f6065e9203f84eea50635d69212702c2,2026-01,Northumbria Police,Northumbria Police,-1.652596,55.580260,On or near Dunstan View,E01027383,Northumberland 003D,Violence and sexual offences,Under investigation,
90ec6b1d599d43925413e77ac8cd728f1ee9e4b7b4726d859edb7e78580e4a7d,2026-01,Northumbria Police,Northumbria Police,-1.655163,55.580528,On or near Main Street,E01027383,Northumberland 003D,Violence and sexual offences,Under investigation,
4ab37049cda5190b1bec4c9df612ac5346a7e48b5050ebbd1fce4f78599a72bb,2026-01,Northumbria Police,Northumbria Police,-1.652596,55.580260,On or near Dunstan View,E01027383,Northumberland 003D,Violence and sexual offences,Under investigation,
,2026-01,Northumbria Police,Northumbria Police,-1.666274,55.577701,On or near North Lane,E01027384,Northumberland 003E,Anti-social behaviour,,
,2026-01,Northumbria Police,Northumbria Police,-2.008087,55.546032,On or near Weetwood Avenue,E01027390,Northumberland 003F,Anti-social behaviour,,
030dc22f12215e66223c6172a7435b7bb040fbd9babf5f4d844619bdf2d3d91b,2026-01,Northumbria Police,Northumbria Police,-2.022841,55.544880,On or near High Fair,E01027390,Northumberland 003F,Violence and sexual offences,Under investigation,
,2026-01,Northumbria Police,Northumbria Police,-1.708655,55.399573,On or near Mercers Way,E01027356,Northumberland 004A,Anti-social behaviour,,
,2026-01,Northumbria Police,Northumbria Police,-1.612451,55.391273,On or near Lint Gardens,E01027356,Northumberland 004A,Anti-social behaviour,,
,2026-01,Northumbria Police,Northumbria Police,-1.708389,55.401406,On or near Whitesmiths Way,E01027356,Northumberland 004A,Anti-social behaviour,,
c8d7185e5ee586ac7699beabda01dadb922d3599ec1716ebd19dcb41b6a759f1,2026-01,Northumbria Police,Northumbria Police,-1.735336,55.423706,On or near Cock Pit Lane,E01027356,Northumberland 004A,Burglary,Investigation complete; no suspect identified,
6bc0b6a52b1734a1883a728164ab413eeb5156731c7065a30308e292a0cfffdb,2026-01,Northumbria Police,Northumbria Police,-1.688331,55.407898,On or near Alnmouth Road,E01027357,Northumberland 004B,Vehicle crime,Under investigation,
3e7779dc9fc1a8f06d3f4d38ad6a8da28b4e9844538174d840db9be2d85cc4ab,2026-01,Northumbria Police,Northumbria Police,-1.696469,55.411440,On or near Fisher Lane,E01027357,Northumberland 004B,Other crime,Investigation complete; no suspect identified,
,2026-01,Northumbria Police,Northumbria Police,-1.704324,55.412852,On or near B6346,E01027358,Northumberland 005A,Anti-social behaviour,,
,2026-01,Northumbria Police,Northumbria Police,-1.709996,55.414870,On or near Pottergate,E01027358,Northumberland 005A,Anti-social behaviour,,
,2026-01,Northumbria Police,Northumbria Police,-1.697569,55.412189,On or near B1340,E01027358,Northumberland 005A,Anti-social behaviour,,
,2026-01,Northumbria Police,Northumbria Police,-1.697682,55.403608,On or near Cawledge View,E01027358,Northumberland 005A,Anti-social behaviour,,
a2c86715324f71c769b90915393d4bdc609d07bbe220820f14df986df6be13a9,2026-01,Northumbria Police,Northumbria Police,-1.691837,55.403854,On or near A1068,E01027358,Northumberland 005A,Burglary,Under investigation,
9142ef6dbcca7eb18c654899e8904d52bff13de0910516a67515e653fb808033,2026-01,Northumbria Police,Northumbria Police,-1.698651,55.406971,On or near Victoria Terrace,E01027358,Northumberland 005A,Criminal damage and arson,Investigation complete; no suspect identified,
d95a6f50cad22078677819a16e3b05d97d575bd3b81505eb4f8860073f3867ec,2026-01,Northumbria Police,Northumbria Police,-1.719730,55.414041,On or near Sports/Recreation Area,E01027358,Northumberland 005A,Shoplifting,Investigation complete; no suspect identified,
52ca6171af171fe9a2db3beb7f1fa9c181752ad52e078c525b38c4176dd7212a,2026-01,Northumbria Police,Northumbria Police,-1.691837,55.403854,On or near A1068,E01027358,Northumberland 005A,Shoplifting,Under investigation,
2866490c9b00c04acc619b0f3835fc452940be6ef3a49555046ea7fc39681fda,2026-01,Northumbria Police,Northumbria Police,-1.709996,55.414870,On or near Pottergate,E01027358,Northumberland 005A,Violence and sexual offences,Under investigation,
11227e1350d812ec35623b2efaf950882b598031e17416252b84288105649bf8,2026-01,Northumbria Police,Northumbria Police,-1.709996,55.414870,On or near Pottergate,E01027358,Northumberland 005A,Violence and sexual offences,Investigation complete; no suspect identified,
a4abe84f3b8680cd082c634bc76a56b0ff75699e7159b0ae0d6728bb46ab30b8,2026-01,Northumbria Police,Northumbria Police,-1.695246,55.408203,On or near Ravenslaw Court,E01027358,Northumberland 005A,Other crime,Investigation complete; no suspect identified,
,2026-01,Northumbria Police,Northumbria Police,-1.716816,55.410977,On or near Beech Grove,E01027359,Northumberland 005B,Anti-social behaviour,,
,2026-01,Northumbria Police,Northumbria Police,-1.712653,55.412117,On or near Windsor Gardens,E01027359,Northumberland 005B,Anti-social behaviour,,
,2026-01,Northumbria Police,Northumbria Police,-1.719697,55.412224,On or near Upper Barresdale,E01027359,Northumberland 005B,Anti-social behaviour,,
,2026-01,Northumbria Police,Northumbria Police,-1.709811,55.414133,On or near New Row,E01027359,Northumberland 005B,Anti-social behaviour,,
,2026-01,Northumbria Police,Northumbria Police,-1.710681,55.411843,On or near Clayport Street,E01027359,Northumberland 005B,Anti-social behaviour,,
4c1467ac01b9c95e730d5f171af7c5d749002bbfd305a8bcfe4c2fe2b54f50aa,2026-01,Northumbria Police,Northumbria Police,-1.708984,55.412765,On or near Alnwick Bus Station,E01027359,Northumberland 005B,Violence and sexual offences,Under investigation,
,2026-01,Northumbria Police,Northumbria Police,-1.707445,55.411620,On or near Green Batt,E01033715,Northumberland 005D,Anti-social behaviour,,
,2026-01,Northumbria Police,Northumbria Police,-1.702454,55.407385,On or near Swansfield Park Road,E01033717,Northumberland 005E,Anti-social behaviour,,
,2026-01,Northumbria Police,Northumbria Police,-1.702454,55.407385,On or near Swansfield Park Road,E01033717,Northumberland 005E,Anti-social behaviour,,
,2026-01,Northumbria Police,Northumbria Police,-1.582280,55.333144,On or near Dovecote Street,E01027361,Northumberland 006A,Anti-social behaviour,,
,2026-01,Northumbria Police,Northumbria Police,-1.582587,55.333945,On or near Bridge Street,E01027361,Northumberland 006A,Anti-social behaviour,,
015023468b1f434afa9037a480a6b12d69097ab6df9a7c84c341b2bf2d18c38d,2026-01,Northumbria Police,Northumbria Police,-1.582587,55.333945,On or near Bridge Street,E01027361,Northumberland 006A,Shoplifting,Offender given a caution,
ad2cb201448b4c81bb385128ec3d88557916e4fc2691fc8ba0d5d76c0424a5f2,2026-01,Northumbria Police,Northumbria Police,-1.581767,55.332433,On or near Straffen Court,E01027361,Northumberland 006A,Violence and sexual offences,Under investigation,
9cbc49d8b4f15d300f5de55cb4ff016178be8b9e468a7b23a8d3a03a1ff3e131,2026-01,Northumbria Police,Northumbria Police,-1.574838,55.334745,On or near Panhaven Road,E01027361,Northumberland 006A,Other crime,Investigation complete; no suspect identified,
,2026-01,Northumbria Police,Northumbria Police,-1.583187,55.324827,On or near Warkworth Way,E01027362,Northumberland 006B,Anti-social behaviour,,
,2026-01,Northumbria Police,Northumbria Police,-1.582015,55.326844,On or near Petrol Station,E01027362,Northumberland 006B,Anti-social behaviour,,
,2026-01,Northumbria Police,Northumbria Police,-1.582656,55.325858,On or near Chillingham Court,E01027362,Northumberland 006B,Anti-social behaviour,,
,2026-01,Northumbria Police,Northumbria Police,-1.551307,55.320409,On or near Hauxley Lane,E01027362,Northumberland 006B,Anti-social behaviour,,
,2026-01,Northumbria Police,Northumbria Police,-1.576540,55.330357,On or near Philip Drive,E01027362,Northumberland 006B,Anti-social behaviour,,
,2026-01,Northumbria Police,Northumbria Police,-1.582656,55.325858,On or near Chillingham Court,E01027362,Northumberland 006B,Anti-social behaviour,,
,2026-01,Northumbria Police,Northumbria Police,-1.577359,55.328940,On or near Percy Drive,E01027362,Northumberland 006B,Anti-social behaviour,,
14e20ee65eb58db36c96e975a5cf0138edf3d12dc3a8bffaf6da75c18388f3a8,2026-01,Northumbria Police,Northumbria Police,-1.582015,55.326844,On or near Petrol Station,E01027362,Northumberland 006B,Other theft,Under investigation,
33f13bac55b01203093f08dce67299b2924cda638e881989b2bc5d4bcbe8262e,2026-01,Northumbria Police,Northumbria Police,-1.611147,55.308529,On or near North End Close,E01027362,Northumberland 006B,Other theft,Investigation complete; no suspect identified,
dfd8c9ee19186ab4da54bae625fcd85b6f3889ecc61863d4cf173185f4a30cbe,2026-01,Northumbria Police,Northumbria Police,-1.577359,55.328940,On or near Percy Drive,E01027362,Northumberland 006B,Public order,Awaiting court outcome,
,2026-01,Northumbria Police,Northumbria Police,-1.574914,55.332041,On or near Stephenson Road,E01027363,Northumberland 006C,Anti-social behaviour,,
,2026-01,Northumbria Police,Northumbria Police,-1.574282,55.329316,On or near Alndale,E01027363,Northumberland 006C,Anti-social behaviour,,
,2026-01,Northumbria Police,Northumbria Police,-1.573459,55.332548,On or near Burton Road,E01027363,Northumberland 006C,Anti-social behaviour,,
,2026-01,Northumbria Police,Northumbria Police,-1.573562,55.328801,On or near Glendale,E01027363,Northumberland 006C,Anti-social behaviour,,
,2026-01,Northumbria Police,Northumbria Police,-1.574914,55.332041,On or near Stephenson Road,E01027363,Northumberland 006C,Anti-social behaviour,,
ec9babc70024e8417ab4ae1ae398dc1db2c354c1acfb11ebc839b5a62556217f,2026-01,Northumbria Police,Northumbria Police,-1.577049,55.332911,On or near Leslie Drive,E01027363,Northumberland 006C,Burglary,Investigation complete; no suspect identified,
d40f2033d2e82ba1eba4231c3706c1c7eef92394617a147743c7d86f607efa37,2026-01,Northumbria Police,Northumbria Police,-1.574121,55.328075,On or near Tynedale,E01027363,Northumberland 006C,Criminal damage and arson,Investigation complete; no suspect identified,
b065a4d4808c9dc3f9a4d49e6fca84e04eca856e5f5df662fe4eb3ae92e1583b,2026-01,Northumbria Police,Northumbria Police,-1.577049,55.332911,On or near Leslie Drive,E01027363,Northumberland 006C,Other theft,Investigation complete; no suspect identified,
f3eb3dd315e45c201db5b08edd2319617e88501e103a7ea9eace75196c88f844,2026-01,Northumbria Police,Northumbria Police,-1.574121,55.328075,On or near Tynedale,E01027363,Northumberland 006C,Violence and sexual offences,Investigation complete; no suspect identified,
df7ecbd9f25e2310262209f1280909e5331c04461d9e376855e8bbc5b8ba7c4a,2026-01,Northumbria Police,Northumbria Police,-1.572135,55.329569,On or near Charles Road,E01027363,Northumberland 006C,Other crime,Investigation complete; no suspect identified,
,2026-01,Northumbria Police,Northumbria Police,-1.586401,55.330993,On or near Edwin Street,E01027364,Northumberland 006D,Anti-social behaviour,,
,2026-01,Northumbria Police,Northumbria Police,-1.598439,55.326765,On or near Sylvia'S Close,E01027364,Northumberland 006D,Anti-social behaviour,,
,2026-01,Northumbria Police,Northumbria Police,-1.587446,55.332039,On or near Parking Area,E01027364,Northumberland 006D,Anti-social behaviour,,
23dbbfe76741a4dd9dd97feabbc52217faa1ef602a5e7d06d7de57c5a6c23ea8,2026-01,Northumbria Police,Northumbria Police,-1.587217,55.331292,On or near Albert Street,E01027364,Northumberland 006D,Violence and sexual offences,Under investigation,
874713ae5eb68414513b5a96df9c2041300c537f02e2605435da5f0c6519e64b,2026-01,Northumbria Police,Northumbria Police,-1.591025,55.330451,On or near Bisley Road,E01027364,Northumberland 006D,Violence and sexual offences,Under investigation,
,2026-01,Northumbria Police,Northumbria Police,-1.744021,55.311817,On or near Park Road,E01027370,Northumberland 006E,Anti-social behaviour,,
f5eade8505f739fb9fb655d4d855766c4f6bdd6818808cd1c6576ab0419e11a0,2026-01,Northumbria Police,Northumbria Police,-1.738471,55.324538,On or near Lanton Close,E01027370,Northumberland 006E,Violence and sexual offences,Under investigation,
,2026-01,Northumbria Police,Northumbria Police,-1.678552,55.369414,On or near Ashfield Terrace,E01027371,Northumberland 006F,Anti-social behaviour,,
0ed8fcb82f8ce9b55f8a1b6a98b614e2d7c7f2f85c3c05b4d79aa18438bda285,2026-01,Northumbria Police,Northumbria Police,-1.689150,55.371921,On or near The Haven,E01027371,Northumberland 006F,Violence and sexual offences,Under investigation,
,2026-01,Northumbria Police,Northumbria Police,-1.614386,55.339989,On or near West Close,E01027372,Northumberland 006G,Anti-social behaviour,,
80efd226ac96d51877860fa7b985f2d2ab20eed51f53bb7440e6b8b2e48c9d4f,2026-01,Northumbria Police,Northumbria Police,-1.616534,55.341191,On or near Morwick Road,E01027372,Northumberland 006G,Violence and sexual offences,Under investigation,
cba0a908b487b082bbaf7c734b36ddfec7f12c765e9a0ec33f1accf636a76e22,2026-01,Northumbria Police,Northumbria Police,-1.798170,55.305602,On or near Eslington Lane,E01027365,Northumberland 007A,Burglary,Under investigation,
7911091672c423591a373246bde44cb3eb38ac412676862bab6ed7e1376d61d6,2026-01,Northumbria Police,Northumbria Police,-1.860217,55.274481,On or near Embleton Terrace,E01027365,Northumberland 007A,Violence and sexual offences,Under investigation,
d116dea18f90347a9ddd659f745604c529e5f563f9174f749a839e4ca03a4b7e,2026-01,Northumbria Police,Northumbria Police,-1.840258,55.290469,On or near B6344,E01027365,Northumberland 007A,Other crime,Investigation complete; no suspect identified,
be93be8d1679298bf26d552fffb00477cf5592c3248ff56d51b21d2bdcafb9cf,2026-01,Northumbria Police,Northumbria Police,-1.946026,55.301425,On or near Carterside Road,E01027368,Northumberland 007B,Criminal damage and arson,Investigation complete; no suspect identified,
54ff48de6a771386db1e63f3ddd094e68e6b51ea35ffcb2651cbf91d2db8b109,2026-01,Northumbria Police,Northumbria Police,-1.908598,55.310425,On or near Wright'S Square,E01027368,Northumberland 007B,Criminal damage and arson,Local resolution,
fadf392e892149d046033ff84166d8b74c013bfa8c2884bc2d7e728b08e6010b,2026-01,Northumbria Police,Northumbria Police,-1.908362,55.310137,On or near Allerdene Court,E01027368,Northumberland 007B,Public order,Under investigation,
8d67a1929d0711c60cdc05008a8627c743dfa651a4610205aedc4cb3fb381ae2,2026-01,Northumbria Police,Northumbria Police,-1.914060,55.297965,On or near Hillhead Road,E01027368,Northumberland 007B,Other crime,Under investigation,
ee180d68ab683cd2ffdd9269e5a5e44e04c036875a840773236583be769067e5,2026-01,Northumbria Police,Northumbria Police,-1.913138,55.308972,On or near The Maltings,E01027369,Northumberland 007C,Vehicle crime,Investigation complete; no suspect identified,
f13656c5ebd448919ea78480d13381dfd6de08770eb09f7747073ce81233af58,2026-01,Northumbria Police,Northumbria Police,-1.910023,55.383937,On or near The Avenue,E01027373,Northumberland 007D,Other crime,Investigation complete; no suspect identified,
,2026-01,Northumbria Police,Northumbria Police,-1.603152,55.295042,On or near Lake Road,E01027443,Northumberland 008A,Anti-social behaviour,,
b3e827c0d3b0af947b9921ee582f86eab3088ad11ac271f3ccc10001a2ad6de6,2026-01,Northumbria Police,Northumbria Police,-1.606029,55.295546,On or near Simonside Crescent,E01027443,Northumberland 008A,Criminal damage and arson,Investigation complete; no suspect identified,
1ba2cc34c2b17837324cf34070e5e206697f957b842e7eabe8e5b32fedd87b99,2026-01,Northumbria Police,Northumbria Police,-1.601633,55.295837,On or near Chibburn Avenue,E01027443,Northumberland 008A,Public order,Under investigation,
c7412fa592ac321a7b1b1a45f61d72700e958d41fc1214e3f46579e9bf631ef9,2026-01,Northumbria Police,Northumbria Police,-1.602161,55.295012,On or near Lake View,E01027443,Northumberland 008A,Violence and sexual offences,Investigation complete; no suspect identified,
,2026-01,Northumbria Police,Northumbria Police,-1.608598,55.293748,On or near B1330,E01027444,Northumberland 008B,Anti-social behaviour,,
,2026-01,Northumbria Police,Northumbria Police,-1.613515,55.304726,On or near Stone Row,E01027444,Northumberland 008B,Anti-social behaviour,,
,2026-01,Northumbria Police,Northumbria Police,-1.602398,55.285443,On or near Old School Close,E01027444,Northumberland 008B,Anti-social behaviour,,
,2026-01,Northumbria Police,Northumbria Police,-1.604311,55.286204,On or near Swarland Terrace,E01027444,Northumberland 008B,Anti-social behaviour,,
25e8fe33fad52575ae1db4e00b8fd5b3832b1c78b7efeb79fd222d3ffd3844a0,2026-01,Northumbria Police,Northumbria Police,-1.635300,55.296086,On or near Prison,E01027444,Northumberland 008B,Criminal damage and arson,Investigation complete; no suspect identified,
cd87e148140ef46df1be0a87bee9dea0b3723cc346fc704ca2516f48eb796576,2026-01,Northumbria Police,Northumbria Police,-1.635300,55.296086,On or near Prison,E01027444,Northumberland 008B,Drugs,Under investigation,
8f428b77f78862231ca36352bdda456ccffdcc1a9cde07ed98285029d44e24ee,2026-01,Northumbria Police,Northumbria Police,-1.635300,55.296086,On or near Prison,E01027444,Northumberland 008B,Violence and sexual offences,Investigation complete; no suspect identified,
,2026-01,Northumbria Police,Northumbria Police,-1.598263,55.217739,On or near Linton Lane,E01027445,Northumberland 008C,Anti-social behaviour,,
015c9db93e9a450002b1e3785ed3738969a28c305a7686e4f15e96beb9936e96,2026-01,Northumbria Police,Northumbria Police,-1.560516,55.221437,On or near Warkworth Drive,E01027445,Northumberland 008C,Criminal damage and arson,Investigation complete; no suspect identified,
9fdfec5c1dac554a7c7006e10861876b35dd7eb71daa538c75622cdb9ccf471e,2026-01,Northumbria Police,Northumbria Police,-1.554760,55.228749,On or near The Crescent,E01027445,Northumberland 008C,Other theft,Investigation complete; no suspect identified,
aaeb58e361291c5f052768eaa92a24d9005e9eaba873b1cc4176acf549bb1374,2026-01,Northumbria Police,Northumbria Police,-1.590169,55.214675,On or near Foxcover,E01027445,Northumberland 008C,Public order,Under investigation,
,2026-01,Northumbria Police,Northumbria Police,-1.558554,55.224000,On or near Glenside,E01027446,Northumberland 008D,Anti-social behaviour,,
,2026-01,Northumbria Police,Northumbria Police,-1.543961,55.214781,On or near Boland Road,E01027451,Northumberland 008E,Anti-social behaviour,,
,2026-01,Northumbria Police,Northumbria Police,-1.540218,55.210083,On or near Sports/Recreation Area,E01027451,Northumberland 008E,Anti-social behaviour,,
,2026-01,Northumbria Police,Northumbria Police,-1.539962,55.214011,On or near Dalton Avenue,E01027451,Northumberland 008E,Anti-social behaviour,,
,2026-01,Northumbria Police,Northumbria Police,-1.541906,55.211763,On or near Park Road,E01027451,Northumberland 008E,Anti-social behaviour,,
,2026-01,Northumbria Police,Northumbria Police,-1.546773,55.214890,On or near Lyne Terrace,E01027451,Northumberland 008E,Anti-social behaviour,,
85bb154895c2c4beeb8d641f1aab693847a3f4fd8519b957f7b5c8854bca245a,2026-01,Northumbria Police,Northumbria Police,-1.546168,55.212866,On or near Fenham Road,E01027451,Northumberland 008E,Criminal damage and arson,Investigation complete; no suspect identified,
96f2bcbdb03e364b9c8f711d5eec438b001da03efc4342b9724f39c3a48be53c,2026-01,Northumbria Police,Northumbria Police,-1.539962,55.214011,On or near Dalton Avenue,E01027451,Northumberland 008E,Violence and sexual offences,Investigation complete; no suspect identified,
123f983fd5f6b669a822c08d966dba4996ffa5c4729f233fb52b3225544113ba,2026-01,Northumbria Police,Northumbria Police,-1.543961,55.214781,On or near Boland Road,E01027451,Northumberland 008E,Violence and sexual offences,Under investigation,
,2026-01,Northumbria Police,Northumbria Police,-1.610751,55.237818,On or near Gables End,E01027474,Northumberland 008F,Anti-social behaviour,,
,2026-01,Northumbria Police,Northumbria Police,-1.610751,55.237818,On or near Gables End,E01027474,Northumberland 008F,Anti-social behaviour,,
,2026-01,Northumbria Police,Northumbria Police,-1.617094,55.238880,On or near De Merley Gardens,E01027474,Northumberland 008F,Anti-social behaviour,,
dfec18c5bfce46f2d4a6dfbb32edea69f58ffff817fd69aa33078c70f4fcf911,2026-01,Northumbria Police,Northumbria Police,-1.610751,55.237818,On or near Gables End,E01027474,Northumberland 008F,Criminal damage and arson,Investigation complete; no suspect identified,
e0da45ce607f3c131bd14183d3a1e56c3ff02bb8c4b4a4cbac51a97802dbdf1f,2026-01,Northumbria Police,Northumbria Police,-1.617094,55.238880,On or near De Merley Gardens,E01027474,Northumberland 008F,Public order,Under investigation,
,2026-01,Northumbria Police,Northumbria Police,-1.630106,55.245359,On or near Sports/Recreation Area,E01027475,Northumberland 008G,Anti-social behaviour,,
,2026-01,Northumbria Police,Northumbria Police,-1.605804,55.238755,On or near Mile Road,E01027475,Northumberland 008G,Anti-social behaviour,,
,2026-01,Northumbria Police,Northumbria Police,-1.614331,55.241639,On or near Beaumont Court,E01027475,Northumberland 008G,Anti-social behaviour,,
db2c1e37e35bbdf0745e0e8ddbe69a11fcc7221a46b59a23d6f4f6e1fe905e79,2026-01,Northumbria Police,Northumbria Police,-1.609207,55.238172,On or near Old Ferneybeds Road,E01027475,Northumberland 008G,Public order,Under investigation,
cebc6e2028f5386d9c9f8eb1942a5c58b446bdc7a162377f4b994099728da37e,2026-01,Northumbria Police,Northumbria Police,-1.618789,55.228945,On or near Parking Area,E01027475,Northumberland 008G,Vehicle crime,Investigation complete; no suspect identified,
,2026-01,Northumbria Police,Northumbria Police,-1.505247,55.187241,On or near Prospect Place,E01027541,Northumberland 009A,Anti-social behaviour,,
,2026-01,Northumbria Police,Northumbria Police,-1.514705,55.184439,On or near Argyle Terrace,E01027541,Northumberland 009A,Anti-social behaviour,,
,2026-01,Northumbria Police,Northumbria Police,-1.509224,55.185693,On or near Supermarket,E01027541,Northumberland 009A,Anti-social behaviour,,
ef5d9e9fbdd18cf3fca088f44580e29615c0028f7503b1421e90c2408d7bb52f,2026-01,Northumbria Police,Northumbria Police,-1.509224,55.185693,On or near Supermarket,E01027541,Northumberland 009A,Shoplifting,Awaiting court outcome,
d0fd302cd8eae309470fdde8d7c1ccc7cd813b1c7992f6091995aa15d905177f,2026-01,Northumbria Police,Northumbria Police,-1.509224,55.185693,On or near Supermarket,E01027541,Northumberland 009A,Shoplifting,Investigation complete; no suspect identified,
a9d87b4a4c7164f8fd4e2d33f6b50fad499f9939d897d731706fe9dceec56870,2026-01,Northumbria Police,Northumbria Police,-1.508629,55.188135,On or near Moor View,E01027541,Northumberland 009A,Violence and sexual offences,Under investigation,
5e73897aba3f6a9ce99067f9144cd909101bc4cf18bcddca407c24106a7dc75f,2026-01,Northumbria Police,Northumbria Police,-1.509089,55.186483,On or near Moor Croft,E01027541,Northumberland 009A,Violence and sexual offences,Under investigation,
8f6f0bf0b802c32d84682234857fac0430f08d479cf79904ed3ee2a55f2ab37b,2026-01,Northumbria Police,Northumbria Police,-1.509089,55.186483,On or near Moor Croft,E01027541,Northumberland 009A,Violence and sexual offences,Under investigation,
,2026-01,Northumbria Police,Northumbria Police,-1.520145,55.186527,On or near Allan Road,E01027542,Northumberland 009B,Anti-social behaviour,,
,2026-01,Northumbria Police,Northumbria Police,-1.509668,55.190421,On or near Richard Ashley Close,E01027542,Northumberland 009B,Anti-social behaviour,,
f2c72c481cfe83a6637e30953eb934e5d0a84d1dd6e9cfe914d409b1478b11d0,2026-01,Northumbria Police,Northumbria Police,-1.522142,55.186301,On or near Emmerson Road,E01027542,Northumberland 009B,Criminal damage and arson,Investigation complete; no suspect identified,
d00e479701d92637620afa8bf83136e574c5705c01569057c3919d372c2937cb,2026-01,Northumbria Police,Northumbria Police,-1.522273,55.187183,On or near Storey Crescent,E01027542,Northumberland 009B,Criminal damage and arson,Investigation complete; no suspect identified,
713ee5c10c73a61b03d88a65f7941c9577db5bb876beb34e692f683cc322f8ce,2026-01,Northumbria Police,Northumbria Police,-1.520145,55.186527,On or near Allan Road,E01027542,Northumberland 009B,Other theft,Under investigation,
16c7de1f8a1fee5d4d02b705818b7e9b8d2f6ceab0ec6d5a873dd4ae623dbe77,2026-01,Northumbria Police,Northumbria Police,-1.512146,55.186882,On or near Manor Drive,E01027542,Northumberland 009B,Theft from the person,Under investigation,
f9f4950f81bb1c8764f14fe25fb9179182bc6ee0a77dd0c84486776f686829de,2026-01,Northumbria Police,Northumbria Police,-1.520145,55.186527,On or near Allan Road,E01027542,Northumberland 009B,Other crime,Under investigation,
,2026-01,Northumbria Police,Northumbria Police,-1.526992,55.179868,On or near Windermere Road,E01027543,Northumberland 009C,Anti-social behaviour,,
5797989f5dcefa994d91667e6a107caaa76ef16f9c470d4be8659aa442063e60,2026-01,Northumbria Police,Northumbria Police,-1.527150,55.181145,On or near Rydal Mount,E01027543,Northumberland 009C,Violence and sexual offences,Investigation complete; no suspect identified,
8e83655ef893f5bc7da3764d07da87b8506b990b37e294d91fa64b14ce47f575,2026-01,Northumbria Police,Northumbria Police,-1.525733,55.181481,On or near Haweswater Crescent,E01027543,Northumberland 009C,Violence and sexual offences,Awaiting court outcome,
,2026-01,Northumbria Police,Northumbria Police,-1.567857,55.183677,On or near Ashington Bus Station,E01027528,Northumberland 010A,Anti-social behaviour,,
,2026-01,Northumbria Police,Northumbria Police,-1.567857,55.183677,On or near Ashington Bus Station,E01027528,Northumberland 010A,Anti-social behaviour,,
,2026-01,Northumbria Police,Northumbria Police,-1.567857,55.183677,On or near Ashington Bus Station,E01027528,Northumberland 010A,Anti-social behaviour,,
,2026-01,Northumbria Police,Northumbria Police,-1.567857,55.183677,On or near Ashington Bus Station,E01027528,Northumberland 010A,Anti-social behaviour,,
3df99977897a7f5fa6187348c9441ced9130d4988d86af8fb6541f6c11e37ace,2026-01,Northumbria Police,Northumbria Police,-1.565714,55.184308,On or near Parking Area,E01027528,Northumberland 010A,Burglary,Under investigation,
1b778b0eff1a45c175098dcf1251c6af56cd293fd2ef943b39e59068862e85ad,2026-01,Northumbria Police,Northumbria Police,-1.565714,55.184308,On or near Parking Area,E01027528,Northumberland 010A,Criminal damage and arson,Investigation complete; no suspect identified,
3ef0ae9e714bc2e152f2f0cbf0ca514b28659dca164cb7545ddd7ad1483cd7a8,2026-01,Northumbria Police,Northumbria Police,-1.565714,55.184308,On or near Parking Area,E01027528,Northumberland 010A,Public order,Investigation complete; no suspect identified,
5964e77cc422a554a0cbccd98df21b00bc64f7e37444d05e39d17137c7fb040c,2026-01,Northumbria Police,Northumbria Police,-1.567857,55.183677,On or near Ashington Bus Station,E01027528,Northumberland 010A,Robbery,Investigation complete; no suspect identified,
8fb0456235a110264285d247e86294cfa870f224f3f34959c1024a5e648f6412,2026-01,Northumbria Police,Northumbria Police,-1.566265,55.181290,On or near Poplar Street,E01027528,Northumberland 010A,Violence and sexual offences,Under investigation,
dcb3fc68c68142c17d564ea6afcb60d455bfbf032ae8dbf118240cbc4dfe1d70,2026-01,Northumbria Police,Northumbria Police,-1.565714,55.184308,On or near Parking Area,E01027528,Northumberland 010A,Violence and sexual offences,Under investigation,
,2026-01,Northumbria Police,Northumbria Police,-1.571835,55.184653,On or near Petrol Station,E01027529,Northumberland 010B,Anti-social behaviour,,
,2026-01,Northumbria Police,Northumbria Police,-1.571835,55.184653,On or near Petrol Station,E01027529,Northumberland 010B,Anti-social behaviour,,
,2026-01,Northumbria Police,Northumbria Police,-1.571835,55.184653,On or near Petrol Station,E01027529,Northumberland 010B,Anti-social behaviour,,
86336cfeeeda7bb78eb69c0a0337f884cab25e13ad274a00acd864f6c5781aa4,2026-01,Northumbria Police,Northumbria Police,-1.577536,55.183145,On or near Station Road,E01027529,Northumberland 010B,Other theft,Investigation complete; no suspect identified,
2d59ede68e4f156522e7522cf82d7704e542fe4bf2336faf3c010cd9120fb21b,2026-01,Northumbria Police,Northumbria Police,-1.572728,55.183547,On or near Shopping Area,E01027529,Northumberland 010B,Public order,Investigation complete; no suspect identified,
376273010325165b91ed79971ae061f8a0c7ff1a5a434a173f0672d30046aeee,2026-01,Northumbria Police,Northumbria Police,-1.558928,55.184508,On or near Castle Terrace,E01027539,Northumberland 010C,Burglary,Investigation complete; no suspect identified,
cc833223b0b719af72180b1e682c5ab836f118ada7727af248e338424ea2ec62,2026-01,Northumbria Police,Northumbria Police,-1.558928,55.184508,On or near Castle Terrace,E01027539,Northumberland 010C,Criminal damage and arson,Under investigation,
5e4d62a85fddde96059202b93d3a5e29206631f0b133bd88ee8ea7e491d040c1,2026-01,Northumbria Police,Northumbria Police,-1.558928,55.184508,On or near Castle Terrace,E01027539,Northumberland 010C,Criminal damage and arson,Under investigation,
ca809c9375ea73d1477e9006fc6739f17591faf766b0f5b989a77e192bec4422,2026-01,Northumbria Police,Northumbria Police,-1.561205,55.183105,On or near First Avenue,E01027539,Northumberland 010C,Criminal damage and arson,Investigation complete; no suspect identified,
670ca274747f9aec9355c34cf7ebb3f1ebf39cf3a5fdc42c80a9d0b103602a8b,2026-01,Northumbria Police,Northumbria Police,-1.558928,55.184508,On or near Castle Terrace,E01027539,Northumberland 010C,Robbery,Under investigation,
dfbe23cd1435d2c3771ca7d725a03817819c86f521a2b99689940fb87bed0581,2026-01,Northumbria Police,Northumbria Police,-1.565066,55.184674,On or near Reiverdale Road,E01027539,Northumberland 010C,Shoplifting,Awaiting court outcome,
fb3959998e9d33125d759c80d7aa158f168d3019dc15a9c38e64e322fa1105ee,2026-01,Northumbria Police,Northumbria Police,-1.565066,55.184674,On or near Reiverdale Road,E01027539,Northumberland 010C,Shoplifting,Awaiting court outcome,
fa2e5477d8936364b8647a1caa2084ba278fc09f11391df9d4de862b0dca13ea,2026-01,Northumbria Police,Northumbria Police,-1.560939,55.181541,On or near Second Avenue,E01027539,Northumberland 010C,Violence and sexual offences,Under investigation,
9c1dc2d223b6493a4cf8b2056eee98eab52cc38652ab563cdf3768ef21ea8917,2026-01,Northumbria Police,Northumbria Police,-1.558928,55.184508,On or near Castle Terrace,E01027539,Northumberland 010C,Violence and sexual offences,Under investigation,
d878be3994a72fbebbffc3884ac67fe78a13cfc762f440124dd4dc3321df4875,2026-01,Northumbria Police,Northumbria Police,-1.559346,55.184986,On or near Woodhorn Road,E01027539,Northumberland 010C,Violence and sexual offences,Under investigation,
2e458751d70442bc50cc45222c16888863ad83e28543ac6d4c6527dd417d6e82,2026-01,Northumbria Police,Northumbria Police,-1.558928,55.184508,On or near Castle Terrace,E01027539,Northumberland 010C,Violence and sexual offences,Under investigation,
db30755808e8f47b2611bf9c4144fcba816291503b2cf335ae4a932d45b347ef,2026-01,Northumbria Police,Northumbria Police,-1.558928,55.184508,On or near Castle Terrace,E01027539,Northumberland 010C,Violence and sexual offences,Under investigation,
ab7aa429d650823d3797e7c9227868217b17143b33fd1ade879b6aa2446e3195,2026-01,Northumbria Police,Northumbria Police,-1.560939,55.181541,On or near Second Avenue,E01027539,Northumberland 010C,Violence and sexual offences,Under investigation,
d68dc703976708724273d476cf1c5e8431c16a69242fc660c211b58b4592d39d,2026-01,Northumbria Police,Northumbria Police,-1.560939,55.181541,On or near Second Avenue,E01027539,Northumberland 010C,Other crime,Investigation complete; no suspect identified,
,2026-01,Northumbria Police,Northumbria Police,-1.557231,55.176055,On or near Sixth Avenue,E01027545,Northumberland 010D,Anti-social behaviour,,
,2026-01,Northumbria Police,Northumbria Police,-1.561134,55.176707,On or near Fifth Avenue,E01027545,Northumberland 010D,Anti-social behaviour,,
,2026-01,Northumbria Police,Northumbria Police,-1.561134,55.176707,On or near Fifth Avenue,E01027545,Northumberland 010D,Anti-social behaviour,,
,2026-01,Northumbria Police,Northumbria Police,-1.557231,55.176055,On or near Sixth Avenue,E01027545,Northumberland 010D,Anti-social behaviour,,
,2026-01,Northumbria Police,Northumbria Police,-1.561134,55.176707,On or near Fifth Avenue,E01027545,Northumberland 010D,Anti-social behaviour,,
527a5c774f697f59d1300806599d0b5f3a6f7d8a5d0ae26cadedd8c7420659d0,2026-01,Northumbria Police,Northumbria Police,-1.557231,55.176055,On or near Sixth Avenue,E01027545,Northumberland 010D,Criminal damage and arson,Investigation complete; no suspect identified,
bad27a56edd1180356b453709047701a4cc34e30eb9ca6b9984b908716f3338f,2026-01,Northumbria Police,Northumbria Police,-1.557231,55.176055,On or near Sixth Avenue,E01027545,Northumberland 010D,Other theft,Under investigation,
8b32cee17569342459c2ea9c845d57f8f7ab35a5e6c85134b7f423e5194a9db5,2026-01,Northumbria Police,Northumbria Police,-1.561134,55.176707,On or near Fifth Avenue,E01027545,Northumberland 010D,Vehicle crime,Investigation complete; no suspect identified,
1b6f629540ca380e348e6bbb3b228462ee88ded39111241b39e4f29af199d6fe,2026-01,Northumbria Police,Northumbria Police,-1.553639,55.178522,On or near Alexandra Road,E01027545,Northumberland 010D,Violence and sexual offences,Under investigation,
08a5a5b378d3b46629588dfcb03c02fcbc7eb989d427230976711166ccc299aa,2026-01,Northumbria Police,Northumbria Police,-1.553816,55.180976,On or near Brinkburn Crescent,E01027545,Northumberland 010D,Violence and sexual offences,Investigation complete; no suspect identified,
5e5047ca471ca7e3208530d8a4e95e78aa8f8be28eb9b57cfa34892dabce9abb,2026-01,Northumbria Police,Northumbria Police,-1.553816,55.180976,On or near Brinkburn Crescent,E01027545,Northumberland 010D,Violence and sexual offences,Investigation complete; no suspect identified,
277f34d6bab477e15767b99e496837be4b68e02d95cfd62cf33a6c39dbe83fbd,2026-01,Northumbria Police,Northumbria Police,-1.562438,55.175139,On or near Milburn Road,E01027545,Northumberland 010D,Violence and sexual offences,Under investigation,
b98ce5ba883fd71d43c7544411521ce1c053cdd57ec83dbf25d0306f41369d62,2026-01,Northumbria Police,Northumbria Police,-1.564562,55.179065,On or near Pont Street,E01027545,Northumberland 010D,Violence and sexual offences,Under investigation,
1549897a0ac6bc496af6d3854a20011ba985393f05101044040ad19d092b94a1,2026-01,Northumbria Police,Northumbria Police,-1.553816,55.180976,On or near Brinkburn Crescent,E01027545,Northumberland 010D,Violence and sexual offences,Investigation complete; no suspect identified,
b9e3d02c85cc1050cd0ab012fc22e73064c8445d256583fcdd59316c37645655,2026-01,Northumbria Police,Northumbria Police,-1.562124,55.178068,On or near Fourth Avenue,E01027545,Northumberland 010D,Other crime,Under investigation,
,2026-01,Northumbria Police,Northumbria Police,-1.560311,55.180101,On or near Third Avenue,E01027546,Northumberland 010E,Anti-social behaviour,,
e6a3bf1bc03d221647757c6f83ed8b5d4f28cf7e4f1155b0b897a87c3fc1fd81,2026-01,Northumbria Police,Northumbria Police,-1.560914,55.179537,On or near Hawthorn Road,E01027546,Northumberland 010E,Public order,Offender given a caution,
d4f8dccf85ee275112024c3b12095d8e53dda6f198b421bc73c162842c66c72d,2026-01,Northumbria Police,Northumbria Police,-1.560311,55.180101,On or near Third Avenue,E01027546,Northumberland 010E,Violence and sexual offences,Investigation complete; no suspect identified,
,2026-01,Northumbria Police,Northumbria Police,-1.695326,55.171554,On or near Bullers Green,E01027457,Northumberland 011A,Anti-social behaviour,,
,2026-01,Northumbria Police,Northumbria Police,-1.678871,55.171790,On or near Whorral Bank,E01027457,Northumberland 011A,Anti-social behaviour,,
6fa2461edce9457bdcc4fc6d0620cb8b2ae805a7f63d20cd5ae47c19ecd1d601,2026-01,Northumbria Police,Northumbria Police,-1.680493,55.177096,On or near Howburn Court,E01027457,Northumberland 011A,Criminal damage and arson,Under investigation,
99cbc30622cedf871dc79959d60841e9bb0c23321a29b0dbb54494f3b37127fa,2026-01,Northumbria Police,Northumbria Police,-1.680493,55.177096,On or near Howburn Court,E01027457,Northumberland 011A,Criminal damage and arson,Under investigation,
7c1e0dd735f12d5747224c84e6fdbca091b605d9b2d4a01d5a473a5e4bc66345,2026-01,Northumbria Police,Northumbria Police,-1.680493,55.177096,On or near Howburn Court,E01027457,Northumberland 011A,Criminal damage and arson,Under investigation,
3c2d667acc4b399e91db352ff88a2ada536d9125a1fe8506d96cb8f5b042cccb,2026-01,Northumbria Police,Northumbria Police,-1.680493,55.177096,On or near Howburn Court,E01027457,Northumberland 011A,Public order,Under investigation,
826d869dd5629b6b9ec62d303424ee193a3e33ab2c6abd8d1466f2543dd6f24d,2026-01,Northumbria Police,Northumbria Police,-1.680493,55.177096,On or near Howburn Court,E01027457,Northumberland 011A,Public order,Under investigation,
cd2e10333295381d795a01ee64717b85df9c4985ee4941c340f2fc77c946c84e,2026-01,Northumbria Police,Northumbria Police,-1.680493,55.177096,On or near Howburn Court,E01027457,Northumberland 011A,Public order,Under investigation,
fa2aa59224bf83f53ad28c15bb2f2871af75f8dc3785d9c4cf57d2f24f884968,2026-01,Northumbria Police,Northumbria Police,-1.680493,55.177096,On or near Howburn Court,E01027457,Northumberland 011A,Public order,Under investigation,
2fe1d8103dba92a97d400d1d8b759ce78a934a3a31e84431bafc9bdb6e4cd641,2026-01,Northumbria Police,Northumbria Police,-1.680493,55.177096,On or near Howburn Court,E01027457,Northumberland 011A,Public order,Under investigation,
519966732e5c7682b513a797a42b907936d846ccc935d0a92ace9536d165dbf1,2026-01,Northumbria Police,Northumbria Police,-1.680493,55.177096,On or near Howburn Court,E01027457,Northumberland 011A,Violence and sexual offences,Under investigation,
f7997b50ad29d57ca59dc001dc5ac8b0e97bf7bded2c22d57aa004db457b875e,2026-01,Northumbria Police,Northumbria Police,-1.680493,55.177096,On or near Howburn Court,E01027457,Northumberland 011A,Violence and sexual offences,Under investigation,
016f50f12501ffd29e71aa5cf17a62404f7c6548178185a019ad95c958cc9319,2026-01,Northumbria Police,Northumbria Police,-1.680493,55.177096,On or near Howburn Court,E01027457,Northumberland 011A,Violence and sexual offences,Under investigation,
ef9eab23a4b576bd43d243cfa1b7091fe9f1455c713ff151148b8b7a72668486,2026-01,Northumbria Police,Northumbria Police,-1.680493,55.177096,On or near Howburn Court,E01027457,Northumberland 011A,Violence and sexual offences,Under investigation,
a4440a59eb5b5c79302ff47d9d604cce8d4326441584ffed8e8635185c8fe01a,2026-01,Northumbria Police,Northumbria Police,-1.680493,55.177096,On or near Howburn Court,E01027457,Northumberland 011A,Violence and sexual offences,Under investigation,
93986df6a9d6d44b9dedd680746e50c18508bfbf3073c15db60baf7eedb2f52a,2026-01,Northumbria Police,Northumbria Police,-1.680493,55.177096,On or near Howburn Court,E01027457,Northumberland 011A,Violence and sexual offences,Under investigation,
2dc7ef393d75a5e80aebc5a6925dc297830761b019ad76bf7857c26d8d3bf5a2,2026-01,Northumbria Police,Northumbria Police,-1.680493,55.177096,On or near Howburn Court,E01027457,Northumberland 011A,Violence and sexual offences,Under investigation,
eab738af659714025609d0c20d33bb228ce70dea3d18fb9fc8df134385b113e5,2026-01,Northumbria Police,Northumbria Police,-1.680493,55.177096,On or near Howburn Court,E01027457,Northumberland 011A,Violence and sexual offences,Under investigation,
d727624d6b8e0c28e31b587bbe3a872904b8ae020606c7c38538e2a302147b1c,2026-01,Northumbria Police,Northumbria Police,-1.688110,55.170834,On or near Hood Street,E01027457,Northumberland 011A,Other crime,Under investigation,
,2026-01,Northumbria Police,Northumbria Police,-1.654402,55.181904,On or near Hebron Avenue,E01027462,Northumberland 011B,Anti-social behaviour,,
,2026-01,Northumbria Police,Northumbria Police,-1.652549,55.180084,On or near Spencer Drive,E01027462,Northumberland 011B,Anti-social behaviour,,
49b8f74617b7fef6e93b62b39395df94da419118e52bc64c540cb4010f1aef25,2026-01,Northumbria Police,Northumbria Police,-1.643836,55.178163,On or near Pegswood,E01027462,Northumberland 011B,Criminal damage and arson,Investigation complete; no suspect identified,
1258bed8f90076eb7c6c5be2c4191283b4e557d91e05ba93073b3ae47e77f77c,2026-01,Northumbria Police,Northumbria Police,-1.646801,55.178387,On or near William Street,E01027462,Northumberland 011B,Drugs,Under investigation,
e8606bc3c50ea9ccdb562ef9d9b5f12e9e9fb31f45cf8022bf22d04bde0a39b9,2026-01,Northumbria Police,Northumbria Police,-1.647898,55.180448,On or near Pegswood Precinct,E01027462,Northumberland 011B,Drugs,Under investigation,
5ff049fd114316cf881e6d68107a6c28c516c869e8d544460db7b676b5f628de,2026-01,Northumbria Police,Northumbria Police,-1.650750,55.179324,On or near West View,E01027462,Northumberland 011B,Violence and sexual offences,Under investigation,
2c28ca1fe17a0f933a2322430e409fbe80db56300e26eb25618be60bf1958d10,2026-01,Northumbria Police,Northumbria Police,-1.647898,55.180448,On or near Pegswood Precinct,E01027462,Northumberland 011B,Violence and sexual offences,Under investigation,
,2026-01,Northumbria Police,Northumbria Police,-1.645246,55.181977,On or near Longhirst Road,E01027463,Northumberland 011C,Anti-social behaviour,,
,2026-01,Northumbria Police,Northumbria Police,-1.639316,55.181411,On or near Lindisfarne Close,E01027463,Northumberland 011C,Anti-social behaviour,,
4d04bd7054dd289766adcfd61569af2bfc0bfee9bd3c52f091d238a83d023908,2026-01,Northumbria Police,Northumbria Police,-1.648199,55.181976,On or near Kirkharle Drive,E01027463,Northumberland 011C,Criminal damage and arson,Under investigation,
d9a265cf6e7c7cf81da98e7800dbbae1572a9a4b5ad319f99dd0c9e5efa25bb1,2026-01,Northumbria Police,Northumbria Police,-1.648121,55.196165,On or near Longhirst Village,E01027463,Northumberland 011C,Other theft,Investigation complete; no suspect identified,
b161865b58d768afdb85b20b67acbf91799a0c1ba05ab63d3550a76aa91187c0,2026-01,Northumbria Police,Northumbria Police,-1.646295,55.182366,On or near Croome Gardens,E01027463,Northumberland 011C,Violence and sexual offences,Under investigation,
,2026-01,Northumbria Police,Northumbria Police,-1.548754,55.173103,On or near Canterbury Close,E01027533,Northumberland 013A,Anti-social behaviour,,
,2026-01,Northumbria Police,Northumbria Police,-1.555264,55.172229,On or near College Road,E01027533,Northumberland 013A,Anti-social behaviour,,
,2026-01,Northumbria Police,Northumbria Police,-1.548754,55.173103,On or near Canterbury Close,E01027533,Northumberland 013A,Anti-social behaviour,,
3ec4484b5a758d41df826569b4bd5ef99939ac86bc6052f7c0073444e4c7e606,2026-01,Northumbria Police,Northumbria Police,-1.553369,55.176059,On or near Ruskin Avenue,E01027533,Northumberland 013A,Theft from the person,Under investigation,
dedc6f048aab10793f62a19b2519b8655379321f60f51b628f9b8238e79847b2,2026-01,Northumbria Police,Northumbria Police,-1.555264,55.172229,On or near College Road,E01027533,Northumberland 013A,Violence and sexual offences,Investigation complete; no suspect identified,
e610e74c5be19bee85846cb7f7400bddb2763920bb44cf6b89297c7368f5a194,2026-01,Northumbria Police,Northumbria Police,-1.551758,55.174031,On or near Simonburn Lane,E01027533,Northumberland 013A,Violence and sexual offences,Under investigation,
,2026-01,Northumbria Police,Northumbria Police,-1.557875,55.185960,On or near Cheviot View,E01027540,Northumberland 013B,Anti-social behaviour,,
,2026-01,Northumbria Police,Northumbria Police,-1.554748,55.184708,On or near Tweed Street,E01027540,Northumberland 013B,Anti-social behaviour,,
,2026-01,Northumbria Police,Northumbria Police,-1.555572,55.181198,On or near Welfare Crescent,E01027540,Northumberland 013B,Anti-social behaviour,,
,2026-01,Northumbria Police,Northumbria Police,-1.548907,55.187356,On or near St Pauls Close,E01027540,Northumberland 013B,Anti-social behaviour,,
69dae5c072e048da39dca0473b7d9f9314f07569f0bda5c3ffddf72692f4ed07,2026-01,Northumbria Police,Northumbria Police,-1.555325,55.182275,On or near Windy Gyle,E01027540,Northumberland 013B,Robbery,Under investigation,
f9c6989686d421713aebd12233234bd5d9fd6786fd539a480f96572231c11cb0,2026-01,Northumbria Police,Northumbria Police,-1.548907,55.187356,On or near St Pauls Close,E01027540,Northumberland 013B,Violence and sexual offences,Investigation complete; no suspect identified,
889812d07c912ca86c2b6ea5f8756327d14a91ec1b9a510b816c6f0d73073998,2026-01,Northumbria Police,Northumbria Police,-1.553960,55.184930,On or near Aln Street,E01027540,Northumberland 013B,Violence and sexual offences,Investigation complete; no suspect identified,
83f40f672c339440c95deb56622b9bc0234131cff04597a3f7eb8134f84ef969,2026-01,Northumbria Police,Northumbria Police,-1.553960,55.184930,On or near Aln Street,E01027540,Northumberland 013B,Violence and sexual offences,Under investigation,
8504fd1006318a522d699466d86b5979c59d881331203d8e4a173d799feda6c5,2026-01,Northumbria Police,Northumbria Police,-1.550032,55.186551,On or near St Nicholas Close,E01027540,Northumberland 013B,Violence and sexual offences,Under investigation,
054e1fab647d47da381d60aa2c0cc0937bfa2f08838955d0a10fcf4b30863aea,2026-01,Northumbria Police,Northumbria Police,-1.553960,55.184930,On or near Aln Street,E01027540,Northumberland 013B,Violence and sexual offences,Investigation complete; no suspect identified,
,2026-01,Northumbria Police,Northumbria Police,-1.540717,55.178456,On or near Brennan Close,E01027549,Northumberland 013E,Anti-social behaviour,,
,2026-01,Northumbria Police,Northumbria Police,-1.548307,55.182124,On or near Faldo Drive,E01027549,Northumberland 013E,Anti-social behaviour,,
,2026-01,Northumbria Police,Northumbria Police,-1.548307,55.182124,On or near Faldo Drive,E01027549,Northumberland 013E,Anti-social behaviour,,
,2026-01,Northumbria Police,Northumbria Police,-1.548307,55.182124,On or near Faldo Drive,E01027549,Northumberland 013E,Anti-social behaviour,,
f5c4b2f70aa4349dac5510afc79521082eed26f12cb5fe940b79c86c623f106e,2026-01,Northumbria Police,Northumbria Police,-1.545148,55.179551,On or near Carnoustie Close,E01027549,Northumberland 013E,Criminal damage and arson,Investigation complete; no suspect identified,
346a0144e137dd41cedbd7e42769d356b9b8c2527f26d138ec989bc64030e15e,2026-01,Northumbria Police,Northumbria Police,-1.548307,55.182124,On or near Faldo Drive,E01027549,Northumberland 013E,Criminal damage and arson,Under investigation,
f7e48855cc9e635db1dfa7ca729e4218f96dd5ca47af2bb882127835207759ba,2026-01,Northumbria Police,Northumbria Police,-1.548307,55.182124,On or near Faldo Drive,E01027549,Northumberland 013E,Public order,Awaiting court outcome,
424936dd002cdbbcb7da2dad08098b12bf212c5c9fdef266b4aebabb70dfdbeb,2026-01,Northumbria Police,Northumbria Police,-1.547724,55.183676,On or near Eagle Close,E01027549,Northumberland 013E,Violence and sexual offences,Under investigation,
2a137c7f2ae7abcd906f3f1111257a5e50a9a92f1663ad3a184c1ef2d5e80482,2026-01,Northumbria Police,Northumbria Police,-1.545148,55.179551,On or near Carnoustie Close,E01027549,Northumberland 013E,Other crime,Under investigation,
99d99039657b03a2625d1422abe0c8744a0fd3478ddbced7ab973c40e9f56dbd,2026-01,Northumbria Police,Northumbria Police,-1.545148,55.179551,On or near Carnoustie Close,E01027549,Northumberland 013E,Other crime,Investigation complete; no suspect identified,
,2026-01,Northumbria Police,Northumbria Police,-1.537784,55.176863,On or near Southern Close,E01033716,Northumberland 013F,Anti-social behaviour,,
,2026-01,Northumbria Police,Northumbria Police,-1.542102,55.174058,On or near Meadowfield,E01033716,Northumberland 013F,Anti-social behaviour,,
,2026-01,Northumbria Police,Northumbria Police,-1.542102,55.174058,On or near Meadowfield,E01033716,Northumberland 013F,Anti-social behaviour,,
,2026-01,Northumbria Police,Northumbria Police,-1.536432,55.174279,On or near The Hollow,E01033716,Northumberland 013F,Anti-social behaviour,,
,2026-01,Northumbria Police,Northumbria Police,-1.541975,55.174201,On or near Parking Area,E01033716,Northumberland 013F,Anti-social behaviour,,
083ddab0f91b48da4bb27e1ac732add6b66a8b9be806243aae3d722c55290309,2026-01,Northumbria Police,Northumbria Police,-1.537784,55.176863,On or near Southern Close,E01033716,Northumberland 013F,Public order,Under investigation,
d7e43691977b067f1b6aa502a8e1a2fa66063f1a7b7a715d0d547f27b3a739a8,2026-01,Northumbria Police,Northumbria Police,-1.543853,55.174748,On or near Exeter Close,E01033716,Northumberland 013F,Violence and sexual offences,Under investigation,
49b944ef6e8fc4d072f64230f2ba103a9d1fb5ac0a92d35fe2cecb8369f8e850,2026-01,Northumbria Police,Northumbria Police,-1.537784,55.176863,On or near Southern Close,E01033716,Northumberland 013F,Violence and sexual offences,Under investigation,
ff69add27e6ba7c41a58b5214c3261248a0b307b0f0a4ae9eacacf0a83ce20be,2026-01,Northumbria Police,Northumbria Police,-1.539520,55.173339,On or near Woodlands Road,E01033716,Northumberland 013F,Violence and sexual offences,Investigation complete; no suspect identified,
bebbfd96c6aaf4e2515a3b1e8e040bd1e612e302bf42914a2b21422c8244bc94,2026-01,Northumbria Police,Northumbria Police,-1.539520,55.173339,On or near Woodlands Road,E01033716,Northumberland 013F,Violence and sexual offences,Under investigation,
61781c81547ff4038dff9bf30dda2cb91c7a6c022ec621c4350412156f5eee14,2026-01,Northumbria Police,Northumbria Police,-1.546591,55.174192,On or near Winchester Close,E01033716,Northumberland 013F,Violence and sexual offences,Under investigation,
79e02cdf5685a3d78b7ede50573c76803c869f9708cb3a4b539b261b41a42988,2026-01,Northumbria Police,Northumbria Police,-1.544801,55.174203,On or near St Albans Close,E01033716,Northumberland 013F,Violence and sexual offences,Under investigation,
,2026-01,Northumbria Police,Northumbria Police,-1.957412,55.154332,On or near Parking Area,E01027447,Northumberland 015A,Anti-social behaviour,,
,2026-01,Northumbria Police,Northumbria Police,-1.718671,55.247280,On or near Park/Open Space,E01027450,Northumberland 015C,Anti-social behaviour,,
,2026-01,Northumbria Police,Northumbria Police,-1.718671,55.247280,On or near Park/Open Space,E01027450,Northumberland 015C,Anti-social behaviour,,
30032ba26f4791c2f431241d9b7159c8db781305f63774123e73398c6362cdd6,2026-01,Northumbria Police,Northumbria Police,-1.679738,55.273153,On or near The Pipistrelles,E01027450,Northumberland 015C,Vehicle crime,Investigation complete; no suspect identified,
76a73f4efb40c950014f3097fc7c9f5ed01ed9212fb63043825c766017ed0f36,2026-01,Northumbria Police,Northumbria Police,-1.709915,55.179632,On or near Elecampane Lane,E01035629,Northumberland 015E,Violence and sexual offences,Under investigation,
c4eb8057cbdc263a654d0c07d8c42cb7848c896907d41126ff2e47f4ed018db3,2026-01,Northumbria Police,Northumbria Police,-1.669109,55.158141,On or near Sleekburn,E01035630,Northumberland 015F,Other theft,Under investigation,
3c8e27709962dcd434f6516400d459171e8168560ba8cf071d467fa1dd18f68c,2026-01,Northumbria Police,Northumbria Police,-1.647274,55.151475,On or near Fieldhouse Close,E01035630,Northumberland 015F,Other crime,Investigation complete; no suspect identified,
,2026-01,Northumbria Police,Northumbria Police,-1.685339,55.167763,On or near Damside,E01027452,Northumberland 016A,Anti-social behaviour,,
,2026-01,Northumbria Police,Northumbria Police,-1.683866,55.169413,On or near Supermarket,E01027452,Northumberland 016A,Anti-social behaviour,,
,2026-01,Northumbria Police,Northumbria Police,-1.684422,55.168659,On or near Staithes Lane,E01027452,Northumberland 016A,Anti-social behaviour,,
,2026-01,Northumbria Police,Northumbria Police,-1.686048,55.169445,On or near Dark Lane,E01027452,Northumberland 016A,Anti-social behaviour,,
,2026-01,Northumbria Police,Northumbria Police,-1.690121,55.168620,On or near Lumsden'S Lane,E01027453,Northumberland 016B,Anti-social behaviour,,
,2026-01,Northumbria Police,Northumbria Police,-1.690121,55.168620,On or near Lumsden'S Lane,E01027453,Northumberland 016B,Anti-social behaviour,,
,2026-01,Northumbria Police,Northumbria Police,-1.694949,55.169531,On or near Abbey View,E01027453,Northumberland 016B,Anti-social behaviour,,
,2026-01,Northumbria Police,Northumbria Police,-1.690121,55.168620,On or near Lumsden'S Lane,E01027453,Northumberland 016B,Anti-social behaviour,,
,2026-01,Northumbria Police,Northumbria Police,-1.691433,55.169378,On or near Newgate Street,E01027453,Northumberland 016B,Anti-social behaviour,,
,2026-01,Northumbria Police,Northumbria Police,-1.682378,55.165051,On or near West Greens,E01027453,Northumberland 016B,Anti-social behaviour,,
,2026-01,Northumbria Police,Northumbria Police,-1.694190,55.168145,On or near Abbey Terrace,E01027453,Northumberland 016B,Anti-social behaviour,,
c62b175938e4572a99aa73b1a16c6e0f64de7e7129f3e86aa230a6d033df741f,2026-01,Northumbria Police,Northumbria Police,-1.690121,55.168620,On or near Lumsden'S Lane,E01027453,Northumberland 016B,Criminal damage and arson,Under investigation,
7d82a305d30c9ba6921e4f5d9c2e49f3b29f5e66d0a4e48ef977026dc2e7d6e6,2026-01,Northumbria Police,Northumbria Police,-1.690121,55.168620,On or near Lumsden'S Lane,E01027453,Northumberland 016B,Public order,Investigation complete; no suspect identified,
d430f0fc20341067d66276192e88deb8de29e7eb548fe06b4be504009c93c159,2026-01,Northumbria Police,Northumbria Police,-1.690121,55.168620,On or near Lumsden'S Lane,E01027453,Northumberland 016B,Public order,Under investigation,
af781e191031231d5b26a65473e53bf09f35c8e34e753e0d6f179e4be4b42a05,2026-01,Northumbria Police,Northumbria Police,-1.687403,55.166834,On or near Chantry Place,E01027453,Northumberland 016B,Shoplifting,Awaiting court outcome,
20564f8f3557f2e5ecb9de36251490b7915809247ca5f85231cfd52eb75ead16,2026-01,Northumbria Police,Northumbria Police,-1.691780,55.167160,On or near Parking Area,E01027453,Northumberland 016B,Vehicle crime,Investigation complete; no suspect identified,
2a4a553aa40c53128fcc3672cc5f4974a0efd550d8707f6bc2e4b65a22ec7e88,2026-01,Northumbria Police,Northumbria Police,-1.691780,55.167160,On or near Parking Area,E01027453,Northumberland 016B,Violence and sexual offences,Under investigation,
e3b516a4b0cf9686d2d4879455d3b8a0c809921216535dd0bcba90e7dcbe4935,2026-01,Northumbria Police,Northumbria Police,-1.690342,55.170400,On or near Copper Chare,E01027453,Northumberland 016B,Other crime,Investigation complete; no suspect identified,
baf7a65633568a6991ee97295119ceaf9eb33ef898848d5f2bd043ff9567dcb3,2026-01,Northumbria Police,Northumbria Police,-1.682875,55.165771,On or near Alexandra Road,E01027453,Northumberland 016B,Other crime,Under investigation,
,2026-01,Northumbria Police,Northumbria Police,-1.676275,55.158933,On or near Third Avenue,E01027461,Northumberland 016E,Anti-social behaviour,,
3179ed14886aa7e28acc6754bbd37d777d34227716185ea79a77cdfa5588dcac,2026-01,Northumbria Police,Northumbria Police,-1.673976,55.157903,On or near Tenth Avenue,E01027461,Northumberland 016E,Violence and sexual offences,Under investigation,
fc5ab25d4ab6b9bcd6541911d477d9f34c7d1b47d111531602090d8d68246446,2026-01,Northumbria Police,Northumbria Police,-1.678083,55.158507,On or near Jobling Crescent,E01027461,Northumberland 016E,Other crime,Investigation complete; no suspect identified,
a66af922fbe6756a176c658fafc6ddcd3c46fff817233ec7c2fe1674a37c1853,2026-01,Northumbria Police,Northumbria Police,-1.678083,55.158507,On or near Jobling Crescent,E01027461,Northumberland 016E,Other crime,Under investigation,
,2026-01,Northumbria Police,Northumbria Police,-1.696984,55.164090,On or near Clarks Field,E01033718,Northumberland 016F,Anti-social behaviour,,
,2026-01,Northumbria Police,Northumbria Police,-1.696984,55.164090,On or near Clarks Field,E01033718,Northumberland 016F,Anti-social behaviour,,
9dd640473cad6d548dd5664df7802e72f2a94f83dd57b97d626f76e76a50e526,2026-01,Northumbria Police,Northumbria Police,-1.696984,55.164090,On or near Clarks Field,E01033718,Northumberland 016F,Public order,Under investigation,
,2026-01,Northumbria Police,Northumbria Police,-1.597290,55.159956,On or near Admington Court,E01027531,Northumberland 017B,Anti-social behaviour,,
25ac36edf9c1b373df51465da7870605fe7a803e80047601117d04b1199e4629,2026-01,Northumbria Police,Northumbria Police,-1.596504,55.152252,On or near Eastgreen,E01027531,Northumberland 017B,Drugs,Awaiting court outcome,
6652c710de91be5d536ff1e00ef0327f09d34ad0795cc504656d3b10ac803900,2026-01,Northumbria Police,Northumbria Police,-1.594635,55.160226,On or near Coleridge Drive,E01027531,Northumberland 017B,Violence and sexual offences,Under investigation,
4540c1a9f04697812dbabb4793ff72cbb8bf680a982191522e1b38a0c13821d8,2026-01,Northumbria Police,Northumbria Police,-1.587993,55.162073,On or near Wellington Road,E01027534,Northumberland 017C,Burglary,Awaiting court outcome,
89fbd14406df3928b15a6cc78471350afe6b60b5a8d952ad29047a07a1f1509c,2026-01,Northumbria Police,Northumbria Police,-1.601681,55.158775,On or near High Street,E01027534,Northumberland 017C,Shoplifting,Awaiting court outcome,
801ec411bb63fba96344c0b97535f1c1ba695c22ec4e3cef5636423ee1117775,2026-01,Northumbria Police,Northumbria Police,-1.601681,55.158775,On or near High Street,E01027534,Northumberland 017C,Violence and sexual offences,Investigation complete; no suspect identified,
4bd5a9040a7bfb564d9d241630af8e1c283850a2f68e43b49bd1a379bf4dc17c,2026-01,Northumbria Police,Northumbria Police,-1.601681,55.158775,On or near High Street,E01027534,Northumberland 017C,Violence and sexual offences,Awaiting court outcome,
,2026-01,Northumbria Police,Northumbria Police,-1.570741,55.163685,On or near River Bank East,E01027553,Northumberland 017E,Anti-social behaviour,,
,2026-01,Northumbria Police,Northumbria Police,-1.577990,55.163970,On or near Half Moon Street,E01027553,Northumberland 017E,Anti-social behaviour,,
,2026-01,Northumbria Police,Northumbria Police,-1.576765,55.166959,On or near West Ford Road,E01027553,Northumberland 017E,Anti-social behaviour,,
,2026-01,Northumbria Police,Northumbria Police,-1.570741,55.163685,On or near River Bank East,E01027553,Northumberland 017E,Anti-social behaviour,,
,2026-01,Northumbria Police,Northumbria Police,-1.576031,55.157781,On or near Fairview,E01027553,Northumberland 017E,Anti-social behaviour,,
,2026-01,Northumbria Police,Northumbria Police,-1.576765,55.166959,On or near West Ford Road,E01027553,Northumberland 017E,Anti-social behaviour,,
fcedb2c938c1d8dcb72aa2e0a48342943ed5fc3f031caae574c6897e3206e56f,2026-01,Northumbria Police,Northumbria Police,-1.577990,55.163970,On or near Half Moon Street,E01027553,Northumberland 017E,Other theft,Investigation complete; no suspect identified,
664df4ab10eabefa7bb291a6dff0bde3df277f8d6614c43abf265743be4534d7,2026-01,Northumbria Police,Northumbria Police,-1.576932,55.160103,On or near Parking Area,E01027553,Northumberland 017E,Violence and sexual offences,Under investigation,
d09f6a15c75ff40f4a1c2b92d9658c685872a567e89192fdcc0f4f879e715a8e,2026-01,Northumbria Police,Northumbria Police,-1.575281,55.163386,On or near Dereham Terrace,E01027553,Northumberland 017E,Violence and sexual offences,Under investigation,
,2026-01,Northumbria Police,Northumbria Police,-1.707139,55.172724,On or near De Mowbray Way,E01027456,Northumberland 018B,Anti-social behaviour,,
,2026-01,Northumbria Police,Northumbria Police,-1.690771,55.159007,On or near Hospital,E01027458,Northumberland 018C,Anti-social behaviour,,
92701ee23f6aa679b7c8601203d1933e2f44c920a093e879875b36777690494f,2026-01,Northumbria Police,Northumbria Police,-1.691622,55.153006,On or near The Chip,E01027458,Northumberland 018C,Violence and sexual offences,Under investigation,
65e1a1c33e538c7ede0ed32e0fe5967942a3ebd9df740cc2565cf6a9c9402e48,2026-01,Northumbria Police,Northumbria Police,-1.681135,55.159584,On or near Shields Road,E01027460,Northumberland 018D,Shoplifting,Awaiting court outcome,
b74e6e30e5ec12b4826ea53524fecc92f101826704eace52d578a47ab9a47f4f,2026-01,Northumbria Police,Northumbria Police,-2.145354,55.182895,On or near Park/Open Space,E01027479,Northumberland 019A,Burglary,Under investigation,
03d47e64a33fcd0f0124cabd5f2633102b2be827ca4ae2314793c77aeca5306c,2026-01,Northumbria Police,Northumbria Police,-2.171902,55.177239,On or near Chapel Close,E01027479,Northumberland 019A,Public order,Under investigation,
1ff61d565ac0f0c6da3dff5228b1d91a83c0138cc3ce3b7e57cd33ced2a1ad66,2026-01,Northumbria Police,Northumbria Police,-2.027983,55.189048,On or near Park/Open Space,E01027479,Northumberland 019A,Violence and sexual offences,Under investigation,
,2026-01,Northumbria Police,Northumbria Police,-1.996982,55.031725,On or near Briar Fields,E01027480,Northumberland 019B,Anti-social behaviour,,
,2026-01,Northumbria Police,Northumbria Police,-2.579821,55.230625,On or near South End,E01027503,Northumberland 019C,Anti-social behaviour,,
,2026-01,Northumbria Police,Northumbria Police,-2.579821,55.230625,On or near South End,E01027503,Northumberland 019C,Anti-social behaviour,,
,2026-01,Northumbria Police,Northumbria Police,-2.450514,55.177489,On or near Shilling Pot,E01027503,Northumberland 019C,Anti-social behaviour,,
da0fdcc1db288c2b068b6bdf00739d595382c887335fc13745352e45f4734475,2026-01,Northumbria Police,Northumbria Police,-2.226386,55.254546,On or near Parking Area,E01027503,Northumberland 019C,Burglary,Under investigation,
d2995b9743b1c3c768c47bc4cc2cc89bb5b56287113c4d5c5f5bc4978c332787,2026-01,Northumbria Police,Northumbria Police,-2.226386,55.254546,On or near Parking Area,E01027503,Northumberland 019C,Burglary,Under investigation,
c45aea542686ff4461f2f4d1ced2ebc0956e04892c2fc7b33e6ada50e52f338e,2026-01,Northumbria Police,Northumbria Police,-2.579821,55.230625,On or near South End,E01027503,Northumberland 019C,Violence and sexual offences,Under investigation,
,2026-01,Northumbria Police,Northumbria Police,-1.591573,55.131191,On or near Vulcan Place,E01027515,Northumberland 020A,Anti-social behaviour,,
7ff7a2ba118da57b94b29b0c0a0bf409c770fe3278320b04631810e942982225,2026-01,Northumbria Police,Northumbria Police,-1.591035,55.131593,On or near B1331,E01027515,Northumberland 020A,Criminal damage and arson,Investigation complete; no suspect identified,
03772b7fed4b31588510ff178e067adca1dfb79575e143d42981d82726b67fe7,2026-01,Northumbria Police,Northumbria Police,-1.591573,55.131191,On or near Vulcan Place,E01027515,Northumberland 020A,Shoplifting,Investigation complete; no suspect identified,
71538fb1fdebd209069393e0a83153ec42a3a59d914896698ac17a2a28911c74,2026-01,Northumbria Police,Northumbria Police,-1.591573,55.131191,On or near Vulcan Place,E01027515,Northumberland 020A,Shoplifting,Offender given a caution,
cf9e39d902fa255a088bf7608beab47a5fe58385b3e519886cf98093694fb350,2026-01,Northumbria Police,Northumbria Police,-1.591573,55.131191,On or near Vulcan Place,E01027515,Northumberland 020A,Shoplifting,Awaiting court outcome,
6628026332009d853377bb051626c6c94de93c146605b92c87ff21a054f1f52d,2026-01,Northumbria Police,Northumbria Police,-1.590139,55.127187,On or near Millfield,E01027515,Northumberland 020A,Other crime,Under investigation,
a50ebbe43a1929f41532879b3cf50abea1745bfb29c6f4ef541f41ace1a860ff,2026-01,Northumbria Police,Northumbria Police,-1.591573,55.131191,On or near Vulcan Place,E01027515,Northumberland 020A,Other crime,Investigation complete; no suspect identified,
a12bdcaceb166bcb99f7d9ac5e1475d940d33954e90a8b70afb3faa1dca5775a,2026-01,Northumbria Police,Northumbria Police,-1.569173,55.138779,On or near Cherrytree Court,E01027517,Northumberland 020B,Burglary,Under investigation,
92857c006d52174d44c3862c924263e3501e209b7dc1e85e98018ac0d6acc922,2026-01,Northumbria Police,Northumbria Police,-1.574341,55.138114,On or near Wallington Close,E01027517,Northumberland 020B,Criminal damage and arson,Investigation complete; no suspect identified,
6b168160ed103d2d3f0645e56d8e8f3dc493da411fb9726337e957ee0e9f97d1,2026-01,Northumbria Police,Northumbria Police,-1.569843,55.139230,On or near Supermarket,E01027517,Northumberland 020B,Shoplifting,Investigation complete; no suspect identified,
,2026-01,Northumbria Police,Northumbria Police,-1.575966,55.132800,On or near Stead Lane,E01027518,Northumberland 020C,Anti-social behaviour,,
800d6523dffeed944b7cfdba84f911518fddd08c074d6f2c0108700406523a72,2026-01,Northumbria Police,Northumbria Police,-1.579070,55.132954,On or near Hatfield Chase,E01027518,Northumberland 020C,Violence and sexual offences,Under investigation,
76c8d49977688ca29bee4214bdb647496998d5162f03e45e9c917187b2f7a485,2026-01,Northumbria Police,Northumbria Police,-1.568461,55.132109,On or near Parking Area,E01027518,Northumberland 020C,Violence and sexual offences,Under investigation,
,2026-01,Northumbria Police,Northumbria Police,-1.560974,55.141176,On or near Moorland Crescent,E01027550,Northumberland 020E,Anti-social behaviour,,
,2026-01,Northumbria Police,Northumbria Police,-1.567934,55.135836,On or near Mansion Court,E01027550,Northumberland 020E,Anti-social behaviour,,
,2026-01,Northumbria Police,Northumbria Police,-1.560981,55.142012,On or near Grange Avenue,E01027551,Northumberland 020F,Anti-social behaviour,,
,2026-01,Northumbria Police,Northumbria Police,-1.560981,55.142012,On or near Grange Avenue,E01027551,Northumberland 020F,Anti-social behaviour,,
95eb84438e8f9608aa1c05a1c39a0556f6cd8dd2e5ebc682eaa29f58c9add61b,2026-01,Northumbria Police,Northumbria Police,-1.569301,55.141448,On or near Parking Area,E01027551,Northumberland 020F,Burglary,Under investigation,
7090de0040f4f7a901bd09a48eae5324f8fcaa5bb18bdaf3de1142d5c23654d6,2026-01,Northumbria Police,Northumbria Police,-1.570733,55.142567,On or near West View,E01027551,Northumberland 020F,Robbery,Awaiting court outcome,
46edbded8810a2321f0831086db5208d6f3da72dbc95d0ca81bf635526e3f3d0,2026-01,Northumbria Police,Northumbria Police,-1.569301,55.141448,On or near Parking Area,E01027551,Northumberland 020F,Violence and sexual offences,Investigation complete; no suspect identified,
7d25af83f4be381acdacb8c8b5627e21134242e61f4ea84f1de9a06f87e43704,2026-01,Northumbria Police,Northumbria Police,-1.567435,55.141424,On or near Burnside,E01027551,Northumberland 020F,Violence and sexual offences,Under investigation,
,2026-01,Northumbria Police,Northumbria Police,-1.564751,55.161749,On or near Church Avenue,E01027552,Northumberland 020G,Anti-social behaviour,,
,2026-01,Northumbria Police,Northumbria Police,-1.526195,55.158398,On or near Parking Area,E01027552,Northumberland 020G,Anti-social behaviour,,
,2026-01,Northumbria Police,Northumbria Police,-1.527222,55.159103,On or near The Bucca,E01027552,Northumberland 020G,Anti-social behaviour,,
b5dbfae5bf388f36a8d65075f4900a951aad09637991445976a243d95d220903,2026-01,Northumbria Police,Northumbria Police,-1.564751,55.161749,On or near Church Avenue,E01027552,Northumberland 020G,Burglary,Under investigation,
ca61f5c7f6131963f68aa4ed34e7e642888e0f97dbfb2dd33367e54617ea6bae,2026-01,Northumbria Police,Northumbria Police,-1.564751,55.161749,On or near Church Avenue,E01027552,Northumberland 020G,Criminal damage and arson,Under investigation,
711d3b1ee344cca716431ee04b5d59c3ff44f40928b2910deabfc0120fb9953d,2026-01,Northumbria Police,Northumbria Police,-1.564751,55.161749,On or near Church Avenue,E01027552,Northumberland 020G,Criminal damage and arson,Under investigation,
60209e9810f56f6b15d276b882264d2c32bff448b03cd987a46e6cc2e03a2b24,2026-01,Northumbria Police,Northumbria Police,-1.560174,55.138315,On or near A189,E01027552,Northumberland 020G,Drugs,Under investigation,
8ce15f863fdb335890f71443e94fa04dc66ba4ead1533a6c6eee69e5f9ddc285,2026-01,Northumbria Police,Northumbria Police,-1.564751,55.161749,On or near Church Avenue,E01027552,Northumberland 020G,Other theft,Under investigation,
0e9253eab4190a3e1c637c97960eff8e51420b1bb958a45329b2773acc2680d4,2026-01,Northumbria Police,Northumbria Police,-1.564751,55.161749,On or near Church Avenue,E01027552,Northumberland 020G,Violence and sexual offences,Investigation complete; no suspect identified,
cc6f533f0feb0309cabb6daafb1bf7b380d0473895d2d1989d5649e06ac3f556,2026-01,Northumbria Police,Northumbria Police,-1.519810,55.143806,On or near West Bridge Street,E01027552,Northumberland 020G,Violence and sexual offences,Under investigation,
e3b90b5bea38674c28b7ea6393820cdd37e5a214193d7461b823ceed712d3b54,2026-01,Northumbria Police,Northumbria Police,-1.519810,55.143806,On or near West Bridge Street,E01027552,Northumberland 020G,Violence and sexual offences,Under investigation,
,2026-01,Northumbria Police,Northumbria Police,-1.588295,55.126606,On or near Millfield South,E01027514,Northumberland 021A,Anti-social behaviour,,
,2026-01,Northumbria Police,Northumbria Police,-1.596749,55.131073,On or near Front Street West,E01027514,Northumberland 021A,Anti-social behaviour,,
,2026-01,Northumbria Police,Northumbria Police,-1.592857,55.137548,On or near Carisbrooke,E01027516,Northumberland 021B,Anti-social behaviour,,
,2026-01,Northumbria Police,Northumbria Police,-1.592335,55.130259,On or near A193,E01027516,Northumberland 021B,Anti-social behaviour,,
,2026-01,Northumbria Police,Northumbria Police,-1.596487,55.135278,On or near Court Road,E01027516,Northumberland 021B,Anti-social behaviour,,
,2026-01,Northumbria Police,Northumbria Police,-1.594537,55.135766,On or near Hassop Way,E01027516,Northumberland 021B,Anti-social behaviour,,
,2026-01,Northumbria Police,Northumbria Police,-1.588344,55.134055,On or near Acomb Court,E01027516,Northumberland 021B,Anti-social behaviour,,
,2026-01,Northumbria Police,Northumbria Police,-1.597250,55.132791,On or near Supermarket,E01027516,Northumberland 021B,Anti-social behaviour,,
,2026-01,Northumbria Police,Northumbria Police,-1.596118,55.132976,On or near Millne Court,E01027516,Northumberland 021B,Anti-social behaviour,,
085502eba12d40474aea0c060529a893dcebe982a7a68dfc381d3a5c0bd902a8,2026-01,Northumbria Police,Northumbria Police,-1.594488,55.132881,On or near Kyloe Place,E01027516,Northumberland 021B,Drugs,Under investigation,
34f639d842a2eda76d07e9d52e6c17888f9e3b292c92dd4c20341247be2c9c46,2026-01,Northumbria Police,Northumbria Police,-1.597250,55.132791,On or near Supermarket,E01027516,Northumberland 021B,Other theft,Investigation complete; no suspect identified,
8969e62fbfaf7a8e07cde69791d2f4fa5e3b00a8bdb4adde2bfff9c11acb488d,2026-01,Northumbria Police,Northumbria Police,-1.594488,55.132881,On or near Kyloe Place,E01027516,Northumberland 021B,Public order,Under investigation,
1b91d0154d0a2817cd9ffb14eee5c93dd1132c4cca4151873242e5495a6d9769,2026-01,Northumbria Police,Northumbria Police,-1.594488,55.132881,On or near Kyloe Place,E01027516,Northumberland 021B,Violence and sexual offences,Awaiting court outcome,
87de16420707891f491790d685107e46fa134658a5bc4380525f74c5c3102575,2026-01,Northumbria Police,Northumbria Police,-1.597095,55.134112,On or near Oakapple Close,E01027516,Northumberland 021B,Violence and sexual offences,Under investigation,
,2026-01,Northumbria Police,Northumbria Police,-1.611558,55.138849,On or near Kendal Rise,E01027520,Northumberland 021C,Anti-social behaviour,,
,2026-01,Northumbria Police,Northumbria Police,-1.606691,55.134440,On or near Rosedale,E01027522,Northumberland 021E,Anti-social behaviour,,
,2026-01,Northumbria Police,Northumbria Police,-1.618349,55.132311,On or near Keel Gardens,E01027522,Northumberland 021E,Anti-social behaviour,,
,2026-01,Northumbria Police,Northumbria Police,-1.609765,55.132895,On or near Netherdale,E01027522,Northumberland 021E,Anti-social behaviour,,
dfb82e38dd77f8951f27b20391055ebe77f6ef5de88ce4d3222657516a8a653d,2026-01,Northumbria Police,Northumbria Police,-1.613988,55.132405,On or near Meadowdale Crescent,E01027522,Northumberland 021E,Violence and sexual offences,Under investigation,
0cc7ec98bc796e4770c573836a3bbe8f4ab9cb71c5d1d918473be2e12b5cf2bf,2026-01,Northumbria Police,Northumbria Police,-1.607695,55.132771,On or near Supermarket,E01027523,Northumberland 021F,Shoplifting,Investigation complete; no suspect identified,
7b402fc61b58b37845dd4751bcf0d732891c23d917b84fe51a795416d196b5d1,2026-01,Northumbria Police,Northumbria Police,-1.607695,55.132771,On or near Supermarket,E01027523,Northumberland 021F,Shoplifting,Under investigation,
,2026-01,Northumbria Police,Northumbria Police,-1.533889,55.129798,On or near Cowley Place,E01027392,Northumberland 022A,Anti-social behaviour,,
,2026-01,Northumbria Police,Northumbria Police,-1.533497,55.125726,On or near Hall Green,E01027392,Northumberland 022A,Anti-social behaviour,,
7fe75bc3ae14c2887437322ced8b23effb36d7264466a5e7589d0fa72bbe7ae5,2026-01,Northumbria Police,Northumbria Police,-1.535234,55.128734,On or near The Orchards,E01027392,Northumberland 022A,Burglary,Under investigation,
93c6a469cec59d065a4963af7184035e1c3e57ad523171918d3e7b4810950bd9,2026-01,Northumbria Police,Northumbria Police,-1.536159,55.124702,On or near Brierley Road,E01027392,Northumberland 022A,Robbery,Awaiting court outcome,
387b07443769209e5b1e530557600550f56ac9ae4f085376ec6cfaa1b23d2ca7,2026-01,Northumbria Police,Northumbria Police,-1.536159,55.124702,On or near Brierley Road,E01027392,Northumberland 022A,Shoplifting,Awaiting court outcome,
3c7f3aa05ad29282b7d182ebae17bfa08cc3b5b77429b8b60730b5c208b062a4,2026-01,Northumbria Police,Northumbria Police,-1.524774,55.132710,On or near Drift Gardens,E01027392,Northumberland 022A,Violence and sexual offences,Under investigation,
74e0813cbf513a66125e1df573590614940910742b5ce4a512ecffab9cfe0e0e,2026-01,Northumbria Police,Northumbria Police,-1.533497,55.125726,On or near Hall Green,E01027392,Northumberland 022A,Violence and sexual offences,Investigation complete; no suspect identified,
2a0adcf25c7dd0fad25d3878a75667ac78dcb5d223441b8552961c4d8e2a299b,2026-01,Northumbria Police,Northumbria Police,-1.526198,55.132949,On or near Lamp Court,E01027392,Northumberland 022A,Violence and sexual offences,Under investigation,
bc9a763690272b6cb751bbbbc452b67930a3c8022d0871970a72a9165fcea84e,2026-01,Northumbria Police,Northumbria Police,-1.533497,55.125726,On or near Hall Green,E01027392,Northumberland 022A,Violence and sexual offences,Under investigation,
60e1cac216283946ec92211adf72e510ccd05f2fc782aab546e8ac7891338765,2026-01,Northumbria Police,Northumbria Police,-1.533497,55.125726,On or near Hall Green,E01027392,Northumberland 022A,Violence and sexual offences,Under investigation,
,2026-01,Northumbria Police,Northumbria Police,-1.540708,55.124585,On or near Milldale Avenue,E01027393,Northumberland 022B,Anti-social behaviour,,
,2026-01,Northumbria Police,Northumbria Police,-1.535763,55.122329,On or near Hallside Road,E01027393,Northumberland 022B,Anti-social behaviour,,
c98f288bb2b1f26ecc76f6475fc42d66952fc2fcffc4dbd2fae06e55ac747bb4,2026-01,Northumbria Police,Northumbria Police,-1.534983,55.123377,On or near Redesdale Place,E01027393,Northumberland 022B,Criminal damage and arson,Investigation complete; no suspect identified,
a2215481f2642dc2433962f7080ce1484b16198d9d0de34627e694af5c1fd149,2026-01,Northumbria Police,Northumbria Police,-1.534983,55.123377,On or near Redesdale Place,E01027393,Northumberland 022B,Drugs,Under investigation,
09768096fcf893975f5c342559e901d57410c9068a4cd3457fd82c3b334135b3,2026-01,Northumbria Police,Northumbria Police,-1.534983,55.123377,On or near Redesdale Place,E01027393,Northumberland 022B,Violence and sexual offences,Under investigation,
ce91837bd92b181702e022ed82b5e00c9bec520f4d55ba22b2d1c80d6e5df6e4,2026-01,Northumbria Police,Northumbria Police,-1.534919,55.123467,On or near Axwell Drive,E01027393,Northumberland 022B,Violence and sexual offences,Under investigation,
366333a1740f623592000cf07fa8b2bacb898bd31910b0e5469013752e31fe7f,2026-01,Northumbria Police,Northumbria Police,-1.520239,55.131596,On or near Limes Avenue,E01027416,Northumberland 022C,Other theft,Under investigation,
daf40671b0a6ae20e52024496400f307666c49e179e1096a5951862dfd65548f,2026-01,Northumbria Police,Northumbria Police,-1.514775,55.130775,On or near Stephen Street,E01027416,Northumberland 022C,Other theft,Under investigation,
9d08ab6d63222700677ee866a848648e1aa9f4fa8f54e7968e1c94e9295fd8fe,2026-01,Northumbria Police,Northumbria Police,-1.516107,55.132182,On or near Grieve Street,E01027416,Northumberland 022C,Violence and sexual offences,Under investigation,
837f2bf53c6e1737dc910e930c5e307b688acffd61285092ed95ca524f0e90e0,2026-01,Northumbria Police,Northumbria Police,-1.520684,55.132410,On or near Sports/Recreation Area,E01027416,Northumberland 022C,Violence and sexual offences,Under investigation,
3bbfb8eb5a97f6e69a50c2c00d25a8935a097aad8bd555c239e641bc1f6b13a0,2026-01,Northumbria Police,Northumbria Police,-1.520023,55.132548,On or near Poplar Avenue,E01027416,Northumberland 022C,Violence and sexual offences,Under investigation,
a5cdffbe7456dc7ba0d26c2add5a5b196341cb996b948db16f3d9b91bd114870,2026-01,Northumbria Police,Northumbria Police,-1.516107,55.132182,On or near Grieve Street,E01027416,Northumberland 022C,Violence and sexual offences,Under investigation,
,2026-01,Northumbria Police,Northumbria Police,-1.544631,55.128517,On or near Wharfedale Gardens,E01027424,Northumberland 022D,Anti-social behaviour,,
,2026-01,Northumbria Police,Northumbria Police,-1.543378,55.129735,On or near Fenwick Grove,E01027424,Northumberland 022D,Anti-social behaviour,,
ab3dae846a4547495269e11fc4d06812b838148a42358b22ab29768e051a78b2,2026-01,Northumbria Police,Northumbria Police,-1.543378,55.129735,On or near Fenwick Grove,E01027424,Northumberland 022D,Criminal damage and arson,Investigation complete; no suspect identified,
8a44c0d91a3d535a30b0d1eb557c5fb400ac78c2a947965a73fa0b2dac770f64,2026-01,Northumbria Police,Northumbria Police,-1.543378,55.129735,On or near Fenwick Grove,E01027424,Northumberland 022D,Violence and sexual offences,Investigation complete; no suspect identified,
c470117a3b35abd44b6f76c951bde2da78e0ede309034f6accbf0225abfdbe9a,2026-01,Northumbria Police,Northumbria Police,-1.544270,55.129900,On or near Windmill Grove,E01027424,Northumberland 022D,Violence and sexual offences,Under investigation,
9d7140234a5573b0556ad37bd6348223f9b02a7ab9fb8b09ab4e684ba5803c4c,2026-01,Northumbria Police,Northumbria Police,-1.540331,55.130074,On or near Craigmill Park,E01027424,Northumberland 022D,Other crime,Investigation complete; no suspect identified,
,2026-01,Northumbria Police,Northumbria Police,-1.509994,55.124187,On or near Coomassie Road,E01027414,Northumberland 023A,Anti-social behaviour,,
,2026-01,Northumbria Police,Northumbria Police,-1.510858,55.126634,On or near B1328,E01027414,Northumberland 023A,Anti-social behaviour,,
df627b21f53a17c91ab7ec73b9319086ede8acc924e2c4664863729f7a498fe5,2026-01,Northumbria Police,Northumbria Police,-1.505819,55.124448,On or near Maughan Street,E01027414,Northumberland 023A,Criminal damage and arson,Under investigation,
ab85add07c854cf77c526d859f0f229243762a3a37640777a93afc2a02d5e3d8,2026-01,Northumbria Police,Northumbria Police,-1.510858,55.126634,On or near B1328,E01027414,Northumberland 023A,Shoplifting,Under investigation,
c2a1073a5c7a65de5408c1279e06d132e1231096d7b7a96001f20390f53e1a6a,2026-01,Northumbria Police,Northumbria Police,-1.507090,55.124454,On or near Oxford Street,E01027414,Northumberland 023A,Violence and sexual offences,Under investigation,
c45d4b9deb81551101dc8f4c8c7b99bc5ecae6cf942794cd926840166d3e98d2,2026-01,Northumbria Police,Northumbria Police,-1.507090,55.124454,On or near Oxford Street,E01027414,Northumberland 023A,Violence and sexual offences,Under investigation,
e696c91bfbf22672b3dae8558364ee527d7cefe9184a3371b7ce7635d590b80b,2026-01,Northumbria Police,Northumbria Police,-1.512870,55.126229,On or near Waterloo Road,E01027414,Northumberland 023A,Violence and sexual offences,Under investigation,
0f3f9bb381e727702788fedcaeea7a71ef5c156f8445542d17ebf3c168140133,2026-01,Northumbria Police,Northumbria Police,-1.512870,55.126229,On or near Waterloo Road,E01027414,Northumberland 023A,Violence and sexual offences,Under investigation,
1f33c1cc2d7d37867917fb2020cef9537f2256801b42f078a82beac2eb4c2c5e,2026-01,Northumbria Police,Northumbria Police,-1.507090,55.124454,On or near Oxford Street,E01027414,Northumberland 023A,Violence and sexual offences,Under investigation,
98cd570c7aca934da96e3d0917123ad4c1dd892826d3e64db66287eaa018a548,2026-01,Northumbria Police,Northumbria Police,-1.507090,55.124454,On or near Oxford Street,E01027414,Northumberland 023A,Violence and sexual offences,Under investigation,
10be12381e5e2434cb2b33e5a44605fa17c5f935f4e42b22eb2cf1f31c4c2aa1,2026-01,Northumbria Police,Northumbria Police,-1.507090,55.124454,On or near Oxford Street,E01027414,Northumberland 023A,Violence and sexual offences,Under investigation,
af81b66348e907dafce3ac134835679e002ab847f92b3060a589853c8a551b19,2026-01,Northumbria Police,Northumbria Police,-1.510858,55.126634,On or near B1328,E01027414,Northumberland 023A,Violence and sexual offences,Under investigation,
dae9a7230ff6507a961b80f2eb1d54347ded10f2c03d4a50c93e271166322cdf,2026-01,Northumbria Police,Northumbria Police,-1.507872,55.124609,On or near Croft Road,E01027414,Northumberland 023A,Violence and sexual offences,Investigation complete; no suspect identified,
,2026-01,Northumbria Police,Northumbria Police,-1.516001,55.126646,On or near Edward Street,E01027415,Northumberland 023B,Anti-social behaviour,,
,2026-01,Northumbria Police,Northumbria Police,-1.512731,55.127578,On or near Shopping Area,E01027415,Northumberland 023B,Anti-social behaviour,,
,2026-01,Northumbria Police,Northumbria Police,-1.511806,55.126000,On or near Bondicar Terrace,E01027415,Northumberland 023B,Anti-social behaviour,,
,2026-01,Northumbria Police,Northumbria Police,-1.510005,55.128356,On or near Seaforth Street,E01027415,Northumberland 023B,Anti-social behaviour,,
,2026-01,Northumbria Police,Northumbria Police,-1.512731,55.127578,On or near Shopping Area,E01027415,Northumberland 023B,Anti-social behaviour,,
,2026-01,Northumbria Police,Northumbria Police,-1.508442,55.126715,On or near Back Croft Road,E01027415,Northumberland 023B,Anti-social behaviour,,
,2026-01,Northumbria Police,Northumbria Police,-1.512731,55.127578,On or near Shopping Area,E01027415,Northumberland 023B,Anti-social behaviour,,
,2026-01,Northumbria Police,Northumbria Police,-1.508442,55.126715,On or near Back Croft Road,E01027415,Northumberland 023B,Anti-social behaviour,,
38f349a25d6f4ad50d013a5d17c14c36317e8d4680bcf05b2b4550fc7f6f2e89,2026-01,Northumbria Police,Northumbria Police,-1.511806,55.126000,On or near Bondicar Terrace,E01027415,Northumberland 023B,Criminal damage and arson,Under investigation,
0aba36ba3991d30c04cfc7193b879d2f069a96bc8d77017a157591cee8240f3b,2026-01,Northumbria Police,Northumbria Police,-1.514268,55.128616,On or near Gatacre Street,E01027415,Northumberland 023B,Criminal damage and arson,Under investigation,
54b633db5d6f7868090b22677489d225d830143ccd53c08dfc8ee7531af7c5f9,2026-01,Northumbria Police,Northumbria Police,-1.513453,55.128586,On or near Summers Street,E01027415,Northumberland 023B,Drugs,Awaiting court outcome,
51b4d1bb68bc8b7d5b37ca339b5d1445fbdc9228ce3c3561b98877fdf40d392b,2026-01,Northumbria Police,Northumbria Police,-1.511870,55.129766,On or near Regent Street,E01027415,Northumberland 023B,Drugs,Awaiting court outcome,
00ae1e150734653c3cc7c3a81951056e5b672be5e7d66563a801af79afb4de46,2026-01,Northumbria Police,Northumbria Police,-1.517348,55.130704,On or near Hambledon Street,E01027415,Northumberland 023B,Possession of weapons,Under investigation,
d7d92f1babd25d63c847fe75cffade371cd5cfa9ae2197ffe859a6e5b654d875,2026-01,Northumbria Police,Northumbria Police,-1.517260,55.128879,On or near Beaumont Street,E01027415,Northumberland 023B,Public order,Investigation complete; no suspect identified,
96c91638f92c8196da672fa48b614a06bce0a4b1d9612d9f7bf7cd618cfdb7d7,2026-01,Northumbria Police,Northumbria Police,-1.512731,55.127578,On or near Shopping Area,E01027415,Northumberland 023B,Shoplifting,Investigation complete; no suspect identified,
b69a585696968e5d9f85f900db715b840297a790b3e82ba77b30443838fc27f1,2026-01,Northumbria Police,Northumbria Police,-1.512731,55.127578,On or near Shopping Area,E01027415,Northumberland 023B,Shoplifting,Under investigation,
027e4d66001aabc8b8a386fe79d5f8a21e2bee265c52964463b95634d8e3ad7d,2026-01,Northumbria Police,Northumbria Police,-1.511870,55.129766,On or near Regent Street,E01027415,Northumberland 023B,Shoplifting,Awaiting court outcome,
484f68b7560ce6585f74039d8261af602b4a8d7dda24093fa0c99cc8ce43ff76,2026-01,Northumbria Police,Northumbria Police,-1.512731,55.127578,On or near Shopping Area,E01027415,Northumberland 023B,Shoplifting,Under investigation,
1c7289531465ddae996c80d651d373d31a7423a9f1e204cda4f0e2ad45ff4c40,2026-01,Northumbria Police,Northumbria Police,-1.512731,55.127578,On or near Shopping Area,E01027415,Northumberland 023B,Shoplifting,Investigation complete; no suspect identified,
1cdfbc2813a30f583fa2ac669d4ab6943361b340a47d9785a6b2efc0e0d8cf89,2026-01,Northumbria Police,Northumbria Police,-1.512731,55.127578,On or near Shopping Area,E01027415,Northumberland 023B,Shoplifting,Awaiting court outcome,
3ce09b65ac32db4a02dd418fa212cfd07e0d70adff8ef2c1b29b214f82213a78,2026-01,Northumbria Police,Northumbria Police,-1.512731,55.127578,On or near Shopping Area,E01027415,Northumberland 023B,Shoplifting,Awaiting court outcome,
773d16c38f659e9f6776435be4c070409ea8f60e8f2ac3ae5464522ae84abaee,2026-01,Northumbria Police,Northumbria Police,-1.512731,55.127578,On or near Shopping Area,E01027415,Northumberland 023B,Shoplifting,Under investigation,
0929002c2320ed47a1ea2d6e852cd994d3d61cf87fc29e0699cdebdfbaa06f7c,2026-01,Northumbria Police,Northumbria Police,-1.512731,55.127578,On or near Shopping Area,E01027415,Northumberland 023B,Shoplifting,Under investigation,
04bc39afaed4818756b2170034fc1183777738194238e2efa243f2bc77ba58c4,2026-01,Northumbria Police,Northumbria Police,-1.512731,55.127578,On or near Shopping Area,E01027415,Northumberland 023B,Shoplifting,Under investigation,
5d8837ed723a56bed6769183150f71236c84b5d5d16de78c5843dbd536904507,2026-01,Northumbria Police,Northumbria Police,-1.514290,55.126765,On or near Bowes Court,E01027415,Northumberland 023B,Violence and sexual offences,Investigation complete; no suspect identified,
79c801d11245d573cecceb335b4b7e39c2f0a1601b7bb1f6e6f75b77ebf63aa0,2026-01,Northumbria Police,Northumbria Police,-1.508442,55.126715,On or near Back Croft Road,E01027415,Northumberland 023B,Violence and sexual offences,Under investigation,
57481ca488d7470e7366bd3c3e3a2755f05527094763eb441c516cb835d6361d,2026-01,Northumbria Police,Northumbria Police,-1.516001,55.126646,On or near Edward Street,E01027415,Northumberland 023B,Violence and sexual offences,Under investigation,
b5a873e70600eacc895066f07aa6212580b471153e032425e8d84f71dc9a0adb,2026-01,Northumbria Police,Northumbria Police,-1.514268,55.128616,On or near Gatacre Street,E01027415,Northumberland 023B,Violence and sexual offences,Under investigation,
,2026-01,Northumbria Police,Northumbria Police,-1.512854,55.122410,On or near Jubilee Road,E01027431,Northumberland 023C,Anti-social behaviour,,
,2026-01,Northumbria Police,Northumbria Police,-1.509686,55.121148,On or near Coronation Street,E01027431,Northumberland 023C,Anti-social behaviour,,
fec5e1ba3e4daa67072a026d8ea685cc7b5723f112b5407978f0436f90d695ae,2026-01,Northumbria Police,Northumbria Police,-1.507725,55.122479,On or near Parking Area,E01027431,Northumberland 023C,Criminal damage and arson,Under investigation,
fa7025007cccd0d31515a8be8a4e1617c707ed3d6d1c347029b07af1c99457f7,2026-01,Northumbria Police,Northumbria Police,-1.518204,55.126053,On or near Marlow Street,E01027431,Northumberland 023C,Public order,Under investigation,
c0f0b0a7ecf1b91648469660599432ee078dda4a2045dc297e0375ea70815ae6,2026-01,Northumbria Police,Northumbria Police,-1.517524,55.126481,On or near Harper Street,E01027431,Northumberland 023C,Public order,Under investigation,
ee7a496d83860f629ef6d6bf143d569c130c4853258efe39de18c044c06ba38f,2026-01,Northumbria Police,Northumbria Police,-1.507748,55.123207,On or near Crofton Street,E01027431,Northumberland 023C,Violence and sexual offences,Under investigation,
ad0d22bd227ccfaae2352aa0f189e991574a05484a8e69c32c44e67649a51abe,2026-01,Northumbria Police,Northumbria Police,-1.518204,55.126053,On or near Marlow Street,E01027431,Northumberland 023C,Violence and sexual offences,Under investigation,
,2026-01,Northumbria Police,Northumbria Police,-1.499245,55.124790,On or near East Park View,E01027442,Northumberland 023E,Anti-social behaviour,,
c4634361f18e9eb9413f32e1d895e1d5c8a3e623492f75abf510c65c5c6f6695,2026-01,Northumbria Police,Northumbria Police,-1.503768,55.128017,On or near Brewery Street,E01027442,Northumberland 023E,Public order,Investigation complete; no suspect identified,
451ca2f586c648839d927b1db8cc65e16503b42ae169a7548a6f0b125198e2bb,2026-01,Northumbria Police,Northumbria Police,-1.500548,55.125946,On or near Bath Lane,E01027442,Northumberland 023E,Violence and sexual offences,Investigation complete; no suspect identified,
,2026-01,Northumbria Police,Northumbria Police,-1.502395,55.117362,On or near Matthew Road,E01035631,Northumberland 023F,Anti-social behaviour,,
,2026-01,Northumbria Police,Northumbria Police,-1.505083,55.119296,On or near Lighthouse Grove,E01035631,Northumberland 023F,Anti-social behaviour,,
577a24840dabf827f1bff321f739df191a1dbde1f27251f858da57106ca7d450,2026-01,Northumbria Police,Northumbria Police,-1.508154,55.119516,On or near Shotton Avenue,E01035631,Northumberland 023F,Burglary,Investigation complete; no suspect identified,
066163111da23e294fc68ecb9c0262c7e07907204e4fbb19bd61ee3da26c054f,2026-01,Northumbria Police,Northumbria Police,-1.507635,55.120933,On or near Hedley Avenue,E01035631,Northumberland 023F,Violence and sexual offences,Under investigation,
678550a30a01736a2e702992767130f5488edf43a515646c02055df3e13325c7,2026-01,Northumbria Police,Northumbria Police,-1.507635,55.120933,On or near Hedley Avenue,E01035631,Northumberland 023F,Violence and sexual offences,Under investigation,
075cf3cca4f71bfa3f33b5893ef07b166c558a23405c6d57c66dd6b456d06614,2026-01,Northumbria Police,Northumbria Police,-1.502134,55.114360,On or near Drake Avenue,E01035632,Northumberland 023G,Other theft,Under investigation,
98630f38a89a6a896b9d2294950e537678e69f801061cf559f4f36b1a3443192,2026-01,Northumbria Police,Northumbria Police,-1.501348,55.110798,On or near Oberon Way,E01035632,Northumberland 023G,Public order,Awaiting court outcome,
3cec898aad0a2de0ab720ef8532a7ed73b66a82f85f15a64aa7f832a3c12cc4d,2026-01,Northumbria Police,Northumbria Police,-1.501348,55.110798,On or near Oberon Way,E01035632,Northumberland 023G,Shoplifting,Awaiting court outcome,
a0b32dc551205e4d3bbb42e0cdc194fa237cf87f3257d21289a0a15536d15625,2026-01,Northumbria Police,Northumbria Police,-1.501348,55.110798,On or near Oberon Way,E01035632,Northumberland 023G,Shoplifting,Awaiting court outcome,
478ed749719d1a5f1ffe40534fe38eb6aa58a9fcaebed1312760fc6d96dcc7b3,2026-01,Northumbria Police,Northumbria Police,-1.501348,55.110798,On or near Oberon Way,E01035632,Northumberland 023G,Shoplifting,Awaiting court outcome,
fe31fdb6ab08358ac7a083f0e29f4eb125b4056118d8a62bfa55d153d958a53d,2026-01,Northumbria Police,Northumbria Police,-1.501348,55.110798,On or near Oberon Way,E01035632,Northumberland 023G,Other crime,Under investigation,
,2026-01,Northumbria Police,Northumbria Police,-1.521506,55.128174,On or near Shopping Area,E01027391,Northumberland 024A,Anti-social behaviour,,
9cc7b03c3c12475a72d947956cfd41661f6ac0c99df7fc80629c4c75e4ddb795,2026-01,Northumbria Police,Northumbria Police,-1.523625,55.129057,On or near Walton Avenue,E01027391,Northumberland 024A,Other theft,Under investigation,
8f6fd764b228101dab3a6a0c88a91fe3809b61fcc60e0839eab4bff232f81923,2026-01,Northumbria Police,Northumbria Police,-1.521506,55.128174,On or near Shopping Area,E01027391,Northumberland 024A,Shoplifting,Under investigation,
0a062cf0ba6ec2ed2bda41cbe1643ac61beb985f526a13ac31fb019e14507433,2026-01,Northumbria Police,Northumbria Police,-1.523625,55.129057,On or near Walton Avenue,E01027391,Northumberland 024A,Theft from the person,Under investigation,
a61d54f0fd5e05d79a5b03357456cd81e9fd369be7aa1ed140046b2f247f5994,2026-01,Northumbria Police,Northumbria Police,-1.523625,55.129057,On or near Walton Avenue,E01027391,Northumberland 024A,Violence and sexual offences,Investigation complete; no suspect identified,
44bbb9146f67ed03647aefadff66cc132549af6278126884ddee85ce85e0397a,2026-01,Northumbria Police,Northumbria Police,-1.520323,55.127175,On or near Sweethope Avenue,E01027391,Northumberland 024A,Other crime,Investigation complete; no suspect identified,
,2026-01,Northumbria Police,Northumbria Police,-1.527913,55.119216,On or near Haven Court,E01027422,Northumberland 024B,Anti-social behaviour,,
,2026-01,Northumbria Police,Northumbria Police,-1.528903,55.122096,On or near Sports/Recreation Area,E01027422,Northumberland 024B,Anti-social behaviour,,
c0297aebcb2ac51721d54d581552fd2818ef633863dcef919b871d2e7ebce91b,2026-01,Northumbria Police,Northumbria Police,-1.525701,55.117968,On or near Wordsworth Avenue,E01027422,Northumberland 024B,Public order,Awaiting court outcome,
223a81d4bb4aef4e8ee4446cbb60722dee3401e958e838ae498faefe9232be0b,2026-01,Northumbria Police,Northumbria Police,-1.525701,55.117968,On or near Wordsworth Avenue,E01027422,Northumberland 024B,Shoplifting,Under investigation,
af6f7a658091ec36ecb3fc47ade0690cf25325b4d6e67ff60934c2e05c1850a8,2026-01,Northumbria Police,Northumbria Police,-1.525701,55.117968,On or near Wordsworth Avenue,E01027422,Northumberland 024B,Shoplifting,Awaiting court outcome,
d2e5920d7242bb12e54d0ebacf1f8c211cad341431b4c2b38d1e69d79053c287,2026-01,Northumbria Police,Northumbria Police,-1.524202,55.118788,On or near Newsham Road,E01027422,Northumberland 024B,Shoplifting,Investigation complete; no suspect identified,
ab37fa06b8b38509f7c60f275b37e22ccc3eca9453397021dfdb7e0602821c07,2026-01,Northumbria Police,Northumbria Police,-1.525701,55.117968,On or near Wordsworth Avenue,E01027422,Northumberland 024B,Shoplifting,Under investigation,
3dcc83dd2c32dfe9bba2df49e0279520b8cc9588d4bda355562f664984110c19,2026-01,Northumbria Police,Northumbria Police,-1.529715,55.119259,On or near West Court,E01027422,Northumberland 024B,Violence and sexual offences,Under investigation,
a126fa6431507f26260b2ea8320495609b2973a29b6dd3bf13842aa127d39bbf,2026-01,Northumbria Police,Northumbria Police,-1.527284,55.116680,On or near Shelley Crescent,E01027422,Northumberland 024B,Violence and sexual offences,Under investigation,
,2026-01,Northumbria Police,Northumbria Police,-1.531107,55.124962,On or near Matfen Close,E01027423,Northumberland 024C,Anti-social behaviour,,
e193e25a2df863dd50adc6db2f519d7ea15ada782a56215de336c16b431c6d3d,2026-01,Northumbria Police,Northumbria Police,-1.524645,55.122456,On or near Thropton Court,E01027423,Northumberland 024C,Criminal damage and arson,Under investigation,
703f2c67d4f8ade4d63018433dc6e6027f09d3537f4b2778318ed3a4c408828b,2026-01,Northumbria Police,Northumbria Police,-1.524645,55.122456,On or near Thropton Court,E01027423,Northumberland 024C,Criminal damage and arson,Investigation complete; no suspect identified,
14936f1dd8a14b809ef951dc69465e4f5609308428a9c684c042b33c85381e76,2026-01,Northumbria Police,Northumbria Police,-1.525875,55.125813,On or near Bamburgh Close,E01027423,Northumberland 024C,Shoplifting,Under investigation,
3192c2a4b50dca4fe168e0c1c1b21776c3d2afddafc5ae94517a1f1de9537fbd,2026-01,Northumbria Police,Northumbria Police,-1.525875,55.125813,On or near Bamburgh Close,E01027423,Northumberland 024C,Violence and sexual offences,Under investigation,
8e86a01f40ade62e8fb172734a2e36ddd1af2b14aa34f0e07cc78cd232a4cacb,2026-01,Northumbria Police,Northumbria Police,-1.520600,55.121111,On or near Second Avenue,E01027429,Northumberland 024D,Other theft,Investigation complete; no suspect identified,
6f97e7106b0bfd5e91ed56f854578fecf3af004bcb1bcc0bb38a70eca8a70f1b,2026-01,Northumbria Police,Northumbria Police,-1.519977,55.121989,On or near Elm Trees,E01027429,Northumberland 024D,Vehicle crime,Investigation complete; no suspect identified,
9d7e0824b1290436fd39d257850cb902b5c978dfc1d5ca27ccae7f11c897ddb6,2026-01,Northumbria Police,Northumbria Police,-1.513604,55.117417,On or near Plessey Road,E01027429,Northumberland 024D,Violence and sexual offences,Under investigation,
7535a3773630a197f7081fb8d031866f0d14acd2b15fd7a06d3ec48a8cc8e548,2026-01,Northumbria Police,Northumbria Police,-1.515681,55.120669,On or near Rowan Court,E01027429,Northumberland 024D,Violence and sexual offences,Under investigation,
ce58f570f3628704aa04f94292f180f563246bd91e74bda55dc93994383a61a4,2026-01,Northumbria Police,Northumbria Police,-1.520580,55.118828,On or near Fourteenth Avenue,E01027430,Northumberland 024E,Violence and sexual offences,Under investigation,
,2026-01,Northumbria Police,Northumbria Police,-1.534102,55.103424,On or near Lily Gardens,E01027426,Northumberland 025B,Anti-social behaviour,,
,2026-01,Northumbria Police,Northumbria Police,-1.540360,55.104338,On or near Buttercup Gardens,E01027426,Northumberland 025B,Anti-social behaviour,,
,2026-01,Northumbria Police,Northumbria Police,-1.526248,55.103574,On or near Park Farm Villas,E01027426,Northumberland 025B,Anti-social behaviour,,
479dedd16e709e8fcbfe8b85e73dd37212df43a42a616340fc4f3efea39a01c9,2026-01,Northumbria Police,Northumbria Police,-1.530605,55.106224,On or near Cottingwood Green,E01027426,Northumberland 025B,Criminal damage and arson,Investigation complete; no suspect identified,
2bfa5909c57093c9e5daa39bb3db922eade385f87704e146f06ae6b487b0f4bd,2026-01,Northumbria Police,Northumbria Police,-1.530605,55.106224,On or near Cottingwood Green,E01027426,Northumberland 025B,Violence and sexual offences,Under investigation,
7187234e92be9439c5d36afbca6c080390d0b427bde61ea132a9894418c9ae9d,2026-01,Northumbria Police,Northumbria Police,-1.532120,55.109420,On or near Horton Place,E01027426,Northumberland 025B,Other crime,Under investigation,
,2026-01,Northumbria Police,Northumbria Police,-1.537136,55.110697,On or near Plessey Old Wagonway,E01027427,Northumberland 025C,Anti-social behaviour,,
,2026-01,Northumbria Police,Northumbria Police,-1.537136,55.110697,On or near Plessey Old Wagonway,E01027427,Northumberland 025C,Anti-social behaviour,,
,2026-01,Northumbria Police,Northumbria Police,-1.530097,55.113492,On or near Brockwell Court,E01027427,Northumberland 025C,Anti-social behaviour,,
,2026-01,Northumbria Police,Northumbria Police,-1.533705,55.110540,On or near St Bedes Road,E01027427,Northumberland 025C,Anti-social behaviour,,
,2026-01,Northumbria Police,Northumbria Police,-1.530969,55.112641,On or near Elliott Street,E01027427,Northumberland 025C,Anti-social behaviour,,
,2026-01,Northumbria Police,Northumbria Police,-1.530969,55.112641,On or near Elliott Street,E01027427,Northumberland 025C,Anti-social behaviour,,
,2026-01,Northumbria Police,Northumbria Police,-1.531432,55.111951,On or near Delaval Street,E01027427,Northumberland 025C,Anti-social behaviour,,
,2026-01,Northumbria Police,Northumbria Police,-1.528774,55.107358,On or near Junction Close,E01027427,Northumberland 025C,Anti-social behaviour,,
e13e10046d28a5993b9df768177497d97244eef9e24dbfbb512338e3ccb0ab96,2026-01,Northumbria Police,Northumbria Police,-1.533705,55.110540,On or near St Bedes Road,E01027427,Northumberland 025C,Criminal damage and arson,Investigation complete; no suspect identified,
92e02ca90dd258c74d2e23b85d736f073e36cfdb10c592a80ee6b6e7804865f9,2026-01,Northumbria Police,Northumbria Police,-1.528774,55.107358,On or near Junction Close,E01027427,Northumberland 025C,Other theft,Under investigation,
6d4d61dd0e4895f534a0d2c8204ff615dfba05e235c16ae18f97ac448d750102,2026-01,Northumbria Police,Northumbria Police,-1.531220,55.111258,On or near Supermarket,E01027427,Northumberland 025C,Shoplifting,Awaiting court outcome,
4f21003ad3d5fd91849a1a6d8736863a4e1cfb6ed29139a0486831d81a913af1,2026-01,Northumbria Police,Northumbria Police,-1.530182,55.112926,On or near Winship Street,E01027427,Northumberland 025C,Violence and sexual offences,Under investigation,
ddf90bbab8ed8716fced20621a1214d206904ab476f618022695633c4229b86b,2026-01,Northumbria Police,Northumbria Police,-1.530182,55.112926,On or near Winship Street,E01027427,Northumberland 025C,Violence and sexual offences,Under investigation,
,2026-01,Northumbria Police,Northumbria Police,-1.552914,55.125466,On or near Petrol Station,E01035633,Northumberland 025E,Anti-social behaviour,,
,2026-01,Northumbria Police,Northumbria Police,-1.542583,55.123819,On or near Lynndale Avenue,E01035633,Northumberland 025E,Anti-social behaviour,,
,2026-01,Northumbria Police,Northumbria Police,-1.542583,55.123819,On or near Lynndale Avenue,E01035633,Northumberland 025E,Anti-social behaviour,,
,2026-01,Northumbria Police,Northumbria Police,-1.544411,55.123053,On or near Wettondale Avenue,E01035633,Northumberland 025E,Anti-social behaviour,,
,2026-01,Northumbria Police,Northumbria Police,-1.555070,55.127151,On or near Supermarket,E01035633,Northumberland 025E,Anti-social behaviour,,
,2026-01,Northumbria Police,Northumbria Police,-1.555407,55.128306,On or near Lonsdale Avenue,E01035633,Northumberland 025E,Anti-social behaviour,,
,2026-01,Northumbria Police,Northumbria Police,-1.540955,55.122151,On or near Bishopdale Avenue,E01035633,Northumberland 025E,Anti-social behaviour,,
16b2379a2e8326910f003a5691a74f515a03f5a85e5827723d3c0d6eba233bdf,2026-01,Northumbria Police,Northumbria Police,-1.540957,55.123373,On or near Kingsdale Avenue,E01035633,Northumberland 025E,Violence and sexual offences,Under investigation,
fdd2f0fc5e03ed7dd6d1389e458aaad917c68e1b23babb08e74566e2c02cc6b5,2026-01,Northumbria Police,Northumbria Police,-1.549847,55.126245,On or near Inglewood Close,E01035633,Northumberland 025E,Violence and sexual offences,Investigation complete; no suspect identified,
7b380e82d8a914b5779f13121f923ccbf82c4395e94d838548318c02440f5f22,2026-01,Northumbria Police,Northumbria Police,-1.540957,55.123373,On or near Kingsdale Avenue,E01035633,Northumberland 025E,Other crime,Investigation complete; no suspect identified,
,2026-01,Northumbria Police,Northumbria Police,-1.518224,55.111315,On or near Glendford Place,E01027437,Northumberland 026A,Anti-social behaviour,,
85d83e69035f6217a540958273e4f257a6f195181f12de0fdd017e23adc98122,2026-01,Northumbria Police,Northumbria Police,-1.510415,55.110260,On or near Parking Area,E01027437,Northumberland 026A,Robbery,Awaiting court outcome,
,2026-01,Northumbria Police,Northumbria Police,-1.510790,55.115527,On or near Amberley Way,E01027438,Northumberland 026B,Anti-social behaviour,,
,2026-01,Northumbria Police,Northumbria Police,-1.523251,55.106447,On or near Ingleby Way,E01027439,Northumberland 026C,Anti-social behaviour,,
,2026-01,Northumbria Police,Northumbria Police,-1.505339,55.108730,On or near Puffin Close,E01027440,Northumberland 026D,Anti-social behaviour,,
,2026-01,Northumbria Police,Northumbria Police,-1.505339,55.108730,On or near Puffin Close,E01027440,Northumberland 026D,Anti-social behaviour,,
,2026-01,Northumbria Police,Northumbria Police,-1.521284,55.104471,On or near A1061,E01027440,Northumberland 026D,Anti-social behaviour,,
,2026-01,Northumbria Police,Northumbria Police,-1.505339,55.108730,On or near Puffin Close,E01027440,Northumberland 026D,Anti-social behaviour,,
,2026-01,Northumbria Police,Northumbria Police,-1.523948,55.103250,On or near Parking Area,E01027440,Northumberland 026D,Anti-social behaviour,,
539785e21543923a235d9ea4d856040078f2cd4123d71fdccef015a2f53d2e68,2026-01,Northumbria Police,Northumbria Police,-1.508099,55.108696,On or near Eider Close,E01027440,Northumberland 026D,Criminal damage and arson,Investigation complete; no suspect identified,
d74a51cb76b2efcc5edf006d9d20e4bd1902fb468f23f28ea09caa2f6660c86e,2026-01,Northumbria Police,Northumbria Police,-1.508099,55.108696,On or near Eider Close,E01027440,Northumberland 026D,Shoplifting,Awaiting court outcome,
5de2972bb4baf98f3ad10cf8cf6a059758706481bc56349aada9246f9c66d6b1,2026-01,Northumbria Police,Northumbria Police,-1.579633,55.107742,On or near Aysgarth,E01027398,Northumberland 029A,Drugs,Awaiting court outcome,
f1eadb6564835006e983234768e3692318edf88b507b8be85fc0bb51fcc8ff9a,2026-01,Northumbria Police,Northumbria Police,-1.570606,55.097367,On or near Abingdon Square,E01027398,Northumberland 029A,Vehicle crime,Under investigation,
,2026-01,Northumbria Police,Northumbria Police,-1.592709,55.084383,On or near Police Station,E01027409,Northumberland 029B,Anti-social behaviour,,
,2026-01,Northumbria Police,Northumbria Police,-1.592709,55.084383,On or near Police Station,E01027409,Northumberland 029B,Anti-social behaviour,,
,2026-01,Northumbria Police,Northumbria Police,-1.592709,55.084383,On or near Police Station,E01027409,Northumberland 029B,Anti-social behaviour,,
,2026-01,Northumbria Police,Northumbria Police,-1.581462,55.085696,On or near East View Avenue,E01027409,Northumberland 029B,Anti-social behaviour,,
,2026-01,Northumbria Police,Northumbria Police,-1.590820,55.086626,On or near Sunny Side,E01027409,Northumberland 029B,Anti-social behaviour,,
,2026-01,Northumbria Police,Northumbria Police,-1.590652,55.081585,On or near Harwood Close,E01027409,Northumberland 029B,Anti-social behaviour,,
,2026-01,Northumbria Police,Northumbria Police,-1.582689,55.085188,On or near Paradise Row,E01027409,Northumberland 029B,Anti-social behaviour,,
,2026-01,Northumbria Police,Northumbria Police,-1.584981,55.086211,On or near Church Street,E01027409,Northumberland 029B,Anti-social behaviour,,
,2026-01,Northumbria Police,Northumbria Police,-1.585244,55.083489,On or near Dewsgreen,E01027409,Northumberland 029B,Anti-social behaviour,,
,2026-01,Northumbria Police,Northumbria Police,-1.583661,55.082127,On or near Dinmont Place,E01027409,Northumberland 029B,Anti-social behaviour,,
,2026-01,Northumbria Police,Northumbria Police,-1.583661,55.082127,On or near Dinmont Place,E01027409,Northumberland 029B,Anti-social behaviour,,
,2026-01,Northumbria Police,Northumbria Police,-1.590820,55.086626,On or near Sunny Side,E01027409,Northumberland 029B,Anti-social behaviour,,
,2026-01,Northumbria Police,Northumbria Police,-1.590820,55.086626,On or near Sunny Side,E01027409,Northumberland 029B,Anti-social behaviour,,
,2026-01,Northumbria Police,Northumbria Police,-1.581462,55.085696,On or near East View Avenue,E01027409,Northumberland 029B,Anti-social behaviour,,
,2026-01,Northumbria Police,Northumbria Police,-1.585244,55.083489,On or near Dewsgreen,E01027409,Northumberland 029B,Anti-social behaviour,,
,2026-01,Northumbria Police,Northumbria Police,-1.592709,55.084383,On or near Police Station,E01027409,Northumberland 029B,Anti-social behaviour,,
,2026-01,Northumbria Police,Northumbria Police,-1.592709,55.084383,On or near Police Station,E01027409,Northumberland 029B,Anti-social behaviour,,
,2026-01,Northumbria Police,Northumbria Police,-1.589165,55.085366,On or near Shopping Area,E01027409,Northumberland 029B,Anti-social behaviour,,
70a81a9cb52969a22ccb122788c812664fb75436aec9586d88e5f50d79485186,2026-01,Northumbria Police,Northumbria Police,-1.589165,55.085366,On or near Shopping Area,E01027409,Northumberland 029B,Criminal damage and arson,Investigation complete; no suspect identified,
a0591aa57cf2df568a9ead21b8436842e0c609d59e1e2d141d9cd51e2f18730a,2026-01,Northumbria Police,Northumbria Police,-1.588730,55.084256,On or near Parking Area,E01027409,Northumberland 029B,Other theft,Investigation complete; no suspect identified,
17cab10f257f2f7069733627bdceff71ecb8b8c70fabd8ecee167279c958355d,2026-01,Northumbria Police,Northumbria Police,-1.580707,55.087464,On or near Supermarket,E01027409,Northumberland 029B,Shoplifting,Investigation complete; no suspect identified,
639e394b9b89b0027ab999c217fb804672f6a32f0423b0a150d70c3189d5bcd6,2026-01,Northumbria Police,Northumbria Police,-1.584981,55.086211,On or near Church Street,E01027409,Northumberland 029B,Vehicle crime,Investigation complete; no suspect identified,
18fc26b88e41c0573c73b5c998082edbf17d0a5e7e69ecc22ed0234ef297e9b9,2026-01,Northumbria Police,Northumbria Police,-1.581462,55.085696,On or near East View Avenue,E01027409,Northumberland 029B,Violence and sexual offences,Under investigation,
eb32a79d1b1b315e39ba8069c325c3116135d2e175719629ac0904c6bc63af31,2026-01,Northumbria Police,Northumbria Police,-1.583009,55.081496,On or near Dewley,E01027409,Northumberland 029B,Violence and sexual offences,Under investigation,
d585413aece7d89b7a0305108bd5d6b98feb5e5f49d529fd4ff4983fe2ef5e73,2026-01,Northumbria Police,Northumbria Police,-1.594251,55.083556,On or near Malden Close,E01027409,Northumberland 029B,Other crime,Investigation complete; no suspect identified,
,2026-01,Northumbria Police,Northumbria Police,-1.583532,55.080958,On or near Parking Area,E01027411,Northumberland 029C,Anti-social behaviour,,
,2026-01,Northumbria Police,Northumbria Police,-1.581940,55.078904,On or near Akeld Close,E01027411,Northumberland 029C,Anti-social behaviour,,
,2026-01,Northumbria Police,Northumbria Police,-1.589261,55.079819,On or near Hareside,E01027411,Northumberland 029C,Anti-social behaviour,,
,2026-01,Northumbria Police,Northumbria Police,-1.584193,55.079092,On or near Doxford Place,E01027411,Northumberland 029C,Anti-social behaviour,,
,2026-01,Northumbria Police,Northumbria Police,-1.586030,55.080230,On or near Alexandra Chase,E01027411,Northumberland 029C,Anti-social behaviour,,
,2026-01,Northumbria Police,Northumbria Police,-1.586030,55.080230,On or near Alexandra Chase,E01027411,Northumberland 029C,Anti-social behaviour,,
,2026-01,Northumbria Police,Northumbria Police,-1.580756,55.084274,On or near Anstead Close,E01027411,Northumberland 029C,Anti-social behaviour,,
bde8b3ae84893c0d557a099517406720b9c7777b0054c46bb4f544e43d5a61f7,2026-01,Northumbria Police,Northumbria Police,-1.581029,55.082145,On or near Adderstone Avenue,E01027411,Northumberland 029C,Criminal damage and arson,Investigation complete; no suspect identified,
efedc686d13178c49f3fbe9b25c8086897a381950839b3d3a31bc037a6d3df3d,2026-01,Northumbria Police,Northumbria Police,-1.581029,55.082145,On or near Adderstone Avenue,E01027411,Northumberland 029C,Possession of weapons,Investigation complete; no suspect identified,
4011ceb6a08f1de35927dc70181516d3ffaa788fbe1db8b3c66cdb2c9b540cf8,2026-01,Northumbria Police,Northumbria Police,-1.581029,55.082145,On or near Adderstone Avenue,E01027411,Northumberland 029C,Violence and sexual offences,Investigation complete; no suspect identified,
cfbaaf85e69b50fa5ffa3dbe0d22d8ba7a2b4fa4cf7f336cb1ad323d1403abee,2026-01,Northumbria Police,Northumbria Police,-1.586295,55.078784,On or near Alexandra Way,E01027411,Northumberland 029C,Violence and sexual offences,Under investigation,
002ce8fb3ecdda614f3cbe38fda11d04e97bc4c51f85ae797091578600e07cc6,2026-01,Northumbria Police,Northumbria Police,-1.581029,55.082145,On or near Adderstone Avenue,E01027411,Northumberland 029C,Violence and sexual offences,Investigation complete; no suspect identified,
,2026-01,Northumbria Police,Northumbria Police,-1.611753,55.086389,On or near Esher Place,E01027412,Northumberland 029D,Anti-social behaviour,,
feb3c64b376bab48f1a8f192752d495e8709db4ead407fb0a38ef10328f60519,2026-01,Northumbria Police,Northumbria Police,-1.611348,55.084510,On or near Elgin Close,E01027412,Northumberland 029D,Public order,Under investigation,
59f6c9471a3af126dba4af608980740fcaf80aecdf97b3078de7562b48dbf757,2026-01,Northumbria Police,Northumbria Police,-1.611348,55.084510,On or near Elgin Close,E01027412,Northumberland 029D,Violence and sexual offences,Under investigation,
514b623c61681668f01fd363751214690b10d831e5360ec795a189f2a04b9b75,2026-01,Northumbria Police,Northumbria Police,-1.610853,55.085398,On or near Eastbourne Gardens,E01027412,Northumberland 029D,Violence and sexual offences,Under investigation,
42ddb4a4fdb79a4e49dfa7308a3a04d9bfa4d0c6a15494d723a669a6da61cf5d,2026-01,Northumbria Police,Northumbria Police,-1.611348,55.084510,On or near Elgin Close,E01027412,Northumberland 029D,Violence and sexual offences,Under investigation,
6cd2845158661dd75eadbecaf595d35de061260952e18957d99ad5f5f333a6ae,2026-01,Northumbria Police,Northumbria Police,-1.611348,55.084510,On or near Elgin Close,E01027412,Northumberland 029D,Violence and sexual offences,Under investigation,
,2026-01,Northumbria Police,Northumbria Police,-1.608957,55.082319,On or near Beacon Lane,E01027413,Northumberland 029E,Anti-social behaviour,,
,2026-01,Northumbria Police,Northumbria Police,-1.603811,55.086238,On or near Lytham Close,E01027413,Northumberland 029E,Anti-social behaviour,,
,2026-01,Northumbria Police,Northumbria Police,-1.600764,55.085473,On or near Lockerbie Road,E01027413,Northumberland 029E,Anti-social behaviour,,
7fb13837b43f80710e79d1f6c353337be7ecd20e08b8f63b147abb3023271ff0,2026-01,Northumbria Police,Northumbria Police,-1.608957,55.082319,On or near Beacon Lane,E01027413,Northumberland 029E,Violence and sexual offences,Investigation complete; no suspect identified,
2533d1107c30321aa4cb8dbe7170876d62ed17c5f4c106f26eca6b3e6d3ceca7,2026-01,Northumbria Police,Northumbria Police,-1.598438,55.087802,On or near Cramlington,E01027413,Northumberland 029E,Violence and sexual offences,Under investigation,
bc78877ea854462ed88ce941d36f1b53fcaf5a8607b9c9ff4f3b9e653247bf5e,2026-01,Northumbria Police,Northumbria Police,-1.601821,55.086303,On or near Lochcraig Place,E01027413,Northumberland 029E,Violence and sexual offences,Under investigation,
a32c246d267f6c445dee74c94bcef34c98ff1418edf65319b3b78fe5f6355085,2026-01,Northumbria Police,Northumbria Police,-1.605488,55.086171,On or near Salisbury Close,E01027413,Northumberland 029E,Other crime,Investigation complete; no suspect identified,
,2026-01,Northumbria Police,Northumbria Police,-1.486486,55.090077,On or near Seafield Mews,E01027417,Northumberland 030A,Anti-social behaviour,,
,2026-01,Northumbria Police,Northumbria Police,-1.484899,55.089208,On or near Parking Area,E01027417,Northumberland 030A,Anti-social behaviour,,
,2026-01,Northumbria Police,Northumbria Police,-1.486486,55.090077,On or near Seafield Mews,E01027417,Northumberland 030A,Anti-social behaviour,,
0068a371496755bd9dfc0680b45c330c0a9a02ed6ae4f8b710b8be35b36483d4,2026-01,Northumbria Police,Northumbria Police,-1.475826,55.080983,On or near Southward Close,E01027417,Northumberland 030A,Criminal damage and arson,Investigation complete; no suspect identified,
a183e290a341cb80c6891f767782ad502f395e9838d544244be51775ee9e1e6f,2026-01,Northumbria Police,Northumbria Police,-1.483472,55.085671,On or near Fountain Head Bank,E01027417,Northumberland 030A,Violence and sexual offences,Under investigation,
,2026-01,Northumbria Police,Northumbria Police,-1.522085,55.083366,On or near Bristol Street,E01027418,Northumberland 030B,Anti-social behaviour,,
,2026-01,Northumbria Police,Northumbria Police,-1.517813,55.086908,On or near Hastings Terrace,E01027418,Northumberland 030B,Anti-social behaviour,,
3792732e4860d94d8550fb01c76abc694e526201f3f479c8c2f0663bf18986c4,2026-01,Northumbria Police,Northumbria Police,-1.517167,55.084560,On or near Wansbeck Grove,E01027418,Northumberland 030B,Public order,Investigation complete; no suspect identified,
,2026-01,Northumbria Police,Northumbria Police,-1.475230,55.083461,On or near Parking Area,E01027419,Northumberland 030C,Anti-social behaviour,,
912ade488d8893279e8c9c24f597ef6f3c84f35feaa0f40764d5a4a42ca50836,2026-01,Northumbria Police,Northumbria Police,-1.464686,55.075300,On or near East End,E01027419,Northumberland 030C,Public order,Investigation complete; no suspect identified,
dfae934624c17be202088c624599e40b7f1e3e792cc05242b5dbb91ca9eb0760,2026-01,Northumbria Police,Northumbria Police,-1.516508,55.063835,On or near Chatham Close,E01027420,Northumberland 030D,Criminal damage and arson,Under investigation,
,2026-01,Northumbria Police,Northumbria Police,-1.513320,55.068504,On or near The Paddock,E01027421,Northumberland 030E,Anti-social behaviour,,
,2026-01,Northumbria Police,Northumbria Police,-1.513320,55.068504,On or near The Paddock,E01027421,Northumberland 030E,Anti-social behaviour,,
1e202ba978ec46e5ed9131c09d7e78b12e6f50087e62363deef444e35b908876,2026-01,Northumbria Police,Northumbria Police,-1.506607,55.064307,On or near Blanchland Drive,E01027421,Northumberland 030E,Public order,Under investigation,
7ff6a2fd7ca675a0e7ac6cb2a1e8b07dd10b798e20345dd7ae8507b2049b201e,2026-01,Northumbria Police,Northumbria Police,-1.506607,55.064307,On or near Blanchland Drive,E01027421,Northumberland 030E,Public order,Under investigation,
4eacefc968b755a39f3be53301541fced0f1b3238fc80a8f613488041ff00e48,2026-01,Northumbria Police,Northumbria Police,-1.578800,55.063141,On or near Mill Lane,E01027406,Northumberland 031B,Criminal damage and arson,Investigation complete; no suspect identified,
088e45c01992837a2f51eb315994d165b13173c675ed0fe1d112581d197fc210,2026-01,Northumbria Police,Northumbria Police,-1.578800,55.063141,On or near Mill Lane,E01027406,Northumberland 031B,Shoplifting,Investigation complete; no suspect identified,
8edc9b029af6b2d80bd43af0bb60f8812df5cd2078e4eff6bc8e399174aea65c,2026-01,Northumbria Police,Northumbria Police,-1.578800,55.063141,On or near Mill Lane,E01027406,Northumberland 031B,Violence and sexual offences,Under investigation,
8e50c43783c6f3381a36bd0c7bcf5ec7d84a0d729af9764554bb4f463b69369b,2026-01,Northumbria Police,Northumbria Police,-1.578800,55.063141,On or near Mill Lane,E01027406,Northumberland 031B,Violence and sexual offences,Under investigation,
,2026-01,Northumbria Police,Northumbria Police,-1.577801,55.077722,On or near Cranshaw Place,E01027408,Northumberland 031D,Anti-social behaviour,,
,2026-01,Northumbria Police,Northumbria Police,-1.591260,55.078882,On or near Lancastrian Road,E01027410,Northumberland 031E,Anti-social behaviour,,
,2026-01,Northumbria Police,Northumbria Police,-1.588273,55.076850,On or near Dudley Lane,E01027410,Northumberland 031E,Anti-social behaviour,,
,2026-01,Northumbria Police,Northumbria Police,-1.588273,55.076850,On or near Dudley Lane,E01027410,Northumberland 031E,Anti-social behaviour,,
,2026-01,Northumbria Police,Northumbria Police,-1.527776,55.073629,On or near Astley Road,E01027432,Northumberland 032A,Anti-social behaviour,,
,2026-01,Northumbria Police,Northumbria Police,-1.529949,55.069935,On or near Glanton Avenue,E01027432,Northumberland 032A,Anti-social behaviour,,
,2026-01,Northumbria Police,Northumbria Police,-1.522281,55.072143,On or near Sinclair Gardens,E01027432,Northumberland 032A,Anti-social behaviour,,
,2026-01,Northumbria Police,Northumbria Police,-1.524983,55.072618,On or near Supermarket,E01027432,Northumberland 032A,Anti-social behaviour,,
,2026-01,Northumbria Police,Northumbria Police,-1.524054,55.071826,On or near Park Road,E01027432,Northumberland 032A,Anti-social behaviour,,
,2026-01,Northumbria Police,Northumbria Police,-1.521446,55.070733,On or near Sports/Recreation Area,E01027432,Northumberland 032A,Anti-social behaviour,,
,2026-01,Northumbria Police,Northumbria Police,-1.524983,55.072618,On or near Supermarket,E01027432,Northumberland 032A,Anti-social behaviour,,
,2026-01,Northumbria Police,Northumbria Police,-1.521446,55.070733,On or near Sports/Recreation Area,E01027432,Northumberland 032A,Anti-social behaviour,,
5ad07448ac8509cb33ecdd39ce1ef9a6dfbc26396732d3ca3beda15a7b1e3e05,2026-01,Northumbria Police,Northumbria Police,-1.524983,55.072618,On or near Supermarket,E01027432,Northumberland 032A,Shoplifting,Under investigation,
,2026-01,Northumbria Police,Northumbria Police,-1.529727,55.072873,On or near Rothley Grove,E01027433,Northumberland 032B,Anti-social behaviour,,
,2026-01,Northumbria Police,Northumbria Police,-1.537978,55.075789,On or near Delaval Court,E01027433,Northumberland 032B,Anti-social behaviour,,
,2026-01,Northumbria Police,Northumbria Police,-1.534170,55.075945,On or near Petrol Station,E01027433,Northumberland 032B,Anti-social behaviour,,
,2026-01,Northumbria Police,Northumbria Police,-1.537978,55.075789,On or near Delaval Court,E01027433,Northumberland 032B,Anti-social behaviour,,
,2026-01,Northumbria Police,Northumbria Police,-1.537978,55.075789,On or near Delaval Court,E01027433,Northumberland 032B,Anti-social behaviour,,
,2026-01,Northumbria Police,Northumbria Police,-1.506107,55.079519,On or near The Avenue,E01027433,Northumberland 032B,Anti-social behaviour,,
e17a30100f2518a90fb48b26004f012e9c2d247a6c52a9c43c315ec9d60b77cb,2026-01,Northumbria Police,Northumbria Police,-1.534387,55.076312,On or near Supermarket,E01027433,Northumberland 032B,Other theft,Investigation complete; no suspect identified,
,2026-01,Northumbria Police,Northumbria Police,-1.559809,55.063047,On or near Fox Lea Walk,E01027435,Northumberland 032D,Anti-social behaviour,,
,2026-01,Northumbria Police,Northumbria Police,-1.559809,55.063047,On or near Fox Lea Walk,E01027435,Northumberland 032D,Anti-social behaviour,,
fae5b5056d27abd43ba8981d43708771bf563071ea28cf8de3425f8b99799679,2026-01,Northumbria Police,Northumbria Police,-1.552828,55.062949,On or near Main Street North,E01027435,Northumberland 032D,Drugs,Investigation complete; no suspect identified,
8d53a9f595ae7cafdfdb5679f1e2ae0bc5d7a6b4c0c3fff3433d50e2c20a2e0f,2026-01,Northumbria Police,Northumbria Police,-1.559809,55.063047,On or near Fox Lea Walk,E01027435,Northumberland 032D,Violence and sexual offences,Under investigation,
381bb6bb9022cef7f38041745568d81e69044e84014d1378ba58157b48a7c8f0,2026-01,Northumbria Police,Northumbria Police,-1.559809,55.063047,On or near Fox Lea Walk,E01027435,Northumberland 032D,Violence and sexual offences,Under investigation,
,2026-01,Northumbria Police,Northumbria Police,-1.551689,55.068193,On or near Olive Grove,E01027436,Northumberland 032E,Anti-social behaviour,,
,2026-01,Northumbria Police,Northumbria Police,-1.551689,55.068193,On or near Olive Grove,E01027436,Northumberland 032E,Anti-social behaviour,,
,2026-01,Northumbria Police,Northumbria Police,-1.552413,55.066443,On or near Meadow Close,E01027436,Northumberland 032E,Anti-social behaviour,,
b4677b9ec03de838f145cfe4815fa8aa52f38f8ccf7f65ce0882268dc6beae54,2026-01,Northumbria Police,Northumbria Police,-1.551689,55.068193,On or near Olive Grove,E01027436,Northumberland 032E,Violence and sexual offences,Under investigation,
a1af3cf090e491a62b9dbb18793e221745a828eca0c278c9fc7c00543f97385b,2026-01,Northumbria Police,Northumbria Police,-1.551689,55.068193,On or near Olive Grove,E01027436,Northumberland 032E,Violence and sexual offences,Under investigation,
fe7b6b150513a8cce8b07c35c20b04c0c5fdd146cca04a58bb8e9ab09167581c,2026-01,Northumbria Police,Northumbria Police,-1.551689,55.068193,On or near Olive Grove,E01027436,Northumberland 032E,Violence and sexual offences,Under investigation,
91fd6e9773406f7f690997018b9b09084cacc2f2abbeae028a6f28b2af76c29c,2026-01,Northumbria Police,Northumbria Police,-1.547444,55.062714,On or near Hazlitt Place,E01027436,Northumberland 032E,Other crime,Investigation complete; no suspect identified,
,2026-01,Northumbria Police,Northumbria Police,-1.746535,55.040466,On or near Callerton Court,E01027464,Northumberland 033A,Anti-social behaviour,,
d57f5ec7de570f08dfbfbaff35e6826032c8e3aef60800726f79441250876090,2026-01,Northumbria Police,Northumbria Police,-1.740798,55.051704,On or near Eland Lane,E01027465,Northumberland 033B,Other theft,Investigation complete; no suspect identified,
6139516552a5ebdbc2e8c152e3fbee593b2f3e80dafd75583dc9a6c4458ee937,2026-01,Northumbria Police,Northumbria Police,-1.739225,55.050542,On or near Ryehaugh,E01027465,Northumberland 033B,Violence and sexual offences,Under investigation,
eef50c369d89fc8bbd48275906ecf8c5dc16e640dcbed71c99a3f5f417a55f89,2026-01,Northumbria Police,Northumbria Police,-1.729084,55.045568,On or near Ridgely Drive,E01027465,Northumberland 033B,Violence and sexual offences,Investigation complete; no suspect identified,
2e75211498db9024fa8d9255e646362a62d5dbd1c13cf9a2de7b3ac26c162fb7,2026-01,Northumbria Police,Northumbria Police,-1.739225,55.050542,On or near Ryehaugh,E01027465,Northumberland 033B,Violence and sexual offences,Under investigation,
9385616f5f155634d5ec2bdf3641bba618a36b51bdf89f23211ed626d459de09,2026-01,Northumbria Police,Northumbria Police,-1.748884,55.052647,On or near Beechwood Place,E01027466,Northumberland 033C,Violence and sexual offences,Investigation complete; no suspect identified,
d22571d2d02998ac136fecbd1a989ddff9ac31734e02f61f11b0ea40ab91f0be,2026-01,Northumbria Police,Northumbria Police,-1.747643,55.050874,On or near Meadowfield,E01027466,Northumberland 033C,Violence and sexual offences,Under investigation,
,2026-01,Northumbria Police,Northumbria Police,-1.760064,55.059948,On or near Lynley Way,E01033714,Northumberland 033F,Anti-social behaviour,,
dfd8941152fa86ea5761bdb5de17e05a710c1cc143e424edc6f57a1357c59465,2026-01,Northumbria Police,Northumbria Police,-1.757047,55.059097,On or near Bergerac Road,E01033714,Northumberland 033F,Violence and sexual offences,Under investigation,
e469ccdf1c9f69b8781d2fcf828364bb40be8d83e3fc0708d0c375ee966aa8d6,2026-01,Northumbria Police,Northumbria Police,-1.757047,55.059097,On or near Bergerac Road,E01033714,Northumberland 033F,Violence and sexual offences,Under investigation,
,2026-01,Northumbria Police,Northumbria Police,-1.802326,54.995275,On or near Park/Open Space,E01027449,Northumberland 034A,Anti-social behaviour,,
1d704013d8997baccb4beb7796c01707e00d928ded198e9adf87a1b108cfa4f1,2026-01,Northumbria Police,Northumbria Police,-1.785864,54.995332,On or near Antonine Walk,E01027449,Northumberland 034A,Other crime,Under investigation,
,2026-01,Northumbria Police,Northumbria Police,-1.769633,55.032002,On or near Marian Way,E01027469,Northumberland 034C,Anti-social behaviour,,
,2026-01,Northumbria Police,Northumbria Police,-1.769633,55.032002,On or near Marian Way,E01027469,Northumberland 034C,Anti-social behaviour,,
,2026-01,Northumbria Police,Northumbria Police,-1.753383,55.015849,On or near Parking Area,E01027469,Northumberland 034C,Anti-social behaviour,,
,2026-01,Northumbria Police,Northumbria Police,-1.774683,55.021372,On or near Stamfordham Road,E01027471,Northumberland 034D,Anti-social behaviour,,
,2026-01,Northumbria Police,Northumbria Police,-1.778212,55.036735,On or near The Crescent,E01027471,Northumberland 034D,Anti-social behaviour,,
,2026-01,Northumbria Police,Northumbria Police,-1.778212,55.036735,On or near The Crescent,E01027471,Northumberland 034D,Anti-social behaviour,,
5ccf435d0d220a07deb1e6bfd1e2534688d7e65f595f1448482dc427c709599d,2026-01,Northumbria Police,Northumbria Police,-1.773547,55.034372,On or near Middlebrook,E01027471,Northumberland 034D,Violence and sexual offences,Under investigation,
9a20cf67974bea5370890de986098e3036e4923438ebc72ac83034e475e40f71,2026-01,Northumbria Police,Northumbria Police,-1.952932,55.040774,On or near East Close,E01027472,Northumberland 034E,Burglary,Investigation complete; no suspect identified,
,2026-01,Northumbria Police,Northumbria Police,-2.101321,54.971916,On or near Back Row,E01027476,Northumberland 035A,Anti-social behaviour,,
,2026-01,Northumbria Police,Northumbria Police,-2.112706,54.993122,On or near Chapel Close,E01027476,Northumberland 035A,Anti-social behaviour,,
,2026-01,Northumbria Police,Northumbria Police,-2.101321,54.971916,On or near Back Row,E01027476,Northumberland 035A,Anti-social behaviour,,
,2026-01,Northumbria Police,Northumbria Police,-2.101011,54.972931,On or near Cecil Terrace,E01027476,Northumberland 035A,Anti-social behaviour,,
1e7cb0a6f593bcc3538e57c9cd68f04ffa6c1a70fa5e8f71388a7dcb58870027,2026-01,Northumbria Police,Northumbria Police,-2.101011,54.972931,On or near Cecil Terrace,E01027476,Northumberland 035A,Shoplifting,Awaiting court outcome,
14347cccac22ad27be8ea3d3134112ef7a29b17e63310351f43e348f33a9682d,2026-01,Northumbria Police,Northumbria Police,-2.101011,54.972931,On or near Cecil Terrace,E01027476,Northumberland 035A,Shoplifting,Investigation complete; no suspect identified,
6a6719a08957138bea2bcb8a0ae7f20e61236a7f0d7cc10506c9c48500d784b2,2026-01,Northumbria Police,Northumbria Police,-2.101011,54.972931,On or near Cecil Terrace,E01027476,Northumberland 035A,Shoplifting,Investigation complete; no suspect identified,
,2026-01,Northumbria Police,Northumbria Police,-2.113080,54.965255,On or near St Matthews Road,E01027489,Northumberland 035B,Anti-social behaviour,,
8b5a1788e5c6a212b642a124f588a5fb58d26edf358e6fabf3dcb098db7165a2,2026-01,Northumbria Police,Northumbria Police,-2.110937,54.963811,On or near Wydon Park,E01027489,Northumberland 035B,Criminal damage and arson,Investigation complete; no suspect identified,
,2026-01,Northumbria Police,Northumbria Police,-2.102724,54.970809,On or near Beaumont Street,E01027490,Northumberland 035C,Anti-social behaviour,,
,2026-01,Northumbria Police,Northumbria Police,-2.109272,54.966229,On or near St Marks Road,E01027490,Northumberland 035C,Anti-social behaviour,,
,2026-01,Northumbria Police,Northumbria Police,-2.102724,54.970809,On or near Beaumont Street,E01027490,Northumberland 035C,Anti-social behaviour,,
,2026-01,Northumbria Police,Northumbria Police,-2.108036,54.965575,On or near Priestlands Close,E01027490,Northumberland 035C,Anti-social behaviour,,
98f9ace8fa65b403676dd546cc634fc8182a483f618bbbc88c38b16c216982f7,2026-01,Northumbria Police,Northumbria Police,-2.102598,54.970531,On or near Theatre/Concert Hall,E01027490,Northumberland 035C,Criminal damage and arson,Investigation complete; no suspect identified,
870c2b6c57200eb3f89661c0f0ca9dcddbc1e876a70219f6faed6431e70e11a4,2026-01,Northumbria Police,Northumbria Police,-2.102598,54.970531,On or near Theatre/Concert Hall,E01027490,Northumberland 035C,Vehicle crime,Investigation complete; no suspect identified,
b18647e3f83a8683ae3ab25e82c0944459e7c6eec224497e3236704bd51d89e3,2026-01,Northumbria Police,Northumbria Police,-2.119381,54.967487,On or near Highford Lane,E01027491,Northumberland 035D,Violence and sexual offences,Under investigation,
43ef5b4039c6efe8330ea208d8261145b1abb259f1d0bddeec4dae5510a69377,2026-01,Northumbria Police,Northumbria Police,-2.117309,54.969214,On or near B6305,E01027491,Northumberland 035D,Violence and sexual offences,Under investigation,
ef5433f3cd4ece89446454366d11011e2b7f1cdedde76c3f2961d712449cf7f9,2026-01,Northumbria Police,Northumbria Police,-2.115340,54.974257,On or near Broadway Gardens,E01027492,Northumberland 035E,Shoplifting,Suspect charged as part of another case,
f20ff41870dda4666ac3032607b379b48bec99a5f00e49951d2ceb356b5e33fc,2026-01,Northumbria Police,Northumbria Police,-2.115340,54.974257,On or near Broadway Gardens,E01027492,Northumberland 035E,Shoplifting,Investigation complete; no suspect identified,
1db1576f849dd6fee8141e3d1a0447420581e9e080e3cb952247e0f2263b66a2,2026-01,Northumbria Police,Northumbria Police,-2.115340,54.974257,On or near Broadway Gardens,E01027492,Northumberland 035E,Shoplifting,Investigation complete; no suspect identified,
fa92ed102d3b7b37eb2a8b82a1690fc1a5c14df1f91efc4c852c8765cdda69df,2026-01,Northumbria Police,Northumbria Police,-2.091836,54.970629,On or near Peth Head,E01027493,Northumberland 035F,Burglary,Under investigation,
,2026-01,Northumbria Police,Northumbria Police,-2.099566,54.969985,On or near Commercial Place,E01027494,Northumberland 035G,Anti-social behaviour,,
,2026-01,Northumbria Police,Northumbria Police,-2.096026,54.970434,On or near Bus/Coach Station,E01027494,Northumberland 035G,Anti-social behaviour,,
9025d82f21d99337f37bf0696024cc591b6ab0bef8bfe51a07957c960a8c0218,2026-01,Northumbria Police,Northumbria Police,-2.086175,54.968081,On or near Langley Avenue,E01027494,Northumberland 035G,Bicycle theft,Investigation complete; no suspect identified,
70ffdeaecc0e4bbfd51b867ea01b025982a194e53db489c13aebdbc0c2671a56,2026-01,Northumbria Police,Northumbria Police,-2.099566,54.969985,On or near Commercial Place,E01027494,Northumberland 035G,Other theft,Investigation complete; no suspect identified,
b687d045cca4c95e87a04a85997a12d2e23044bb29a2bbd45580fe4af7cc422a,2026-01,Northumbria Police,Northumbria Police,-2.097942,54.970229,On or near Priestpopple,E01027494,Northumberland 035G,Vehicle crime,Under investigation,
60d7277ad46e34bd87afc99d8f4b0915fafa34769b1c7646664bff2261984677,2026-01,Northumbria Police,Northumbria Police,-2.099061,54.961467,On or near Loughbrow Park,E01027494,Northumberland 035G,Violence and sexual offences,Awaiting court outcome,
4ed16afd0f084116d5fa20ed086582dc664c83d571bff798be49b9865d24980d,2026-01,Northumbria Police,Northumbria Police,-2.074838,54.969706,On or near Anick View,E01027494,Northumberland 035G,Violence and sexual offences,Under investigation,
1711cd4398b62784ac1883602393c2f97d20074d6f8c932ee154bced01359823,2026-01,Northumbria Police,Northumbria Police,-1.898328,54.969534,On or near Springfield,E01027483,Northumberland 036A,Public order,Investigation complete; no suspect identified,
cff7c3060e6d518c4cb2870452626f54f37084135bb53b8d18a06eeb2c27aaf0,2026-01,Northumbria Police,Northumbria Police,-1.898328,54.969534,On or near Springfield,E01027483,Northumberland 036A,Violence and sexual offences,Under investigation,
,2026-01,Northumbria Police,Northumbria Police,-1.867387,54.968507,On or near Main Road,E01027496,Northumberland 036B,Anti-social behaviour,,
,2026-01,Northumbria Police,Northumbria Police,-1.867387,54.968507,On or near Main Road,E01027496,Northumberland 036B,Anti-social behaviour,,
,2026-01,Northumbria Police,Northumbria Police,-1.865226,54.972369,On or near Sports/Recreation Area,E01027496,Northumberland 036B,Anti-social behaviour,,
,2026-01,Northumbria Police,Northumbria Police,-1.869576,54.967782,On or near West Road,E01027496,Northumberland 036B,Anti-social behaviour,,
,2026-01,Northumbria Police,Northumbria Police,-1.866602,54.969836,On or near Tyne Gardens,E01027496,Northumberland 036B,Anti-social behaviour,,
44ea612dcfe290d0d85cde280bd95e9db8659cdf1f9a5365d52140ad8557c5f5,2026-01,Northumbria Police,Northumbria Police,-1.871045,54.967648,On or near Burnside Close,E01027496,Northumberland 036B,Violence and sexual offences,Under investigation,
,2026-01,Northumbria Police,Northumbria Police,-2.389691,54.971899,On or near Parking Area,E01027484,Northumberland 037A,Anti-social behaviour,,
e481b2a7626a7eaab45eeec4ce1a9d3a1f4109371f3a1566db5904ae18c9c428,2026-01,Northumbria Police,Northumbria Police,-2.523414,54.974560,On or near Parking Area,E01027484,Northumberland 037A,Vehicle crime,Under investigation,
053d7045ca13af36605d40da0f79b9417ba01ed91331bebf56304200ba5d459b,2026-01,Northumbria Police,Northumbria Police,-2.571009,54.990593,On or near Rose Hill,E01027484,Northumberland 037A,Other crime,Investigation complete; no suspect identified,
,2026-01,Northumbria Police,Northumbria Police,-2.463505,54.972170,On or near Woodhead Court,E01027485,Northumberland 037B,Anti-social behaviour,,
,2026-01,Northumbria Police,Northumbria Police,-2.463505,54.972170,On or near Woodhead Court,E01027485,Northumberland 037B,Anti-social behaviour,,
322f39bab7b22622cd8af79234b900bf145e113c43488e54c0597f87ebae801d,2026-01,Northumbria Police,Northumbria Police,-2.463721,54.970588,On or near Holmeside Crescent,E01027485,Northumberland 037B,Violence and sexual offences,Investigation complete; no suspect identified,
2a1e2e7d0287348c9ae63dca794c739cfdf3655f9ff411876fef1ca17127942b,2026-01,Northumbria Police,Northumbria Police,-2.463171,54.971614,On or near Fleming Court,E01027485,Northumberland 037B,Violence and sexual offences,Under investigation,
,2026-01,Northumbria Police,Northumbria Police,-2.464461,54.968329,On or near Haltwhistle,E01027486,Northumberland 037C,Anti-social behaviour,,
,2026-01,Northumbria Police,Northumbria Police,-1.863509,54.965007,On or near Petrol Station,E01027497,Northumberland 038A,Anti-social behaviour,,
a35a20f176d5cd48b6b581ce9b25842a74e6c760e06253d0dffcd6b420166991,2026-01,Northumbria Police,Northumbria Police,-1.866847,54.961740,On or near Lime Grove,E01027497,Northumberland 038A,Burglary,Investigation complete; no suspect identified,
82a5891f2e0020e83367d803714bab4849d813fd0836c5ec59040970e8c86713,2026-01,Northumbria Police,Northumbria Police,-1.835019,54.965484,On or near Broomhouse Road,E01027497,Northumberland 038A,Violence and sexual offences,Under investigation,
,2026-01,Northumbria Police,Northumbria Police,-1.846998,54.961546,On or near Holyoake Street,E01027498,Northumberland 038B,Anti-social behaviour,,
,2026-01,Northumbria Police,Northumbria Police,-1.831786,54.961679,On or near Bell View,E01027498,Northumberland 038B,Anti-social behaviour,,
,2026-01,Northumbria Police,Northumbria Police,-1.835393,54.961800,On or near Woodhead Road,E01027498,Northumberland 038B,Anti-social behaviour,,
2173a245404c26d1b7a017f1fe9f85885185c33803b03ce81637c1c3ff586ec6,2026-01,Northumbria Police,Northumbria Police,-1.847108,54.961393,On or near Police Station,E01027498,Northumberland 038B,Public order,Under investigation,
e04940d3479b40948d21995c9d62ebb499499075ddc611c923cb51c61a4d806f,2026-01,Northumbria Police,Northumbria Police,-1.837955,54.961768,On or near West Wylam Drive,E01027498,Northumberland 038B,Vehicle crime,Under investigation,
cdc6687de1becb51caaed7a9f3fe3c647b8c56962d5d16796d63067194710b67,2026-01,Northumbria Police,Northumbria Police,-1.850355,54.961694,On or near Shopping Area,E01027498,Northumberland 038B,Vehicle crime,Investigation complete; no suspect identified,
476f1e8e145ec23286679ea9de972dd65b813da3924847dc2f2cf30de3c5b6be,2026-01,Northumbria Police,Northumbria Police,-1.841588,54.963121,On or near Adderlane Road,E01027498,Northumberland 038B,Other crime,Under investigation,
fee66cac10594f5d8c80913526f07d9d21f405488b0008ad04eb2b4f777987d7,2026-01,Northumbria Police,Northumbria Police,-1.845387,54.953995,On or near Moor Grange,E01027499,Northumberland 038C,Violence and sexual offences,Investigation complete; no suspect identified,
,2026-01,Northumbria Police,Northumbria Police,-1.852238,54.959360,On or near St Mathews Lane,E01027500,Northumberland 038D,Anti-social behaviour,,
8b154a743c671e8ecae6fac89e8ff2c9ab49ab6b6f6c4a74127451858651b147,2026-01,Northumbria Police,Northumbria Police,-1.851232,54.961012,On or near Oakfield Terrace,E01027500,Northumberland 038D,Possession of weapons,Under investigation,
f36c9fde985e094c89bb68408f5779e0cc62d5e6be9e40a507bdd36b3b6bff1c,2026-01,Northumbria Police,Northumbria Police,-1.845890,54.961248,On or near B6395,E01027500,Northumberland 038D,Public order,Under investigation,
e541fa31abd932c2c113141fe9735241390474f78e3e14d401069ffbe5092ac2,2026-01,Northumbria Police,Northumbria Police,-1.851232,54.961012,On or near Oakfield Terrace,E01027500,Northumberland 038D,Violence and sexual offences,Investigation complete; no suspect identified,
,2026-01,Northumbria Police,Northumbria Police,-1.864460,54.956471,On or near Linnheads,E01035636,Northumberland 038G,Anti-social behaviour,,
,2026-01,Northumbria Police,Northumbria Police,-1.863015,54.958788,On or near West Road,E01035636,Northumberland 038G,Anti-social behaviour,,
e6b3e4256f849e79e294b20704a69ef0d63cdfb6af9f337ba146fbc9ddcb0608,2026-01,Northumbria Police,Northumbria Police,-1.862944,54.956623,On or near Edgewell Road,E01035636,Northumberland 038G,Criminal damage and arson,Investigation complete; no suspect identified,
b109a1316b3629e4865dbc72179c0001a8070e48483d96d131c15bca7a2edb45,2026-01,Northumbria Police,Northumbria Police,-1.862944,54.956623,On or near Edgewell Road,E01035636,Northumberland 038G,Criminal damage and arson,Investigation complete; no suspect identified,
0264e32244a5d3520be3d681a29d330f16dab77651abd4bb5eb5ef41acdd46d1,2026-01,Northumbria Police,Northumbria Police,-1.856478,54.961549,On or near Kepwell Road,E01035636,Northumberland 038G,Violence and sexual offences,Investigation complete; no suspect identified,
,2026-01,Northumbria Police,Northumbria Police,-2.219357,54.803167,On or near Parking Area,E01027477,Northumberland 040A,Anti-social behaviour,,
32c6d113bf3bf70d1346025739225c985f34c41e2ca0e601464132cda39552be,2026-01,Northumbria Police,Northumbria Police,-2.337234,54.908460,On or near Common Bank,E01027477,Northumberland 040A,Violence and sexual offences,Under investigation,
,2026-01,Northumbria Police,Northumbria Police,-2.246623,54.899305,On or near Forstersteads,E01027478,Northumberland 040B,Anti-social behaviour,,
,2026-01,Northumbria Police,Northumbria Police,-2.254429,54.895901,On or near Selah Close,E01027478,Northumberland 040B,Anti-social behaviour,,
496845687c50239328c9252c49bca6dd28651554ad9ccfb95584a0766ba7acb9,2026-01,Northumbria Police,Northumbria Police,-2.250429,54.897078,On or near Dale Park,E01027478,Northumberland 040B,Other theft,Under investigation,
0035c01b27083ff4bd728ec7735bf9527a6dd707226a43bd75bc19f2494c0de6,2026-01,Northumbria Police,Northumbria Police,-2.254429,54.895901,On or near Selah Close,E01027478,Northumberland 040B,Violence and sexual offences,Under investigation,
75e2a0a7b282aadb2bb121f3aa3d18e33315d1cc903e3aa85c9cbbee14b39763,2026-01,Northumbria Police,Northumbria Police,-2.250771,54.899386,On or near Denelands,E01027478,Northumberland 040B,Violence and sexual offences,Under investigation,
,2026-01,Northumbria Police,Northumbria Police,-2.247244,54.975211,On or near Haydon Bridge,E01027488,Northumberland 040C,Anti-social behaviour,,
653f6b91f885de64d8c1b311c325c07feaea0e59cba4d8b63a2a5ac1e3c9d92c,2026-01,Northumbria Police,Northumbria Police,-2.244168,54.972944,On or near John Martin Street,E01027488,Northumberland 040C,Public order,Investigation complete; no suspect identified,
3b145ca9d67eeffc2f56e9f35ccb3d21ac9e32fdb8e460179d24fc3e3b10e625,2026-01,Northumbria Police,Northumbria Police,-2.244168,54.972944,On or near John Martin Street,E01027488,Northumberland 040C,Vehicle crime,Under investigation,
a00be1e0669d70c9cf7c9b20c5266e4f5051402223bf3504bcbe07bed15fa648,2026-01,Northumbria Police,Northumbria Police,-2.250021,54.972051,On or near Brigwood,E01027488,Northumberland 040C,Vehicle crime,Investigation complete; no suspect identified,
,2026-01,Northumbria Police,Northumbria Police,-2.129308,55.037991,On or near Burn Lane,E01027495,Northumberland 040D,Anti-social behaviour,,
e7a5691c07ebc2eb30d3a05af3ff6c6a55cdb3712e90de00c53c674ad9dbf9d1,2026-01,Northumbria Police,Northumbria Police,-2.123236,55.037503,On or near East Farm,E01027495,Northumberland 040D,Violence and sexual offences,Under investigation,
1bd50beb9cd66df94f6cd05b74fbd5ab901ff0d1035209a0e866907a7e102a7d,2026-01,Northumbria Police,Northumbria Police,-2.043022,54.914268,On or near Church Close,E01027505,Northumberland 040E,Burglary,Under investigation,
9436ce3198f581cfb639e198c1dbcb70d8402df865a7bacec43eca1a4cc07786,2026-01,Northumbria Police,Northumbria Police,-2.200967,55.005777,On or near Home Farm,E01027510,Northumberland 040F,Other theft,Investigation complete; no suspect identified,
9657e8b9a4d5eeb179ecdccb18f9a9aac09e4856731632d7407b82d25851da35,2026-01,Northumbria Police,Northumbria Police,-2.172342,55.006289,On or near Broadway,E01027510,Northumberland 040F,Other crime,Investigation complete; no suspect identified,
,2026-01,Northumbria Police,Northumbria Police,-1.591535,55.171798,On or near Parking Area,E01027525,Northumberland 041A,Anti-social behaviour,,
,2026-01,Northumbria Police,Northumbria Police,-1.593136,55.185687,On or near Corbridge Terrace,E01027525,Northumberland 041A,Anti-social behaviour,,
,2026-01,Northumbria Police,Northumbria Police,-1.591535,55.171798,On or near Parking Area,E01027525,Northumberland 041A,Anti-social behaviour,,
,2026-01,Northumbria Police,Northumbria Police,-1.591535,55.171798,On or near Parking Area,E01027525,Northumberland 041A,Anti-social behaviour,,
a2f7f6b81cbd81d6a5270b930cce620b7fdea5eda153702d17f44945c28eb426,2026-01,Northumbria Police,Northumbria Police,-1.600852,55.166312,On or near Glebe Farm,E01027525,Northumberland 041A,Criminal damage and arson,Under investigation,
,2026-01,Northumbria Police,Northumbria Police,-1.586558,55.183886,On or near Booths Road,E01027524,Northumberland 041B,Anti-social behaviour,,
,2026-01,Northumbria Police,Northumbria Police,-1.594535,55.187085,On or near Rothbury Drive,E01027524,Northumberland 041B,Anti-social behaviour,,
,2026-01,Northumbria Police,Northumbria Police,-1.586558,55.183886,On or near Booths Road,E01027524,Northumberland 041B,Anti-social behaviour,,
,2026-01,Northumbria Police,Northumbria Police,-1.595129,55.187329,On or near A1068,E01027524,Northumberland 041B,Anti-social behaviour,,
3867ed29dd69732445f6bc612b8754dddf61619dfd6810520012ea4539251fef,2026-01,Northumbria Police,Northumbria Police,-1.578119,55.184477,On or near Rotary Parkway,E01027524,Northumberland 041B,Criminal damage and arson,Investigation complete; no suspect identified,
4c965e17f5baef66685fd2850af06ca7d69cecd72f3d377f1c601716f2b94a7b,2026-01,Northumbria Police,Northumbria Police,-1.586558,55.183886,On or near Booths Road,E01027524,Northumberland 041B,Violence and sexual offences,Under investigation,
,2026-01,Northumbria Police,Northumbria Police,-1.566144,55.178001,On or near Cavendish Terrace,E01027527,Northumberland 041C,Anti-social behaviour,,
a99fff46345f87bdf5d23ba62e7813e68cb1f0f6e319a6a4ea46b515a43a0904,2026-01,Northumbria Police,Northumbria Police,-1.576602,55.177903,On or near Wedderburn Square,E01027527,Northumberland 041C,Violence and sexual offences,Under investigation,
91b9d129e5a53441ca949e08d0dfc5eddf395fa72e802711144bdbc89c4f4f1a,2026-01,Northumbria Police,Northumbria Police,-1.586507,55.173687,On or near Barrasford Close,E01027526,Northumberland 041D,Violence and sexual offences,Under investigation,
,2026-01,Northumbria Police,Northumbria Police,-1.576526,55.176213,On or near Holmdale,E01027536,Northumberland 041E,Anti-social behaviour,,
,2026-01,Northumbria Police,Northumbria Police,-1.578094,55.176461,On or near Parking Area,E01027536,Northumberland 041E,Anti-social behaviour,,
1fc729d9cf45d48aeceaa9ae4d388eea9c6b83357c3548b4d221ef4976cfb7b9,2026-01,Northumbria Police,Northumbria Police,-1.565115,55.175895,On or near Farne Avenue,E01027537,Northumberland 041F,Violence and sexual offences,Under investigation,
97b791f4c1b858a0395f681b25eacfc571b6c1a2458e5439053e10e8629f7d80,2026-01,Northumbria Police,Northumbria Police,-1.560658,55.169948,On or near Parking Area,E01027537,Northumberland 041F,Violence and sexual offences,Under investigation,
14ca138d7cd93639c7df309df61e2f3261306432296a4b23b1e83a193077db43,2026-01,Northumbria Police,Northumbria Police,-1.560658,55.169948,On or near Parking Area,E01027537,Northumberland 041F,Violence and sexual offences,Under investigation,
084c263a8da314b0da647bba60a9a9c8a112b2e1f0ca69c0835ac8ff0b710933,2026-01,Northumbria Police,Northumbria Police,-1.562623,55.172624,On or near Rothley Avenue,E01027537,Northumberland 041F,Violence and sexual offences,Investigation complete; no suspect identified,
daf9f803731c42deef3d3f3d021c0dd5644d2b019be2bd9c44b14b0d1cfb2dd8,2026-01,Northumbria Police,Northumbria Police,-1.560658,55.169948,On or near Parking Area,E01027537,Northumberland 041F,Violence and sexual offences,Under investigation,
7f03266ac92cc5f3a9756ebc8965124b4e5b377ea5b988ba91dd1d6ae868dbb5,2026-01,Northumbria Police,Northumbria Police,-1.564658,55.174563,On or near Lesbury Avenue,E01027537,Northumberland 041F,Violence and sexual offences,Under investigation,
,2026-01,Northumbria Police,Northumbria Police,-1.566141,55.168134,On or near Blackclose Estate,E01027538,Northumberland 041G,Anti-social behaviour,,
,2026-01,Northumbria Police,Northumbria Police,-1.572245,55.177160,On or near Parking Area,E01027538,Northumberland 041G,Anti-social behaviour,,
,2026-01,Northumbria Police,Northumbria Police,-1.576289,55.170443,On or near Lilac Court,E01027538,Northumberland 041G,Anti-social behaviour,,
fbd94a6a85ce53c941998714a88cc080b2dd62703ac47ef9074eead0dd2294aa,2026-01,Northumbria Police,Northumbria Police,-1.566740,55.169359,On or near Jubilee Estate,E01027538,Northumberland 041G,Violence and sexual offences,Under investigation,
,2026-01,Northumbria Police,Northumbria Police,-1.553697,55.167739,On or near Chiltern Close,E01027532,Northumberland 041H,Anti-social behaviour,,
41db3237f87e5b1d562fd32b78ce045cde53dc7ebdca0891bbcd46cce99a6c8d,2026-01,Northumbria Police,Northumbria Police,-1.549592,55.171246,On or near Ancroft Place,E01027532,Northumberland 041H,Public order,Under investigation,
0ba204623eac6d1def962a15eb07ee89ee91a443a6e0ebdab2d7fec1ffaa4ae1,2026-01,Northumbria Police,Northumbria Police,-1.559595,55.173880,On or near Seventh Avenue,E01027532,Northumberland 041H,Violence and sexual offences,Investigation complete; no suspect identified,
719dd0daa0779baaba589ef216095f6b95033c7d719a0d6adb90b4cebf736854,2026-01,Northumbria Police,Northumbria Police,-1.559595,55.173880,On or near Seventh Avenue,E01027532,Northumberland 041H,Violence and sexual offences,Under investigation,
4636c5e891346b464197921a3ab6f6afd02bab6b9ea032d4c381d0d5157e353a,2026-01,Northumbria Police,Northumbria Police,-1.553697,55.167739,On or near Chiltern Close,E01027532,Northumberland 041H,Violence and sexual offences,Investigation complete; no suspect identified,
2093ac684ecd5d302458cc1f1f9dbe31000e6fbc48454fbf0693eabc94b866ed,2026-01,Northumbria Police,Northumbria Police,-1.574141,55.092087,On or near Kirkbride Place,E01027399,Northumberland 042E,Public order,Under investigation,
56df515a77f1ae0e442a68e901164554879f598f1acb4650c549fa224669e5fc,2026-01,Northumbria Police,Northumbria Police,-1.570304,55.088946,On or near Oxted Close,E01027399,Northumberland 042E,Violence and sexual offences,Investigation complete; no suspect identified,
bd79cb47c0aa9153b78f73298cacc9ba52ccdf59d7a82a574f26c7c2b24fbb92,2026-01,Northumbria Police,Northumbria Police,-1.593145,55.090687,On or near Normanby Gardens,E01027404,Northumberland 042F,Other theft,Investigation complete; no suspect identified,
21fd38cb7370864c3578b5d1b14b5661c79054326cca7ce95f61e5c5c1887fcc,2026-01,Northumbria Police,Northumbria Police,-1.593145,55.090687,On or near Normanby Gardens,E01027404,Northumberland 042F,Public order,Investigation complete; no suspect identified,
86a022709c802eb6a456523dc266bfdeae32a13720e89cf723b3b018ad94aa0a,2026-01,Northumbria Police,Northumbria Police,-1.576669,55.082615,On or near Callaly Avenue,E01027397,Northumberland 042I,Public order,Under investigation,
b6114a141808f00f584c5f779914c0a404e8714b77f02558bf0d17e0ce61f9c7,2026-01,Northumbria Police,Northumbria Police,-1.571755,55.082176,On or near Barrasford Road,E01027397,Northumberland 042I,Violence and sexual offences,Under investigation,
,2026-01,Northumbria Police,Northumbria Police,-1.576614,55.080431,On or near Coldbeck Court,E01027395,Northumberland 042J,Anti-social behaviour,,
,2026-01,Northumbria Police,Northumbria Police,-1.563193,55.077239,On or near Mallard Street,E01027395,Northumberland 042J,Anti-social behaviour,,
,2026-01,Northumbria Police,Northumbria Police,-1.571225,55.080520,On or near Brownrigg Drive,E01027395,Northumberland 042J,Anti-social behaviour,,
,2026-01,Northumbria Police,Northumbria Police,-1.569672,55.080686,On or near A189,E01027395,Northumberland 042J,Anti-social behaviour,,
,2026-01,Northumbria Police,Northumbria Police,-1.559991,55.077946,On or near Gladwell Close,E01027395,Northumberland 042J,Anti-social behaviour,,
,2026-01,Northumbria Police,Northumbria Police,-1.567311,55.078844,On or near Rowan Grove,E01027395,Northumberland 042J,Anti-social behaviour,,
,2026-01,Northumbria Police,Northumbria Police,-1.562923,55.077660,On or near Rouen Crescent,E01027395,Northumberland 042J,Anti-social behaviour,,
,2026-01,Northumbria Police,Northumbria Police,-1.569672,55.080686,On or near A189,E01027395,Northumberland 042J,Anti-social behaviour,,
,2026-01,Northumbria Police,Northumbria Police,-1.567311,55.078844,On or near Rowan Grove,E01027395,Northumberland 042J,Anti-social behaviour,,
dc8d2922ce4a00fadfe52311b2c9d82baab72fff84e4f91e861b5f2efcf2c832,2026-01,Northumbria Police,Northumbria Police,-1.561870,55.079346,On or near Reedswood Crescent,E01027395,Northumberland 042J,Burglary,Investigation complete; no suspect identified,
853e200cbc69b68652c080fa62a7dcd8b2bf0a39431f9ce21dc9de586ac6c02a,2026-01,Northumbria Police,Northumbria Police,-1.561870,55.079346,On or near Reedswood Crescent,E01027395,Northumberland 042J,Criminal damage and arson,Investigation complete; no suspect identified,
d2b24fadf2e10b9eaad1f9031f6fadbd892b71cdecb9ce828cfea6c77b84bdd7,2026-01,Northumbria Police,Northumbria Police,-1.563744,55.079937,On or near Alston Avenue,E01027395,Northumberland 042J,Violence and sexual offences,Under investigation,
f25d9ef4e03ad2e1e5e8ca07662f3dc2b08ee5d19883be19a91fa5911dfc9ba4,2026-01,Northumbria Police,Northumbria Police,-1.563744,55.079937,On or near Alston Avenue,E01027395,Northumberland 042J,Violence and sexual offences,Under investigation,
63e2bae550260258d61f490114bda6f49377c58f45a707f1477931616d89e50b,2026-01,Northumbria Police,Northumbria Police,-1.559991,55.077946,On or near Gladwell Close,E01027395,Northumberland 042J,Other crime,Investigation complete; no suspect identified,
,2026-01,Northumbria Police,Northumbria Police,-2.014563,54.981438,On or near Milkwell Lane,E01027481,Northumberland 043A,Anti-social behaviour,,
5c0d93c80fff686a9278e5b37fe2e5f599918954cbf557bab4556619c159948b,2026-01,Northumbria Police,Northumbria Police,-2.020075,54.974059,On or near Market Place,E01027481,Northumberland 043A,Violence and sexual offences,Under investigation,
3e1d1f5e94af4f6673de1c95687d92048a4a9999be8217a3c2fae6cea406e6f9,2026-01,Northumbria Police,Northumbria Police,-2.018282,54.980359,On or near The Riggs,E01027481,Northumberland 043A,Violence and sexual offences,Under investigation,
8e090a66b2ca6f656067b6f5b1e9a8f9b441f2193445aada23cc65912d6e6bfe,2026-01,Northumbria Police,Northumbria Police,-2.020075,54.974059,On or near Market Place,E01027481,Northumberland 043A,Violence and sexual offences,Under investigation,
,2026-01,Northumbria Police,Northumbria Police,-2.014562,54.978589,On or near Synclen Road,E01027482,Northumberland 043B,Anti-social behaviour,,
fed30af489c1ae8a4092dce8b07874b2b5152142ca59bd7805512d9cd2a789ed,2026-01,Northumbria Police,Northumbria Police,-2.012110,54.979389,On or near Milkwell Lane,E01027482,Northumberland 043B,Criminal damage and arson,Under investigation,
3f6aef499be4fe01fdf934cd3cf9c72c16eb92946db145f34c6b94f63c65cf16,2026-01,Northumbria Police,Northumbria Police,-2.009062,54.975076,On or near Crofts Close,E01027482,Northumberland 043B,Violence and sexual offences,Under investigation,
52a5d4b24c8a33bef9aafa1eacbdbc82e636f32c413cc78a7c6797831e3162dd,2026-01,Northumbria Police,Northumbria Police,-2.090320,54.977352,On or near Ferry Road,E01027504,Northumberland 043C,Vehicle crime,Under investigation,
8d35f579ba2061906939708c13c8cea299273867ac82a067ee16cecb24b50e7d,2026-01,Northumbria Police,Northumbria Police,-2.090320,54.977352,On or near Ferry Road,E01027504,Northumberland 043C,Violence and sexual offences,Under investigation,
,2026-01,Northumbria Police,Northumbria Police,-1.898587,54.934857,On or near New Ridley Road,E01027507,Northumberland 043E,Anti-social behaviour,,
f31eb4b4dae5de0f0661899bf2f8b0cc134fc8e79bba94a03cbc8e1187241e8f,2026-01,Northumbria Police,Northumbria Police,-1.965917,54.932854,On or near Parking Area,E01027507,Northumberland 043E,Violence and sexual offences,Under investigation,
,2026-01,Northumbria Police,Northumbria Police,-1.837582,54.934054,On or near Engine Road,E01035637,Northumberland 043F,Anti-social behaviour,,
,2026-01,Northumbria Police,Northumbria Police,-1.420373,54.993314,On or near Hutton Row,E01008595,South Tyneside 001A,Anti-social behaviour,,
,2026-01,Northumbria Police,Northumbria Police,-1.420373,54.993314,On or near Hutton Row,E01008595,South Tyneside 001A,Anti-social behaviour,,
,2026-01,Northumbria Police,Northumbria Police,-1.420373,54.993314,On or near Hutton Row,E01008595,South Tyneside 001A,Anti-social behaviour,,
,2026-01,Northumbria Police,Northumbria Police,-1.420373,54.993314,On or near Hutton Row,E01008595,South Tyneside 001A,Anti-social behaviour,,
,2026-01,Northumbria Police,Northumbria Police,-1.427584,54.992889,On or near Dunelm Street,E01008595,South Tyneside 001A,Anti-social behaviour,,
,2026-01,Northumbria Police,Northumbria Police,-1.420373,54.993314,On or near Hutton Row,E01008595,South Tyneside 001A,Anti-social behaviour,,
,2026-01,Northumbria Police,Northumbria Police,-1.420373,54.993314,On or near Hutton Row,E01008595,South Tyneside 001A,Anti-social behaviour,,
,2026-01,Northumbria Police,Northumbria Police,-1.420373,54.993314,On or near Hutton Row,E01008595,South Tyneside 001A,Anti-social behaviour,,
,2026-01,Northumbria Police,Northumbria Police,-1.430428,54.998501,On or near Parking Area,E01008596,South Tyneside 001B,Anti-social behaviour,,
,2026-01,Northumbria Police,Northumbria Police,-1.428846,54.996490,On or near Parking Area,E01008596,South Tyneside 001B,Anti-social behaviour,,
,2026-01,Northumbria Police,Northumbria Police,-1.432079,54.998913,On or near Nightclub,E01008596,South Tyneside 001B,Anti-social behaviour,,
,2026-01,Northumbria Police,Northumbria Police,-1.432079,54.998913,On or near Nightclub,E01008596,South Tyneside 001B,Anti-social behaviour,,
,2026-01,Northumbria Police,Northumbria Police,-1.432079,54.998913,On or near Nightclub,E01008596,South Tyneside 001B,Anti-social behaviour,,
,2026-01,Northumbria Police,Northumbria Police,-1.432079,54.998913,On or near Nightclub,E01008596,South Tyneside 001B,Anti-social behaviour,,
,2026-01,Northumbria Police,Northumbria Police,-1.428811,54.998979,On or near Parking Area,E01008596,South Tyneside 001B,Anti-social behaviour,,
,2026-01,Northumbria Police,Northumbria Police,-1.432079,54.998913,On or near Nightclub,E01008596,South Tyneside 001B,Anti-social behaviour,,
,2026-01,Northumbria Police,Northumbria Police,-1.428846,54.996490,On or near Parking Area,E01008596,South Tyneside 001B,Anti-social behaviour,,
,2026-01,Northumbria Police,Northumbria Police,-1.428811,54.998979,On or near Parking Area,E01008596,South Tyneside 001B,Anti-social behaviour,,
,2026-01,Northumbria Police,Northumbria Police,-1.432079,54.998913,On or near Nightclub,E01008596,South Tyneside 001B,Anti-social behaviour,,
,2026-01,Northumbria Police,Northumbria Police,-1.432079,54.998913,On or near Nightclub,E01008596,South Tyneside 001B,Anti-social behaviour,,
,2026-01,Northumbria Police,Northumbria Police,-1.432079,54.998913,On or near Nightclub,E01008596,South Tyneside 001B,Anti-social behaviour,,
,2026-01,Northumbria Police,Northumbria Police,-1.432079,54.998913,On or near Nightclub,E01008596,South Tyneside 001B,Anti-social behaviour,,
,2026-01,Northumbria Police,Northumbria Police,-1.425658,54.999728,On or near Parking Area,E01008596,South Tyneside 001B,Anti-social behaviour,,
,2026-01,Northumbria Police,Northumbria Police,-1.430573,54.999302,On or near Supermarket,E01008596,South Tyneside 001B,Anti-social behaviour,,
,2026-01,Northumbria Police,Northumbria Police,-1.432079,54.998913,On or near Nightclub,E01008596,South Tyneside 001B,Anti-social behaviour,,
,2026-01,Northumbria Police,Northumbria Police,-1.432079,54.998913,On or near Nightclub,E01008596,South Tyneside 001B,Anti-social behaviour,,
,2026-01,Northumbria Police,Northumbria Police,-1.432079,54.998913,On or near Nightclub,E01008596,South Tyneside 001B,Anti-social behaviour,,
6e0314f628d168bb10060a21135ad4769cfaa42a7fb6334bd4f797f45caf7872,2026-01,Northumbria Police,Northumbria Police,-1.428020,54.999649,On or near Ocean Road,E01008596,South Tyneside 001B,Burglary,Under investigation,
2e2ee91a4ee9683543126ca22d504d4c22e698c2b4c393c5210734663f502640,2026-01,Northumbria Police,Northumbria Police,-1.430687,54.996741,On or near Fowler Street,E01008596,South Tyneside 001B,Burglary,Under investigation,
43e0ab0b2258b11acfcd37e739e18f73cedf550f725ac0587dbf3a5bcb61c5be,2026-01,Northumbria Police,Northumbria Police,-1.428020,54.999649,On or near Ocean Road,E01008596,South Tyneside 001B,Burglary,Under investigation,
7ce24cd914a61bc76416296fb4d19a8516b7f271e446f1d0fbd327c77ea0c43c,2026-01,Northumbria Police,Northumbria Police,-1.432079,54.998913,On or near Nightclub,E01008596,South Tyneside 001B,Criminal damage and arson,Under investigation,
9c455a96890080840192a254cc5f75c8c85269a92a738a926aefc97e7b56fc24,2026-01,Northumbria Police,Northumbria Police,-1.432079,54.998913,On or near Nightclub,E01008596,South Tyneside 001B,Drugs,Awaiting court outcome,
e681cd172159a3a1893a858964fdfe6aeaf0b6b78c136e63362912bb842fba7a,2026-01,Northumbria Police,Northumbria Police,-1.425658,54.999728,On or near Parking Area,E01008596,South Tyneside 001B,Other theft,Investigation complete; no suspect identified,
67515db6461ffbb0c71111b792a4aaa81519624ba7976c2209c1fe200014e848,2026-01,Northumbria Police,Northumbria Police,-1.430687,54.996741,On or near Fowler Street,E01008596,South Tyneside 001B,Other theft,Investigation complete; no suspect identified,
1223f159814fa0c8818ffb0dedee1a47d053a0c9f0cfafacfe54160ed8c27177,2026-01,Northumbria Police,Northumbria Police,-1.430428,54.998501,On or near Parking Area,E01008596,South Tyneside 001B,Public order,Under investigation,
fc910d67a8ea05c04d48a883e9d8b2f9064062a4022f2cacda9b26ec6d0a9124,2026-01,Northumbria Police,Northumbria Police,-1.433719,55.000107,On or near B1303,E01008596,South Tyneside 001B,Public order,Under investigation,
42bdfe0318020f0a71e8c6a0610d94bcfcee3c834fa0aeb517a5cfe239972334,2026-01,Northumbria Police,Northumbria Police,-1.432079,54.998913,On or near Nightclub,E01008596,South Tyneside 001B,Robbery,Under investigation,
94e2c09fa9f7dce019698d33d6a644f09fb87a80b78d3fab8dc52b0036bf824d,2026-01,Northumbria Police,Northumbria Police,-1.432079,54.998913,On or near Nightclub,E01008596,South Tyneside 001B,Shoplifting,Awaiting court outcome,
0e3b862a9444a238018b806fec86a3e403b9582ef8d57f08b397bc4cc8daed4f,2026-01,Northumbria Police,Northumbria Police,-1.432079,54.998913,On or near Nightclub,E01008596,South Tyneside 001B,Vehicle crime,Investigation complete; no suspect identified,
0123e319461f6a9e2ca9ebfa6121e7d2f79e8701ca4aa05e964305e6dca58070,2026-01,Northumbria Police,Northumbria Police,-1.428811,54.998979,On or near Parking Area,E01008596,South Tyneside 001B,Violence and sexual offences,Investigation complete; no suspect identified,
e5c06165025386e33be972afbc40b3d0e007958c4b75caa631912cd5d20f4929,2026-01,Northumbria Police,Northumbria Police,-1.432079,54.998913,On or near Nightclub,E01008596,South Tyneside 001B,Violence and sexual offences,Investigation complete; no suspect identified,
909475a71c63ca792158298f55aba036dc73ec367d044d8c98f1af40a2c772d3,2026-01,Northumbria Police,Northumbria Police,-1.432079,54.998913,On or near Nightclub,E01008596,South Tyneside 001B,Violence and sexual offences,Under investigation,
888fb1b3918e2f8583974d8993eaf47db4817af585bf4d1683302aed2ec365df,2026-01,Northumbria Police,Northumbria Police,-1.431680,55.000556,On or near Coston Drive,E01008596,South Tyneside 001B,Violence and sexual offences,Under investigation,
1a22f18ef23bbfa7c62aa17e5e1336cf0927de22727e41a07e12cf1a8f4591b1,2026-01,Northumbria Police,Northumbria Police,-1.428846,54.996490,On or near Parking Area,E01008596,South Tyneside 001B,Violence and sexual offences,Investigation complete; no suspect identified,
f310a49dfa166b69e6ff4dcd53720aec413440a51213981ac5d05571eb0d2321,2026-01,Northumbria Police,Northumbria Police,-1.432079,54.998913,On or near Nightclub,E01008596,South Tyneside 001B,Violence and sexual offences,Under investigation,
2016b4fa1b21aeb9a733edc216fed63412fd4b48d7fead43d670b7108147184d,2026-01,Northumbria Police,Northumbria Police,-1.432079,54.998913,On or near Nightclub,E01008596,South Tyneside 001B,Violence and sexual offences,Investigation complete; no suspect identified,
b7dfd618ba01e58850bc0b2829c9e391fa23493629e08b12e8f66a9cb98b607a,2026-01,Northumbria Police,Northumbria Police,-1.433719,55.000107,On or near B1303,E01008596,South Tyneside 001B,Violence and sexual offences,Investigation complete; no suspect identified,
a33b2bebb45776aa3ee27502660c29d49fb8f1fbd781f57f0b1baddf5bc1d9a6,2026-01,Northumbria Police,Northumbria Police,-1.432079,54.998913,On or near Nightclub,E01008596,South Tyneside 001B,Violence and sexual offences,Under investigation,
90ca90ba1112a006b45ac6a2acc3c77ec390a391fcff402dbee7610b8e1881c3,2026-01,Northumbria Police,Northumbria Police,-1.432079,54.998913,On or near Nightclub,E01008596,South Tyneside 001B,Violence and sexual offences,Under investigation,
,2026-01,Northumbria Police,Northumbria Police,-1.416756,54.994860,On or near Sea Winnings Way,E01008597,South Tyneside 001C,Anti-social behaviour,,
,2026-01,Northumbria Police,Northumbria Police,-1.422836,54.998133,On or near Wouldhave Street,E01008597,South Tyneside 001C,Anti-social behaviour,,
,2026-01,Northumbria Police,Northumbria Police,-1.423511,55.000086,On or near Seafield Terrace,E01008597,South Tyneside 001C,Anti-social behaviour,,
,2026-01,Northumbria Police,Northumbria Police,-1.423511,55.000086,On or near Seafield Terrace,E01008597,South Tyneside 001C,Anti-social behaviour,,
,2026-01,Northumbria Police,Northumbria Police,-1.423511,55.000086,On or near Seafield Terrace,E01008597,South Tyneside 001C,Anti-social behaviour,,
,2026-01,Northumbria Police,Northumbria Police,-1.423511,55.000086,On or near Seafield Terrace,E01008597,South Tyneside 001C,Anti-social behaviour,,
,2026-01,Northumbria Police,Northumbria Police,-1.418756,55.002454,On or near Parking Area,E01008597,South Tyneside 001C,Anti-social behaviour,,
,2026-01,Northumbria Police,Northumbria Police,-1.423511,55.000086,On or near Seafield Terrace,E01008597,South Tyneside 001C,Anti-social behaviour,,
a9cb1cbe30162fc08c8492aa30feb92302668f4fb30d18df652eebc723adeee0,2026-01,Northumbria Police,Northumbria Police,-1.422836,54.998133,On or near Wouldhave Street,E01008597,South Tyneside 001C,Other theft,Investigation complete; no suspect identified,
a190c2aa5c77c9751e68fe46dde9106e7215d687e1893ba148214692b83d7d3e,2026-01,Northumbria Police,Northumbria Police,-1.422836,54.998133,On or near Wouldhave Street,E01008597,South Tyneside 001C,Possession of weapons,Under investigation,
78e9c7684d57cd390d5badf26d21ff3dfb43c1a7cc0469dcb1b433588109f2c2,2026-01,Northumbria Police,Northumbria Police,-1.426397,54.997251,On or near Woodbine Street,E01008597,South Tyneside 001C,Violence and sexual offences,Under investigation,
02c2ac687cca7ef086b84c18c0036dd5b3b6a0671d31c5942b03936366c7301b,2026-01,Northumbria Police,Northumbria Police,-1.426397,54.997251,On or near Woodbine Street,E01008597,South Tyneside 001C,Violence and sexual offences,Investigation complete; no suspect identified,
2dd0665f315e9cad1bd7cc1f116a0384a4df6ca8ac4524171c725275f95494dd,2026-01,Northumbria Police,Northumbria Police,-1.426397,54.997251,On or near Woodbine Street,E01008597,South Tyneside 001C,Other crime,Under investigation,
,2026-01,Northumbria Police,Northumbria Police,-1.428833,55.002942,On or near Vespasian Street,E01008598,South Tyneside 001D,Anti-social behaviour,,
06f7219fd517e60059de9f3cfc86bb34716fc38bb7037bd905c64b4499236565,2026-01,Northumbria Police,Northumbria Police,-1.426595,55.003120,On or near Lawe Road,E01008598,South Tyneside 001D,Public order,Investigation complete; no suspect identified,
b4c6aadd8d1dcc18aaace524962ea52828fabb6df36b93a2d8b422d734163379,2026-01,Northumbria Police,Northumbria Police,-1.425050,55.000714,On or near George Scott Street,E01008598,South Tyneside 001D,Violence and sexual offences,Under investigation,
6e16b08d86df0e72c3086e2b16fbef9864bd5dc781e17dbaf937076991ac4895,2026-01,Northumbria Police,Northumbria Police,-1.426951,55.002250,On or near Fairies Street,E01008598,South Tyneside 001D,Violence and sexual offences,Investigation complete; no suspect identified,
b7defc71bb3166ad3e27e2d6479aad6128debaa0c55f167066dc6d48764af3c4,2026-01,Northumbria Police,Northumbria Police,-1.425050,55.000714,On or near George Scott Street,E01008598,South Tyneside 001D,Violence and sexual offences,Under investigation,
e6f953e7060e475624ef5f8cf9fe4e1ee55778e4b8d41a5bed91ec2b9ab05c91,2026-01,Northumbria Police,Northumbria Police,-1.425050,55.000714,On or near George Scott Street,E01008598,South Tyneside 001D,Violence and sexual offences,Under investigation,
,2026-01,Northumbria Police,Northumbria Police,-1.433524,55.002829,On or near Caer Urfa Close,E01008599,South Tyneside 001E,Anti-social behaviour,,
,2026-01,Northumbria Police,Northumbria Police,-1.433524,55.002829,On or near Caer Urfa Close,E01008599,South Tyneside 001E,Anti-social behaviour,,
,2026-01,Northumbria Police,Northumbria Police,-1.429954,55.006569,On or near Harbour View,E01008599,South Tyneside 001E,Anti-social behaviour,,
5c82145c7976c12ae3b1179e0dd7386aea5cdb7112ccbbf209f94ec2a3588862,2026-01,Northumbria Police,Northumbria Police,-1.429954,55.006569,On or near Harbour View,E01008599,South Tyneside 001E,Violence and sexual offences,Investigation complete; no suspect identified,
58d282f98d4ad84725b23e99e896503c43a07d2bf6b9c027b9e80ce410e79c8b,2026-01,Northumbria Police,Northumbria Police,-1.430914,55.002799,On or near Hedley Street,E01008599,South Tyneside 001E,Violence and sexual offences,Under investigation,
e6a6a86d953bca2a3c5de9f4382278acaa39d539ec9a06624349f610744013f4,2026-01,Northumbria Police,Northumbria Police,-1.433634,55.005022,On or near Green'S Place,E01008599,South Tyneside 001E,Violence and sexual offences,Investigation complete; no suspect identified,
b8ce06027159d226a853f7b52ba787ba829b15b29f4f02a7fe72f55f250ecf98,2026-01,Northumbria Police,Northumbria Police,-1.437549,55.004591,On or near Wapping Street,E01008599,South Tyneside 001E,Other crime,Investigation complete; no suspect identified,
,2026-01,Northumbria Police,Northumbria Police,-1.435165,54.987281,On or near St Jude'S Terrace,E01008664,South Tyneside 002A,Anti-social behaviour,,
,2026-01,Northumbria Police,Northumbria Police,-1.435165,54.987281,On or near St Jude'S Terrace,E01008664,South Tyneside 002A,Anti-social behaviour,,
,2026-01,Northumbria Police,Northumbria Police,-1.435008,54.986220,On or near Reed Street,E01008664,South Tyneside 002A,Anti-social behaviour,,
,2026-01,Northumbria Police,Northumbria Police,-1.431985,54.990034,On or near Frost Mews,E01008664,South Tyneside 002A,Anti-social behaviour,,
,2026-01,Northumbria Police,Northumbria Police,-1.435851,54.985227,On or near Bertram Street,E01008664,South Tyneside 002A,Anti-social behaviour,,
,2026-01,Northumbria Police,Northumbria Police,-1.431985,54.990034,On or near Frost Mews,E01008664,South Tyneside 002A,Anti-social behaviour,,
2653177a027168b584148be469bf10ab8f5390811342f8caf891fed1a0c047f2,2026-01,Northumbria Police,Northumbria Police,-1.431129,54.988727,On or near Chichester Road,E01008664,South Tyneside 002A,Public order,Under investigation,
980fcb5dd0db09bb4213a3e544e1f600b871ed79336fe617f2b43772c2d4fb4b,2026-01,Northumbria Police,Northumbria Police,-1.430078,54.986737,On or near Milton Street,E01008664,South Tyneside 002A,Shoplifting,Under investigation,
2af7cb364d7cde20657529e74d690ab3723f19a01eac9c41470c63a5d3955377,2026-01,Northumbria Police,Northumbria Police,-1.430078,54.986737,On or near Milton Street,E01008664,South Tyneside 002A,Shoplifting,Awaiting court outcome,
2d3c3adecdb0d34d20570acb53101122fe598338f2093f10b6c38a7fd1d4cfe4,2026-01,Northumbria Police,Northumbria Police,-1.430078,54.986737,On or near Milton Street,E01008664,South Tyneside 002A,Shoplifting,Under investigation,
9a67ad22b805b1bd0a2256f86d1c88e5af359057ec7cfa80b976454e3de79862,2026-01,Northumbria Police,Northumbria Police,-1.430078,54.986737,On or near Milton Street,E01008664,South Tyneside 002A,Shoplifting,Awaiting court outcome,
9c37590f70b72b79f54a1d0e5f4e96f076de9cdd9c9f4911cab7e32f050204aa,2026-01,Northumbria Police,Northumbria Police,-1.430078,54.986737,On or near Milton Street,E01008664,South Tyneside 002A,Shoplifting,Investigation complete; no suspect identified,
260085feebdf3dbae7694ce6e4236eba043d271627c9635e266d648c84a95520,2026-01,Northumbria Police,Northumbria Police,-1.430078,54.986737,On or near Milton Street,E01008664,South Tyneside 002A,Shoplifting,Investigation complete; no suspect identified,
5c9c4ddb55e4f70ee66a39a866ee29c3e4d5bf19d6952d52e92830e8977e01ad,2026-01,Northumbria Police,Northumbria Police,-1.430078,54.986737,On or near Milton Street,E01008664,South Tyneside 002A,Shoplifting,Investigation complete; no suspect identified,
16cd290e3cee2704942a432dc3c4cc15d1e31ee03d5a5aa11fbef8d60c4623d3,2026-01,Northumbria Police,Northumbria Police,-1.430078,54.986737,On or near Milton Street,E01008664,South Tyneside 002A,Shoplifting,Investigation complete; no suspect identified,
6ed222660e1d4f8c33d8ec944a8d054e432739c8d42bf871a24df141870f8564,2026-01,Northumbria Police,Northumbria Police,-1.431985,54.990034,On or near Frost Mews,E01008664,South Tyneside 002A,Shoplifting,Awaiting court outcome,
15d7dc73cc830830d12a0b469e01d9cc4871d260e54bfb8c28af4011085fe251,2026-01,Northumbria Police,Northumbria Police,-1.435851,54.985227,On or near Bertram Street,E01008664,South Tyneside 002A,Violence and sexual offences,Awaiting court outcome,
460cfa0a09f489ee5eb6b3c73d994bdace22b3d87f516eacf62d9dc1e0dfb05d,2026-01,Northumbria Police,Northumbria Police,-1.430078,54.986737,On or near Milton Street,E01008664,South Tyneside 002A,Violence and sexual offences,Investigation complete; no suspect identified,
60187f3c3e353170a0fea38bab8151ceaee3766d51dde8851fa3ac62b6c87913,2026-01,Northumbria Police,Northumbria Police,-1.431129,54.988727,On or near Chichester Road,E01008664,South Tyneside 002A,Violence and sexual offences,Under investigation,
743e9fe1fcb94aec6f8a8a7ec7f7ca178ae7de5001b98f83a4559b018cb48414,2026-01,Northumbria Police,Northumbria Police,-1.430078,54.986737,On or near Milton Street,E01008664,South Tyneside 002A,Violence and sexual offences,Investigation complete; no suspect identified,
ccacaa9a47c0560b8e50e141e4b130a9814ede700da6962cc7c4b37664f08570,2026-01,Northumbria Police,Northumbria Police,-1.430834,54.988591,On or near Shakespeare Street,E01008664,South Tyneside 002A,Violence and sexual offences,Investigation complete; no suspect identified,
,2026-01,Northumbria Police,Northumbria Police,-1.440859,54.985780,On or near Drake Close,E01008665,South Tyneside 002B,Anti-social behaviour,,
fa481c0e0966af1d32f1888cadd1cfea9c9b607d61b28e277548fa114371704f,2026-01,Northumbria Police,Northumbria Police,-1.439014,54.982483,On or near John Williamson Street,E01008665,South Tyneside 002B,Violence and sexual offences,Under investigation,
89961797a69d9406cb5ddfbc5d201a166bbcc84fb9ef0affc6a0af55e7b47897,2026-01,Northumbria Police,Northumbria Police,-1.440013,54.981427,On or near Temple Street,E01008665,South Tyneside 002B,Violence and sexual offences,Under investigation,
89ec8f7fb0f21d003f66f742f1ca9d24f274badd79dc5f56cb509403fd90afb7,2026-01,Northumbria Police,Northumbria Police,-1.442538,54.984179,On or near Vernon Close,E01008665,South Tyneside 002B,Other crime,Under investigation,
,2026-01,Northumbria Police,Northumbria Police,-1.438157,54.990180,On or near Laygate Place,E01008666,South Tyneside 002C,Anti-social behaviour,,
,2026-01,Northumbria Police,Northumbria Police,-1.434615,54.989750,On or near St Mark'S Way,E01008666,South Tyneside 002C,Anti-social behaviour,,
,2026-01,Northumbria Police,Northumbria Police,-1.437293,54.989358,On or near Frederick Street,E01008666,South Tyneside 002C,Anti-social behaviour,,
d9d884c77bc72f1a951845da72d5142fd4719e09f3fb7619dba303147b58efe7,2026-01,Northumbria Police,Northumbria Police,-1.435986,54.989515,On or near Supermarket,E01008666,South Tyneside 002C,Violence and sexual offences,Under investigation,
559ad16549e97fadbb049438042e841bd2383c9869db4ffa7a62ba299edfbb46,2026-01,Northumbria Police,Northumbria Police,-1.438157,54.990180,On or near Laygate Place,E01008666,South Tyneside 002C,Violence and sexual offences,Under investigation,
b4d3fd1b766acb15960bbd62e4090f1d08f5ceedf63f133cbcedbecbbb3da6ed,2026-01,Northumbria Police,Northumbria Police,-1.434180,54.990099,On or near Sports/Recreation Area,E01008666,South Tyneside 002C,Violence and sexual offences,Under investigation,
a4797c4bd215f0d860b0fcb9571d8dd4af9b2a04f5f3bd04b0ec1c0e576fbb5e,2026-01,Northumbria Police,Northumbria Police,-1.438157,54.990180,On or near Laygate Place,E01008666,South Tyneside 002C,Violence and sexual offences,Under investigation,
3e8becefb54a8c6ef5c747f6cab7e58ccc224f1e5ca998eca6a4e6dd44444f73,2026-01,Northumbria Police,Northumbria Police,-1.433264,54.989142,On or near Bedford Avenue,E01008666,South Tyneside 002C,Violence and sexual offences,Under investigation,
,2026-01,Northumbria Police,Northumbria Police,-1.438379,54.999994,On or near Captains Wharf,E01008667,South Tyneside 002D,Anti-social behaviour,,
,2026-01,Northumbria Police,Northumbria Police,-1.438379,54.999994,On or near Captains Wharf,E01008667,South Tyneside 002D,Anti-social behaviour,,
,2026-01,Northumbria Police,Northumbria Police,-1.437060,54.990364,On or near Parking Area,E01008667,South Tyneside 002D,Anti-social behaviour,,
,2026-01,Northumbria Police,Northumbria Police,-1.430511,54.992643,On or near Derby Terrace,E01008667,South Tyneside 002D,Anti-social behaviour,,
,2026-01,Northumbria Police,Northumbria Police,-1.437328,54.994678,On or near Station Road,E01008667,South Tyneside 002D,Anti-social behaviour,,
,2026-01,Northumbria Police,Northumbria Police,-1.438379,54.999994,On or near Captains Wharf,E01008667,South Tyneside 002D,Anti-social behaviour,,
,2026-01,Northumbria Police,Northumbria Police,-1.438367,54.995285,On or near Parking Area,E01008667,South Tyneside 002D,Anti-social behaviour,,
,2026-01,Northumbria Police,Northumbria Police,-1.437664,54.993026,On or near Police Station,E01008667,South Tyneside 002D,Anti-social behaviour,,
,2026-01,Northumbria Police,Northumbria Police,-1.438379,54.999994,On or near Captains Wharf,E01008667,South Tyneside 002D,Anti-social behaviour,,
,2026-01,Northumbria Police,Northumbria Police,-1.439626,54.997987,On or near Coble Landing,E01008667,South Tyneside 002D,Anti-social behaviour,,
e9a14dde29d597335d767c79d0878ea606a7f54efa22fc61ba0ed9a5ee00e44e,2026-01,Northumbria Police,Northumbria Police,-1.438890,54.996977,On or near Ferry Street,E01008667,South Tyneside 002D,Shoplifting,Awaiting court outcome,
5dcd62799b805c3adef2620615748be2e235ff574e1b8a08bb4f0c2b8488ad79,2026-01,Northumbria Police,Northumbria Police,-1.432103,54.996074,On or near Franklin Street,E01008667,South Tyneside 002D,Shoplifting,Awaiting court outcome,
24f2d9c761605b1ad3cd8f6d4569da95eb37a4f331dc64c37ece88bc154ceed0,2026-01,Northumbria Police,Northumbria Police,-1.432103,54.996074,On or near Franklin Street,E01008667,South Tyneside 002D,Shoplifting,Investigation complete; no suspect identified,
0bb63fc66d764d64ee8e16c9c8ef6df84cfca3715b191880db31db73eb0a9a60,2026-01,Northumbria Police,Northumbria Police,-1.432103,54.996074,On or near Franklin Street,E01008667,South Tyneside 002D,Shoplifting,Awaiting court outcome,
fade62246b0d4abb94fa67eba7f07ff12109106a10c020e7734b06cafdf24882,2026-01,Northumbria Police,Northumbria Police,-1.432103,54.996074,On or near Franklin Street,E01008667,South Tyneside 002D,Shoplifting,Under investigation,
cdef3fe23dfc158c09ce05f475d196ab86636536be08fe6932ba145ca61211c4,2026-01,Northumbria Police,Northumbria Police,-1.439650,54.995156,On or near Mill Dam,E01008667,South Tyneside 002D,Violence and sexual offences,Under investigation,
14790b588dd47031be835cf160166e0895f9e36c6f7a32fb5a9d3e38f8d8e1f4,2026-01,Northumbria Police,Northumbria Police,-1.439565,54.999038,On or near Broad Landing,E01008667,South Tyneside 002D,Other crime,Investigation complete; no suspect identified,
,2026-01,Northumbria Police,Northumbria Police,-1.424019,54.987544,On or near Ada Street,E01008668,South Tyneside 002E,Anti-social behaviour,,
,2026-01,Northumbria Police,Northumbria Police,-1.428880,54.990784,On or near Parking Area,E01008668,South Tyneside 002E,Anti-social behaviour,,
b4840819d49e40a39f7473c859b0259ba4046d567fa063b6a82bf7840393acf6,2026-01,Northumbria Police,Northumbria Police,-1.431085,54.990704,On or near Victoria Road,E01008668,South Tyneside 002E,Criminal damage and arson,Investigation complete; no suspect identified,
b9a1a15516bd3bc7f798db28cf8b169f4132b1cb781e2cfa0687ca7f279c143e,2026-01,Northumbria Police,Northumbria Police,-1.429493,54.990571,On or near John Clay Street,E01008668,South Tyneside 002E,Robbery,Investigation complete; no suspect identified,
8f25f2cac61d172b6fc5e8c11cc9b502ade3db02bcb91b8f0649678c8b77211c,2026-01,Northumbria Police,Northumbria Police,-1.429493,54.990571,On or near John Clay Street,E01008668,South Tyneside 002E,Shoplifting,Awaiting court outcome,
c0c492196bd5b1c6ad130d055f22d201528c2298dfeb5dfff13ff324d20ecc93,2026-01,Northumbria Police,Northumbria Police,-1.429493,54.990571,On or near John Clay Street,E01008668,South Tyneside 002E,Shoplifting,Awaiting court outcome,
8ee19a3f5bae25c941285458e02e6b811334a06bec0713b545f2a59362ce7a5b,2026-01,Northumbria Police,Northumbria Police,-1.431085,54.990704,On or near Victoria Road,E01008668,South Tyneside 002E,Vehicle crime,Under investigation,
72d68ac9346ad35919a245a78e1b8fd2dd170747091a9a61798746fe8da8ec46,2026-01,Northumbria Police,Northumbria Police,-1.429112,54.986588,On or near Byron Street,E01008668,South Tyneside 002E,Vehicle crime,Investigation complete; no suspect identified,
1282abc2bc1ee441618be5f0051d874563ff1c7461b5bdb6a489a67dc4ada035,2026-01,Northumbria Police,Northumbria Police,-1.429493,54.990571,On or near John Clay Street,E01008668,South Tyneside 002E,Vehicle crime,Under investigation,
553124abd666809126f7f591b8d1f565249c4c9c3fc117ee2f39bee1e8df9221,2026-01,Northumbria Police,Northumbria Police,-1.428255,54.991868,On or near Robinson Street,E01008668,South Tyneside 002E,Violence and sexual offences,Investigation complete; no suspect identified,
f72ee48be76519b5f49471668356b77324d8cfceb5965ee9f53a656a4332db9e,2026-01,Northumbria Police,Northumbria Police,-1.421495,54.989230,On or near Readhead Avenue,E01008675,South Tyneside 003B,Other crime,Under investigation,
,2026-01,Northumbria Police,Northumbria Police,-1.420756,54.991707,On or near Osborne Avenue,E01008676,South Tyneside 003C,Anti-social behaviour,,
,2026-01,Northumbria Police,Northumbria Police,-1.403172,54.985430,On or near Norham Avenue North,E01008647,South Tyneside 004A,Anti-social behaviour,,
,2026-01,Northumbria Police,Northumbria Police,-1.414248,54.992107,On or near Tadema Road,E01008648,South Tyneside 004B,Anti-social behaviour,,
,2026-01,Northumbria Police,Northumbria Police,-1.414797,54.989854,On or near Muirfield,E01008648,South Tyneside 004B,Anti-social behaviour,,
9240777a928290407ed70db2f6104af6b668143ff7672f5a14ed9b4493429f9f,2026-01,Northumbria Police,Northumbria Police,-1.405210,54.989206,On or near A183,E01008648,South Tyneside 004B,Burglary,Under investigation,
,2026-01,Northumbria Police,Northumbria Police,-1.397458,54.980900,On or near Parking Area,E01008651,South Tyneside 004D,Anti-social behaviour,,
,2026-01,Northumbria Police,Northumbria Police,-1.397247,54.981447,On or near Warkworth Avenue,E01008651,South Tyneside 004D,Anti-social behaviour,,
,2026-01,Northumbria Police,Northumbria Police,-1.397458,54.980900,On or near Parking Area,E01008651,South Tyneside 004D,Anti-social behaviour,,
,2026-01,Northumbria Police,Northumbria Police,-1.397458,54.980900,On or near Parking Area,E01008651,South Tyneside 004D,Anti-social behaviour,,
bfe23e1968efe445029e2bdce9637d49afe44b65252f593cbae97b9a7b212e1b,2026-01,Northumbria Police,Northumbria Police,-1.401124,54.983353,On or near St Cuthbert'S Avenue,E01008651,South Tyneside 004D,Criminal damage and arson,Investigation complete; no suspect identified,
58541f603015fc5f97751b3f6ba4ec6eb8efc6d266a68b791c207f2c0c4c5291,2026-01,Northumbria Police,Northumbria Police,-1.398229,54.984714,On or near Widdrington Avenue,E01008651,South Tyneside 004D,Criminal damage and arson,Under investigation,
f5fb70590023df1e54d164f5611bddd8adea011b9680beac54b4cb93a4eb8a30,2026-01,Northumbria Police,Northumbria Police,-1.397458,54.980900,On or near Parking Area,E01008651,South Tyneside 004D,Public order,Under investigation,
95205fe18785533aac4df12a1351272191c26cf8bb811570a0652f237faf3887,2026-01,Northumbria Police,Northumbria Police,-1.395010,54.984689,On or near Bamburgh Grove,E01008651,South Tyneside 004D,Violence and sexual offences,Under investigation,
5db02674df4e19c1ada98b0893faa6e2782b448fbdce473bf53a56ec0477e0fb,2026-01,Northumbria Police,Northumbria Police,-1.427674,54.982160,On or near Newbury Street,E01008679,South Tyneside 005A,Other crime,Investigation complete; no suspect identified,
aecc963a0b6f389d81c5d05d940fa49e251ff0f3a21ba69a600755cd5d294e0a,2026-01,Northumbria Police,Northumbria Police,-1.423039,54.980709,On or near Supermarket,E01008680,South Tyneside 005B,Shoplifting,Investigation complete; no suspect identified,
,2026-01,Northumbria Police,Northumbria Police,-1.421728,54.971861,On or near Lapwing Court,E01008682,South Tyneside 005C,Anti-social behaviour,,
,2026-01,Northumbria Police,Northumbria Police,-1.422169,54.970587,On or near A1300,E01008682,South Tyneside 005C,Anti-social behaviour,,
0774d902457f2268aece2d0d099d6d42b623d429f87e461a3cad8fdafe721128,2026-01,Northumbria Police,Northumbria Police,-1.421728,54.971861,On or near Lapwing Court,E01008682,South Tyneside 005C,Violence and sexual offences,Under investigation,
ddc220b7be717a6b01a3207b7626ca55b5e2e19151ccd724109ece1137dad843,2026-01,Northumbria Police,Northumbria Police,-1.421728,54.971861,On or near Lapwing Court,E01008682,South Tyneside 005C,Violence and sexual offences,Under investigation,
ab7f0386ee7798c16fbc5e203688a1d45f1e46e70a2428a2b8234df9dde4c982,2026-01,Northumbria Police,Northumbria Police,-1.431640,54.982394,On or near Shrewsbury Terrace,E01008683,South Tyneside 005D,Shoplifting,Awaiting court outcome,
8f71aacdc84638dbb3774507aa4d07e90c78c7063e48d9069b960bebaa70ad2c,2026-01,Northumbria Police,Northumbria Police,-1.431640,54.982394,On or near Shrewsbury Terrace,E01008683,South Tyneside 005D,Shoplifting,Under investigation,
1b3ea8c5af7fff22b74c47c2d309f8e0938e4ce133be95a3ad4a26eda7d08f42,2026-01,Northumbria Police,Northumbria Police,-1.433353,54.982780,On or near Clifton Terrace,E01008683,South Tyneside 005D,Vehicle crime,Investigation complete; no suspect identified,
dfbf98e753a553a68feeaa0efbe547a35f967cb4650d3bb14e7195b95e19acfe,2026-01,Northumbria Police,Northumbria Police,-1.406780,54.974916,On or near The High Road,E01008635,South Tyneside 006A,Burglary,Investigation complete; no suspect identified,
4a0fde3551ecf83797c15ef35364fe8729bca17170fae493ca504a69fe7be2d7,2026-01,Northumbria Police,Northumbria Police,-1.404008,54.982765,On or near Horsley Vale,E01008650,South Tyneside 006B,Violence and sexual offences,Under investigation,
62afcb486fcc0a797d58f099a2103519289a5986207eb3f038b3e6db92c59d26,2026-01,Northumbria Police,Northumbria Police,-1.419804,54.985106,On or near St George'S Avenue,E01008674,South Tyneside 006C,Drugs,Under investigation,
,2026-01,Northumbria Police,Northumbria Police,-1.415657,54.976891,On or near Moore Avenue,E01008681,South Tyneside 006D,Anti-social behaviour,,
,2026-01,Northumbria Police,Northumbria Police,-1.412704,54.972608,On or near South Avenue,E01008681,South Tyneside 006D,Anti-social behaviour,,
,2026-01,Northumbria Police,Northumbria Police,-1.415849,54.972282,On or near Prince Of Wales Close,E01008681,South Tyneside 006D,Anti-social behaviour,,
6ed039eea91e6cee38fbad979e35ac11be17d6501427b89ea8f11788f77d1b5d,2026-01,Northumbria Police,Northumbria Police,-1.412704,54.972608,On or near South Avenue,E01008681,South Tyneside 006D,Other theft,Investigation complete; no suspect identified,
,2026-01,Northumbria Police,Northumbria Police,-1.484287,54.979592,On or near Randolph Street,E01008600,South Tyneside 007A,Anti-social behaviour,,
3d2463b3bd7e9b8fa22c16ecc134997a19fcd77a6d3afd11dde4deea7bbf753e,2026-01,Northumbria Police,Northumbria Police,-1.474769,54.975040,On or near Newlyn Drive,E01008600,South Tyneside 007A,Criminal damage and arson,Investigation complete; no suspect identified,
b4c38db7a497a1eeb9f84ad08a4f5dd29dafac7c609d9ba28fb617bc141ef711,2026-01,Northumbria Police,Northumbria Police,-1.481222,54.982229,On or near Abbey Drive,E01008600,South Tyneside 007A,Shoplifting,Investigation complete; no suspect identified,
9500f6b332afdac46e2660d53de889763c0d94531c2627c74cc2d4654c7fe98f,2026-01,Northumbria Police,Northumbria Police,-1.489218,54.981365,On or near Parking Area,E01008600,South Tyneside 007A,Violence and sexual offences,Under investigation,
2c2c3ed2becd1066e5aeeff98e121440427d587b9e211dcf23a020463b8ac5f4,2026-01,Northumbria Police,Northumbria Police,-1.482013,54.980247,On or near Russell Street,E01008600,South Tyneside 007A,Violence and sexual offences,Under investigation,
10741d7729e34418ab4db46461293a59324b3c2283c16c5eb7dfc04999fef304,2026-01,Northumbria Police,Northumbria Police,-1.479030,54.980171,On or near St Paul'S Road,E01008600,South Tyneside 007A,Violence and sexual offences,Under investigation,
,2026-01,Northumbria Police,Northumbria Police,-1.491472,54.979819,On or near Jarrow Bus Station,E01008604,South Tyneside 007B,Anti-social behaviour,,
,2026-01,Northumbria Police,Northumbria Police,-1.489702,54.982652,On or near Walter Street,E01008604,South Tyneside 007B,Anti-social behaviour,,
ae374af440a1e896a0a83ea2d73b0ee4a58bccf9715559187f67766ef9949da5,2026-01,Northumbria Police,Northumbria Police,-1.489702,54.982652,On or near Walter Street,E01008604,South Tyneside 007B,Burglary,Investigation complete; no suspect identified,
a85ddec1d22325a5548fbecf16d67b0bee4707e46bce39711820022c3b449fe2,2026-01,Northumbria Police,Northumbria Police,-1.487380,54.983370,On or near Shakespeare Street,E01008604,South Tyneside 007B,Burglary,Under investigation,
96edc6cdf89e99393fd2d86148920459a926f734424f6efe2a8c31ff889c3f9b,2026-01,Northumbria Police,Northumbria Police,-1.496150,54.981825,On or near Palmer Street,E01008604,South Tyneside 007B,Criminal damage and arson,Awaiting court outcome,
8d67f0dc61fb56f00fecac03b03529e8bfed7cc198082be95b52733bfa819a91,2026-01,Northumbria Police,Northumbria Police,-1.489702,54.982652,On or near Walter Street,E01008604,South Tyneside 007B,Criminal damage and arson,Under investigation,
af6917a93f1ca974d96916820fe03ac7ceecd90c35728771aba9fe428835d2ba,2026-01,Northumbria Police,Northumbria Police,-1.487454,54.981204,On or near Monkton Road,E01008604,South Tyneside 007B,Shoplifting,Investigation complete; no suspect identified,
4b800e6e7e36b2ff3a9818f9390ffff2834a69435dc3c7a69c9c253f449f6728,2026-01,Northumbria Police,Northumbria Police,-1.491472,54.979819,On or near Jarrow Bus Station,E01008604,South Tyneside 007B,Shoplifting,Investigation complete; no suspect identified,
821a5d9bf3c510715ef82d610a018288d0a98ca2eafce96118c26d8e86309569,2026-01,Northumbria Police,Northumbria Police,-1.487454,54.981204,On or near Monkton Road,E01008604,South Tyneside 007B,Shoplifting,Awaiting court outcome,
72fabbfd0902020029d079abec8b0176f2ec35941907b4db3ea6c5ac2e8602b7,2026-01,Northumbria Police,Northumbria Police,-1.489303,54.982084,On or near Parking Area,E01008604,South Tyneside 007B,Violence and sexual offences,Investigation complete; no suspect identified,
,2026-01,Northumbria Police,Northumbria Police,-1.495600,54.977051,On or near Park Road,E01008660,South Tyneside 007C,Anti-social behaviour,,
,2026-01,Northumbria Police,Northumbria Police,-1.491921,54.976416,On or near Westfield Court,E01008660,South Tyneside 007C,Anti-social behaviour,,
b685c2259df91a895600f7df05a787eafa755ea534857f3b5b424a4b0d8b6ef2,2026-01,Northumbria Police,Northumbria Police,-1.494456,54.979823,On or near Parking Area,E01008660,South Tyneside 007C,Violence and sexual offences,Under investigation,
bfa172daad9f735e14c8e57a5bd5597f80e8e00df89b93c011606a5c323899ab,2026-01,Northumbria Police,Northumbria Police,-1.494397,54.978295,On or near Albert Road,E01008660,South Tyneside 007C,Other crime,Under investigation,
,2026-01,Northumbria Police,Northumbria Police,-1.486944,54.977069,On or near Elberfeld Court,E01008661,South Tyneside 007D,Anti-social behaviour,,
,2026-01,Northumbria Police,Northumbria Police,-1.487241,54.978355,On or near Concorde Way,E01008661,South Tyneside 007D,Anti-social behaviour,,
,2026-01,Northumbria Police,Northumbria Police,-1.486944,54.977069,On or near Elberfeld Court,E01008661,South Tyneside 007D,Anti-social behaviour,,
,2026-01,Northumbria Police,Northumbria Police,-1.486944,54.977069,On or near Elberfeld Court,E01008661,South Tyneside 007D,Anti-social behaviour,,
,2026-01,Northumbria Police,Northumbria Police,-1.401174,54.974745,On or near East Avenue,E01008633,South Tyneside 008A,Anti-social behaviour,,
,2026-01,Northumbria Police,Northumbria Police,-1.402256,54.976628,On or near Centenary Avenue,E01008634,South Tyneside 008B,Anti-social behaviour,,
,2026-01,Northumbria Police,Northumbria Police,-1.407257,54.972249,On or near Supermarket,E01008634,South Tyneside 008B,Anti-social behaviour,,
9ca23028f5a732e974407bc2a9768ce0b8cc45e63cfe17cd0648d8997d050eb2,2026-01,Northumbria Police,Northumbria Police,-1.407257,54.972249,On or near Supermarket,E01008634,South Tyneside 008B,Violence and sexual offences,Under investigation,
31abace593d777b6f765f6143d8e1be6ad4daeb1023dc7b92a4a861ed528a03d,2026-01,Northumbria Police,Northumbria Police,-1.407257,54.972249,On or near Supermarket,E01008634,South Tyneside 008B,Violence and sexual offences,Under investigation,
b2ca083fd83696a611c63be934453859400dfd027cb84f0040e25fea27a39e71,2026-01,Northumbria Police,Northumbria Police,-1.402256,54.976628,On or near Centenary Avenue,E01008634,South Tyneside 008B,Violence and sexual offences,Investigation complete; no suspect identified,
4e1445af76d6ea81286f475bd00e00eeb2d27f1804955a967f8e741ce7f38a0e,2026-01,Northumbria Police,Northumbria Police,-1.407257,54.972249,On or near Supermarket,E01008634,South Tyneside 008B,Violence and sexual offences,Under investigation,
,2026-01,Northumbria Police,Northumbria Police,-1.398136,54.980463,On or near Horsley Hill Square,E01008636,South Tyneside 008C,Anti-social behaviour,,
,2026-01,Northumbria Police,Northumbria Police,-1.403631,54.978720,On or near Felton Avenue,E01008636,South Tyneside 008C,Anti-social behaviour,,
,2026-01,Northumbria Police,Northumbria Police,-1.402321,54.979603,On or near Belsay Avenue,E01008636,South Tyneside 008C,Anti-social behaviour,,
0237a666ff96a38f002895ba56f17ba333472df1ef12e3ebf5a043b142db3534,2026-01,Northumbria Police,Northumbria Police,-1.401227,54.979607,On or near Bywell Avenue,E01008636,South Tyneside 008C,Public order,Under investigation,
0d461cce3dfcf2d73173f224069cf90b13f2d4e316f2c6a1e2c521d42c34abdf,2026-01,Northumbria Police,Northumbria Police,-1.401939,54.979026,On or near Barbour Avenue,E01008636,South Tyneside 008C,Violence and sexual offences,Awaiting court outcome,
,2026-01,Northumbria Police,Northumbria Police,-1.392941,54.978901,On or near Fulwell Avenue,E01008637,South Tyneside 008D,Anti-social behaviour,,
944b57e84725e1ca543cf99331f0818dac5fa29c436ff8586c7dfb44f7d33488,2026-01,Northumbria Police,Northumbria Police,-1.389560,54.976215,On or near Chirton Grove,E01008637,South Tyneside 008D,Burglary,Investigation complete; no suspect identified,
10b2c7b28acc708e9560e1a75c306f75f8f58dc289eb815420f07df80bccab45,2026-01,Northumbria Police,Northumbria Police,-1.393212,54.977491,On or near Steward Crescent,E01008637,South Tyneside 008D,Violence and sexual offences,Under investigation,
,2026-01,Northumbria Police,Northumbria Police,-1.512060,54.981539,On or near Walsh Avenue,E01008639,South Tyneside 009A,Anti-social behaviour,,
c84ed24caed8226aacc9d980395f52e81b1fbeea0bf91bb654fee0e04679b136,2026-01,Northumbria Police,Northumbria Police,-1.509623,54.981449,On or near School Street,E01008639,South Tyneside 009A,Violence and sexual offences,Investigation complete; no suspect identified,
fcd3883a18dde97d167b7c27931034c46355f5732389da055a96d43f8f3aa7ee,2026-01,Northumbria Police,Northumbria Police,-1.512060,54.981539,On or near Walsh Avenue,E01008639,South Tyneside 009A,Violence and sexual offences,Investigation complete; no suspect identified,
5f67248e21f1026fcc1a5890d722e85c700da5dbdefc80b762b53f8983d9a634,2026-01,Northumbria Police,Northumbria Police,-1.507365,54.983443,On or near Witton Road,E01008639,South Tyneside 009A,Violence and sexual offences,Under investigation,
,2026-01,Northumbria Police,Northumbria Police,-1.498249,54.980108,On or near Beech Street,E01008652,South Tyneside 009B,Anti-social behaviour,,
b827a6ba4db6d0d928a18cd9b15b521c7fe5b9563da8c250f10a8f962e608224,2026-01,Northumbria Police,Northumbria Police,-1.504424,54.978597,On or near Black Road,E01008652,South Tyneside 009B,Criminal damage and arson,Investigation complete; no suspect identified,
,2026-01,Northumbria Police,Northumbria Police,-1.509726,54.979445,On or near Barnard Crescent,E01008653,South Tyneside 009C,Anti-social behaviour,,
72cc34956fa7dca81dae3fec60589ec10d2f6916a543370669a5970a2641c98f,2026-01,Northumbria Police,Northumbria Police,-1.498074,54.977897,On or near Mayfield Gardens,E01008654,South Tyneside 009D,Other theft,Investigation complete; no suspect identified,
6677badc9fdcc7420e92bd04d5c32dbf193aa9f8bae1b690caf17d7d8ef6cf52,2026-01,Northumbria Police,Northumbria Police,-1.500583,54.977098,On or near Jubilee Court,E01008654,South Tyneside 009D,Other theft,Under investigation,
3dcc2aa10021527ccc74a07b65759ab5451adad7006e90eb56bcf783d00242a1,2026-01,Northumbria Police,Northumbria Police,-1.500469,54.976271,On or near Gladstone Street,E01008654,South Tyneside 009D,Violence and sexual offences,Under investigation,
,2026-01,Northumbria Police,Northumbria Police,-1.510198,54.974001,On or near A185,E01008655,South Tyneside 009E,Anti-social behaviour,,
19632cbcbc2be9275579d48a44ea2b700dfce0edc761bf256a869a3b9ad2daff,2026-01,Northumbria Police,Northumbria Police,-1.502874,54.976290,On or near Eton Square,E01008655,South Tyneside 009E,Criminal damage and arson,Under investigation,
1ea9ed996434000f1133ab52dc9afe4211da5df977324fdcc71dfa508b789aee,2026-01,Northumbria Police,Northumbria Police,-1.499745,54.972943,On or near Turnberry Drive,E01008655,South Tyneside 009E,Violence and sexual offences,Offender given a caution,
496bbc723378df5dafbc7af98778d2e2921587a06c980466d079f16b2fdee068,2026-01,Northumbria Police,Northumbria Police,-1.495719,54.968820,On or near Wood Terrace,E01008657,South Tyneside 009F,Criminal damage and arson,Investigation complete; no suspect identified,
9cb2ec17a84a274f12c5bbd790b60a042b9583df44793298f2259a969788b5c6,2026-01,Northumbria Police,Northumbria Police,-1.494752,54.976131,On or near Sussex Street,E01008657,South Tyneside 009F,Other theft,Under investigation,
010f38b3e1e8d2abe5f7da140b314a4daa8d870ad381b5000684ec392f27b033,2026-01,Northumbria Police,Northumbria Police,-1.521008,54.980622,On or near Glenmoor,E01008638,South Tyneside 010A,Criminal damage and arson,Investigation complete; no suspect identified,
43f95703057cb47c244fab14739c05113a72ee2926d9461c896be91aea0aa100,2026-01,Northumbria Police,Northumbria Police,-1.524988,54.979667,On or near Ann Street,E01008638,South Tyneside 010A,Violence and sexual offences,Under investigation,
a809a8180a4e695579e9b663081e271210e24af0eea0e73ac359cb3c5ad6d3c3,2026-01,Northumbria Police,Northumbria Police,-1.521008,54.980622,On or near Glenmoor,E01008638,South Tyneside 010A,Violence and sexual offences,Under investigation,
,2026-01,Northumbria Police,Northumbria Police,-1.525825,54.973668,On or near St Anthony'S Gardens,E01008640,South Tyneside 010B,Anti-social behaviour,,
23946a8babb2ca9f41d94125a4dc069c644ffbd26bac4b73dea8e0fc8cc827f1,2026-01,Northumbria Police,Northumbria Police,-1.524563,54.978677,On or near Carr Street,E01008640,South Tyneside 010B,Criminal damage and arson,Investigation complete; no suspect identified,
72f583500a64a9c94751f8f5512df94f1774d67a0b62c61da16b08397d5bbf60,2026-01,Northumbria Police,Northumbria Police,-1.516883,54.974127,On or near Tweed Street,E01008640,South Tyneside 010B,Violence and sexual offences,Under investigation,
b43c65b8309accf3b693f8251c080bd529d1957e6ba1cfc1c2aa6bbd0f0e0e5d,2026-01,Northumbria Police,Northumbria Police,-1.520212,54.975335,On or near Hebburn,E01008640,South Tyneside 010B,Violence and sexual offences,Under investigation,
9fc37d1351e452f9524dfdd3b6e85db5ec249def381f4329cd63416fc067dee4,2026-01,Northumbria Police,Northumbria Police,-1.526985,54.973304,On or near St Gabriel Avenue,E01008640,South Tyneside 010B,Violence and sexual offences,Under investigation,
2531d726c5dc24d065294bfa45840756c8d646f9ca0efc39f48c7efe00b65cf7,2026-01,Northumbria Police,Northumbria Police,-1.524967,54.973557,On or near St Michaels Vale,E01008640,South Tyneside 010B,Violence and sexual offences,Under investigation,
,2026-01,Northumbria Police,Northumbria Police,-1.521857,54.973634,On or near Glen Street,E01008641,South Tyneside 010C,Anti-social behaviour,,
,2026-01,Northumbria Police,Northumbria Police,-1.516610,54.972194,On or near Hall Road,E01008641,South Tyneside 010C,Anti-social behaviour,,
,2026-01,Northumbria Police,Northumbria Police,-1.519815,54.974543,On or near Station Road,E01008641,South Tyneside 010C,Anti-social behaviour,,
,2026-01,Northumbria Police,Northumbria Police,-1.521072,54.972614,On or near Sports/Recreation Area,E01008641,South Tyneside 010C,Anti-social behaviour,,
,2026-01,Northumbria Police,Northumbria Police,-1.521072,54.972614,On or near Sports/Recreation Area,E01008641,South Tyneside 010C,Anti-social behaviour,,
,2026-01,Northumbria Police,Northumbria Police,-1.521857,54.973634,On or near Glen Street,E01008641,South Tyneside 010C,Anti-social behaviour,,
,2026-01,Northumbria Police,Northumbria Police,-1.517268,54.971972,On or near Wellington Street,E01008641,South Tyneside 010C,Anti-social behaviour,,
73a1a76357433f45f07cc405d32a74bfe36e0e1c74fed922fbdc894c73f0e86b,2026-01,Northumbria Police,Northumbria Police,-1.519815,54.974543,On or near Station Road,E01008641,South Tyneside 010C,Public order,Under investigation,
,2026-01,Northumbria Police,Northumbria Police,-1.518986,54.970693,On or near Derby Crescent,E01008642,South Tyneside 010D,Anti-social behaviour,,
,2026-01,Northumbria Police,Northumbria Police,-1.524169,54.970974,On or near North Farm Road,E01008642,South Tyneside 010D,Anti-social behaviour,,
,2026-01,Northumbria Police,Northumbria Police,-1.522200,54.969700,On or near Petrol Station,E01008642,South Tyneside 010D,Anti-social behaviour,,
0697653030076f1462e01e4482e6e7974613fe6bde9bb3ff3e561ab025d4f0f6,2026-01,Northumbria Police,Northumbria Police,-1.529225,54.972800,On or near St Annes Close,E01008642,South Tyneside 010D,Burglary,Under investigation,
,2026-01,Northumbria Police,Northumbria Police,-1.440664,54.975049,On or near Belle Vue Crescent,E01008590,South Tyneside 011A,Anti-social behaviour,,
,2026-01,Northumbria Police,Northumbria Police,-1.441557,54.976033,On or near Tyne Dock,E01008590,South Tyneside 011A,Anti-social behaviour,,
,2026-01,Northumbria Police,Northumbria Police,-1.441646,54.974128,On or near South Dene,E01008590,South Tyneside 011A,Anti-social behaviour,,
,2026-01,Northumbria Police,Northumbria Police,-1.439106,54.975896,On or near Vine Street,E01008590,South Tyneside 011A,Anti-social behaviour,,
,2026-01,Northumbria Police,Northumbria Police,-1.439135,54.973829,On or near Brinkburn Street,E01008590,South Tyneside 011A,Anti-social behaviour,,
,2026-01,Northumbria Police,Northumbria Police,-1.440664,54.975049,On or near Belle Vue Crescent,E01008590,South Tyneside 011A,Anti-social behaviour,,
5ed7d8acc8c724e855525fb4c8cbdd1da02788e6ac8af40322c177592a384c03,2026-01,Northumbria Police,Northumbria Police,-1.438961,54.972831,On or near Afton Court,E01008590,South Tyneside 011A,Burglary,Investigation complete; no suspect identified,
fb75bccdaf2cb78f597b4a74f14741a57745adfe67e1266993061d3f36bb29a9,2026-01,Northumbria Police,Northumbria Police,-1.441557,54.976033,On or near Tyne Dock,E01008590,South Tyneside 011A,Drugs,Under investigation,
98b54247901dd359c28c1b17238d089aaf7e97703fedc209eaeb44108a868033,2026-01,Northumbria Police,Northumbria Police,-1.441557,54.976033,On or near Tyne Dock,E01008590,South Tyneside 011A,Drugs,Under investigation,
9c055b8ac7a60a6cb5e4df53af4eff6f0c2320b5377fc5843a63d5f2f6ffd635,2026-01,Northumbria Police,Northumbria Police,-1.439135,54.973829,On or near Brinkburn Street,E01008590,South Tyneside 011A,Shoplifting,Investigation complete; no suspect identified,
e232752f818033750f41aea29f33351b19f66dd72508bced6ed5895d6dcaac92,2026-01,Northumbria Police,Northumbria Police,-1.441557,54.976033,On or near Tyne Dock,E01008590,South Tyneside 011A,Violence and sexual offences,Investigation complete; no suspect identified,
86a0f7b801db74dc7d930cc7c47cc6ac4af1739bb302fec75010abd29a091319,2026-01,Northumbria Police,Northumbria Police,-1.439823,54.972610,On or near Boldon Lane,E01008590,South Tyneside 011A,Violence and sexual offences,Under investigation,
59f37f280c4e3d1a5c4a7dc4e9c61231f69fe8a268dcc42f8ad2a75c102c986b,2026-01,Northumbria Police,Northumbria Police,-1.441646,54.974128,On or near South Dene,E01008590,South Tyneside 011A,Violence and sexual offences,Under investigation,
b5ed08e62db3aca46aadbdde302038789f0e2075dbcd691006dc1c2631bf757e,2026-01,Northumbria Police,Northumbria Police,-1.436434,54.972586,On or near Wear Court,E01008590,South Tyneside 011A,Violence and sexual offences,Under investigation,
91301bf2d86690eb2d72bd7321e533f7548a467879a2bafe9812a5197a3a5eba,2026-01,Northumbria Police,Northumbria Police,-1.437143,54.975519,On or near Farnham Road,E01008591,South Tyneside 011B,Violence and sexual offences,Under investigation,
f300a6f04e821fb003ae14320ee89f02f268f250de178506b0151c1d632c52a8,2026-01,Northumbria Police,Northumbria Police,-1.438397,54.974060,On or near Brabourne Street,E01008591,South Tyneside 011B,Violence and sexual offences,Under investigation,
,2026-01,Northumbria Police,Northumbria Police,-1.431890,54.973562,On or near Nora Street,E01008592,South Tyneside 011C,Anti-social behaviour,,
,2026-01,Northumbria Police,Northumbria Police,-1.428458,54.971204,On or near Hospital,E01008592,South Tyneside 011C,Anti-social behaviour,,
5d6fa69660899b5daa343fa08fdf96a01b5b7e1f66865ce1c928709857b36f43,2026-01,Northumbria Police,Northumbria Police,-1.427609,54.971412,On or near Hospital,E01008592,South Tyneside 011C,Burglary,Under investigation,
fe1afa50059e5e986035079989b329228bc10be316a621320f920713e46ee321,2026-01,Northumbria Police,Northumbria Police,-1.427609,54.971412,On or near Hospital,E01008592,South Tyneside 011C,Public order,Under investigation,
,2026-01,Northumbria Police,Northumbria Police,-1.438707,54.968615,On or near B1298,E01008594,South Tyneside 011D,Anti-social behaviour,,
,2026-01,Northumbria Police,Northumbria Police,-1.440837,54.969380,On or near Swallow Tail Court,E01008594,South Tyneside 011D,Anti-social behaviour,,
9af2b79ad06157b37f89804830bfa977809cd2bd693d4522b7c7fed3a5458350,2026-01,Northumbria Police,Northumbria Police,-1.438707,54.968615,On or near B1298,E01008594,South Tyneside 011D,Other theft,Under investigation,
26f7909834cb5b3b55c47fd528c9b61ca0ad76103ba8842b75b1bfb3bcfc8c2f,2026-01,Northumbria Police,Northumbria Police,-1.438707,54.968615,On or near B1298,E01008594,South Tyneside 011D,Shoplifting,Awaiting court outcome,
6205034e187a327c71ab174d01482c5ca7594dacbefa4b01c1041965ddbf444c,2026-01,Northumbria Police,Northumbria Police,-1.438707,54.968615,On or near B1298,E01008594,South Tyneside 011D,Shoplifting,Awaiting court outcome,
7dfeb32b9af92f019f2f67a35d1b86d00367ac64f78fa93d1fc22947cad75753,2026-01,Northumbria Police,Northumbria Police,-1.438707,54.968615,On or near B1298,E01008594,South Tyneside 011D,Shoplifting,Awaiting court outcome,
bba02698d4b010af8786d3d51e3de5cc910c377ef75f9bfa55920a666b514a85,2026-01,Northumbria Police,Northumbria Police,-1.441064,54.971007,On or near Primrose Avenue,E01008594,South Tyneside 011D,Other crime,Under investigation,
016648fdd920f065850fafd2e12c3e5cbafabfd867a2ea5d6b154622d3501f33,2026-01,Northumbria Police,Northumbria Police,-1.472695,54.968767,On or near Chillingham Terrace,E01008601,South Tyneside 012A,Other theft,Investigation complete; no suspect identified,
4df8884f8a27134b8b0c9e9e4852d6adb5f26a9ae717ddaab4e980a327e2a159,2026-01,Northumbria Police,Northumbria Police,-1.470399,54.972316,On or near Falmouth Drive,E01008601,South Tyneside 012A,Other theft,Investigation complete; no suspect identified,
8a0b64305523ca6e2a997d323e8e206826fe742f248abf67e5ec748e7af0ffe6,2026-01,Northumbria Police,Northumbria Police,-1.472043,54.970885,On or near Porlock Road,E01008601,South Tyneside 012A,Other theft,Investigation complete; no suspect identified,
b030b205ac5852d633f6a39eb4f14d23ee91a003fa646f7344b6907928dffa2d,2026-01,Northumbria Police,Northumbria Police,-1.472695,54.968767,On or near Chillingham Terrace,E01008601,South Tyneside 012A,Other theft,Under investigation,
c97fae5a1f97dfd56481b85cbff74239a1b03a84591554ddd450860ec96d78ac,2026-01,Northumbria Police,Northumbria Police,-1.473066,54.972633,On or near Brixham Crescent,E01008601,South Tyneside 012A,Other theft,Investigation complete; no suspect identified,
852c83c1c3e3f59cbaf1e5b4b9139dd37d629a87e3d730499adee5b9e56965a1,2026-01,Northumbria Police,Northumbria Police,-1.464042,54.970170,On or near Supermarket,E01008601,South Tyneside 012A,Shoplifting,Investigation complete; no suspect identified,
2313864c4f5630d7d3b8137eca8bce82d6814073e86ddf80122354ef5279e5e3,2026-01,Northumbria Police,Northumbria Police,-1.458844,54.971933,On or near Newcastle Road,E01008601,South Tyneside 012A,Shoplifting,Investigation complete; no suspect identified,
220df5a830f1058bfed729d66da52b1d782b24c42cc8e31316e9d9133c07a269,2026-01,Northumbria Police,Northumbria Police,-1.472695,54.968767,On or near Chillingham Terrace,E01008601,South Tyneside 012A,Violence and sexual offences,Investigation complete; no suspect identified,
,2026-01,Northumbria Police,Northumbria Police,-1.451745,54.965565,On or near St Simon Street,E01008669,South Tyneside 012B,Anti-social behaviour,,
,2026-01,Northumbria Police,Northumbria Police,-1.450215,54.968964,On or near Colchester Street,E01008669,South Tyneside 012B,Anti-social behaviour,,
,2026-01,Northumbria Police,Northumbria Police,-1.451038,54.966982,On or near Clive Street,E01008669,South Tyneside 012B,Anti-social behaviour,,
,2026-01,Northumbria Police,Northumbria Police,-1.454017,54.966178,On or near Monkton Avenue,E01008669,South Tyneside 012B,Anti-social behaviour,,
eb38c45ad64a51b436fb51d4e527c7acc22896e3b9c903dc2ba0cfb7e7daa810,2026-01,Northumbria Police,Northumbria Police,-1.450909,54.967314,On or near Madras Street,E01008669,South Tyneside 012B,Criminal damage and arson,Investigation complete; no suspect identified,
e6217a82b6ded0dc781cacfe75cd9d2e8b3bbd6582913386e40300befcd1042f,2026-01,Northumbria Police,Northumbria Police,-1.450215,54.968964,On or near Colchester Street,E01008669,South Tyneside 012B,Public order,Under investigation,
157657234a00766d2f3765b2e6fcffbf8688dff641819d2a365a7e5ae95b22f0,2026-01,Northumbria Police,Northumbria Police,-1.452803,54.969326,On or near Binchester Street,E01008669,South Tyneside 012B,Shoplifting,Awaiting court outcome,
9dcfa111c99559e8e25c66d52ab9e441ba799b456105826be990fe976b3fbe1c,2026-01,Northumbria Police,Northumbria Police,-1.452803,54.969326,On or near Binchester Street,E01008669,South Tyneside 012B,Shoplifting,Investigation complete; no suspect identified,
e4e1ad74d0b94dc788484304f21a9e050fc01ab22f4b63e926b9202a9d398262,2026-01,Northumbria Police,Northumbria Police,-1.452803,54.969326,On or near Binchester Street,E01008669,South Tyneside 012B,Violence and sexual offences,Investigation complete; no suspect identified,
735262fd1c47a915b437f4ecfce7f3acb996594b9a785ba1f09ef95ce00ccefa,2026-01,Northumbria Police,Northumbria Police,-1.453569,54.966940,On or near Laybourn Gardens,E01008669,South Tyneside 012B,Violence and sexual offences,Under investigation,
80bb8806898198246f2c3a3e8126f1aca2fc05a17b0ede02c35009c2727d3873,2026-01,Northumbria Police,Northumbria Police,-1.456487,54.966018,On or near Richardson Avenue,E01008669,South Tyneside 012B,Other crime,Awaiting court outcome,
,2026-01,Northumbria Police,Northumbria Police,-1.443311,54.977946,On or near Lord Nelson Street,E01008671,South Tyneside 012C,Anti-social behaviour,,
e7404117f3b7c1d4c7c67a4de3e2bca4303800777b00f6bebad634affef9b211,2026-01,Northumbria Police,Northumbria Police,-1.444346,54.981078,On or near Devonshire Street,E01008671,South Tyneside 012C,Drugs,Under investigation,
,2026-01,Northumbria Police,Northumbria Police,-1.450103,54.972603,On or near Hartford Road,E01008672,South Tyneside 012D,Anti-social behaviour,,
8b95941b806378fe72fe59f2e895b7d0c565bb5007b6e9248961865ba2068f49,2026-01,Northumbria Police,Northumbria Police,-1.455459,54.971621,On or near Simonside,E01008672,South Tyneside 012D,Burglary,Investigation complete; no suspect identified,
d71401c00aa338b75e46f108402201af3fb9046c7601edf77ace840465726167,2026-01,Northumbria Police,Northumbria Police,-1.450869,54.974853,On or near Elswick Way,E01008672,South Tyneside 012D,Vehicle crime,Investigation complete; no suspect identified,
,2026-01,Northumbria Police,Northumbria Police,-1.402415,54.970078,On or near Holly Avenue,E01008622,South Tyneside 013A,Anti-social behaviour,,
fe2084cec9386d86445b71522fec5e69f1e225cfa7334901a8b8b1794995cf83,2026-01,Northumbria Police,Northumbria Police,-1.409308,54.966625,On or near Sycamore Avenue,E01008622,South Tyneside 013A,Criminal damage and arson,Investigation complete; no suspect identified,
32d7eb05e85b343ec89ccb378e60f5a3584f2e1901fe74f0940bb9208f1256ff,2026-01,Northumbria Police,Northumbria Police,-1.411366,54.963651,On or near Glamis Court,E01008622,South Tyneside 013A,Public order,Under investigation,
631017a0738f29a3b7609fe0ac9b80435685bb54f772a93de9777073ee6be085,2026-01,Northumbria Police,Northumbria Police,-1.404861,54.967358,On or near Parkshiel,E01008622,South Tyneside 013A,Violence and sexual offences,Under investigation,
ca828f82a84a6ed7375040ed3cae1b9321f2883633a6bd7e295a7c056f0f6d88,2026-01,Northumbria Police,Northumbria Police,-1.407095,54.967315,On or near Brandling Court,E01008622,South Tyneside 013A,Other crime,Investigation complete; no suspect identified,
,2026-01,Northumbria Police,Northumbria Police,-1.398522,54.966150,On or near Mill Grove,E01008625,South Tyneside 013C,Anti-social behaviour,,
,2026-01,Northumbria Police,Northumbria Police,-1.396811,54.967750,On or near Hillside,E01008625,South Tyneside 013C,Anti-social behaviour,,
4d3bd171440ef4b181c468a31f1f6d0026ca05ef4cdd808dd846031bc5db4bc5,2026-01,Northumbria Police,Northumbria Police,-1.399253,54.972668,On or near Shelley Avenue,E01008625,South Tyneside 013C,Criminal damage and arson,Under investigation,
6320f3c50ff79d77dfefd036f597dc9fa09fca16582bab421d38c8af7b885293,2026-01,Northumbria Police,Northumbria Police,-1.394151,54.971187,On or near Quarry Lane,E01008625,South Tyneside 013C,Violence and sexual offences,Awaiting court outcome,
3afee1d4ac74e3ddbce5bc4d38d2188dfc070c53f53230b8c96a5ab03fe1929f,2026-01,Northumbria Police,Northumbria Police,-1.398629,54.971542,On or near Flaunden Close,E01008625,South Tyneside 013C,Other crime,Investigation complete; no suspect identified,
e8d29bb411b1bca6eca522801a101605b96c9f5d2ca67b02bfba3d6f879098fb,2026-01,Northumbria Police,Northumbria Police,-1.407941,54.970357,On or near Lilac Avenue,E01034512,South Tyneside 013F,Other crime,Under investigation,
,2026-01,Northumbria Police,Northumbria Police,-1.413015,54.967317,On or near Lynwood Way,E01034513,South Tyneside 013G,Anti-social behaviour,,
057a4000e15cd087149266c0f56d9742a49a90934e45386d5f1b3c2eeb185751,2026-01,Northumbria Police,Northumbria Police,-1.414238,54.968078,On or near Laurel Grove,E01034513,South Tyneside 013G,Drugs,Under investigation,
b9a816761ba667ade69a9545ff5a2443d7f0f2e0f853bce9a5940009fc5b5010,2026-01,Northumbria Police,Northumbria Police,-1.409186,54.968565,On or near Parking Area,E01034513,South Tyneside 013G,Violence and sexual offences,Under investigation,
e136ae1cb03804e6f85c85ef3a86b73c165d19b583e835b1080f5131a591dff4,2026-01,Northumbria Police,Northumbria Police,-1.410707,54.969193,On or near Wisteria Gardens,E01034513,South Tyneside 013G,Other crime,Investigation complete; no suspect identified,
ffa8f91c9526a5b24ed56afce5eacafeb33829afdbac314f6a7f744763b94424,2026-01,Northumbria Police,Northumbria Police,-1.464349,54.965622,On or near Stirling Avenue,E01008602,South Tyneside 014A,Violence and sexual offences,Under investigation,
,2026-01,Northumbria Police,Northumbria Police,-1.470523,54.962890,On or near Crieff Grove,E01008603,South Tyneside 014B,Anti-social behaviour,,
,2026-01,Northumbria Police,Northumbria Police,-1.465131,54.963154,On or near Perth Avenue,E01008603,South Tyneside 014B,Anti-social behaviour,,
4aed02887b697bc1d98900e6c300a1d771459b449bb5880632d9e2052798b244,2026-01,Northumbria Police,Northumbria Police,-1.466329,54.963536,On or near Parking Area,E01008603,South Tyneside 014B,Violence and sexual offences,Under investigation,
,2026-01,Northumbria Police,Northumbria Police,-1.459347,54.964773,On or near Hobart Avenue,E01008608,South Tyneside 014C,Anti-social behaviour,,
,2026-01,Northumbria Police,Northumbria Police,-1.460617,54.964365,On or near Perth Avenue,E01008608,South Tyneside 014C,Anti-social behaviour,,
,2026-01,Northumbria Police,Northumbria Police,-1.459347,54.964773,On or near Hobart Avenue,E01008608,South Tyneside 014C,Anti-social behaviour,,
436852c4948cb071da696bcf4cc9be6a8803aee366037bfaba7e0d3673b12d25,2026-01,Northumbria Police,Northumbria Police,-1.460779,54.961625,On or near Brisbane Avenue,E01008608,South Tyneside 014C,Public order,Under investigation,
823bfc60fbb38d58ea3f1e60da12ae97a9cbd605d73c77a68a33239e3994cbe2,2026-01,Northumbria Police,Northumbria Police,-1.460779,54.961625,On or near Brisbane Avenue,E01008608,South Tyneside 014C,Public order,Investigation complete; no suspect identified,
e28d6457c485a2d58160841f55ea33edc02d5bbdf127c362a9f22039ee37451e,2026-01,Northumbria Police,Northumbria Police,-1.460779,54.961625,On or near Brisbane Avenue,E01008608,South Tyneside 014C,Violence and sexual offences,Under investigation,
c83d623f506ac09a4561d19b1fe7a92c572516113aeec61a9550b026697a20e5,2026-01,Northumbria Police,Northumbria Police,-1.459987,54.969421,On or near Drummond Crescent,E01008670,South Tyneside 014D,Criminal damage and arson,Under investigation,
2ac764b949169ee079403c5fb3432aa48b56c4c11dbcd8ca5bc87da7d326a56a,2026-01,Northumbria Police,Northumbria Police,-1.462641,54.968346,On or near Ewart Crescent,E01008670,South Tyneside 014D,Drugs,Under investigation,
,2026-01,Northumbria Police,Northumbria Police,-1.524089,54.961880,On or near Blue House Road,E01008643,South Tyneside 015A,Anti-social behaviour,,
788cfa22330507354cd147a25ff0da2f93a4ef1d45bdd877489d27ffba3a8cd7,2026-01,Northumbria Police,Northumbria Police,-1.519641,54.964280,On or near Birtwistle Avenue,E01008643,South Tyneside 015A,Criminal damage and arson,Investigation complete; no suspect identified,
,2026-01,Northumbria Police,Northumbria Police,-1.514629,54.962858,On or near Mimosa Drive,E01008644,South Tyneside 015B,Anti-social behaviour,,
a84f5a1ade7518c3754b1a8ab92496798e7a24928deab60eb3c4fee6659d8709,2026-01,Northumbria Police,Northumbria Police,-1.511767,54.963152,On or near Derwent Avenue,E01008644,South Tyneside 015B,Violence and sexual offences,Under investigation,
,2026-01,Northumbria Police,Northumbria Police,-1.506962,54.965236,On or near Grosvenor Crescent,E01008645,South Tyneside 015C,Anti-social behaviour,,
,2026-01,Northumbria Police,Northumbria Police,-1.504426,54.956823,On or near Wollaston Way,E01008645,South Tyneside 015C,Anti-social behaviour,,
c2b2f2a3bb5665c219987442992ef3f41e5adf0326143b557df6db452c5408a2,2026-01,Northumbria Police,Northumbria Police,-1.509379,54.965569,On or near Avon Road,E01008645,South Tyneside 015C,Violence and sexual offences,Under investigation,
4f5d3fca34aa8a430247fe9738c62c31d63b82642a8e8d9164bddafaf5b9c6af,2026-01,Northumbria Police,Northumbria Police,-1.504710,54.961677,On or near Bedeswell Close,E01008645,South Tyneside 015C,Violence and sexual offences,Under investigation,
,2026-01,Northumbria Police,Northumbria Police,-1.516006,54.971742,On or near St John'S Walk,E01008646,South Tyneside 015D,Anti-social behaviour,,
,2026-01,Northumbria Police,Northumbria Police,-1.516006,54.971742,On or near St John'S Walk,E01008646,South Tyneside 015D,Anti-social behaviour,,
,2026-01,Northumbria Police,Northumbria Police,-1.515915,54.964966,On or near Kelly Road,E01008646,South Tyneside 015D,Anti-social behaviour,,
7be0eacd749dc5020d6f0c8a2ada9ca69b145572b5187f3b667152e424828223,2026-01,Northumbria Police,Northumbria Police,-1.513743,54.966404,On or near Mountbatten Avenue,E01008646,South Tyneside 015D,Burglary,Investigation complete; no suspect identified,
,2026-01,Northumbria Police,Northumbria Police,-1.506256,54.969339,On or near Coniston Avenue,E01008656,South Tyneside 015E,Anti-social behaviour,,
d08b8a768a0b11e85bfe7adc29bdcf16594b0786bd563a022f7fa7e384438014,2026-01,Northumbria Police,Northumbria Police,-1.504567,54.969494,On or near Thirlmere Court,E01008656,South Tyneside 015E,Criminal damage and arson,Under investigation,
42c1eaf67d3daf012ebd775d3f2160676ef4881cd26566e65904c899c4592db5,2026-01,Northumbria Police,Northumbria Police,-1.504055,54.968000,On or near Hautmont Road,E01008656,South Tyneside 015E,Violence and sexual offences,Investigation complete; no suspect identified,
e8a4e6e9ee080e49bdb55d40b97bc3456ca762ffc9718e467d8a96aa75b581db,2026-01,Northumbria Police,Northumbria Police,-1.504567,54.969494,On or near Thirlmere Court,E01008656,South Tyneside 015E,Violence and sexual offences,Under investigation,
,2026-01,Northumbria Police,Northumbria Police,-1.496212,54.960590,On or near Morecambe Parade,E01008658,South Tyneside 015F,Anti-social behaviour,,
,2026-01,Northumbria Police,Northumbria Police,-1.497645,54.962151,On or near Hastings Parade,E01008658,South Tyneside 015F,Anti-social behaviour,,
c2c501a3246dcc90312e285638d206e10d26b1f8f7470e816be27ce6c5f14dff,2026-01,Northumbria Police,Northumbria Police,-1.496934,54.957862,On or near Penzance Parade,E01008658,South Tyneside 015F,Criminal damage and arson,Under investigation,
d083d62f14b538ccc7a8b51ce7319951762067c5e12542b8095e6bf0606954ad,2026-01,Northumbria Police,Northumbria Police,-1.499419,54.961466,On or near Brighton Parade,E01008658,South Tyneside 015F,Violence and sexual offences,Under investigation,
765e52667bc8e04536ae74bc4722b9d05a55bdb8da75db892ca7870f494c9995,2026-01,Northumbria Police,Northumbria Police,-1.498126,54.959942,On or near Eastbourne Parade,E01008658,South Tyneside 015F,Violence and sexual offences,Investigation complete; no suspect identified,
3e7a3734a6755e348c9d37c4d3f82e98ad412ee6b546b2cb7b83e0db692e3ea3,2026-01,Northumbria Police,Northumbria Police,-1.499419,54.961466,On or near Brighton Parade,E01008658,South Tyneside 015F,Violence and sexual offences,Under investigation,
,2026-01,Northumbria Police,Northumbria Police,-1.446264,54.967778,On or near Brockley Avenue,E01008593,South Tyneside 016A,Anti-social behaviour,,
3d57120168643d922b691a039a5760c5fe50ec7147e33cf0d5d377eab355df39,2026-01,Northumbria Police,Northumbria Police,-1.443771,54.967282,On or near Brockley Avenue,E01008593,South Tyneside 016A,Violence and sexual offences,Under investigation,
065759a34ef6c75f7bcb0836d1b1888562b987d39422f28cbe5f43f72ad423d3,2026-01,Northumbria Police,Northumbria Police,-1.443771,54.967282,On or near Brockley Avenue,E01008593,South Tyneside 016A,Violence and sexual offences,Under investigation,
,2026-01,Northumbria Police,Northumbria Police,-1.442204,54.960858,On or near Galsworthy Road,E01008606,South Tyneside 016C,Anti-social behaviour,,
43524946f314aa5e307c513fb9f9027d04f649a9f104e5202b29031f4d449f81,2026-01,Northumbria Police,Northumbria Police,-1.450118,54.958881,On or near Masefield Drive,E01008606,South Tyneside 016C,Burglary,Under investigation,
a1a17bd653e32d3f212ac04ef4afc0785e99d621d4b0b0952826e2960cea9edf,2026-01,Northumbria Police,Northumbria Police,-1.450118,54.958881,On or near Masefield Drive,E01008606,South Tyneside 016C,Criminal damage and arson,Investigation complete; no suspect identified,
152fea6293a64e099bbfdc1d08f557c0aa611450fa7bc6ac306cfcd9f615401a,2026-01,Northumbria Police,Northumbria Police,-1.436378,54.957578,On or near Heaton Gardens,E01008606,South Tyneside 016C,Criminal damage and arson,Investigation complete; no suspect identified,
7021a43844302e4d37bb2d0be19b48451ea3264a868d2892ad53f78eb04f6982,2026-01,Northumbria Police,Northumbria Police,-1.450118,54.958881,On or near Masefield Drive,E01008606,South Tyneside 016C,Violence and sexual offences,Under investigation,
fb7f6e327da22e1b0d1bbb56db22ca4b9368d9dcc250094495632df1825a80ec,2026-01,Northumbria Police,Northumbria Police,-1.443411,54.961717,On or near Cobbett Crescent,E01008607,South Tyneside 016D,Criminal damage and arson,Investigation complete; no suspect identified,
06d6dd34a0358c36b2993a148769353a644658fd9aa80ae822bbd02a24de376a,2026-01,Northumbria Police,Northumbria Police,-1.449013,54.964358,On or near Ainsworth Avenue,E01008607,South Tyneside 016D,Criminal damage and arson,Under investigation,
aab1a5a8f547c811a9095b3864bd4e8872abe75629ee62c90afc61fc78b8c5b3,2026-01,Northumbria Police,Northumbria Police,-1.451660,54.962644,On or near Chaucer Avenue,E01008607,South Tyneside 016D,Possession of weapons,Under investigation,
d447d232b034abab81b615f907323664f6c49b11b200d1acf626e189212be4a6,2026-01,Northumbria Police,Northumbria Police,-1.449013,54.964358,On or near Ainsworth Avenue,E01008607,South Tyneside 016D,Violence and sexual offences,Under investigation,
23477412a00af8df6605ddeb7923f19f54ada519ee9cae9cee7f8ccc4c49b64e,2026-01,Northumbria Police,Northumbria Police,-1.451660,54.962644,On or near Chaucer Avenue,E01008607,South Tyneside 016D,Violence and sexual offences,Investigation complete; no suspect identified,
e7fcec80fde339f975225269c06e73909369c00a9123712832d9793b63e221e7,2026-01,Northumbria Police,Northumbria Police,-1.449114,54.962633,On or near Kingsley Avenue,E01008607,South Tyneside 016D,Violence and sexual offences,Investigation complete; no suspect identified,
b86a9ff74f65bb0646d400657bafd3861253a94ce511e167c1aab0f5d3092b24,2026-01,Northumbria Police,Northumbria Police,-1.438113,54.961936,On or near Froude Avenue,E01008609,South Tyneside 016E,Criminal damage and arson,Investigation complete; no suspect identified,
6fbcb00b40d2b96a553efb9f805bb91ee0ef865d45dbab7dbf2081427fcf9770,2026-01,Northumbria Police,Northumbria Police,-1.440726,54.962738,On or near Dickens Avenue,E01008609,South Tyneside 016E,Criminal damage and arson,Investigation complete; no suspect identified,
de4f05b82d3aab6907cd51b82ac3b32c1c80236de8bfb7ee8716f1f06df3af8c,2026-01,Northumbria Police,Northumbria Police,-1.441532,54.964288,On or near Boswell Avenue,E01008609,South Tyneside 016E,Violence and sexual offences,Investigation complete; no suspect identified,
,2026-01,Northumbria Police,Northumbria Police,-1.481016,54.961875,On or near Usk Avenue,E01008631,South Tyneside 017A,Anti-social behaviour,,
,2026-01,Northumbria Police,Northumbria Police,-1.474114,54.963004,On or near Lodore Grove,E01008631,South Tyneside 017A,Anti-social behaviour,,
1f4ba45639b49f5622d06d19c246bb6b3e5ec831b6bf0e34f2c4a595bc1462a2,2026-01,Northumbria Police,Northumbria Police,-1.474840,54.963618,On or near Thurston Gardens,E01008631,South Tyneside 017A,Public order,Under investigation,
72f00cb3019585648f47a69ad39ba751eebb9350297988defd84d02ddf4b0e0c,2026-01,Northumbria Police,Northumbria Police,-1.481016,54.961875,On or near Usk Avenue,E01008631,South Tyneside 017A,Violence and sexual offences,Under investigation,
4215a7695dbd0af5e8bb874f6836ec4a12760b9efcc915751ec59e67b2b6501c,2026-01,Northumbria Police,Northumbria Police,-1.481016,54.961875,On or near Usk Avenue,E01008631,South Tyneside 017A,Violence and sexual offences,Investigation complete; no suspect identified,
f766460c978faaa9dd44d3b22a6b4664d53b6c104a587642b90536b91188020c,2026-01,Northumbria Police,Northumbria Police,-1.474840,54.963618,On or near Thurston Gardens,E01008631,South Tyneside 017A,Violence and sexual offences,Under investigation,
,2026-01,Northumbria Police,Northumbria Police,-1.491694,54.957283,On or near Harbottle Crescent,E01008632,South Tyneside 017B,Anti-social behaviour,,
2f37891d70845defa2300a144136dee3834a1b3a91e8e198011c844d6ce372d9,2026-01,Northumbria Police,Northumbria Police,-1.493525,54.956967,On or near Petrol Station,E01008632,South Tyneside 017B,Public order,Under investigation,
114aa3e96fa8434f5e34871659f5fc2696d1c76ad8f24db86112ea658faf6505,2026-01,Northumbria Police,Northumbria Police,-1.479900,54.960037,On or near Medway,E01008632,South Tyneside 017B,Violence and sexual offences,Under investigation,
0a77e96596cb243d7a28dc4d045ce3f41fbb518540934ee5e5bf6a05b04d5adc,2026-01,Northumbria Police,Northumbria Police,-1.479743,54.961267,On or near Dove Avenue,E01008632,South Tyneside 017B,Violence and sexual offences,Under investigation,
1186500a7f2166037d32de1a4771f841e4fa4caa9a15a895e2e7da23b6de2256,2026-01,Northumbria Police,Northumbria Police,-1.479900,54.960037,On or near Medway,E01008632,South Tyneside 017B,Violence and sexual offences,Under investigation,
b6736052b5605941b13e6766d52e2f3e64634cc1423186972c48769b381ac380,2026-01,Northumbria Police,Northumbria Police,-1.489660,54.958811,On or near Haughton Crescent,E01008632,South Tyneside 017B,Violence and sexual offences,Under investigation,
21e1db26d35ea42feeb2235fbe655c2ac3ffba78e627ed0d448dcc2291a30993,2026-01,Northumbria Police,Northumbria Police,-1.479900,54.960037,On or near Medway,E01008632,South Tyneside 017B,Violence and sexual offences,Under investigation,
b28dde38f0228da1fb95eaa47c33bf538cc901ef88e41ac0218c9ac6c6796a62,2026-01,Northumbria Police,Northumbria Police,-1.483253,54.959134,On or near Calf Close Lane,E01008632,South Tyneside 017B,Violence and sexual offences,Under investigation,
0d7198a2704d8a159a929a56a8224b6b95e1514a4c524cc30358f8b3465dccfb,2026-01,Northumbria Police,Northumbria Police,-1.487923,54.961544,On or near Roman Road,E01008659,South Tyneside 017C,Other theft,Under investigation,
9a56427b5385d558821ffb7fdca6762797879a5c9c2b2b53ae11323877853655,2026-01,Northumbria Police,Northumbria Police,-1.493092,54.961557,On or near Witton Gardens,E01008659,South Tyneside 017C,Violence and sexual offences,Investigation complete; no suspect identified,
,2026-01,Northumbria Police,Northumbria Police,-1.486715,54.964406,On or near Bywell Terrace,E01008662,South Tyneside 017D,Anti-social behaviour,,
,2026-01,Northumbria Police,Northumbria Police,-1.486715,54.964406,On or near Bywell Terrace,E01008662,South Tyneside 017D,Anti-social behaviour,,
f9c112edf2f32c4521bf25e866408e183aaf25c869f39adacb66cf2e294014e3,2026-01,Northumbria Police,Northumbria Police,-1.485657,54.965300,On or near The Circle,E01008662,South Tyneside 017D,Vehicle crime,Under investigation,
,2026-01,Northumbria Police,Northumbria Police,-1.481907,54.971548,On or near Castleton Road,E01008663,South Tyneside 017E,Anti-social behaviour,,
,2026-01,Northumbria Police,Northumbria Police,-1.480068,54.971216,On or near Chatsworth Road,E01008663,South Tyneside 017E,Anti-social behaviour,,
fa9656a9761b6560fd0ed578ea5c19340d60dd7f41d9c73375d4e8162024301d,2026-01,Northumbria Police,Northumbria Police,-1.481907,54.971548,On or near Castleton Road,E01008663,South Tyneside 017E,Criminal damage and arson,Under investigation,
7bdfbf6c120863b98a781c97264523521f98d3663788db3817327fa2498ae7ff,2026-01,Northumbria Police,Northumbria Police,-1.484098,54.967826,On or near Hospital,E01008663,South Tyneside 017E,Possession of weapons,Under investigation,
70de584e199537ab9647bc44a4d57ea905be299b04e896c667e87c9f53c6d7ae,2026-01,Northumbria Police,Northumbria Police,-1.481907,54.971548,On or near Castleton Road,E01008663,South Tyneside 017E,Robbery,Under investigation,
c45806f28a2540c74d5398fb81a44bbfe3f3f7fb352893760e509802d127fd58,2026-01,Northumbria Police,Northumbria Police,-1.484098,54.967826,On or near Hospital,E01008663,South Tyneside 017E,Violence and sexual offences,Under investigation,
40e67e59942cf5cd65759b4fba8fffde2c8040ca1afa723069f2fa62734e02eb,2026-01,Northumbria Police,Northumbria Police,-1.489262,54.966798,On or near Valley View,E01008663,South Tyneside 017E,Violence and sexual offences,Under investigation,
781efc0c7efc878e5930c61785c4867f606a3e2ea22e42d2ca96f2ca1147bf96,2026-01,Northumbria Police,Northumbria Police,-1.481103,54.969657,On or near Buxton Close,E01008663,South Tyneside 017E,Violence and sexual offences,Under investigation,
078c0bddebfc322de2305704f36598a7d31e7a21bddec1e71f345f44fd1893df,2026-01,Northumbria Police,Northumbria Police,-1.481907,54.971548,On or near Castleton Road,E01008663,South Tyneside 017E,Violence and sexual offences,Under investigation,
,2026-01,Northumbria Police,Northumbria Police,-1.391247,54.973168,On or near Beaconside,E01008624,South Tyneside 018A,Anti-social behaviour,,
c6a7f9a196effc1e22a489fcf4ad14605f17d691ebfc27997c6d8b365ea97963,2026-01,Northumbria Police,Northumbria Police,-1.397842,54.969840,On or near Eastway,E01008624,South Tyneside 018A,Criminal damage and arson,Investigation complete; no suspect identified,
9540b18a678ede753328526c555ca709d531791e7d7c97fba68454af27e1e3bb,2026-01,Northumbria Police,Northumbria Police,-1.397842,54.969840,On or near Eastway,E01008624,South Tyneside 018A,Violence and sexual offences,Under investigation,
5b66b2932a64c3f958592cb120abc87960bafd9cb07b910d8d7f6788ebfaa830,2026-01,Northumbria Police,Northumbria Police,-1.393551,54.970591,On or near Fellside,E01008624,South Tyneside 018A,Violence and sexual offences,Under investigation,
f501fd699daf38a3a5081cf8e751103ae541a2b55d2f59c762fb8840d598f32a,2026-01,Northumbria Police,Northumbria Police,-1.393551,54.970591,On or near Fellside,E01008624,South Tyneside 018A,Violence and sexual offences,Under investigation,
29f9a572a5942ef40bc0e8c912f091d60d1fdb6483b3e096883a2531a46a9415,2026-01,Northumbria Police,Northumbria Police,-1.396610,54.972826,On or near Sutton Way,E01008624,South Tyneside 018A,Other crime,Under investigation,
3626dac098108e2390ad582d4c3e4d5db2eb4aa6b8fd30b59d2374f4ab4c509f,2026-01,Northumbria Police,Northumbria Police,-1.379776,54.976471,On or near Grotto Road,E01008684,South Tyneside 018B,Criminal damage and arson,Investigation complete; no suspect identified,
8778a38f3b3e960fa53933a266791e3f8ab914826240e87399b9a11bdca9898d,2026-01,Northumbria Police,Northumbria Police,-1.382083,54.977848,On or near Grotto Gardens,E01008684,South Tyneside 018B,Violence and sexual offences,Under investigation,
90ee06ad05f8c4706596020856020db2a446d431c773c21526fe86fd24b4ccab,2026-01,Northumbria Police,Northumbria Police,-1.382058,54.976410,On or near Lizard Lane,E01008684,South Tyneside 018B,Violence and sexual offences,Under investigation,
,2026-01,Northumbria Police,Northumbria Police,-1.363942,54.960151,On or near Marsden Avenue,E01008685,South Tyneside 018C,Anti-social behaviour,,
91e417971e923f2c322d9aa8fa36a31126a36203cd2158b9a62122b1162601e0,2026-01,Northumbria Police,Northumbria Police,-1.363942,54.960151,On or near Marsden Avenue,E01008685,South Tyneside 018C,Violence and sexual offences,Under investigation,
ce5ac15e0705627dad37bd8b762fb008e9bba6cc5bcdfdeb42c59050dedbd979,2026-01,Northumbria Police,Northumbria Police,-1.366021,54.959982,On or near Mill Lane,E01008685,South Tyneside 018C,Violence and sexual offences,Investigation complete; no suspect identified,
57cde9e10c585d1d25dcc389f33dcf0126d8c1a55d748c2ecd3fabfc6dbaa05f,2026-01,Northumbria Police,Northumbria Police,-1.364265,54.955470,On or near Range View,E01008685,South Tyneside 018C,Violence and sexual offences,Under investigation,
,2026-01,Northumbria Police,Northumbria Police,-1.373209,54.950736,On or near Moor View,E01008686,South Tyneside 018D,Anti-social behaviour,,
abb19a731dcab1ddb43f484e964fd69d53f955a8337537ba68bf3fe504859f78,2026-01,Northumbria Police,Northumbria Police,-1.367303,54.955971,On or near Cedar Grove,E01008686,South Tyneside 018D,Other crime,Investigation complete; no suspect identified,
,2026-01,Northumbria Police,Northumbria Police,-1.365880,54.950123,On or near Chick'S Lane,E01008687,South Tyneside 018E,Anti-social behaviour,,
620fb1b216d551eec911244152963b23110de926f3c8475690da248fc2cc2172,2026-01,Northumbria Police,Northumbria Police,-1.365572,54.950822,On or near Croftside Avenue,E01008687,South Tyneside 018E,Shoplifting,Awaiting court outcome,
0b9d7d27fcbeddc9fb7be5b7a9e09c409f2d5cea101a00f499ed4c914e1af4fa,2026-01,Northumbria Police,Northumbria Police,-1.365506,54.950076,On or near Parking Area,E01008687,South Tyneside 018E,Other crime,Under investigation,
2b20fceccf68330949c9adea05f8a5eff5e2874bce6bc53264bbf7f5fa0ecb6c,2026-01,Northumbria Police,Northumbria Police,-1.365122,54.951638,On or near Bowman Street,E01008687,South Tyneside 018E,Other crime,Investigation complete; no suspect identified,
,2026-01,Northumbria Police,Northumbria Police,-1.419557,54.969694,On or near Parking Area,E01008688,South Tyneside 019A,Anti-social behaviour,,
,2026-01,Northumbria Police,Northumbria Police,-1.419557,54.969694,On or near Parking Area,E01008688,South Tyneside 019A,Anti-social behaviour,,
,2026-01,Northumbria Police,Northumbria Police,-1.432477,54.961838,On or near Whiteleas Way,E01008688,South Tyneside 019A,Anti-social behaviour,,
,2026-01,Northumbria Police,Northumbria Police,-1.419557,54.969694,On or near Parking Area,E01008688,South Tyneside 019A,Anti-social behaviour,,
,2026-01,Northumbria Police,Northumbria Police,-1.425019,54.964606,On or near Whistler Gardens,E01008688,South Tyneside 019A,Anti-social behaviour,,
,2026-01,Northumbria Police,Northumbria Police,-1.430860,54.961309,On or near Romney Avenue,E01008688,South Tyneside 019A,Anti-social behaviour,,
12a4b72cd2609fb6b37c28e1076d2f88754f418565876291554ec39389e7678c,2026-01,Northumbria Police,Northumbria Police,-1.425329,54.961472,On or near Moreland Road,E01008688,South Tyneside 019A,Public order,Under investigation,
3e328073a83825264bfb236fd5b762de1b877fb7822cba229e870e439e3aae50,2026-01,Northumbria Police,Northumbria Police,-1.436259,54.960516,On or near Raphael Avenue,E01008689,South Tyneside 019B,Burglary,Under investigation,
4c20f207dd9e145bd30c737f5b85f569c6f1b9a544694c2db74198700cca13f6,2026-01,Northumbria Police,Northumbria Police,-1.431854,54.958384,On or near Copley Avenue,E01008689,South Tyneside 019B,Criminal damage and arson,Under investigation,
f22d23010d7e04f85e6555c303881f96d5ac0694944d3b371f6675f36bbea566,2026-01,Northumbria Police,Northumbria Police,-1.436259,54.960516,On or near Raphael Avenue,E01008689,South Tyneside 019B,Criminal damage and arson,Investigation complete; no suspect identified,
f2f9ed4cd87d940ce1f1c75b48e4cbaff2ba2b3a5a4bbfefc67ad189b3f1b77b,2026-01,Northumbria Police,Northumbria Police,-1.429337,54.957447,On or near Raeburn Road,E01008689,South Tyneside 019B,Other theft,Under investigation,
9a1486be9237a3c2017915f4ea806264de00c9c25079fd15201e463d54124b24,2026-01,Northumbria Police,Northumbria Police,-1.433302,54.960916,On or near Holbein Road,E01008689,South Tyneside 019B,Other theft,Under investigation,
1b7137e1b10e78769c2a2b339e3c4adb1b29825fb001aa0d14d6cf3f7d080a5e,2026-01,Northumbria Police,Northumbria Police,-1.433302,54.960916,On or near Holbein Road,E01008689,South Tyneside 019B,Public order,Under investigation,
e8e163bc4320335b634fa9e56c982eb8b876657424f83f270e35ab32a573d481,2026-01,Northumbria Police,Northumbria Police,-1.431854,54.958384,On or near Copley Avenue,E01008689,South Tyneside 019B,Shoplifting,Awaiting court outcome,
293e91e766820c4be817041077b43b46e515229b561542836228f4158d573071,2026-01,Northumbria Police,Northumbria Police,-1.431854,54.958384,On or near Copley Avenue,E01008689,South Tyneside 019B,Shoplifting,Investigation complete; no suspect identified,
b69746cd340f3f7204d544550eb07e7a3515e57236629d6bfa44e9c5828ef427,2026-01,Northumbria Police,Northumbria Police,-1.428287,54.961054,On or near Gainsborough Avenue,E01008690,South Tyneside 019C,Criminal damage and arson,Investigation complete; no suspect identified,
,2026-01,Northumbria Police,Northumbria Police,-1.425108,54.962738,On or near Soane Gardens,E01008691,South Tyneside 019D,Anti-social behaviour,,
,2026-01,Northumbria Police,Northumbria Police,-1.421368,54.959961,On or near Caraway Walk,E01008691,South Tyneside 019D,Anti-social behaviour,,
,2026-01,Northumbria Police,Northumbria Police,-1.425108,54.962738,On or near Soane Gardens,E01008691,South Tyneside 019D,Anti-social behaviour,,
07a6905946c3e560e3214b777d4bba8cb6ad130ba6c18653fee1f1dfb3f846a4,2026-01,Northumbria Police,Northumbria Police,-1.425108,54.962738,On or near Soane Gardens,E01008691,South Tyneside 019D,Violence and sexual offences,Under investigation,
,2026-01,Northumbria Police,Northumbria Police,-1.436975,54.962964,On or near Gosforth Avenue,E01008692,South Tyneside 019E,Anti-social behaviour,,
130c321f9b1939b8347f4a3164c17e0409d7a483e67994875802c8956ca9fe8a,2026-01,Northumbria Police,Northumbria Police,-1.432348,54.963239,On or near Constable Gardens,E01008692,South Tyneside 019E,Other theft,Investigation complete; no suspect identified,
c7f147c076f04aef14155a871de00325420b379c1cfbc5f04595e7f5fdaad7aa,2026-01,Northumbria Police,Northumbria Police,-1.435011,54.962442,On or near Sports/Recreation Area,E01008692,South Tyneside 019E,Violence and sexual offences,Under investigation,
,2026-01,Northumbria Police,Northumbria Police,-1.477207,54.954525,On or near Chestnut Close,E01008628,South Tyneside 020B,Anti-social behaviour,,
,2026-01,Northumbria Police,Northumbria Police,-1.474382,54.954450,On or near Turfside,E01008628,South Tyneside 020B,Anti-social behaviour,,
,2026-01,Northumbria Police,Northumbria Police,-1.475524,54.956621,On or near Hounslow Gardens,E01008628,South Tyneside 020B,Anti-social behaviour,,
aa492eba173ed7aafac046f37501a519be055b2801fa9a256ccc85139069659b,2026-01,Northumbria Police,Northumbria Police,-1.480128,54.956847,On or near Greenlands,E01008628,South Tyneside 020B,Burglary,Investigation complete; no suspect identified,
,2026-01,Northumbria Police,Northumbria Police,-1.488676,54.951420,On or near The Bower,E01008629,South Tyneside 020C,Anti-social behaviour,,
,2026-01,Northumbria Police,Northumbria Police,-1.516907,54.946090,On or near A184,E01008629,South Tyneside 020C,Anti-social behaviour,,
,2026-01,Northumbria Police,Northumbria Police,-1.516907,54.946090,On or near A184,E01008629,South Tyneside 020C,Anti-social behaviour,,
4e831f07242f25ce01e0929006122f7938f7119351a21ca1e4ff9b1a7985c961,2026-01,Northumbria Police,Northumbria Police,-1.516907,54.946090,On or near A184,E01008629,South Tyneside 020C,Criminal damage and arson,Awaiting court outcome,
987618f15fbb73b08f385580c279b43773c1a87093388f0284cd2c9228de9852,2026-01,Northumbria Police,Northumbria Police,-1.516907,54.946090,On or near A184,E01008629,South Tyneside 020C,Vehicle crime,Investigation complete; no suspect identified,
5074d2255ec566b3ce8efb55fc9a4b9e50ed5b6e2d1a648a6e547b27c37b6162,2026-01,Northumbria Police,Northumbria Police,-1.516907,54.946090,On or near A184,E01008629,South Tyneside 020C,Violence and sexual offences,Awaiting court outcome,
aa2ea718be5d1dce7f0a0efe0c62b85ac953c369bd180424adbb3b27a30c7af3,2026-01,Northumbria Police,Northumbria Police,-1.485101,54.955098,On or near St Joseph'S Way,E01008629,South Tyneside 020C,Violence and sexual offences,Under investigation,
b05913a707d13f5d061445a799836536f54b8f00eb14f27444171a70841dc5bd,2026-01,Northumbria Police,Northumbria Police,-1.483769,54.951750,On or near Limecroft,E01008629,South Tyneside 020C,Violence and sexual offences,Under investigation,
7b2eed0d4f9628518d92ae1d39433d74ca6973ab47ed329a6a56c066f593af5c,2026-01,Northumbria Police,Northumbria Police,-1.491362,54.953911,On or near Durham Drive,E01008629,South Tyneside 020C,Other crime,Investigation complete; no suspect identified,
,2026-01,Northumbria Police,Northumbria Police,-1.478839,54.953867,On or near Roselea,E01008630,South Tyneside 020D,Anti-social behaviour,,
,2026-01,Northumbria Police,Northumbria Police,-1.458733,54.948828,On or near Oswald Close,E01008610,South Tyneside 021A,Anti-social behaviour,,
e77a1d51f5edad5ba4578fe30f7739b822142a23fc4d630bff9e01d8a164aeaa,2026-01,Northumbria Police,Northumbria Police,-1.456103,54.947019,On or near George Court,E01008610,South Tyneside 021A,Violence and sexual offences,Under investigation,
2d36f7fb0ac239b73e0f3c66f491e213bbb741309f6ac98565cf6d81ba169f64,2026-01,Northumbria Police,Northumbria Police,-1.465890,54.951915,On or near Davison Street,E01008611,South Tyneside 021B,Violence and sexual offences,Under investigation,
,2026-01,Northumbria Police,Northumbria Police,-1.463705,54.954179,On or near Parking Area,E01008612,South Tyneside 021C,Anti-social behaviour,,
2ce2e832d6672034a79ea3769068ddee978b3688a9aa8a06fc7aaa08fac04c71,2026-01,Northumbria Police,Northumbria Police,-1.469252,54.957438,On or near Edgeworth Close,E01008612,South Tyneside 021C,Violence and sexual offences,Under investigation,
,2026-01,Northumbria Police,Northumbria Police,-1.462580,54.948387,On or near Parking Area,E01008613,South Tyneside 021D,Anti-social behaviour,,
,2026-01,Northumbria Police,Northumbria Police,-1.458824,54.947849,On or near Charles Street,E01008613,South Tyneside 021D,Anti-social behaviour,,
53da89b4e5b827eceb927d6dd52a849e84d270f3b4a7980d9d0f29572b5a129c,2026-01,Northumbria Police,Northumbria Police,-1.462509,54.947847,On or near Supermarket,E01008613,South Tyneside 021D,Criminal damage and arson,Investigation complete; no suspect identified,
d0bf766308090420bac370b97543f11646c3d7131ad5601fa29e79a4e11d7f1f,2026-01,Northumbria Police,Northumbria Police,-1.457110,54.946449,On or near John Street,E01008613,South Tyneside 021D,Public order,Investigation complete; no suspect identified,
6a04193b5ada163c818618aa4cc7954565755e5a7118f027c88f23a101be36f4,2026-01,Northumbria Police,Northumbria Police,-1.459905,54.949921,On or near Gibson Court,E01008613,South Tyneside 021D,Violence and sexual offences,Under investigation,
a37523fc7693cf48aa956dcba75404217261433bcbf53217bc0148e3e0baa0dd,2026-01,Northumbria Police,Northumbria Police,-1.459905,54.949921,On or near Gibson Court,E01008613,South Tyneside 021D,Violence and sexual offences,Under investigation,
5b10b95098a66eb688d7d8f539466faefe9173a1ccd149f2fd31b5ca0eefc542,2026-01,Northumbria Police,Northumbria Police,-1.458824,54.947849,On or near Charles Street,E01008613,South Tyneside 021D,Violence and sexual offences,Under investigation,
b841efd66fa6d1f82e997c5b2c503079cf30b7e3fe97d5f17f676aa1a90d073b,2026-01,Northumbria Police,Northumbria Police,-1.459905,54.949921,On or near Gibson Court,E01008613,South Tyneside 021D,Violence and sexual offences,Under investigation,
24c014b802ae37cbf021324b75b964036949f7ba8805baf0d3712e752116edb4,2026-01,Northumbria Police,Northumbria Police,-1.459905,54.949921,On or near Gibson Court,E01008613,South Tyneside 021D,Violence and sexual offences,Under investigation,
42a5857aaf17a429ab36e444a03a6d61079c56f02fb01b40cccf8c612189b998,2026-01,Northumbria Police,Northumbria Police,-1.459905,54.949921,On or near Gibson Court,E01008613,South Tyneside 021D,Violence and sexual offences,Under investigation,
d22c51d1041cf3558bb0171d69a627f92d3fa03e734b17e18714b8c63c6624d6,2026-01,Northumbria Police,Northumbria Police,-1.429937,54.948148,On or near Ravensbourne Avenue,E01008616,South Tyneside 022A,Violence and sexual offences,Offender given a caution,
cd072e2b724482717c5c0584992ca88e9c72330df0430cafb879637905164fd7,2026-01,Northumbria Police,Northumbria Police,-1.445439,54.948229,On or near Tracey Avenue,E01008614,South Tyneside 023A,Violence and sexual offences,Investigation complete; no suspect identified,
7981a21fe771861deb58c83752f98780c202a3ab005220897b9328b61b35e779,2026-01,Northumbria Police,Northumbria Police,-1.445439,54.948229,On or near Tracey Avenue,E01008614,South Tyneside 023A,Violence and sexual offences,Investigation complete; no suspect identified,
9e56535c8bc96e54b60ea8db3c475e919dca8ae41ef9f840cfd4f963d7c7b0f9,2026-01,Northumbria Police,Northumbria Police,-1.445439,54.948229,On or near Tracey Avenue,E01008614,South Tyneside 023A,Violence and sexual offences,Under investigation,
,2026-01,Northumbria Police,Northumbria Police,-1.454189,54.943093,On or near St Nicholas Road,E01008615,South Tyneside 023B,Anti-social behaviour,,
534a170774895b3ac3835f0049324ba2ef19c15a51d356348b74c6e3cf5decf1,2026-01,Northumbria Police,Northumbria Police,-1.444338,54.943201,On or near Claremount Court,E01008615,South Tyneside 023B,Criminal damage and arson,Investigation complete; no suspect identified,
2121b7d784590b922d831bd0cee0fbefe7b21ab646ce0a47f09c4a215bd683be,2026-01,Northumbria Police,Northumbria Police,-1.465390,54.948345,On or near Henley Way,E01008615,South Tyneside 023B,Other theft,Investigation complete; no suspect identified,
c5c27b453a1c7e80258153a0e52092c4dc7eaa1a84e51958c72dbef569358147,2026-01,Northumbria Police,Northumbria Police,-1.448444,54.944262,On or near Mansfield Court,E01008615,South Tyneside 023B,Other crime,Under investigation,
4ed6bd729f14b37ed70b323eeb99a758a0f76b640881c287b077f1a133687bac,2026-01,Northumbria Police,Northumbria Police,-1.436117,54.946137,On or near North Road,E01008617,South Tyneside 023C,Criminal damage and arson,Investigation complete; no suspect identified,
79d2e29531b930ff06bae5f306b982978bd08dd493d33345b7625e05302c5b8c,2026-01,Northumbria Police,Northumbria Police,-1.433524,54.945092,On or near Front Street,E01008617,South Tyneside 023C,Vehicle crime,Investigation complete; no suspect identified,
a7efc8d184f2390a86b417bd4a1bdbab54641ce01a4e0b609f6b10defabc718b,2026-01,Northumbria Police,Northumbria Police,-1.421762,54.945621,On or near Glencourse,E01008620,South Tyneside 023D,Shoplifting,Investigation complete; no suspect identified,
57fbbdaacd94b4f20096bbf0f0e8cc54040f965cc4c1d56ab295417bc7af5e37,2026-01,Northumbria Police,Northumbria Police,-1.421762,54.945621,On or near Glencourse,E01008620,South Tyneside 023D,Shoplifting,Investigation complete; no suspect identified,
a4141889f78140f0e602c905608a5e135876f4b1a424cd900f045e7d032326bb,2026-01,Northumbria Police,Northumbria Police,-1.421762,54.945621,On or near Glencourse,E01008620,South Tyneside 023D,Shoplifting,Under investigation,
971832d6a1357ff2e26920dc8b22fa31d2120a0d8bdfc78330c4545fbbf48a14,2026-01,Northumbria Police,Northumbria Police,-1.388307,54.926037,On or near Lamara Drive,E01008713,Sunderland 001A,Other theft,Investigation complete; no suspect identified,
c272e48b199675f5f75b403eb31f8265e104f8b821afed3eea91557df7dba63a,2026-01,Northumbria Police,Northumbria Police,-1.382533,54.929091,On or near Supermarket,E01008722,Sunderland 001B,Public order,Investigation complete; no suspect identified,
0b29d6d085e6363c746d5d8b85815f5b2d097159d52d6ce1033366784589e8b8,2026-01,Northumbria Police,Northumbria Police,-1.382533,54.929091,On or near Supermarket,E01008722,Sunderland 001B,Shoplifting,Awaiting court outcome,
,2026-01,Northumbria Police,Northumbria Police,-1.378409,54.930417,On or near Thorburn Street,E01008726,Sunderland 001D,Anti-social behaviour,,
,2026-01,Northumbria Police,Northumbria Police,-1.369459,54.933894,On or near Kings Avenue,E01008723,Sunderland 002A,Anti-social behaviour,,
b36a347911848b5e398ac3b7f7fdc64604b51a38dc19db9aaa4b499ba7046214,2026-01,Northumbria Police,Northumbria Police,-1.369368,54.939735,On or near Cleveland View,E01008723,Sunderland 002A,Burglary,Under investigation,
9ea4e552397bc569d801922e2bfee53185f56548c5fc86510ea7f4224d914365,2026-01,Northumbria Police,Northumbria Police,-1.369368,54.939735,On or near Cleveland View,E01008723,Sunderland 002A,Shoplifting,Investigation complete; no suspect identified,
4dbb169bd4f1556ed027ea7b41b7a5fdf82e63ec111dc7f61135854dff8b6541,2026-01,Northumbria Police,Northumbria Police,-1.369465,54.933562,On or near Princes Gardens,E01008723,Sunderland 002A,Violence and sexual offences,Under investigation,
5ec0e3a14601a499b5663c9c5cf66fa80d14533bf2a812639d45b63f78dee723,2026-01,Northumbria Police,Northumbria Police,-1.369368,54.939735,On or near Cleveland View,E01008723,Sunderland 002A,Violence and sexual offences,Under investigation,
8974cea09c5ad7804a383b4edcb3d405fa7dfadcdef08d83506f72d5826eb35a,2026-01,Northumbria Police,Northumbria Police,-1.369459,54.933894,On or near Kings Avenue,E01008723,Sunderland 002A,Violence and sexual offences,Under investigation,
bd24d21c1495cbb35c93ea2c6128b981e34769c876c364c127e7fcc3f7812a21,2026-01,Northumbria Police,Northumbria Police,-1.373761,54.936280,On or near Seafields,E01008723,Sunderland 002A,Violence and sexual offences,Awaiting court outcome,
4ee9aca2f1955fefff25714eb008d625c842e3e680de8ec5e41588af36242ae9,2026-01,Northumbria Police,Northumbria Police,-1.369459,54.933894,On or near Kings Avenue,E01008723,Sunderland 002A,Violence and sexual offences,Under investigation,
470d835f7ddbad623d7bdfcf619d58f2a4cdde8721af67d210af29f754c57ec9,2026-01,Northumbria Police,Northumbria Police,-1.369465,54.933562,On or near Princes Gardens,E01008723,Sunderland 002A,Violence and sexual offences,Under investigation,
ea07f034fa46f9d94c3a6b72f1cbe9470aba50e6c3ec6fb5e9494d0b5d041d21,2026-01,Northumbria Police,Northumbria Police,-1.369368,54.939735,On or near Cleveland View,E01008723,Sunderland 002A,Violence and sexual offences,Under investigation,
ea75ef929c8298633fd54bbc5b53566b1843fbef6fc89ccca3e0585d5cbb8c65,2026-01,Northumbria Police,Northumbria Police,-1.371080,54.933049,On or near Queen'S Avenue,E01008725,Sunderland 002B,Violence and sexual offences,Under investigation,
,2026-01,Northumbria Police,Northumbria Police,-1.376619,54.930130,On or near Maud Street,E01008727,Sunderland 002C,Anti-social behaviour,,
17a6ff23943b4e0a0818b20761a6722ec79a5ed6c277712147dafaec8963a6f8,2026-01,Northumbria Police,Northumbria Police,-1.377318,54.930313,On or near Sea Road,E01008727,Sunderland 002C,Shoplifting,Investigation complete; no suspect identified,
a95ec85505abfb35be7181fe12a37f2699d2eab7c7bd36a0e97fcae0c9cd0acc,2026-01,Northumbria Police,Northumbria Police,-1.377318,54.930313,On or near Sea Road,E01008727,Sunderland 002C,Shoplifting,Investigation complete; no suspect identified,
,2026-01,Northumbria Police,Northumbria Police,-1.378297,54.927532,On or near Folldon Avenue,E01008728,Sunderland 002D,Anti-social behaviour,,
,2026-01,Northumbria Police,Northumbria Police,-1.371172,54.927154,On or near Talbot Road,E01008792,Sunderland 002E,Anti-social behaviour,,
46b335c19d92d197b13702744e15bfa885fcf6083131edea350d2c85f1f8a2df,2026-01,Northumbria Police,Northumbria Police,-1.368244,54.926771,On or near David Gardens,E01008792,Sunderland 002E,Violence and sexual offences,Under investigation,
,2026-01,Northumbria Police,Northumbria Police,-1.450152,54.925533,On or near Washington Road,E01008698,Sunderland 003A,Anti-social behaviour,,
bb4293d2a81ff930d0dfc1093c50f023a17480571d8dc3f46ac2c4724029b563,2026-01,Northumbria Police,Northumbria Police,-1.454404,54.927215,On or near Brentford Avenue,E01008698,Sunderland 003A,Violence and sexual offences,Under investigation,
84a487fa70ab843860d3507f7b3d2c4a182b4424c4df814a99ed018625e28c62,2026-01,Northumbria Police,Northumbria Police,-1.454404,54.927215,On or near Brentford Avenue,E01008698,Sunderland 003A,Violence and sexual offences,Under investigation,
865ba4d8910fa332b4285e9f4e378f6690fe9cd61516ce0dab56974f91f38304,2026-01,Northumbria Police,Northumbria Police,-1.454404,54.927215,On or near Brentford Avenue,E01008698,Sunderland 003A,Violence and sexual offences,Under investigation,
975911ba7883713fbda487bfef848a9b2e9df448f3034af0b9554d5c27af1d29,2026-01,Northumbria Police,Northumbria Police,-1.454404,54.927215,On or near Brentford Avenue,E01008698,Sunderland 003A,Violence and sexual offences,Under investigation,
,2026-01,Northumbria Police,Northumbria Police,-1.448352,54.929353,On or near Hylton Lane,E01008837,Sunderland 003B,Anti-social behaviour,,
a9e98ebabf912ef66b1098bb712d5fa1f64cd08edc25869abe3ae480a9d8ab45,2026-01,Northumbria Police,Northumbria Police,-1.443714,54.930725,On or near Kildare Square,E01008837,Sunderland 003B,Criminal damage and arson,Investigation complete; no suspect identified,
c8215f641c143d2b43b4a9f3d29e31114c05ae0185b003624bfdf0fee3b73335,2026-01,Northumbria Police,Northumbria Police,-1.443714,54.930725,On or near Kildare Square,E01008837,Sunderland 003B,Criminal damage and arson,Under investigation,
0ff25634556af2903df78a4116237d56a90177158e48fdc109144d0d34897f8b,2026-01,Northumbria Police,Northumbria Police,-1.443714,54.930725,On or near Kildare Square,E01008837,Sunderland 003B,Violence and sexual offences,Under investigation,
4f5b030fe2173d3e4fd30e5312860c48325a56d8aa2cf801803e0f3716057be7,2026-01,Northumbria Police,Northumbria Police,-1.448352,54.929353,On or near Hylton Lane,E01008837,Sunderland 003B,Violence and sexual offences,Under investigation,
,2026-01,Northumbria Police,Northumbria Police,-1.455353,54.929762,On or near Barrow Street,E01008838,Sunderland 003C,Anti-social behaviour,,
238bf641ced1aae22c64bd7e6c5c823f0064a944d5c84a97801fa1451acf03da,2026-01,Northumbria Police,Northumbria Police,-1.451673,54.929557,On or near Brunswick Road,E01008838,Sunderland 003C,Other theft,Investigation complete; no suspect identified,
,2026-01,Northumbria Police,Northumbria Police,-1.435614,54.927416,On or near Ramillies Square,E01008839,Sunderland 003D,Anti-social behaviour,,
dfb060f585ffbb0ff2b33a6179abec54cff6757ba2064ee9d12a15d4143a0069,2026-01,Northumbria Police,Northumbria Police,-1.437388,54.927775,On or near Rangoon Road,E01008839,Sunderland 003D,Violence and sexual offences,Under investigation,
4a55a5b0a5e8cacd58ec6ff047cb437aa6e49c9b132147f706f4bc32348a89d1,2026-01,Northumbria Police,Northumbria Police,-1.435614,54.927416,On or near Ramillies Square,E01008839,Sunderland 003D,Violence and sexual offences,Under investigation,
72122bf3c0585dfa84c938e22141cbf627707a69cd64f91b62a18d632c8e74fb,2026-01,Northumbria Police,Northumbria Police,-1.462577,54.927529,On or near Baltimore Avenue,E01008840,Sunderland 003E,Violence and sexual offences,Under investigation,
6e781f68c45a0703ef3b21a8b9e13cb98a06203424a0030b3383beb8bd081985,2026-01,Northumbria Police,Northumbria Police,-1.458342,54.929137,On or near Borodin Avenue,E01008840,Sunderland 003E,Violence and sexual offences,Under investigation,
fe43c53c6b1b813848fe48165cd7eed9a358e8d560c91414c67b387b86a367e0,2026-01,Northumbria Police,Northumbria Police,-1.456687,54.931484,On or near Bergen Square,E01008840,Sunderland 003E,Other crime,Investigation complete; no suspect identified,
a5d1dca4fb9c80b87c7fb3356f3e06e64f59e7b4ed3e59786c410a0a6d5f158b,2026-01,Northumbria Police,Northumbria Police,-1.441550,54.928055,On or near Rutherford Road,E01008841,Sunderland 003F,Criminal damage and arson,Under investigation,
70fb4bf8d418669995a3fc7fc2d027673033ae6d7d2033d72f6fc9c7aa3d7bce,2026-01,Northumbria Police,Northumbria Police,-1.444601,54.927503,On or near Kidderminster Road,E01008841,Sunderland 003F,Other theft,Under investigation,
a80684af5aae213a7a471cb1231188b1a1568e2c776484b27c16acda55a4035f,2026-01,Northumbria Police,Northumbria Police,-1.441550,54.928055,On or near Rutherford Road,E01008841,Sunderland 003F,Violence and sexual offences,Under investigation,
f871115c07e90ff7b47a82b2189eff722b3a3d8c00399538853cc9c0cc11bb20,2026-01,Northumbria Police,Northumbria Police,-1.441550,54.928055,On or near Rutherford Road,E01008841,Sunderland 003F,Violence and sexual offences,Investigation complete; no suspect identified,
cb002ffeaab818cd4e2f75e15060b81b33199a4e50697d0ff771ca446f76f38f,2026-01,Northumbria Police,Northumbria Police,-1.444601,54.927503,On or near Kidderminster Road,E01008841,Sunderland 003F,Violence and sexual offences,Under investigation,
,2026-01,Northumbria Police,Northumbria Police,-1.404085,54.927949,On or near Exmouth Square,E01008712,Sunderland 004A,Anti-social behaviour,,
94e95e20d9bc6a0ecb203552f6c3718a8022b0a177bcb5deb7a112310b943587,2026-01,Northumbria Police,Northumbria Police,-1.401785,54.928405,On or near Eyemouth Lane,E01008712,Sunderland 004A,Criminal damage and arson,Under investigation,
87a660199a102b845b5d216a693a26cd49548af56000067c823d3959ffc7d472,2026-01,Northumbria Police,Northumbria Police,-1.396408,54.924793,On or near Carley Hill Road,E01008712,Sunderland 004A,Shoplifting,Under investigation,
eab7d4b9f0ffc9fad3ca1bad35b8ca7b05eb4c676b27ca2aa12cf9473f23b0c1,2026-01,Northumbria Police,Northumbria Police,-1.402351,54.925999,On or near Norton Road,E01008712,Sunderland 004A,Violence and sexual offences,Under investigation,
c81001d029227303fd074792ad87527feede7ad7b0690fb6e4e59347586c4452,2026-01,Northumbria Police,Northumbria Police,-1.404085,54.927949,On or near Exmouth Square,E01008712,Sunderland 004A,Violence and sexual offences,Investigation complete; no suspect identified,
,2026-01,Northumbria Police,Northumbria Police,-1.425904,54.923327,On or near Reeth Road,E01008819,Sunderland 004C,Anti-social behaviour,,
,2026-01,Northumbria Police,Northumbria Police,-1.424240,54.922906,On or near Raleigh Road,E01008819,Sunderland 004C,Anti-social behaviour,,
a8dedcf7ffe29c4100b37ee3ab3b005323671af11a53910c1720c48ebe546d3c,2026-01,Northumbria Police,Northumbria Police,-1.424240,54.922906,On or near Raleigh Road,E01008819,Sunderland 004C,Burglary,Investigation complete; no suspect identified,
aba537c0b73a12c7a1a9b9d672b09998c9677ef50b8f778397b06d4cab7753a4,2026-01,Northumbria Police,Northumbria Police,-1.424240,54.922906,On or near Raleigh Road,E01008819,Sunderland 004C,Burglary,Under investigation,
a2ad89cda0e76454f525085539c048f4c8078c3a570311ca91c0db0edc1a7ae2,2026-01,Northumbria Police,Northumbria Police,-1.427223,54.922740,On or near Raleigh Square,E01008819,Sunderland 004C,Shoplifting,Under investigation,
c4c9bf44f26c454fc122cb4a6079af12a678cd82fa18712157a794f90a29f80c,2026-01,Northumbria Police,Northumbria Police,-1.420961,54.924166,On or near Redcar Road,E01008819,Sunderland 004C,Vehicle crime,Under investigation,
,2026-01,Northumbria Police,Northumbria Police,-1.413306,54.929099,On or near Westport Close,E01008821,Sunderland 004D,Anti-social behaviour,,
,2026-01,Northumbria Police,Northumbria Police,-1.410026,54.926109,On or near Mulberry Avenue,E01008821,Sunderland 004D,Anti-social behaviour,,
,2026-01,Northumbria Police,Northumbria Police,-1.413306,54.929099,On or near Westport Close,E01008821,Sunderland 004D,Anti-social behaviour,,
850b8663ec4f135e8d0362a32240e3f3162bdcdc65b3ae8f33673b224b5539d4,2026-01,Northumbria Police,Northumbria Police,-1.413306,54.929099,On or near Westport Close,E01008821,Sunderland 004D,Criminal damage and arson,Investigation complete; no suspect identified,
f64a8dbf941a0feb31bebcf91d7c94655d6df37f4543f4d470c68542bda2fc6d,2026-01,Northumbria Police,Northumbria Police,-1.419052,54.928902,On or near Wendover Way,E01008821,Sunderland 004D,Public order,Under investigation,
f1578afa9f450d39f154fc23fe7e1db19530ab830b972acfd24b36726a04dd15,2026-01,Northumbria Police,Northumbria Police,-1.412606,54.931154,On or near Waterlow Close,E01008821,Sunderland 004D,Violence and sexual offences,Under investigation,
3867d6eaf8e15837f241a4454135bfcdcdbfa793f882fc0ab65146dd7b9b8a97,2026-01,Northumbria Police,Northumbria Police,-1.413306,54.929099,On or near Westport Close,E01008821,Sunderland 004D,Violence and sexual offences,Under investigation,
4e9882bcf2ad78bcb039b37dfe67d345815bf2339a7f6a1ca74e003258722767,2026-01,Northumbria Police,Northumbria Police,-1.413306,54.929099,On or near Westport Close,E01008821,Sunderland 004D,Other crime,Under investigation,
,2026-01,Northumbria Police,Northumbria Police,-1.422283,54.927767,On or near Roedean Road,E01008822,Sunderland 004E,Anti-social behaviour,,
,2026-01,Northumbria Police,Northumbria Police,-1.428093,54.926303,On or near Ringwood Road,E01008822,Sunderland 004E,Anti-social behaviour,,
bca7c14d6d8e272e8db34412f7d0a8346fbc039e489a5580b951393facae46f3,2026-01,Northumbria Police,Northumbria Police,-1.428457,54.925927,On or near Ringwood Square,E01008822,Sunderland 004E,Other theft,Investigation complete; no suspect identified,
1cf8c094b0e31f4f0a700212f46f9cd663cecb2b755e3ae4bc61c6bb37978efc,2026-01,Northumbria Police,Northumbria Police,-1.427130,54.925966,On or near Rochdale Road,E01008822,Sunderland 004E,Public order,Investigation complete; no suspect identified,
1ffd4d3510e1a9a88cf23a60ff8ef1c31f7f5a9b3835485ed7673450ec53a3db,2026-01,Northumbria Police,Northumbria Police,-1.432552,54.924365,On or near Rotherham Road,E01008842,Sunderland 004F,Violence and sexual offences,Under investigation,
bde9b9804c1dc8c25bf6cbf47015e016ac96a9c2b74ea972ce45cfc58cff48e6,2026-01,Northumbria Police,Northumbria Police,-1.433257,54.926381,On or near Riga Square,E01008842,Sunderland 004F,Violence and sexual offences,Investigation complete; no suspect identified,
4d4a2709002892a4a0c129f35d37304b7566a903714242b690f5ea8444b85656,2026-01,Northumbria Police,Northumbria Police,-1.392325,54.919327,On or near Chilton Street,E01008708,Sunderland 005A,Violence and sexual offences,Under investigation,
6fc928886d7d66da3358c0e64f7ae6d6fce207e61ebab6952236a04f2e6f37a9,2026-01,Northumbria Police,Northumbria Police,-1.388269,54.919252,On or near Eglinton Street North,E01008708,Sunderland 005A,Violence and sexual offences,Under investigation,
,2026-01,Northumbria Police,Northumbria Police,-1.398970,54.919351,On or near Suddick Street,E01008709,Sunderland 005B,Anti-social behaviour,,
5f6d43a8815eb8d50ef66f9fff7ce82bd30313e510fa98866c809f1f88bc5574,2026-01,Northumbria Police,Northumbria Police,-1.396392,54.920659,On or near Edward Burdis Street,E01008709,Sunderland 005B,Criminal damage and arson,Investigation complete; no suspect identified,
a9dc8f74fb984b1567baa3af84cbeb2cf1284f3735facae667906e47d0f5c426,2026-01,Northumbria Police,Northumbria Police,-1.396399,54.919158,On or near Lee Street,E01008709,Sunderland 005B,Vehicle crime,Investigation complete; no suspect identified,
f3d0748489f26bf96139d421ac82dece9209e8b4cdf97f193e666df815286383,2026-01,Northumbria Police,Northumbria Police,-1.390450,54.919488,On or near Swan Street,E01008709,Sunderland 005B,Violence and sexual offences,Under investigation,
3b10b16b71c4eaa0c62c3bb8b32a828e03ee3f1537b593e53cd802f016e93db4,2026-01,Northumbria Police,Northumbria Police,-1.398758,54.921057,On or near Collingwood Street,E01008709,Sunderland 005B,Violence and sexual offences,Investigation complete; no suspect identified,
b5bb12ed008a7db01cb1ef4d0eb03f7e6c4013b482e5d78a0c89c9366154f82e,2026-01,Northumbria Police,Northumbria Police,-1.397829,54.919489,On or near Usher Street,E01008709,Sunderland 005B,Violence and sexual offences,Under investigation,
c205c816f00afcce4470decf1a8a1938bf113a0058f567a159aa54df4c6e8d75,2026-01,Northumbria Police,Northumbria Police,-1.396392,54.920659,On or near Edward Burdis Street,E01008709,Sunderland 005B,Violence and sexual offences,Under investigation,
36b00f3811cb5954b152ecd1629f855e1822f3ffbe2103f2c00020397e0e6255,2026-01,Northumbria Police,Northumbria Police,-1.396399,54.919158,On or near Lee Street,E01008709,Sunderland 005B,Violence and sexual offences,Awaiting court outcome,
dba9358098e55132b27f25076f922aa4245f6af65f04df33e830ac2ff3ed75a0,2026-01,Northumbria Police,Northumbria Police,-1.396392,54.920659,On or near Edward Burdis Street,E01008709,Sunderland 005B,Violence and sexual offences,Investigation complete; no suspect identified,
922401803318dec342d826ff2c97a2ad5e88d4e6ea71dbddf67255ee5ffdba0e,2026-01,Northumbria Police,Northumbria Police,-1.385695,54.915133,On or near Stadium Way,E01008711,Sunderland 005D,Criminal damage and arson,Under investigation,
e60d8fca572f49d2fa058e568f0319e31ba1cb0b88511b04c0ae8121b803c98e,2026-01,Northumbria Police,Northumbria Police,-1.388110,54.914354,On or near Sports/Recreation Area,E01008711,Sunderland 005D,Drugs,Under investigation,
4c736ad9773ca521a9019a8251d0b19f0325b78a13859eed18fce7f9b535eded,2026-01,Northumbria Police,Northumbria Police,-1.388110,54.914354,On or near Sports/Recreation Area,E01008711,Sunderland 005D,Public order,Under investigation,
fac762e85fa98ab9c9baf33bd3e72af71a7a7d387e7defe33a4ee486b6eed4c5,2026-01,Northumbria Police,Northumbria Police,-1.386785,54.924547,On or near Hospital,E01008711,Sunderland 005D,Violence and sexual offences,Under investigation,
c7a16d16b0ae1da2ad1fecfc4252ccff245ed1afc8f781f7462a21cb6b95113c,2026-01,Northumbria Police,Northumbria Police,-1.385346,54.916596,On or near Eglinton Street,E01008711,Sunderland 005D,Violence and sexual offences,Under investigation,
21e45445b6f2d66dd6ee85e8b738b73c0e46e3abc60732b566b1db79324ff1e7,2026-01,Northumbria Police,Northumbria Police,-1.385695,54.915133,On or near Stadium Way,E01008711,Sunderland 005D,Violence and sexual offences,Under investigation,
3f9ac444b76263b0f7c619bb68557ff243979b3a843953958fa1d059fad79bd8,2026-01,Northumbria Police,Northumbria Police,-1.388110,54.914354,On or near Sports/Recreation Area,E01008711,Sunderland 005D,Other crime,Under investigation,
,2026-01,Northumbria Police,Northumbria Police,-1.397555,54.923370,On or near Supermarket,E01034514,Sunderland 005H,Anti-social behaviour,,
,2026-01,Northumbria Police,Northumbria Police,-1.410384,54.919766,On or near Darwin Street,E01034514,Sunderland 005H,Anti-social behaviour,,
,2026-01,Northumbria Police,Northumbria Police,-1.400861,54.921229,On or near Goschen Street,E01034514,Sunderland 005H,Anti-social behaviour,,
,2026-01,Northumbria Police,Northumbria Police,-1.410063,54.921463,On or near Florence Crescent,E01034514,Sunderland 005H,Anti-social behaviour,,
,2026-01,Northumbria Police,Northumbria Police,-1.398232,54.922798,On or near Coldstream Avenue,E01034514,Sunderland 005H,Anti-social behaviour,,
,2026-01,Northumbria Police,Northumbria Police,-1.410384,54.919766,On or near Darwin Street,E01034514,Sunderland 005H,Anti-social behaviour,,
bb1f11d55d3b46124f31beadea695dd01c165330a69bb9fe51e465b583b54d21,2026-01,Northumbria Police,Northumbria Police,-1.403894,54.922961,On or near Cato Street,E01034514,Sunderland 005H,Criminal damage and arson,Investigation complete; no suspect identified,
8531303d3f87aad44f0728f443a30ca562f9b43f1a503b5851d9867f0078993e,2026-01,Northumbria Police,Northumbria Police,-1.405547,54.918754,On or near Police Station,E01034514,Sunderland 005H,Criminal damage and arson,Awaiting court outcome,
286d474d527ed483e076f900535e772278c028b346a62f449cb4265d1c538ae7,2026-01,Northumbria Police,Northumbria Police,-1.405547,54.918754,On or near Police Station,E01034514,Sunderland 005H,Criminal damage and arson,Under investigation,
babdf6a16c32b8c790ae4cc311dcf7cfde5d7ef603176fb398e352003d273ed2,2026-01,Northumbria Police,Northumbria Police,-1.406510,54.921176,On or near James Street,E01034514,Sunderland 005H,Criminal damage and arson,Under investigation,
030d62fc343b513f023375879410d4f0c176ec39a68728b9413b26ffdb645469,2026-01,Northumbria Police,Northumbria Police,-1.403266,54.922158,On or near Churchill Avenue,E01034514,Sunderland 005H,Criminal damage and arson,Investigation complete; no suspect identified,
8c42b24e32d9a7318e6eb7d62e5c5fabacf999beed9ffefc342525e99602fe39,2026-01,Northumbria Police,Northumbria Police,-1.402061,54.924515,On or near Scoresby Close,E01034514,Sunderland 005H,Other theft,Under investigation,
a2711d070e288e29651580a4de70a5568846573accbac0487af9ed8cc2106d24,2026-01,Northumbria Police,Northumbria Police,-1.397555,54.923370,On or near Supermarket,E01034514,Sunderland 005H,Shoplifting,Under investigation,
d079a32eac058e4bee3ee7f29ced3711a7b6e8e6c7523c8dfe536f17ccdfdf6c,2026-01,Northumbria Police,Northumbria Police,-1.397555,54.923370,On or near Supermarket,E01034514,Sunderland 005H,Shoplifting,Investigation complete; no suspect identified,
e0d955148d1f191dbe956dd92db686826160d9bbb59b08296b452e0da918a271,2026-01,Northumbria Police,Northumbria Police,-1.402445,54.919628,On or near The Green,E01034514,Sunderland 005H,Shoplifting,Investigation complete; no suspect identified,
ed542561a640049c759f769cc0862841598d622b3b165a79cb88b1ea10b1d5aa,2026-01,Northumbria Police,Northumbria Police,-1.397555,54.923370,On or near Supermarket,E01034514,Sunderland 005H,Shoplifting,Investigation complete; no suspect identified,
493932ce2ce6315c948a5830e26a771cee309c70e0c3e5ef4593d9ab7db63957,2026-01,Northumbria Police,Northumbria Police,-1.397555,54.923370,On or near Supermarket,E01034514,Sunderland 005H,Shoplifting,Investigation complete; no suspect identified,
bd95a5b2136a61af21d51d7b5e0fd0205d347ea0cf6302eaef2f38a251bdf142,2026-01,Northumbria Police,Northumbria Police,-1.397555,54.923370,On or near Supermarket,E01034514,Sunderland 005H,Shoplifting,Investigation complete; no suspect identified,
bedac95d4a135be76b9ac27ab16bb4915a60240a46e3cf9d2e77240c9dcc01b7,2026-01,Northumbria Police,Northumbria Police,-1.402445,54.919628,On or near The Green,E01034514,Sunderland 005H,Shoplifting,Under investigation,
4011abddefff188e1d00cc70b768357ab50318c64ec7be3e4e128df6d0c33448,2026-01,Northumbria Police,Northumbria Police,-1.402445,54.919628,On or near The Green,E01034514,Sunderland 005H,Shoplifting,Under investigation,
06ac3a4d142eb1285f676b7734b696c534ff26166dca6b9b305e564e4a3d0edd,2026-01,Northumbria Police,Northumbria Police,-1.397555,54.923370,On or near Supermarket,E01034514,Sunderland 005H,Shoplifting,Investigation complete; no suspect identified,
fb59ebffc47af33ef7d9f0403b0225928ef25a285b2e935f19ded539a9b612b1,2026-01,Northumbria Police,Northumbria Police,-1.397555,54.923370,On or near Supermarket,E01034514,Sunderland 005H,Shoplifting,Investigation complete; no suspect identified,
7de99d9300b10e0071eadcfc035994a19565b52d8c09072a786d8dd0316a5fea,2026-01,Northumbria Police,Northumbria Police,-1.397555,54.923370,On or near Supermarket,E01034514,Sunderland 005H,Shoplifting,Under investigation,
3add75dd6d43129c83dc19b644b86923a74ba1fa7be78419f0fdff5e4795d28d,2026-01,Northumbria Police,Northumbria Police,-1.402445,54.919628,On or near The Green,E01034514,Sunderland 005H,Violence and sexual offences,Under investigation,
157af9810690b7ce9f375027976caf4182d8be4944daa7ee03bfe600f697b121,2026-01,Northumbria Police,Northumbria Police,-1.405547,54.918754,On or near Police Station,E01034514,Sunderland 005H,Violence and sexual offences,Under investigation,
942178275eaa4e574412ca837b41448d2cf3cb6aad786c74aa90b5ce53be6802,2026-01,Northumbria Police,Northumbria Police,-1.410384,54.919766,On or near Darwin Street,E01034514,Sunderland 005H,Violence and sexual offences,Under investigation,
9fbfce98ab4aae7b7a60800f3f75f2d4145b7968ec7d44c7378fdabddeaa198c,2026-01,Northumbria Police,Northumbria Police,-1.398232,54.922798,On or near Coldstream Avenue,E01034514,Sunderland 005H,Violence and sexual offences,Under investigation,
9b149448bd9d512b0dbd823c4aad92c2f690868415a9796ea0025041225d265f,2026-01,Northumbria Police,Northumbria Police,-1.406510,54.921176,On or near James Street,E01034514,Sunderland 005H,Violence and sexual offences,Awaiting court outcome,
1d5e838bffce3ed66f5ce38c01b43ceaa24044dd45934480eed030776caed7ae,2026-01,Northumbria Police,Northumbria Police,-1.406510,54.921176,On or near James Street,E01034514,Sunderland 005H,Other crime,Investigation complete; no suspect identified,
,2026-01,Northumbria Police,Northumbria Police,-1.376057,54.924088,On or near Mansfield Crescent,E01008786,Sunderland 006A,Anti-social behaviour,,
,2026-01,Northumbria Police,Northumbria Police,-1.380625,54.917219,On or near Portobello Lane,E01008787,Sunderland 006B,Anti-social behaviour,,
c4f627e50a285f38183fa00a83a6b80998d15d18b79e57a6a22e74b3e8e7cd8b,2026-01,Northumbria Police,Northumbria Police,-1.372444,54.917617,On or near Brandling Street South,E01008787,Sunderland 006B,Criminal damage and arson,Investigation complete; no suspect identified,
30e91bfa11ec574c5b0e4b505df6a8e76b290618ba5237487cecf7e72dfa3d86,2026-01,Northumbria Police,Northumbria Police,-1.375146,54.920462,On or near Roker Baths Road,E01008788,Sunderland 006C,Violence and sexual offences,Awaiting court outcome,
b2a5d1a57e9cf8fc53f69bbdcba867eadf7f7ae417b2d702e7122f0ffa2ecdf3,2026-01,Northumbria Police,Northumbria Police,-1.378491,54.920012,On or near Moreland Street,E01008788,Sunderland 006C,Violence and sexual offences,Under investigation,
b8326b535e7ed76bce52ff433fc24fa52f7147577d2c6b5e6f30077ed5be7eea,2026-01,Northumbria Police,Northumbria Police,-1.368108,54.920560,On or near Harbour View,E01008789,Sunderland 006D,Shoplifting,Investigation complete; no suspect identified,
660588cbe34606a45a2108a87a1637dc14320f3ec4524b7aa6846b1c81395154,2026-01,Northumbria Police,Northumbria Police,-1.366129,54.920397,On or near Bloomfield Court,E01008789,Sunderland 006D,Violence and sexual offences,Investigation complete; no suspect identified,
,2026-01,Northumbria Police,Northumbria Police,-1.368686,54.921471,On or near Benedict Road,E01008790,Sunderland 006E,Anti-social behaviour,,
,2026-01,Northumbria Police,Northumbria Police,-1.371743,54.919555,On or near Cooper Street,E01008790,Sunderland 006E,Anti-social behaviour,,
,2026-01,Northumbria Police,Northumbria Police,-1.372697,54.920413,On or near Brandling Street,E01008790,Sunderland 006E,Anti-social behaviour,,
42432318a6dd810b52f03fadc3e91f68a6ad4b43797d4f67bde0917dec73f95b,2026-01,Northumbria Police,Northumbria Police,-1.372697,54.920413,On or near Brandling Street,E01008790,Sunderland 006E,Criminal damage and arson,Under investigation,
d96a42b6fb0ed68d6963d39a1e4ac4f0248a720ccc7b634ee6e1f5fd9cfeffe8,2026-01,Northumbria Police,Northumbria Police,-1.373590,54.919187,On or near Hartington Street,E01008790,Sunderland 006E,Other theft,Under investigation,
0c7c7aa8e53e60985d1bde25814929eaeb85e50c8aa7d5b07d6fbf878e9c53b0,2026-01,Northumbria Police,Northumbria Police,-1.372697,54.920413,On or near Brandling Street,E01008790,Sunderland 006E,Violence and sexual offences,Investigation complete; no suspect identified,
65731870aa6f6c11143cf678e97d55101848e72ba7f86ab6adf9220b801d22dd,2026-01,Northumbria Police,Northumbria Police,-1.371743,54.919555,On or near Cooper Street,E01008790,Sunderland 006E,Violence and sexual offences,Under investigation,
0fff4bc38a0fb1b1a6270762658efe948958a2c244a37ea86be4ca606c5c3fc3,2026-01,Northumbria Police,Northumbria Police,-1.373590,54.919187,On or near Hartington Street,E01008790,Sunderland 006E,Other crime,Under investigation,
,2026-01,Northumbria Police,Northumbria Police,-1.381709,54.915714,On or near Wearmouth Street,E01008791,Sunderland 006F,Anti-social behaviour,,
,2026-01,Northumbria Police,Northumbria Police,-1.381709,54.915714,On or near Wearmouth Street,E01008791,Sunderland 006F,Anti-social behaviour,,
,2026-01,Northumbria Police,Northumbria Police,-1.371261,54.914448,On or near Huddlestone Rise,E01008791,Sunderland 006F,Anti-social behaviour,,
,2026-01,Northumbria Police,Northumbria Police,-1.381709,54.915714,On or near Wearmouth Street,E01008791,Sunderland 006F,Anti-social behaviour,,
,2026-01,Northumbria Police,Northumbria Police,-1.381709,54.915714,On or near Wearmouth Street,E01008791,Sunderland 006F,Anti-social behaviour,,
,2026-01,Northumbria Police,Northumbria Police,-1.381709,54.915714,On or near Wearmouth Street,E01008791,Sunderland 006F,Anti-social behaviour,,
,2026-01,Northumbria Police,Northumbria Police,-1.381709,54.915714,On or near Wearmouth Street,E01008791,Sunderland 006F,Anti-social behaviour,,
,2026-01,Northumbria Police,Northumbria Police,-1.381709,54.915714,On or near Wearmouth Street,E01008791,Sunderland 006F,Anti-social behaviour,,
,2026-01,Northumbria Police,Northumbria Police,-1.381709,54.915714,On or near Wearmouth Street,E01008791,Sunderland 006F,Anti-social behaviour,,
,2026-01,Northumbria Police,Northumbria Police,-1.381709,54.915714,On or near Wearmouth Street,E01008791,Sunderland 006F,Anti-social behaviour,,
,2026-01,Northumbria Police,Northumbria Police,-1.383530,54.913899,On or near Back North Bridge Street,E01008791,Sunderland 006F,Anti-social behaviour,,
,2026-01,Northumbria Police,Northumbria Police,-1.383530,54.913899,On or near Back North Bridge Street,E01008791,Sunderland 006F,Anti-social behaviour,,
,2026-01,Northumbria Police,Northumbria Police,-1.381709,54.915714,On or near Wearmouth Street,E01008791,Sunderland 006F,Anti-social behaviour,,
,2026-01,Northumbria Police,Northumbria Police,-1.381709,54.915714,On or near Wearmouth Street,E01008791,Sunderland 006F,Anti-social behaviour,,
,2026-01,Northumbria Police,Northumbria Police,-1.371261,54.914448,On or near Huddlestone Rise,E01008791,Sunderland 006F,Anti-social behaviour,,
,2026-01,Northumbria Police,Northumbria Police,-1.381709,54.915714,On or near Wearmouth Street,E01008791,Sunderland 006F,Anti-social behaviour,,
,2026-01,Northumbria Police,Northumbria Police,-1.375503,54.916492,On or near Roker Avenue,E01008791,Sunderland 006F,Anti-social behaviour,,
3db74e11f5fe746fcc6e5e73e526857d42e2f522ddf4100bb6c06c6a02c69f67,2026-01,Northumbria Police,Northumbria Police,-1.375503,54.916492,On or near Roker Avenue,E01008791,Sunderland 006F,Criminal damage and arson,Investigation complete; no suspect identified,
778ec7d87acad87f70f0c2cacf03a11eb3751735ca3c5e3fb1fca80c94d9e20c,2026-01,Northumbria Police,Northumbria Police,-1.370327,54.916285,On or near Petrol Station,E01008791,Sunderland 006F,Shoplifting,Investigation complete; no suspect identified,
8fa2cff44433bc3c4ed827d91ec9a23503ef70443802e56de0f19dcc14728e90,2026-01,Northumbria Police,Northumbria Police,-1.382574,54.912196,On or near Barclay Street,E01008791,Sunderland 006F,Violence and sexual offences,Under investigation,
,2026-01,Northumbria Police,Northumbria Police,-1.511261,54.922496,On or near Marwell Drive,E01008855,Sunderland 007A,Anti-social behaviour,,
,2026-01,Northumbria Police,Northumbria Police,-1.509684,54.917448,On or near Trafalgar Road,E01008855,Sunderland 007A,Anti-social behaviour,,
,2026-01,Northumbria Police,Northumbria Police,-1.509684,54.917448,On or near Trafalgar Road,E01008855,Sunderland 007A,Anti-social behaviour,,
3b3f4ffe95d56613f072dd59fec694f7f2ca9551bc43f53c92428246ab0f810f,2026-01,Northumbria Police,Northumbria Police,-1.515587,54.922136,On or near Stephenson Road,E01008855,Sunderland 007A,Burglary,Investigation complete; no suspect identified,
b294bf97f65187d740c8605df03aa402075ba0cfb8e92c2af61efe31538419d7,2026-01,Northumbria Police,Northumbria Police,-1.507785,54.924746,On or near Waterloo Road,E01008855,Sunderland 007A,Violence and sexual offences,Under investigation,
,2026-01,Northumbria Police,Northumbria Police,-1.526240,54.918448,On or near Parking Area,E01008856,Sunderland 007B,Anti-social behaviour,,
,2026-01,Northumbria Police,Northumbria Police,-1.526240,54.918448,On or near Parking Area,E01008856,Sunderland 007B,Anti-social behaviour,,
,2026-01,Northumbria Police,Northumbria Police,-1.533368,54.919905,On or near High Croft,E01008876,Sunderland 007C,Anti-social behaviour,,
5fa84a9973c15b8d645bf291028e88a0111ea7b512b36ca871d7b80148cad350,2026-01,Northumbria Police,Northumbria Police,-1.524722,54.926791,On or near Dalmahoy,E01008876,Sunderland 007C,Violence and sexual offences,Under investigation,
,2026-01,Northumbria Police,Northumbria Police,-1.549089,54.920404,On or near Aldsworth Close,E01008877,Sunderland 007D,Anti-social behaviour,,
,2026-01,Northumbria Police,Northumbria Police,-1.558808,54.920386,On or near Springwell Road,E01008877,Sunderland 007D,Anti-social behaviour,,
,2026-01,Northumbria Police,Northumbria Police,-1.441186,54.917198,On or near Elizabeth Street,E01008693,Sunderland 008A,Anti-social behaviour,,
49dd9b3c38ef8e6dd17e30eff663b867d7459493cf176cea4f1f4a8ed2ed294a,2026-01,Northumbria Police,Northumbria Police,-1.439673,54.916040,On or near Oswald Terrace South,E01008693,Sunderland 008A,Criminal damage and arson,Under investigation,
28f32be3a780ea1689d15886811f97713560a94279ea6b86de32aaf3d14efeb3,2026-01,Northumbria Police,Northumbria Police,-1.434352,54.918352,On or near Castellian Road,E01008693,Sunderland 008A,Shoplifting,Investigation complete; no suspect identified,
33dfee4cb936b5c70ae1b68252a32b37818efd8eb6bf2f5538c4244001725cc1,2026-01,Northumbria Police,Northumbria Police,-1.438670,54.916377,On or near Calshot Road,E01008693,Sunderland 008A,Violence and sexual offences,Under investigation,
6d286bad7f71d77f5dad745fea851c9fdf1eaa50648a8918ad2be80433851809,2026-01,Northumbria Police,Northumbria Police,-1.438670,54.916377,On or near Calshot Road,E01008693,Sunderland 008A,Violence and sexual offences,Under investigation,
812b63ecb7e483fd13a13a05a3afb4bde9217193d1cb13bfd68332be59bd3e50,2026-01,Northumbria Police,Northumbria Police,-1.451858,54.922818,On or near Supermarket,E01008694,Sunderland 008B,Shoplifting,Investigation complete; no suspect identified,
f09b0feafb3fa6b46c1594a15afce82c9220e64193c8af21801a0ea2e70c623c,2026-01,Northumbria Police,Northumbria Police,-1.451858,54.922818,On or near Supermarket,E01008694,Sunderland 008B,Shoplifting,Investigation complete; no suspect identified,
5c59994c8befa665bfa2131f3fa5c7fa329625c5c2b5a0b9026cd714ac5f991c,2026-01,Northumbria Police,Northumbria Police,-1.451791,54.920885,On or near Cheltenham Square,E01008694,Sunderland 008B,Other crime,Investigation complete; no suspect identified,
18a292ea80db909ee2ce65c88a4a395d178d10bae4087a995e04631e4f239af7,2026-01,Northumbria Police,Northumbria Police,-1.454108,54.920258,On or near Cheam Road,E01008695,Sunderland 008C,Other theft,Under investigation,
70df54a4fae225c4b070e074072d732a8e15d95799945395b24ff3a41df84f38,2026-01,Northumbria Police,Northumbria Police,-1.454108,54.920258,On or near Cheam Road,E01008695,Sunderland 008C,Violence and sexual offences,Investigation complete; no suspect identified,
,2026-01,Northumbria Police,Northumbria Police,-1.444615,54.917375,On or near Ernwill Avenue,E01008697,Sunderland 008E,Anti-social behaviour,,
,2026-01,Northumbria Police,Northumbria Police,-1.440983,54.918347,On or near Castle View,E01008697,Sunderland 008E,Anti-social behaviour,,
777e8745d53c2503296612cf2fdedfeda4cdfdea64582a84beab54cce9449ff5,2026-01,Northumbria Police,Northumbria Police,-1.451168,54.912777,On or near Laburnum Grove,E01008697,Sunderland 008E,Criminal damage and arson,Investigation complete; no suspect identified,
6ecd38da7b0a0ec48340d2690a52af5681b02974715e4d438ee76e60fadae2ec,2026-01,Northumbria Police,Northumbria Police,-1.451168,54.912777,On or near Laburnum Grove,E01008697,Sunderland 008E,Criminal damage and arson,Investigation complete; no suspect identified,
6051337c61fe97f0226a88b895a82d5c2563a698845131836ff6411241d41adf,2026-01,Northumbria Police,Northumbria Police,-1.444993,54.913755,On or near Petrol Station,E01008697,Sunderland 008E,Public order,Investigation complete; no suspect identified,
4bceb56716f11a08748ba5b49f0c732d672948c5086089a47791af77c75341fc,2026-01,Northumbria Police,Northumbria Police,-1.440462,54.917662,On or near Stanley Street,E01008697,Sunderland 008E,Violence and sexual offences,Under investigation,
ac717876f69ef88941a2cef2e193427a88d760aeb6bf50cf919b2f237c39f41e,2026-01,Northumbria Police,Northumbria Police,-1.440462,54.917662,On or near Stanley Street,E01008697,Sunderland 008E,Violence and sexual offences,Under investigation,
,2026-01,Northumbria Police,Northumbria Police,-1.459518,54.922879,On or near Caithness Square,E01008699,Sunderland 008F,Anti-social behaviour,,
,2026-01,Northumbria Police,Northumbria Police,-1.458685,54.924484,On or near Cockermouth Road,E01008699,Sunderland 008F,Anti-social behaviour,,
bb0f7437ad23128581f87c3cd6fa962ef8613565a389105f08023d60bee4dc2f,2026-01,Northumbria Police,Northumbria Police,-1.458685,54.924484,On or near Cockermouth Road,E01008699,Sunderland 008F,Criminal damage and arson,Investigation complete; no suspect identified,
598aa685572f8db4907ddae0f058774ba043531782a41f75015e718862e4c87b,2026-01,Northumbria Police,Northumbria Police,-1.459260,54.923534,On or near Crimea Road,E01008699,Sunderland 008F,Vehicle crime,Investigation complete; no suspect identified,
,2026-01,Northumbria Police,Northumbria Police,-1.522920,54.912855,On or near Victoria Road,E01008853,Sunderland 009A,Anti-social behaviour,,
,2026-01,Northumbria Police,Northumbria Police,-1.522920,54.912855,On or near Victoria Road,E01008853,Sunderland 009A,Anti-social behaviour,,
,2026-01,Northumbria Police,Northumbria Police,-1.518961,54.912597,On or near Front Street,E01008853,Sunderland 009A,Anti-social behaviour,,
,2026-01,Northumbria Police,Northumbria Police,-1.521257,54.913729,On or near House Terrace,E01008853,Sunderland 009A,Anti-social behaviour,,
,2026-01,Northumbria Police,Northumbria Police,-1.515371,54.910781,On or near Bus/Coach Station,E01008853,Sunderland 009A,Anti-social behaviour,,
,2026-01,Northumbria Police,Northumbria Police,-1.522920,54.912855,On or near Victoria Road,E01008853,Sunderland 009A,Anti-social behaviour,,
f5773f90bdf0afc48f67e694c71f909ceaf58d43d69f12534f417bed0bfe1507,2026-01,Northumbria Police,Northumbria Police,-1.515371,54.910781,On or near Bus/Coach Station,E01008853,Sunderland 009A,Criminal damage and arson,Investigation complete; no suspect identified,
a85d03853ee515319a9920832ee26ba2afff848fe389b52cd3cd096d08178bb8,2026-01,Northumbria Police,Northumbria Police,-1.521200,54.911922,On or near Parking Area,E01008853,Sunderland 009A,Other theft,Investigation complete; no suspect identified,
23d14aca824d9f4bed5b20401733899780d3b5115be273c15607694cd960204b,2026-01,Northumbria Police,Northumbria Police,-1.522920,54.912855,On or near Victoria Road,E01008853,Sunderland 009A,Shoplifting,Awaiting court outcome,
df5ada6f2a2624559cbe8e07a842669b2ea22dc087a46cb2dc9b4174c65a5a07,2026-01,Northumbria Police,Northumbria Police,-1.522920,54.912855,On or near Victoria Road,E01008853,Sunderland 009A,Shoplifting,Awaiting court outcome,
a153c6df2debff410d5780fe3a0ec2b168d3430dbf8ffac6419898a11b533f44,2026-01,Northumbria Police,Northumbria Police,-1.520531,54.907831,On or near Spout Lane,E01008853,Sunderland 009A,Violence and sexual offences,Under investigation,
022e0cfa175e5e85063f0e2c09912b1e54299aec47eb3bfa1e3d437fb2a8a669,2026-01,Northumbria Police,Northumbria Police,-1.520531,54.907831,On or near Spout Lane,E01008853,Sunderland 009A,Violence and sexual offences,Under investigation,
05a2678b78d79b7bd0ea22a23f2c186360d74038866929d0a175729163bca139,2026-01,Northumbria Police,Northumbria Police,-1.520531,54.907831,On or near Spout Lane,E01008853,Sunderland 009A,Violence and sexual offences,Under investigation,
842cd0791481f10e00d19e2496c7d122acf1346fff5873d32f0358b9e92cc340,2026-01,Northumbria Police,Northumbria Police,-1.520531,54.907831,On or near Spout Lane,E01008853,Sunderland 009A,Violence and sexual offences,Under investigation,
,2026-01,Northumbria Police,Northumbria Police,-1.518438,54.912001,On or near Laurens Court,E01008854,Sunderland 009B,Anti-social behaviour,,
,2026-01,Northumbria Police,Northumbria Police,-1.518438,54.912001,On or near Laurens Court,E01008854,Sunderland 009B,Anti-social behaviour,,
aa76b021af815e42785bcc0fada7068ac2dc9b11557edb3cdfae1391fb56f1bd,2026-01,Northumbria Police,Northumbria Police,-1.507154,54.915092,On or near Marlborough Road,E01008854,Sunderland 009B,Criminal damage and arson,Investigation complete; no suspect identified,
4e83530153d9f557c66bf2e0745cb51ae642291236741c30a8879efd18a66ed5,2026-01,Northumbria Police,Northumbria Police,-1.507154,54.915092,On or near Marlborough Road,E01008854,Sunderland 009B,Other theft,Investigation complete; no suspect identified,
4b5ca439ddf67901d96d0412d543c2d2715f9e2f8919962ebaa78159bddc259d,2026-01,Northumbria Police,Northumbria Police,-1.519269,54.911618,On or near Vermont,E01008854,Sunderland 009B,Vehicle crime,Under investigation,
44f73f2d1620d961aef864723a791f0c63616ad1dbad74299d1cb3d359c5fe22,2026-01,Northumbria Police,Northumbria Police,-1.507154,54.915092,On or near Marlborough Road,E01008854,Sunderland 009B,Violence and sexual offences,Offender given a caution,
9bf3f7ae6725211ee8e74a96e0f64308f3d67d870d1df1dbeb272dbed9017ef0,2026-01,Northumbria Police,Northumbria Police,-1.507154,54.915092,On or near Marlborough Road,E01008854,Sunderland 009B,Violence and sexual offences,Under investigation,
e3207e18a6fc65e088445972b8fbd2fd211c4ecf131cbec0caaf1566c264dc6a,2026-01,Northumbria Police,Northumbria Police,-1.507154,54.915092,On or near Marlborough Road,E01008854,Sunderland 009B,Violence and sexual offences,Offender given a caution,
499278a6fb0698996bf3d8bfa905c26fc3b402b17d3a311edf0da480b8159570,2026-01,Northumbria Police,Northumbria Police,-1.531993,54.916898,On or near Sports/Recreation Area,E01008857,Sunderland 009C,Violence and sexual offences,Investigation complete; no suspect identified,
,2026-01,Northumbria Police,Northumbria Police,-1.523479,54.913127,On or near Concord Bus Station,E01008858,Sunderland 009D,Anti-social behaviour,,
,2026-01,Northumbria Police,Northumbria Police,-1.523479,54.913127,On or near Concord Bus Station,E01008858,Sunderland 009D,Anti-social behaviour,,
,2026-01,Northumbria Police,Northumbria Police,-1.523479,54.913127,On or near Concord Bus Station,E01008858,Sunderland 009D,Anti-social behaviour,,
9b3b6440827e84ffafbe7344b1a9a439b05a2446ef1a1abb849e36ea2f7fca1d,2026-01,Northumbria Police,Northumbria Police,-1.523613,54.916326,On or near Park Grove,E01008858,Sunderland 009D,Burglary,Under investigation,
,2026-01,Northumbria Police,Northumbria Police,-1.510173,54.913119,On or near Usworth Station Road,E01008859,Sunderland 009E,Anti-social behaviour,,
,2026-01,Northumbria Police,Northumbria Police,-1.510173,54.913119,On or near Usworth Station Road,E01008859,Sunderland 009E,Anti-social behaviour,,
ef8177371337452b169249d8956f6433ea691a401e007a96df3c78a08125922c,2026-01,Northumbria Police,Northumbria Police,-1.510173,54.913119,On or near Usworth Station Road,E01008859,Sunderland 009E,Burglary,Under investigation,
01b634a5b2f19ed511b9f6673bc334049a30aa9d73ea81b863b99188f85a92ea,2026-01,Northumbria Police,Northumbria Police,-1.510173,54.913119,On or near Usworth Station Road,E01008859,Sunderland 009E,Criminal damage and arson,Awaiting court outcome,
416974297d95c8819e1fec3ec0fe85d3e2d2609437352631901d5aa11cce41f3,2026-01,Northumbria Police,Northumbria Police,-1.510173,54.913119,On or near Usworth Station Road,E01008859,Sunderland 009E,Drugs,Awaiting court outcome,
495833ac57b87ec10f3baa4bf377b3c6b77fe1a3752b3720f4ad5b1e933c32dc,2026-01,Northumbria Police,Northumbria Police,-1.510173,54.913119,On or near Usworth Station Road,E01008859,Sunderland 009E,Violence and sexual offences,Under investigation,
07c4e7ff78ef3d256e0b1e14f44523051dd228f1084bc91b58b40adb59da759e,2026-01,Northumbria Police,Northumbria Police,-1.510173,54.913119,On or near Usworth Station Road,E01008859,Sunderland 009E,Violence and sexual offences,Under investigation,
,2026-01,Northumbria Police,Northumbria Police,-1.522720,54.911308,On or near A1290,E01008860,Sunderland 009F,Anti-social behaviour,,
e5df6f1f2ccfba490a75b238989e753831df0de5ef3a3c50f3305b7b6a69bbf1,2026-01,Northumbria Police,Northumbria Police,-1.531238,54.913858,On or near Weardale Avenue,E01008860,Sunderland 009F,Public order,Under investigation,
20ec3d7ee613f1f84131b55022fe32fff725e45ffa1e79863879e34d8e115b7f,2026-01,Northumbria Police,Northumbria Police,-1.529709,54.915272,On or near South Avenue,E01008860,Sunderland 009F,Other crime,Under investigation,
0777eaeaff7c839091b7914e9ecf72bd5ea0ab40fb25685520f3a741d0517a2f,2026-01,Northumbria Police,Northumbria Police,-1.536933,54.915120,On or near Bristol Avenue,E01008878,Sunderland 009G,Drugs,Local resolution,
,2026-01,Northumbria Police,Northumbria Police,-1.548560,54.904892,On or near Knoulberry Road,E01008873,Sunderland 010A,Anti-social behaviour,,
795333a708eb1c07a12748b14fbb8aaff2d6f05c8d0b562495c23630bb5d46dd,2026-01,Northumbria Police,Northumbria Police,-1.549025,54.906529,On or near Highheath,E01008873,Sunderland 010A,Violence and sexual offences,Under investigation,
,2026-01,Northumbria Police,Northumbria Police,-1.541631,54.902521,On or near Stridingedge,E01008874,Sunderland 010B,Anti-social behaviour,,
,2026-01,Northumbria Police,Northumbria Police,-1.542064,54.904221,On or near Tor Mere Close,E01008874,Sunderland 010B,Anti-social behaviour,,
,2026-01,Northumbria Police,Northumbria Police,-1.535002,54.906315,On or near Sports/Recreation Area,E01008874,Sunderland 010B,Anti-social behaviour,,
2de4a2cd281f7a6c59ec00a1d033e28b8d044989a905d0c047ef849d01e7fffe,2026-01,Northumbria Police,Northumbria Police,-1.533423,54.904385,On or near Elterwater,E01008874,Sunderland 010B,Shoplifting,Investigation complete; no suspect identified,
f58e666c60dca4ceede15c90a91cb6e298b3e5b0ef65a743b90a9729d4b2f65c,2026-01,Northumbria Police,Northumbria Police,-1.533423,54.904385,On or near Elterwater,E01008874,Sunderland 010B,Shoplifting,Under investigation,
7d2adf39e69a4a4350489254e61cbc695a00188a484e6afdb3182623bbc8ac4c,2026-01,Northumbria Police,Northumbria Police,-1.540816,54.911135,On or near Parsons Road,E01008875,Sunderland 010C,Other theft,Investigation complete; no suspect identified,
b3d1f8d50b50b1db888efd25bf0ec470831b355176d5e1680557e0744cadb41e,2026-01,Northumbria Police,Northumbria Police,-1.540816,54.911135,On or near Parsons Road,E01008875,Sunderland 010C,Vehicle crime,Under investigation,
,2026-01,Northumbria Police,Northumbria Police,-1.530582,54.909928,On or near Albany Way,E01008879,Sunderland 010D,Anti-social behaviour,,
48518bc810a1bfe033ef8d0ce2a65ddfc760f29a2366fe8e0639a8141c463677,2026-01,Northumbria Police,Northumbria Police,-1.537006,54.908740,On or near Moorside,E01008879,Sunderland 010D,Shoplifting,Awaiting court outcome,
cbf19a33824970cc5a433fdd588de0bd2b20fe4ef23e1883da0dbde2f7b5fa3d,2026-01,Northumbria Police,Northumbria Police,-1.540477,54.912159,On or near Parking Area,E01008879,Sunderland 010D,Violence and sexual offences,Under investigation,
150b37f7ca8e3d644927208ddcca21a1e1e12b113e9f95462a183aa0056883e1,2026-01,Northumbria Police,Northumbria Police,-1.533748,54.911315,On or near Saddleback,E01008879,Sunderland 010D,Violence and sexual offences,Under investigation,
,2026-01,Northumbria Police,Northumbria Police,-1.528174,54.906486,On or near Blencathra,E01008880,Sunderland 010E,Anti-social behaviour,,
5a3ebcceabaa8f5771e0e2d64b6d46062701dad2a43a90c9e10fdd9e51aca474,2026-01,Northumbria Police,Northumbria Police,-1.532128,54.905773,On or near Arklecrag,E01008880,Sunderland 010E,Violence and sexual offences,Under investigation,
e019764d62ae0d764937f3c936246a36899130e11f42059ef58e0e0cefe03bff,2026-01,Northumbria Police,Northumbria Police,-1.406431,54.907480,On or near King'S Place,E01008704,Sunderland 011B,Burglary,Under investigation,
40b8d2ed2998f6184a3a8ec89590400bbcd4900ba2fb256c3155f1c957763967,2026-01,Northumbria Police,Northumbria Police,-1.405934,54.906265,On or near Pickard Street,E01008704,Sunderland 011B,Shoplifting,Awaiting court outcome,
852bb55b548002bbb1a58c6908b7246bf41db8d1777012b451f27d2bc80f0d7b,2026-01,Northumbria Police,Northumbria Police,-1.405934,54.906265,On or near Pickard Street,E01008704,Sunderland 011B,Shoplifting,Under investigation,
f3bb4620381ba3870d3f882a45d8c621daaa152ea50b15c1b4a0a7f9c616159e,2026-01,Northumbria Police,Northumbria Police,-1.408959,54.905219,On or near Walpole Court,E01008704,Sunderland 011B,Violence and sexual offences,Under investigation,
dec6d0f0c75427109a59070cfeffbc2a13abb1498286bae593ddd4c6df7ae05a,2026-01,Northumbria Police,Northumbria Police,-1.409085,54.903045,On or near Hospital,E01008704,Sunderland 011B,Violence and sexual offences,Investigation complete; no suspect identified,
,2026-01,Northumbria Police,Northumbria Police,-1.405177,54.904697,On or near Gilsland Street,E01008706,Sunderland 011C,Anti-social behaviour,,
,2026-01,Northumbria Police,Northumbria Police,-1.398682,54.905196,On or near St Marks Crescent,E01008706,Sunderland 011C,Anti-social behaviour,,
,2026-01,Northumbria Police,Northumbria Police,-1.400768,54.905440,On or near Earl Street,E01008706,Sunderland 011C,Anti-social behaviour,,
dd5fb22ffe8d5529e170d1a36bee45c124bf14e15383d0d3d827e3ca51acb531,2026-01,Northumbria Police,Northumbria Police,-1.402288,54.908116,On or near Hadrian Street,E01008706,Sunderland 011C,Violence and sexual offences,Under investigation,
26f351d09ab5477383ade8d1dc4d30c7ffe8e4d77b05d91f00114ffed76156d5,2026-01,Northumbria Police,Northumbria Police,-1.402672,54.904344,On or near Rainton Street,E01008706,Sunderland 011C,Violence and sexual offences,Under investigation,
51bd04fe88e1acc564fd8b6f510c251bae7a4d384aca813ef59a0808fa524452,2026-01,Northumbria Police,Northumbria Police,-1.400768,54.905440,On or near Earl Street,E01008706,Sunderland 011C,Violence and sexual offences,Under investigation,
e115e8530ae49516b52644a0a71dfe049e380719be7cdcc9d9378dba5d67157e,2026-01,Northumbria Police,Northumbria Police,-1.403781,54.905221,On or near Aiskell Street,E01008706,Sunderland 011C,Violence and sexual offences,Investigation complete; no suspect identified,
5b9c501a5fc6f81b70b5283f63862654b0d7dae8f59fa260211a951ca07c283f,2026-01,Northumbria Police,Northumbria Police,-1.402288,54.908116,On or near Hadrian Street,E01008706,Sunderland 011C,Other crime,Under investigation,
570afb0054687367063372e69a05b80246810b59cf572042ccab55261bbf044f,2026-01,Northumbria Police,Northumbria Police,-1.399215,54.903967,On or near Chepstow Street,E01008707,Sunderland 011D,Drugs,Under investigation,
df6586ab861ae1c9b1c8123b0671b989dd1f7eccd5dfd3e02df7be9681c359e3,2026-01,Northumbria Police,Northumbria Police,-1.401131,54.903033,On or near Offerton Street,E01008707,Sunderland 011D,Other theft,Under investigation,
2453453d0c6126f9487d173078f1be7dcedf8d06b73ce15929d8ce75203ca4d0,2026-01,Northumbria Police,Northumbria Police,-1.399215,54.903967,On or near Chepstow Street,E01008707,Sunderland 011D,Other theft,Investigation complete; no suspect identified,
ffec4d79b65bd4ce70f55c34961969b5d1a4bd4107afdc157908c61df33ebfae,2026-01,Northumbria Police,Northumbria Police,-1.400919,54.902645,On or near Pensher Street,E01008707,Sunderland 011D,Violence and sexual offences,Awaiting court outcome,
67fc7789a8920e64f6dc51a8144f79fa0ebc6d502ebdd93029ba503f25245f02,2026-01,Northumbria Police,Northumbria Police,-1.400919,54.902645,On or near Pensher Street,E01008707,Sunderland 011D,Violence and sexual offences,Investigation complete; no suspect identified,
,2026-01,Northumbria Police,Northumbria Police,-1.422405,54.907261,On or near Falmouth Road,E01008756,Sunderland 012A,Anti-social behaviour,,
4f6e35163dea1339208b3693799abaa331fc3e86bdee2d5a9c1c6bc625fec79c,2026-01,Northumbria Police,Northumbria Police,-1.420773,54.904674,On or near General Havelock Road,E01008756,Sunderland 012A,Violence and sexual offences,Under investigation,
739012b6615865a96b93f92a5ab5f840869ab8ff3ecd97ba6c9a299156026ee3,2026-01,Northumbria Police,Northumbria Police,-1.419940,54.913130,On or near Shopping Area,E01008762,Sunderland 012B,Shoplifting,Under investigation,
d2aaa4477355719c91188c32b0bc7c68349f5aad895b9117570a8568e56bf465,2026-01,Northumbria Police,Northumbria Police,-1.419940,54.913130,On or near Shopping Area,E01008762,Sunderland 012B,Shoplifting,Under investigation,
9d19fd9addda3dd97576b8602166df97fb35c86d81a13cc4e52dd1fba014d5a2,2026-01,Northumbria Police,Northumbria Police,-1.425745,54.907070,On or near Felstead Crescent,E01008762,Sunderland 012B,Violence and sexual offences,Under investigation,
8d9fa89eecea0101ea5a985427431dbc427d2587c993db06c05128b349a6f2ea,2026-01,Northumbria Police,Northumbria Police,-1.418844,54.908655,On or near Minton Square,E01008762,Sunderland 012B,Violence and sexual offences,Investigation complete; no suspect identified,
c720d66c2dc2f040a36a9c2dfc716bdbe06e73784d79f4795c4d81c382101f75,2026-01,Northumbria Police,Northumbria Police,-1.417178,54.910606,On or near Cossack Terrace,E01008762,Sunderland 012B,Violence and sexual offences,Under investigation,
0d1a75db134283f5e7f5b3c889cd35108190f161c04eb692adb0ec08dae0d09f,2026-01,Northumbria Police,Northumbria Police,-1.422312,54.911547,On or near Central Way,E01008762,Sunderland 012B,Violence and sexual offences,Under investigation,
778677dcf94d701613d4905c364345ba04beb8bb4f837902c51b4371612f4657,2026-01,Northumbria Police,Northumbria Police,-1.427157,54.901011,On or near Haydon Square,E01008812,Sunderland 012C,Other theft,Investigation complete; no suspect identified,
da8e31c7bbedcf37e483a0595abfc1c3a61171b810f76b8876a9c1835c96c4c6,2026-01,Northumbria Police,Northumbria Police,-1.429439,54.902819,On or near Priestman Court,E01008812,Sunderland 012C,Shoplifting,Under investigation,
841570577b283e20e4e6a354c48b615c34caea574f9e65d508720c5af17165f4,2026-01,Northumbria Police,Northumbria Police,-1.430788,54.901171,On or near Hunworth Close,E01008812,Sunderland 012C,Violence and sexual offences,Under investigation,
8c10ebfb82292cfc607db8965d4d3e8311de66e57e6096222649a2488e94a0ad,2026-01,Northumbria Police,Northumbria Police,-1.428037,54.903836,On or near Fenton Square,E01008812,Sunderland 012C,Violence and sexual offences,Investigation complete; no suspect identified,
8b247d3e9d0cb347a53bfc9cccce279bc3fe7fa8b91944a07f04c36858b9ea26,2026-01,Northumbria Police,Northumbria Police,-1.427542,54.904607,On or near Fordfield Road,E01008812,Sunderland 012C,Violence and sexual offences,Under investigation,
,2026-01,Northumbria Police,Northumbria Police,-1.437548,54.902820,On or near Polebrook Road,E01033076,Sunderland 012F,Anti-social behaviour,,
2184178cb73c01b0130d31fa0f151f12f51df6bf7140c9c9123b7c0b7644ab07,2026-01,Northumbria Police,Northumbria Police,-1.435223,54.906287,On or near Phoenix Road,E01033076,Sunderland 012F,Vehicle crime,Under investigation,
b41235d3497f1661528361dbb70d41f9409d6edb3721d6d9429b96fcebf77deb,2026-01,Northumbria Police,Northumbria Police,-1.430723,54.902474,On or near Flodden Road,E01033076,Sunderland 012F,Violence and sexual offences,Under investigation,
05434b36b473d7d2e80cd89dcd84967c9e65138f61c81a5a89ec055ad5be839c,2026-01,Northumbria Police,Northumbria Police,-1.437548,54.902820,On or near Polebrook Road,E01033076,Sunderland 012F,Violence and sexual offences,Under investigation,
45fced462145e36c352f02f1d9c905a8dbf3cc6464823fba496abd17c1dc35a3,2026-01,Northumbria Police,Northumbria Police,-1.438947,54.904328,On or near Prescot Road,E01033076,Sunderland 012F,Violence and sexual offences,Investigation complete; no suspect identified,
a0962123579cdf5f229b69c879b0a44f38e4417af32a7d6324afb54b1b43e7e4,2026-01,Northumbria Police,Northumbria Police,-1.430253,54.907019,On or near Sapphire Road,E01033076,Sunderland 012F,Other crime,Under investigation,
,2026-01,Northumbria Police,Northumbria Police,-1.396624,54.908313,On or near May Street,E01008700,Sunderland 013A,Anti-social behaviour,,
b07c1dd29f4bc146a614b8f62ca1037026ae8efce400224fc1bc675cc5a829e0,2026-01,Northumbria Police,Northumbria Police,-1.396305,54.909794,On or near Alliance Street,E01008700,Sunderland 013A,Shoplifting,Local resolution,
,2026-01,Northumbria Police,Northumbria Police,-1.383468,54.906755,On or near Prince Street,E01008703,Sunderland 013B,Anti-social behaviour,,
,2026-01,Northumbria Police,Northumbria Police,-1.380970,54.907901,On or near Bedford Street,E01008703,Sunderland 013B,Anti-social behaviour,,
,2026-01,Northumbria Police,Northumbria Police,-1.381621,54.906170,On or near Fawcett Street,E01008703,Sunderland 013B,Anti-social behaviour,,
,2026-01,Northumbria Police,Northumbria Police,-1.379418,54.908478,On or near Parking Area,E01008703,Sunderland 013B,Anti-social behaviour,,
,2026-01,Northumbria Police,Northumbria Police,-1.386077,54.905438,On or near Parking Area,E01008703,Sunderland 013B,Anti-social behaviour,,
,2026-01,Northumbria Police,Northumbria Police,-1.383468,54.906755,On or near Prince Street,E01008703,Sunderland 013B,Anti-social behaviour,,
,2026-01,Northumbria Police,Northumbria Police,-1.379861,54.908013,On or near Lambton Street,E01008703,Sunderland 013B,Anti-social behaviour,,
,2026-01,Northumbria Police,Northumbria Police,-1.388540,54.906520,On or near Dun Cow Street,E01008703,Sunderland 013B,Anti-social behaviour,,
,2026-01,Northumbria Police,Northumbria Police,-1.380970,54.907901,On or near Bedford Street,E01008703,Sunderland 013B,Anti-social behaviour,,
,2026-01,Northumbria Police,Northumbria Police,-1.373260,54.908284,On or near Mauds Lane,E01008703,Sunderland 013B,Anti-social behaviour,,
,2026-01,Northumbria Police,Northumbria Police,-1.381621,54.906170,On or near Fawcett Street,E01008703,Sunderland 013B,Anti-social behaviour,,
,2026-01,Northumbria Police,Northumbria Police,-1.384189,54.908556,On or near Parking Area,E01008703,Sunderland 013B,Anti-social behaviour,,
,2026-01,Northumbria Police,Northumbria Police,-1.386120,54.906696,On or near West Street,E01008703,Sunderland 013B,Anti-social behaviour,,
,2026-01,Northumbria Police,Northumbria Police,-1.384189,54.908556,On or near Parking Area,E01008703,Sunderland 013B,Anti-social behaviour,,
,2026-01,Northumbria Police,Northumbria Police,-1.380244,54.905453,On or near Athenaeum Street,E01008703,Sunderland 013B,Anti-social behaviour,,
,2026-01,Northumbria Police,Northumbria Police,-1.382544,54.904980,On or near Waterloo Place,E01008703,Sunderland 013B,Anti-social behaviour,,
,2026-01,Northumbria Police,Northumbria Police,-1.383468,54.906755,On or near Prince Street,E01008703,Sunderland 013B,Anti-social behaviour,,
,2026-01,Northumbria Police,Northumbria Police,-1.384673,54.905787,On or near Shopping Area,E01008703,Sunderland 013B,Anti-social behaviour,,
,2026-01,Northumbria Police,Northumbria Police,-1.386120,54.906696,On or near West Street,E01008703,Sunderland 013B,Anti-social behaviour,,
,2026-01,Northumbria Police,Northumbria Police,-1.381621,54.906170,On or near Fawcett Street,E01008703,Sunderland 013B,Anti-social behaviour,,
,2026-01,Northumbria Police,Northumbria Police,-1.381610,54.904822,On or near Shopping Area,E01008703,Sunderland 013B,Anti-social behaviour,,
73d9f1a7b670c0cf24141ba1a6b5e5fcad864030d579fa5493aabb5aa2f6c187,2026-01,Northumbria Police,Northumbria Police,-1.380651,54.909401,On or near Parking Area,E01008703,Sunderland 013B,Burglary,Under investigation,
8c7392dec5471caedcb3c6f21f5a888f85e5c938d452e1f7ccaafc1a67b35852,2026-01,Northumbria Police,Northumbria Police,-1.381621,54.906170,On or near Fawcett Street,E01008703,Sunderland 013B,Burglary,Under investigation,
1daec0dc4779f014d080c91ef09a47b98e69fd67b4f4260a5e9e4746397c1006,2026-01,Northumbria Police,Northumbria Police,-1.381621,54.906170,On or near Fawcett Street,E01008703,Sunderland 013B,Burglary,Under investigation,
6159c0a04006012640bf632271d68845afc9ef1bd335c100b6b0ae54db74e844,2026-01,Northumbria Police,Northumbria Police,-1.380651,54.909401,On or near Parking Area,E01008703,Sunderland 013B,Burglary,Investigation complete; no suspect identified,
65be0e07adcb518f630976d209c022efcab8c2a48274932db3733a4b78f48929,2026-01,Northumbria Police,Northumbria Police,-1.381621,54.906170,On or near Fawcett Street,E01008703,Sunderland 013B,Burglary,Under investigation,
8fcc8490870a6dc333e591414063813e27e46581efb12eb4adef05d0a0beeea1,2026-01,Northumbria Police,Northumbria Police,-1.372700,54.909198,On or near Low Street,E01008703,Sunderland 013B,Burglary,Under investigation,
d3bce746c0219bcb90a13874f3a3c543fe242a4a26895bb4c6cd79dcfad278b4,2026-01,Northumbria Police,Northumbria Police,-1.379275,54.905547,On or near Frederick Street,E01008703,Sunderland 013B,Criminal damage and arson,Investigation complete; no suspect identified,
0991bed50d8cf07b72c250a4aa5a237469d2fd697d10f6ba61292550a4f62271,2026-01,Northumbria Police,Northumbria Police,-1.386120,54.906696,On or near West Street,E01008703,Sunderland 013B,Criminal damage and arson,Investigation complete; no suspect identified,
816e161bfc06604c491de47601de67732689dad1453134e232c7c98c27406300,2026-01,Northumbria Police,Northumbria Police,-1.381610,54.904822,On or near Shopping Area,E01008703,Sunderland 013B,Criminal damage and arson,Under investigation,
86ad8aa9af37ee5f326029e3a266d69595e8b52b74a5a44de300966b3bbdd879,2026-01,Northumbria Police,Northumbria Police,-1.375498,54.908790,On or near Russell Street,E01008703,Sunderland 013B,Criminal damage and arson,Under investigation,
7a5c15859a972c78c80ef1c1eff29dc162e84135774e3f09221ce11b5b64d2c9,2026-01,Northumbria Police,Northumbria Police,-1.386120,54.906696,On or near West Street,E01008703,Sunderland 013B,Drugs,Under investigation,
08fd90bce3f9a88215677698f83220a230fc0436f684ac654587360175133df8,2026-01,Northumbria Police,Northumbria Police,-1.381621,54.906170,On or near Fawcett Street,E01008703,Sunderland 013B,Other theft,Under investigation,
7b7ec0abddd2bc61cea1309b4597bea0f5b36063e01b611cd537fd27f2a0e0d3,2026-01,Northumbria Police,Northumbria Police,-1.383642,54.906585,On or near South Street,E01008703,Sunderland 013B,Other theft,Investigation complete; no suspect identified,
49014a0a7181b50d9c63ea60ef991179480bf066545bd49e38a7e6cf34ce5852,2026-01,Northumbria Police,Northumbria Police,-1.384673,54.905787,On or near Shopping Area,E01008703,Sunderland 013B,Other theft,Investigation complete; no suspect identified,
82f1a920ecfe536cc424871bdf3c9bd277c4ad7ff271cd892ded7277121d6943,2026-01,Northumbria Police,Northumbria Police,-1.382544,54.904980,On or near Waterloo Place,E01008703,Sunderland 013B,Possession of weapons,Under investigation,
690c335b821951226466b3e5ee59dc62ac6fc7640306d5be56443fabf6f191a4,2026-01,Northumbria Police,Northumbria Police,-1.384647,54.906159,On or near King Street,E01008703,Sunderland 013B,Public order,Under investigation,
84892cc0cc6ae78ddb128fc4784aa966e0496b8573b7c10c8de51d960d5c23a2,2026-01,Northumbria Police,Northumbria Police,-1.386120,54.906696,On or near West Street,E01008703,Sunderland 013B,Public order,Investigation complete; no suspect identified,
5414958de42036ccfe3a24c676fdc11199533245e75a5bf6e296a220355274fc,2026-01,Northumbria Police,Northumbria Police,-1.383468,54.906755,On or near Prince Street,E01008703,Sunderland 013B,Robbery,Under investigation,
8b85a2b425c193352916d15414ebe4c7ef96e4d0c17e9f576a4953c78595d225,2026-01,Northumbria Police,Northumbria Police,-1.385093,54.905541,On or near Parking Area,E01008703,Sunderland 013B,Shoplifting,Under investigation,
943c6ef0f2b1c39d8d210bd145d88a90597ba3b794c1968ba0d29a5cf885fa31,2026-01,Northumbria Police,Northumbria Police,-1.380970,54.907901,On or near Bedford Street,E01008703,Sunderland 013B,Theft from the person,Under investigation,
938c210b1ddd011c0b52d05e4958b33fbcc901838c0c10ebba16e503aa7a3e04,2026-01,Northumbria Police,Northumbria Police,-1.372700,54.909198,On or near Low Street,E01008703,Sunderland 013B,Vehicle crime,Investigation complete; no suspect identified,
849343a608c9431ee28eb91579746fb171c3b0b55c9c471c9b883a8f0c977cf9,2026-01,Northumbria Police,Northumbria Police,-1.372700,54.909198,On or near Low Street,E01008703,Sunderland 013B,Vehicle crime,Investigation complete; no suspect identified,
06a051698f18e65022004def78499548eaca2c14677c453ddc963ab90530b8f4,2026-01,Northumbria Police,Northumbria Police,-1.382544,54.904980,On or near Waterloo Place,E01008703,Sunderland 013B,Vehicle crime,Investigation complete; no suspect identified,
74dc1973e07f3484d29ac17d1c280de4061d40d5ce4a6b7564598dfffbacae47,2026-01,Northumbria Police,Northumbria Police,-1.386120,54.906696,On or near West Street,E01008703,Sunderland 013B,Violence and sexual offences,Under investigation,
540aa5b96eac6a50082aab1e265ad9cbbe606a5c286f34b43e6656ba6a871a8f,2026-01,Northumbria Police,Northumbria Police,-1.382801,54.904478,On or near Sports/Recreation Area,E01008703,Sunderland 013B,Violence and sexual offences,Under investigation,
2351920802cfb113be85528e8fcc9dd8b7074a59400e59f2d0fbbe24c1089a88,2026-01,Northumbria Police,Northumbria Police,-1.379275,54.905547,On or near Frederick Street,E01008703,Sunderland 013B,Violence and sexual offences,Under investigation,
7018246f69507d8dc3da8dfcfb6dee6a6458a515ac52d72b1ab581beb0daad0f,2026-01,Northumbria Police,Northumbria Police,-1.384673,54.905787,On or near Shopping Area,E01008703,Sunderland 013B,Violence and sexual offences,Under investigation,
0dd820c3ea2e217cc59bf970cca3c13d8fc9f5aa64377d80ded99b25a2d16521,2026-01,Northumbria Police,Northumbria Police,-1.382801,54.904478,On or near Sports/Recreation Area,E01008703,Sunderland 013B,Violence and sexual offences,Under investigation,
adae9d4c880cb32ac342507d61755ac450361ff6cb5f6c8c610266308191534f,2026-01,Northumbria Police,Northumbria Police,-1.386077,54.905438,On or near Parking Area,E01008703,Sunderland 013B,Violence and sexual offences,Investigation complete; no suspect identified,
3374bfec53f77180968544a20e3b85287bf1de3a2064563439cdc487da70815f,2026-01,Northumbria Police,Northumbria Police,-1.381621,54.906170,On or near Fawcett Street,E01008703,Sunderland 013B,Violence and sexual offences,Under investigation,
0bbd640eb12a9a0a415c1e381c09483a22f08930e79623baef76ffceff38c653,2026-01,Northumbria Police,Northumbria Police,-1.386120,54.906696,On or near West Street,E01008703,Sunderland 013B,Violence and sexual offences,Under investigation,
0c6e6a0ddba9eee0033663e5098de7056521ce395901d977957fe3ea437a8945,2026-01,Northumbria Police,Northumbria Police,-1.381621,54.906170,On or near Fawcett Street,E01008703,Sunderland 013B,Violence and sexual offences,Under investigation,
76ed2104239147478e75da06971b6de3054d10125b890e125fd5f8ad48fb0a11,2026-01,Northumbria Police,Northumbria Police,-1.381610,54.904822,On or near Shopping Area,E01008703,Sunderland 013B,Violence and sexual offences,Under investigation,
ca8731c84232a5f0380cd93b825ae5cf6bc2940e8da0bc01ca3b514114dbddc0,2026-01,Northumbria Police,Northumbria Police,-1.382801,54.904478,On or near Sports/Recreation Area,E01008703,Sunderland 013B,Violence and sexual offences,Under investigation,
898a994512531bfab4bf85037c634bf024cd9c5ff001152d73e4f4dd17b6147e,2026-01,Northumbria Police,Northumbria Police,-1.382801,54.904478,On or near Sports/Recreation Area,E01008703,Sunderland 013B,Violence and sexual offences,Investigation complete; no suspect identified,
4b5f18518e3c52ab1e72613f935e46f6365b052fc20797942e3e1b2927b812f9,2026-01,Northumbria Police,Northumbria Police,-1.381610,54.904822,On or near Shopping Area,E01008703,Sunderland 013B,Violence and sexual offences,Investigation complete; no suspect identified,
fe4872289cafbcda11471281b146f54d06cd70bb10f8efbd2a3be1b6312e3690,2026-01,Northumbria Police,Northumbria Police,-1.380970,54.907901,On or near Bedford Street,E01008703,Sunderland 013B,Violence and sexual offences,Investigation complete; no suspect identified,
25eb5168ead1a38efda4a61691e69298bab91cca554497c55d0b8a5cd5a71a91,2026-01,Northumbria Police,Northumbria Police,-1.388540,54.906520,On or near Dun Cow Street,E01008703,Sunderland 013B,Violence and sexual offences,Under investigation,
4ab8665162065c8e71bbb1305fbeea81f09368370d3194cb59c5cbf25835edaa,2026-01,Northumbria Police,Northumbria Police,-1.386077,54.905438,On or near Parking Area,E01008703,Sunderland 013B,Violence and sexual offences,Investigation complete; no suspect identified,
020ce12ae1f1e665631a9502d3c1777ca8671ba990c6e7e79ec3ed5a602d9a0b,2026-01,Northumbria Police,Northumbria Police,-1.386077,54.905438,On or near Parking Area,E01008703,Sunderland 013B,Violence and sexual offences,Under investigation,
f661d953177512da42175198ea3184cb23da5db5257e077f451da44367b8acb1,2026-01,Northumbria Police,Northumbria Police,-1.375198,54.907998,On or near Cross Place,E01008703,Sunderland 013B,Violence and sexual offences,Investigation complete; no suspect identified,
c28292d8b806bfaeac5670be7e3a77b03bbf34003155fb706d8f2c2399f55b38,2026-01,Northumbria Police,Northumbria Police,-1.384673,54.905787,On or near Shopping Area,E01008703,Sunderland 013B,Other crime,Under investigation,
fdbda4f68e0bcb4be1c208d3b08c1772d61a5112dc381234a7f6ff068c907127,2026-01,Northumbria Police,Northumbria Police,-1.398628,54.908808,On or near Lansdowne Street,E01008705,Sunderland 013C,Public order,Awaiting court outcome,
8fe7210694613d1351f529f4b902c1e8a5b336f1590fb93f90b82d892eafa3ff,2026-01,Northumbria Police,Northumbria Police,-1.394271,54.903961,On or near Rosedale Street,E01008705,Sunderland 013C,Robbery,Investigation complete; no suspect identified,
1f3b018c3005e99e56ca1f7f883dd53a2a2ba03682a53aa7a24f72481a1afc91,2026-01,Northumbria Police,Northumbria Police,-1.396142,54.905048,On or near The Leazes,E01008705,Sunderland 013C,Violence and sexual offences,Investigation complete; no suspect identified,
543a2ba4aee2f350184bcd2aec2358458c2f909ad081f9b495b6d1cf4bf8f938,2026-01,Northumbria Police,Northumbria Police,-1.398628,54.908808,On or near Lansdowne Street,E01008705,Sunderland 013C,Other crime,Under investigation,
,2026-01,Northumbria Police,Northumbria Police,-1.384299,54.902356,On or near Park Lane,E01008831,Sunderland 013D,Anti-social behaviour,,
,2026-01,Northumbria Police,Northumbria Police,-1.385115,54.902027,On or near Cowan Terrace,E01008831,Sunderland 013D,Anti-social behaviour,,
,2026-01,Northumbria Police,Northumbria Police,-1.385115,54.902027,On or near Cowan Terrace,E01008831,Sunderland 013D,Anti-social behaviour,,
,2026-01,Northumbria Police,Northumbria Police,-1.387888,54.901206,On or near Princess Street,E01008831,Sunderland 013D,Anti-social behaviour,,
,2026-01,Northumbria Police,Northumbria Police,-1.393944,54.901865,On or near Burn Park Road,E01008831,Sunderland 013D,Anti-social behaviour,,
,2026-01,Northumbria Police,Northumbria Police,-1.393944,54.901865,On or near Burn Park Road,E01008831,Sunderland 013D,Anti-social behaviour,,
,2026-01,Northumbria Police,Northumbria Police,-1.387888,54.901206,On or near Princess Street,E01008831,Sunderland 013D,Anti-social behaviour,,
,2026-01,Northumbria Police,Northumbria Police,-1.384299,54.902356,On or near Park Lane,E01008831,Sunderland 013D,Anti-social behaviour,,
,2026-01,Northumbria Police,Northumbria Police,-1.388692,54.901659,On or near Worcester Terrace,E01008831,Sunderland 013D,Anti-social behaviour,,
,2026-01,Northumbria Police,Northumbria Police,-1.385115,54.902027,On or near Cowan Terrace,E01008831,Sunderland 013D,Anti-social behaviour,,
,2026-01,Northumbria Police,Northumbria Police,-1.388692,54.901659,On or near Worcester Terrace,E01008831,Sunderland 013D,Anti-social behaviour,,
,2026-01,Northumbria Police,Northumbria Police,-1.388692,54.901659,On or near Worcester Terrace,E01008831,Sunderland 013D,Anti-social behaviour,,
6f6939940ee84360610375eeb8965237f557e94395b64e4dfd6cacdc39102ec4,2026-01,Northumbria Police,Northumbria Police,-1.385332,54.901282,On or near Theatre/Concert Hall,E01008831,Sunderland 013D,Burglary,Investigation complete; no suspect identified,
de9c233abb5eb76731e62b9b155a74ee6a2cc8a049204399a713f33c9d2a720f,2026-01,Northumbria Police,Northumbria Police,-1.387888,54.901206,On or near Princess Street,E01008831,Sunderland 013D,Drugs,Investigation complete; no suspect identified,
ff22515aa1c95c27a17316f89471f604f572fc7760805b2efd31b48243c5b24f,2026-01,Northumbria Police,Northumbria Police,-1.387888,54.901206,On or near Princess Street,E01008831,Sunderland 013D,Other theft,Under investigation,
7a7f85c9f988b5e156420d0aec4ee3ed0051991a06423a3025a3328bec892c53,2026-01,Northumbria Police,Northumbria Police,-1.387266,54.901095,On or near Worcester Street,E01008831,Sunderland 013D,Possession of weapons,Awaiting court outcome,
2f715634d5b35bc31289295011c2d2ec48e1f4bef3ce944cdcf15134c9d7a055,2026-01,Northumbria Police,Northumbria Police,-1.384299,54.902356,On or near Park Lane,E01008831,Sunderland 013D,Possession of weapons,Under investigation,
256adce7801141d44e0f46039b7eae971cca4c4b2f61fa69d5734d21903f181c,2026-01,Northumbria Police,Northumbria Police,-1.384299,54.902356,On or near Park Lane,E01008831,Sunderland 013D,Robbery,Investigation complete; no suspect identified,
8b73178b4e29cfe56ff310b41ce3a6064293ea43b5fd06c3f22bb926592552fa,2026-01,Northumbria Police,Northumbria Police,-1.387666,54.902481,On or near Parking Area,E01008831,Sunderland 013D,Violence and sexual offences,Under investigation,
567332200f79dee416a8d8b56b4ac889b1577aff28740dc942bcbd34a408fe46,2026-01,Northumbria Police,Northumbria Police,-1.387615,54.900674,On or near Azalea Terrace North,E01008831,Sunderland 013D,Violence and sexual offences,Under investigation,
7e6d11d525ef2e65e70c3d17fe86affba71c27af0649c6511c75dea7a1e0de00,2026-01,Northumbria Police,Northumbria Police,-1.388692,54.901659,On or near Worcester Terrace,E01008831,Sunderland 013D,Violence and sexual offences,Under investigation,
bc87a38fbcba73721b787d4c88f39c561efe070163c38d2845d80c03fb198a1e,2026-01,Northumbria Police,Northumbria Police,-1.387615,54.900674,On or near Azalea Terrace North,E01008831,Sunderland 013D,Violence and sexual offences,Investigation complete; no suspect identified,
de17b2d272dfb13055bb521a51bc8f3ce7886bfd03a113c5f13748af9313b73e,2026-01,Northumbria Police,Northumbria Police,-1.387615,54.900674,On or near Azalea Terrace North,E01008831,Sunderland 013D,Violence and sexual offences,Investigation complete; no suspect identified,
1ce0156b5ecf1b4bdd55f2324aac1d570b4bf2d12da1601b018fd7e51858a8b0,2026-01,Northumbria Police,Northumbria Police,-1.387615,54.900674,On or near Azalea Terrace North,E01008831,Sunderland 013D,Violence and sexual offences,Investigation complete; no suspect identified,
59afb3fcd38436ef989ed7672d442ace73e61bbd4972ad8936751351c22f540b,2026-01,Northumbria Police,Northumbria Police,-1.387266,54.901095,On or near Worcester Street,E01008831,Sunderland 013D,Other crime,Under investigation,
,2026-01,Northumbria Police,Northumbria Police,-1.386461,54.899644,On or near Belvedere Road,E01008834,Sunderland 013E,Anti-social behaviour,,
,2026-01,Northumbria Police,Northumbria Police,-1.385158,54.897175,On or near The Avenue,E01008834,Sunderland 013E,Anti-social behaviour,,
,2026-01,Northumbria Police,Northumbria Police,-1.385158,54.897175,On or near The Avenue,E01008834,Sunderland 013E,Anti-social behaviour,,
,2026-01,Northumbria Police,Northumbria Police,-1.386140,54.898204,On or near Azalea Avenue,E01008834,Sunderland 013E,Anti-social behaviour,,
e6f6391e16d9ec8a7fd079c0b0e3c740c80df849d8117c643ce51e3cb2a86395,2026-01,Northumbria Police,Northumbria Police,-1.377221,54.899237,On or near Toward Road,E01008834,Sunderland 013E,Criminal damage and arson,Under investigation,
b1cd526e447edb923edab57acd7bbf367cadbd6bda2245b3cfbc738b6202312f,2026-01,Northumbria Police,Northumbria Police,-1.385158,54.897175,On or near The Avenue,E01008834,Sunderland 013E,Criminal damage and arson,Investigation complete; no suspect identified,
b8c268cc322e07336567bd7caf6acb16e0384ee7f03a9060e075e04614c18875,2026-01,Northumbria Police,Northumbria Police,-1.385721,54.897025,On or near Avenue Terrace,E01008834,Sunderland 013E,Criminal damage and arson,Investigation complete; no suspect identified,
8def1c3fd0c605881dc4b51b098906604278efece28fd214be3e78f392013b7b,2026-01,Northumbria Police,Northumbria Police,-1.386140,54.898204,On or near Azalea Avenue,E01008834,Sunderland 013E,Drugs,Under investigation,
51d0cd558011aae3231fb9db3a39e8bed5d3b6f4046e10b5e1e386082e196a63,2026-01,Northumbria Police,Northumbria Police,-1.385152,54.900626,On or near Stockton Road,E01008834,Sunderland 013E,Vehicle crime,Investigation complete; no suspect identified,
2aee95f1909573c5b0f180ba21d1023028a450b3ae578257a049dd0312bcffbd,2026-01,Northumbria Police,Northumbria Police,-1.386779,54.899250,On or near Azalea Terrace South,E01008834,Sunderland 013E,Violence and sexual offences,Under investigation,
740160b7f4b8e18797f580fd9c43342ae9acbc7b4cbd4e824dc3dc85f5dcdfb3,2026-01,Northumbria Police,Northumbria Police,-1.377221,54.899237,On or near Toward Road,E01008834,Sunderland 013E,Violence and sexual offences,Under investigation,
1bd41d56a624c8ce568e7fb3c5f18f807f1386801bd7b1895cea35e17381b4fa,2026-01,Northumbria Police,Northumbria Police,-1.385598,54.899019,On or near Lorne Terrace,E01008834,Sunderland 013E,Violence and sexual offences,Investigation complete; no suspect identified,
,2026-01,Northumbria Police,Northumbria Police,-1.430485,54.898357,On or near Henley Road,E01008810,Sunderland 014A,Anti-social behaviour,,
,2026-01,Northumbria Police,Northumbria Police,-1.435433,54.902460,On or near Padgate Road,E01008810,Sunderland 014A,Anti-social behaviour,,
a3b0e66a1e1d04cfafbff3327f34739a12afac6147e05e2cb1374fc4b6dbae6a,2026-01,Northumbria Police,Northumbria Police,-1.435433,54.902460,On or near Padgate Road,E01008810,Sunderland 014A,Public order,Under investigation,
35347a75b78fcae1f7121ad47cbeaa9320267751097508012301fe1b4160361f,2026-01,Northumbria Police,Northumbria Police,-1.435433,54.902460,On or near Padgate Road,E01008810,Sunderland 014A,Public order,Awaiting court outcome,
8f398e5ede43c7480be9fb25da78423030e1210c8d6f6bbb2e610ddc2cbdfddb,2026-01,Northumbria Police,Northumbria Police,-1.435433,54.902460,On or near Padgate Road,E01008810,Sunderland 014A,Public order,Under investigation,
2a90fe7cb71c68c57588039bd79b7d403c5c67007b50246b293a4e0c71b4dbb3,2026-01,Northumbria Police,Northumbria Police,-1.440127,54.896503,On or near Shopping Area,E01008810,Sunderland 014A,Public order,Under investigation,
84291367902c2b4ad763b4c84aeb708b42eedf3f05852f90837fdf424243b775,2026-01,Northumbria Police,Northumbria Police,-1.438466,54.897433,On or near Portchester Square,E01008810,Sunderland 014A,Robbery,Under investigation,
0587f5e7d6cb996d86b331dc9b08e69e3c658db4fc69118bffd967b8b670136f,2026-01,Northumbria Police,Northumbria Police,-1.440127,54.896503,On or near Shopping Area,E01008810,Sunderland 014A,Robbery,Under investigation,
,2026-01,Northumbria Police,Northumbria Police,-1.454644,54.901416,On or near Avondale,E01008811,Sunderland 014B,Anti-social behaviour,,
,2026-01,Northumbria Police,Northumbria Police,-1.454644,54.901416,On or near Avondale,E01008811,Sunderland 014B,Anti-social behaviour,,
,2026-01,Northumbria Police,Northumbria Police,-1.454644,54.901416,On or near Avondale,E01008811,Sunderland 014B,Anti-social behaviour,,
,2026-01,Northumbria Police,Northumbria Police,-1.454644,54.901416,On or near Avondale,E01008811,Sunderland 014B,Anti-social behaviour,,
4c68551a79d4cda5632eda5eba92f9a8a5c6185fbc0eb399c0829da9c430c120,2026-01,Northumbria Police,Northumbria Police,-1.447959,54.899903,On or near Meadow Drive,E01008811,Sunderland 014B,Other crime,Investigation complete; no suspect identified,
eb51a5e4cfc2c13ff63bd4b41de49651a36d455bbd4198f7eb7d1549f035f449,2026-01,Northumbria Police,Northumbria Police,-1.432691,54.894476,On or near Glasbury Avenue,E01008813,Sunderland 014C,Shoplifting,Awaiting court outcome,
d560c6a0267b821a1572fd65b687ea366765b70e0054634bde14119090eab03d,2026-01,Northumbria Police,Northumbria Police,-1.435438,54.895379,On or near Birchberry Close,E01008813,Sunderland 014C,Violence and sexual offences,Under investigation,
0b57bb912001bfb6e803f7a10b1b25eeab3476aba50a3e053b573ff409918da2,2026-01,Northumbria Police,Northumbria Police,-1.436940,54.893894,On or near The Greenway,E01008813,Sunderland 014C,Violence and sexual offences,Under investigation,
d16bffc503fd0f3dee7dcb25632282d96cb01bd9ae212339d8160e03fd14cefb,2026-01,Northumbria Police,Northumbria Police,-1.437466,54.897527,On or near Portman Square,E01008813,Sunderland 014C,Other crime,Under investigation,
e6c08d2cf3b8212dfd572bbce35a92a45b67a68f3ae2e47cf7fc1623add55a7b,2026-01,Northumbria Police,Northumbria Police,-1.437466,54.897527,On or near Portman Square,E01008813,Sunderland 014C,Other crime,Under investigation,
,2026-01,Northumbria Police,Northumbria Police,-1.448180,54.905394,On or near Ford Crescent,E01008814,Sunderland 014D,Anti-social behaviour,,
,2026-01,Northumbria Police,Northumbria Police,-1.442062,54.909078,On or near Estuary Way,E01008814,Sunderland 014D,Anti-social behaviour,,
775cd99c488347f64649e9b297ef79ac48b42d442d1be758f198c86e3c4fdba8,2026-01,Northumbria Police,Northumbria Police,-1.442062,54.909078,On or near Estuary Way,E01008814,Sunderland 014D,Burglary,Investigation complete; no suspect identified,
77a40f60b47e2f5b738098f4cb0443cd0acc7ee739c91fb5d8b795a7279b40f1,2026-01,Northumbria Police,Northumbria Police,-1.450755,54.905307,On or near High Street,E01008814,Sunderland 014D,Public order,Under investigation,
5970cb0544379d7aa5759fc1fcfdcfcfc01ad3ed75b8fb973966d98c917e7515,2026-01,Northumbria Police,Northumbria Police,-1.449453,54.905840,On or near Frederick Street,E01008814,Sunderland 014D,Violence and sexual offences,Under investigation,
58a87571062390cedd3373e7b3bfc3465e39f994dee5b92eeecdef5e807b618f,2026-01,Northumbria Police,Northumbria Police,-1.445847,54.907226,On or near High Elm,E01008814,Sunderland 014D,Violence and sexual offences,Under investigation,
03b8490d16adc2fcbb21cf17c46b0c0ce379fc1b116e2620e9a65e862f991fd4,2026-01,Northumbria Police,Northumbria Police,-1.415290,54.908503,On or near Exeter Street,E01008757,Sunderland 015A,Public order,Investigation complete; no suspect identified,
0a2007b0869487172d849931ba7acab99a59c46a635f24dd5f5fd4801d5d7104,2026-01,Northumbria Police,Northumbria Police,-1.415290,54.908503,On or near Exeter Street,E01008757,Sunderland 015A,Violence and sexual offences,Under investigation,
2ce3b9c2f8ffd41adbebcbea46b653bfd3b8470df997a8de20d71d518d7820a3,2026-01,Northumbria Police,Northumbria Police,-1.429317,54.894928,On or near The Broadway,E01008758,Sunderland 015B,Violence and sexual offences,Under investigation,
7b063d01257c7cd04e310eb77b4e7eb8efff3fe62e9d52dafa8fcdb52faf0d72,2026-01,Northumbria Police,Northumbria Police,-1.426239,54.897529,On or near Hexham Road,E01008758,Sunderland 015B,Violence and sexual offences,Under investigation,
6dca14c3355a1318e403cb70d9ee8a2370bde67c50ac4a1de3f146eae0e142ee,2026-01,Northumbria Police,Northumbria Police,-1.429317,54.894928,On or near The Broadway,E01008758,Sunderland 015B,Violence and sexual offences,Under investigation,
2e45167eae39d82829c16ddd669ea43175161195116f1f343b2fbbfbc8c3fa41,2026-01,Northumbria Police,Northumbria Police,-1.429317,54.894928,On or near The Broadway,E01008758,Sunderland 015B,Violence and sexual offences,Under investigation,
e912601e0eb975fb60c1493fc753f1b1b67feb00129b8576571b3ea7bb9ba336,2026-01,Northumbria Police,Northumbria Police,-1.429317,54.894928,On or near The Broadway,E01008758,Sunderland 015B,Violence and sexual offences,Under investigation,
84c95e0b3cf7c187d239469c8c0794f4949d0568f333b8781d2c22233d6dd498,2026-01,Northumbria Police,Northumbria Police,-1.429317,54.894928,On or near The Broadway,E01008758,Sunderland 015B,Violence and sexual offences,Under investigation,
,2026-01,Northumbria Police,Northumbria Police,-1.410907,54.902155,On or near Kayll Road,E01008759,Sunderland 015C,Anti-social behaviour,,
,2026-01,Northumbria Police,Northumbria Police,-1.414205,54.902710,On or near Brookland Road,E01008759,Sunderland 015C,Anti-social behaviour,,
,2026-01,Northumbria Police,Northumbria Police,-1.411818,54.897424,On or near Colchester Terrace,E01008759,Sunderland 015C,Anti-social behaviour,,
e66b27ac77b9bf1c983995e17ba4d4ee161ebcc3b414e86c4c93cd0d53ece99b,2026-01,Northumbria Police,Northumbria Police,-1.413273,54.903506,On or near Bexley Street,E01008759,Sunderland 015C,Public order,Awaiting court outcome,
4629071657d727f8c57649ae04346991e5f901ab6e786b9155d6a57d100d254a,2026-01,Northumbria Police,Northumbria Police,-1.413273,54.903506,On or near Bexley Street,E01008759,Sunderland 015C,Violence and sexual offences,Under investigation,
7dde0afe6e76ff3adb04791f03e092221c0a4a808949e9a507af98ab0adaf6fb,2026-01,Northumbria Police,Northumbria Police,-1.413273,54.903506,On or near Bexley Street,E01008759,Sunderland 015C,Violence and sexual offences,Under investigation,
4d2941ce72c904bdc9277fbd75f65d910c527a37b173118bfb0301f2d93baf62,2026-01,Northumbria Police,Northumbria Police,-1.413273,54.903506,On or near Bexley Street,E01008759,Sunderland 015C,Violence and sexual offences,Under investigation,
,2026-01,Northumbria Police,Northumbria Police,-1.415717,54.897326,On or near Guisborough Street,E01008761,Sunderland 015D,Anti-social behaviour,,
,2026-01,Northumbria Police,Northumbria Police,-1.365444,54.911362,On or near Barrack Street,E01008702,Sunderland 016A,Anti-social behaviour,,
,2026-01,Northumbria Police,Northumbria Police,-1.373946,54.908288,On or near Drury Lane,E01008702,Sunderland 016A,Anti-social behaviour,,
717d7457a0cc6f16f646dd7ab3136b02acc709a443db11d65cf7542ca07c1ff6,2026-01,Northumbria Police,Northumbria Police,-1.373946,54.908288,On or near Drury Lane,E01008702,Sunderland 016A,Burglary,Investigation complete; no suspect identified,
5c799dfe8b61b16072af54291211c6ab0932043fd168472cf8d56e50d3c3880e,2026-01,Northumbria Police,Northumbria Police,-1.370117,54.909778,On or near B1293,E01008702,Sunderland 016A,Vehicle crime,Investigation complete; no suspect identified,
be842783a1812551eae439efa4306fb31fc81f740cbbdfa066c5cc9105cc0745,2026-01,Northumbria Police,Northumbria Police,-1.370117,54.909778,On or near B1293,E01008702,Sunderland 016A,Vehicle crime,Investigation complete; no suspect identified,
486f680bdd7966ceb811c029773a75c53f3434a25aabf0ee3400ebcb97e1f497,2026-01,Northumbria Police,Northumbria Police,-1.370758,54.907696,On or near Arras Lane,E01008702,Sunderland 016A,Violence and sexual offences,Under investigation,
22c582d17466bb6940047a920aaed887122129c4c81ccdc029a9ce0557de8be6,2026-01,Northumbria Police,Northumbria Police,-1.368607,54.910570,On or near East Vines,E01008702,Sunderland 016A,Violence and sexual offences,Investigation complete; no suspect identified,
7d13bee57c363dbf51a8b814cf4c55be11f590c3a772053d0b5e9d9f51b47e16,2026-01,Northumbria Police,Northumbria Police,-1.371374,54.908176,On or near Queen Street East,E01008702,Sunderland 016A,Violence and sexual offences,Under investigation,
c206f667f18d210535bb7fbdace0af9588bcb45bbc58880c4c06deb50e5ec870,2026-01,Northumbria Police,Northumbria Police,-1.371374,54.908176,On or near Queen Street East,E01008702,Sunderland 016A,Violence and sexual offences,Under investigation,
6e3f88df30195c23facc0efcdc0bbce234e521094c741897e00582424aa58844,2026-01,Northumbria Police,Northumbria Police,-1.366557,54.906030,On or near Moor Terrace,E01008702,Sunderland 016A,Other crime,Investigation complete; no suspect identified,
,2026-01,Northumbria Police,Northumbria Police,-1.372782,54.896860,On or near Hendon Burn Avenue West,E01008735,Sunderland 016B,Anti-social behaviour,,
,2026-01,Northumbria Police,Northumbria Police,-1.378732,54.898319,On or near Mowbray Road,E01008735,Sunderland 016B,Anti-social behaviour,,
ee12820ba84cd8db21020dd74db6a46cc3824b7b82b25672157572228043c137,2026-01,Northumbria Police,Northumbria Police,-1.385858,54.894231,On or near Ashbrooke Road,E01008735,Sunderland 016B,Burglary,Under investigation,
558fc0ecc362b5160abdfdcf007304eed226eb3da4a492ac1764325d94df9cda,2026-01,Northumbria Police,Northumbria Police,-1.378732,54.898319,On or near Mowbray Road,E01008735,Sunderland 016B,Other theft,Under investigation,
4c329a2ac271327ff94621b6df4addd48faa16adf5b0f8e38152925a02511f9e,2026-01,Northumbria Police,Northumbria Police,-1.372782,54.896860,On or near Hendon Burn Avenue West,E01008735,Sunderland 016B,Violence and sexual offences,Under investigation,
,2026-01,Northumbria Police,Northumbria Police,-1.371024,54.897633,On or near Buddle Terrace,E01008736,Sunderland 016C,Anti-social behaviour,,
45edd506776141e0977917efc0a80b4d36f550f3e29dc65a9c85e6a3446f5f73,2026-01,Northumbria Police,Northumbria Police,-1.368988,54.899159,On or near Noble Street,E01008736,Sunderland 016C,Criminal damage and arson,Investigation complete; no suspect identified,
a3eab05523dfbb508774baf1ac5a6108963ae6215f731f188e32d642dc0f3164,2026-01,Northumbria Police,Northumbria Police,-1.368476,54.898033,On or near Barnabas Place,E01008736,Sunderland 016C,Other crime,Investigation complete; no suspect identified,
79f6e6d66cb94da65eef3d8977b9999aa360d25f95c46a3b7828c3775adeab41,2026-01,Northumbria Police,Northumbria Police,-1.374543,54.895953,On or near Villette Brook Street,E01008737,Sunderland 016D,Burglary,Investigation complete; no suspect identified,
59daf9e6ed306664d74b14569613fbe71a532ed003b6a5a56851ce456adaea3a,2026-01,Northumbria Police,Northumbria Police,-1.373606,54.895993,On or near Edith Street,E01008737,Sunderland 016D,Criminal damage and arson,Investigation complete; no suspect identified,
4d88abd5523b32233f2b43271ad79e0b751c5048fe111e04a875dcad778c00a6,2026-01,Northumbria Police,Northumbria Police,-1.373613,54.894582,On or near Villette Road,E01008737,Sunderland 016D,Other theft,Investigation complete; no suspect identified,
9d4dbe4a45c116c6ef789919dabc39ae55d9c52d9f7ef0a034e03a268dd2e06c,2026-01,Northumbria Police,Northumbria Police,-1.369779,54.894472,On or near Hyde Street,E01008738,Sunderland 016E,Other theft,Investigation complete; no suspect identified,
23b1a12d944fa4aa516780b3bf21e453a2d4cf5e6d102425faabccabe25b130d,2026-01,Northumbria Police,Northumbria Police,-1.369779,54.894472,On or near Hyde Street,E01008738,Sunderland 016E,Violence and sexual offences,Under investigation,
09e7433a7cb901e0683fafe8ff3b141f2d08efdf82cdec89ed9db50e3e928589,2026-01,Northumbria Police,Northumbria Police,-1.367612,54.897462,On or near St Barnabas Way,E01008738,Sunderland 016E,Violence and sexual offences,Investigation complete; no suspect identified,
a0d415d307f3eab706e00a978d4dda9d65dd3f8e1f2df73dfb48296d613076e9,2026-01,Northumbria Police,Northumbria Police,-1.367612,54.897462,On or near St Barnabas Way,E01008738,Sunderland 016E,Violence and sexual offences,Under investigation,
,2026-01,Northumbria Police,Northumbria Police,-1.375610,54.902518,On or near Northcote Avenue,E01008836,Sunderland 016F,Anti-social behaviour,,
,2026-01,Northumbria Police,Northumbria Police,-1.377459,54.903004,On or near Laura Street,E01008836,Sunderland 016F,Anti-social behaviour,,
,2026-01,Northumbria Police,Northumbria Police,-1.378579,54.903189,On or near B1294,E01008836,Sunderland 016F,Anti-social behaviour,,
,2026-01,Northumbria Police,Northumbria Police,-1.383505,54.904338,On or near Holmeside,E01008836,Sunderland 016F,Anti-social behaviour,,
,2026-01,Northumbria Police,Northumbria Police,-1.376568,54.905111,On or near Borough Road,E01008836,Sunderland 016F,Anti-social behaviour,,
,2026-01,Northumbria Police,Northumbria Police,-1.376568,54.905111,On or near Borough Road,E01008836,Sunderland 016F,Anti-social behaviour,,
,2026-01,Northumbria Police,Northumbria Police,-1.370719,54.903149,On or near Raine Grove,E01008836,Sunderland 016F,Anti-social behaviour,,
,2026-01,Northumbria Police,Northumbria Police,-1.386967,54.903286,On or near Derwent Street,E01008836,Sunderland 016F,Anti-social behaviour,,
,2026-01,Northumbria Police,Northumbria Police,-1.386967,54.903286,On or near Derwent Street,E01008836,Sunderland 016F,Anti-social behaviour,,
,2026-01,Northumbria Police,Northumbria Police,-1.386967,54.903286,On or near Derwent Street,E01008836,Sunderland 016F,Anti-social behaviour,,
,2026-01,Northumbria Police,Northumbria Police,-1.377459,54.903004,On or near Laura Street,E01008836,Sunderland 016F,Anti-social behaviour,,
,2026-01,Northumbria Police,Northumbria Police,-1.386967,54.903286,On or near Derwent Street,E01008836,Sunderland 016F,Anti-social behaviour,,
,2026-01,Northumbria Police,Northumbria Police,-1.377045,54.901501,On or near Egerton Street,E01008836,Sunderland 016F,Anti-social behaviour,,
,2026-01,Northumbria Police,Northumbria Police,-1.372345,54.902924,On or near Wylam Grove,E01008836,Sunderland 016F,Anti-social behaviour,,
,2026-01,Northumbria Police,Northumbria Police,-1.386967,54.903286,On or near Derwent Street,E01008836,Sunderland 016F,Anti-social behaviour,,
,2026-01,Northumbria Police,Northumbria Police,-1.379217,54.904253,On or near Nightclub,E01008836,Sunderland 016F,Anti-social behaviour,,
d4c576c7ceb278f1a6f557102f0f39983b8a516355428937d9a8c2d16f262e9c,2026-01,Northumbria Police,Northumbria Police,-1.386967,54.903286,On or near Derwent Street,E01008836,Sunderland 016F,Criminal damage and arson,Investigation complete; no suspect identified,
dcdd616b36f7e93e0290163fcffe172e2e52b129b50226d06fb5e77456113428,2026-01,Northumbria Police,Northumbria Police,-1.376593,54.902523,On or near Churchill Street,E01008836,Sunderland 016F,Other theft,Investigation complete; no suspect identified,
fa794caeda820e7d3c3329a059f2db2685cc23e837f76674b1deae9e9c733398,2026-01,Northumbria Police,Northumbria Police,-1.386967,54.903286,On or near Derwent Street,E01008836,Sunderland 016F,Public order,Investigation complete; no suspect identified,
e8813800118cef611dd3deccd55b85c981f7d89dff3827d624dd9f20c61db248,2026-01,Northumbria Police,Northumbria Police,-1.374419,54.904947,On or near Hudson Road,E01008836,Sunderland 016F,Robbery,Investigation complete; no suspect identified,
9f122cf6206ae8d74883299d709f8e5bb3fe5f38b661c1bbbc4b4db83c242c5a,2026-01,Northumbria Police,Northumbria Police,-1.383505,54.904338,On or near Holmeside,E01008836,Sunderland 016F,Shoplifting,Investigation complete; no suspect identified,
02e2e4313b5f40c4b410393376dea3530791350beb7940992e65e2ab1e6c3499,2026-01,Northumbria Police,Northumbria Police,-1.386967,54.903286,On or near Derwent Street,E01008836,Sunderland 016F,Violence and sexual offences,Investigation complete; no suspect identified,
bf4879d17edf0ea8f0d8c570ead42c12885a2fbef6b06171ddb99685def2551b,2026-01,Northumbria Police,Northumbria Police,-1.376568,54.905111,On or near Borough Road,E01008836,Sunderland 016F,Violence and sexual offences,Investigation complete; no suspect identified,
0d56713b75e7a66dd7410c07a40499c44eb9b3ee59dc23cca2ddc07a3758b969,2026-01,Northumbria Police,Northumbria Police,-1.376568,54.905111,On or near Borough Road,E01008836,Sunderland 016F,Violence and sexual offences,Under investigation,
fef0854d81a8824456f3ca1a7d21181fb9b31fffae7e7fff369f7dd97d84c8a7,2026-01,Northumbria Police,Northumbria Police,-1.386967,54.903286,On or near Derwent Street,E01008836,Sunderland 016F,Violence and sexual offences,Under investigation,
2a6369dfff6fae9e558f0de4eb640b8fc4915d9c7eb7b00de7f9dc8180f34f90,2026-01,Northumbria Police,Northumbria Police,-1.386967,54.903286,On or near Derwent Street,E01008836,Sunderland 016F,Violence and sexual offences,Under investigation,
0fd0879315e63f7aaef9f9111eb91f683d85526f9c341f98834fc7a20050db0f,2026-01,Northumbria Police,Northumbria Police,-1.386967,54.903286,On or near Derwent Street,E01008836,Sunderland 016F,Violence and sexual offences,Investigation complete; no suspect identified,
,2026-01,Northumbria Police,Northumbria Police,-1.509019,54.897738,On or near Ovingham Close,E01008845,Sunderland 017A,Anti-social behaviour,,
,2026-01,Northumbria Police,Northumbria Police,-1.509019,54.897738,On or near Ovingham Close,E01008845,Sunderland 017A,Anti-social behaviour,,
f94e7770fb8bc2df284260b2c7dbcf48bc3cdd66050cbcfb3d56bb3aebc6a186,2026-01,Northumbria Police,Northumbria Police,-1.514468,54.899292,On or near Sports/Recreation Area,E01008845,Sunderland 017A,Vehicle crime,Investigation complete; no suspect identified,
edfefb3ed11e0e8b7c1b27f21f215c5938b24b011d44aff3b41aaa4680818232,2026-01,Northumbria Police,Northumbria Police,-1.504019,54.904907,On or near Barmston Way,E01008846,Sunderland 017B,Violence and sexual offences,Under investigation,
4b885a180d9064ccb4299b0c8a76d1167d2b81f25cc7ef3e0ea04828b34d0b47,2026-01,Northumbria Police,Northumbria Police,-1.504019,54.904907,On or near Barmston Way,E01008846,Sunderland 017B,Violence and sexual offences,Awaiting court outcome,
,2026-01,Northumbria Police,Northumbria Police,-1.501735,54.902050,On or near Sports/Recreation Area,E01008847,Sunderland 017C,Anti-social behaviour,,
4dbeb90a0f13108d14146aee8996553c3fbb8fb9633a8e483b3a35b27c536922,2026-01,Northumbria Police,Northumbria Police,-1.503614,54.901068,On or near Waskerley Road,E01008847,Sunderland 017C,Violence and sexual offences,Under investigation,
,2026-01,Northumbria Police,Northumbria Police,-1.515646,54.893793,On or near Romney Avenue,E01008851,Sunderland 017E,Anti-social behaviour,,
3b5fc3601b82ef3f737a59db828437c9cf00579a5057802c279fae9aae4877fe,2026-01,Northumbria Police,Northumbria Police,-1.508824,54.895796,On or near Lowthian Terrace,E01008851,Sunderland 017E,Vehicle crime,Investigation complete; no suspect identified,
8f42315a2419214c6045d9e66c1e484cfe01b2be70ed26141caf394387b764a0,2026-01,Northumbria Police,Northumbria Police,-1.513700,54.894890,On or near Oxclose Road,E01008851,Sunderland 017E,Violence and sexual offences,Under investigation,
cd0b03d14d5c2f0a81961d5c6929c0ff4da4daef2fe0d4f7eb5996e98b71bfff,2026-01,Northumbria Police,Northumbria Police,-1.505100,54.895638,On or near Lakeside Gardens,E01008851,Sunderland 017E,Violence and sexual offences,Under investigation,
9a252850a12a7f39f0b151a7e2bc8afdb389b4d29af9673f876eb402ce6a96a3,2026-01,Northumbria Police,Northumbria Police,-1.505371,54.895081,On or near Barmston Close,E01008851,Sunderland 017E,Violence and sexual offences,Under investigation,
,2026-01,Northumbria Police,Northumbria Police,-1.494423,54.892790,On or near Dovestone Close,E01034516,Sunderland 017G,Anti-social behaviour,,
,2026-01,Northumbria Police,Northumbria Police,-1.498803,54.892898,On or near Chillingham Close,E01034516,Sunderland 017G,Anti-social behaviour,,
7e9848331606b7c0ac485c7e93f793170c55369a6631c4ae356df2897a4623ce,2026-01,Northumbria Police,Northumbria Police,-1.494713,54.890859,On or near Parking Area,E01034516,Sunderland 017G,Burglary,Under investigation,
6a54ef880952a77c77115a4cd7661ea3576e71c061acaebb1d3ae0e2a3079fce,2026-01,Northumbria Police,Northumbria Police,-1.494004,54.893884,On or near Craggs Road,E01034516,Sunderland 017G,Shoplifting,Under investigation,
273a3ef2f47d14ad9e40160a7949d806612849ff97790bfc2019441a5ad6cfaa,2026-01,Northumbria Police,Northumbria Police,-1.494004,54.893884,On or near Craggs Road,E01034516,Sunderland 017G,Shoplifting,Under investigation,
f200079d91078d155ae508b0b97d5eccb3bc7885b6249d894aec98b61756e1ba,2026-01,Northumbria Police,Northumbria Police,-1.494004,54.893884,On or near Craggs Road,E01034516,Sunderland 017G,Shoplifting,Under investigation,
7bd2a9271a4abe9834ebea7a58f291e4572a2332f379ea8da955f94b9e4e7f0d,2026-01,Northumbria Police,Northumbria Police,-1.494004,54.893884,On or near Craggs Road,E01034516,Sunderland 017G,Shoplifting,Under investigation,
523ff28eb3e46f7f08c702ca630119eb509a9aded62e134afcac9cf42e1ead2d,2026-01,Northumbria Police,Northumbria Police,-1.494004,54.893884,On or near Craggs Road,E01034516,Sunderland 017G,Shoplifting,Under investigation,
f1c952f04fe73c2bbde79601e6861cf6a7cd2de3db8ab4c473df05481cdb76b3,2026-01,Northumbria Police,Northumbria Police,-1.501731,54.891921,On or near Stratford Road,E01034516,Sunderland 017G,Other crime,Under investigation,
,2026-01,Northumbria Police,Northumbria Police,-1.409116,54.894490,On or near Park/Open Space,E01008760,Sunderland 018A,Anti-social behaviour,,
,2026-01,Northumbria Police,Northumbria Police,-1.409237,54.897995,On or near Cleveland Road,E01008760,Sunderland 018A,Anti-social behaviour,,
4fb1877dcc5cc678a0f7a1ae255d9a413e2d60fab17152a149bd72482dc18bdd,2026-01,Northumbria Police,Northumbria Police,-1.415513,54.894197,On or near Ettrick Grove,E01008760,Sunderland 018A,Criminal damage and arson,Investigation complete; no suspect identified,
0d71dd48945e465e198a55c43544165d07d85dd16f27e821d1d2387acaccd2c2,2026-01,Northumbria Police,Northumbria Police,-1.415513,54.894197,On or near Ettrick Grove,E01008760,Sunderland 018A,Criminal damage and arson,Under investigation,
,2026-01,Northumbria Police,Northumbria Police,-1.403402,54.901346,On or near Wolseley Terrace,E01008832,Sunderland 018C,Anti-social behaviour,,
,2026-01,Northumbria Police,Northumbria Police,-1.403885,54.898203,On or near Hawarden Crescent,E01008833,Sunderland 018D,Anti-social behaviour,,
5c48cdce3df7ed671b2caf1d688a7f7cec66b4dfe2a8094f4e66cd681f81251c,2026-01,Northumbria Police,Northumbria Police,-1.403957,54.896487,On or near Chatsworth Crescent,E01008833,Sunderland 018D,Violence and sexual offences,Under investigation,
e39885dd6d72d64a5f728d29aa60c4aa4efd670dd60e19f738afcf35fbbe4d5e,2026-01,Northumbria Police,Northumbria Police,-1.524573,54.894430,On or near Waltham,E01008843,Sunderland 019A,Violence and sexual offences,Under investigation,
,2026-01,Northumbria Police,Northumbria Police,-1.519330,54.902605,On or near Liberty Green,E01008844,Sunderland 019B,Anti-social behaviour,,
,2026-01,Northumbria Police,Northumbria Police,-1.522208,54.904531,On or near Trenton Avenue,E01008844,Sunderland 019B,Anti-social behaviour,,
,2026-01,Northumbria Police,Northumbria Police,-1.534521,54.902494,On or near Parking Area,E01008844,Sunderland 019B,Anti-social behaviour,,
4ac5f12b36a0c64179d8b9aa19aa8df21157a70c9fcf45f6fd628f58730c3657,2026-01,Northumbria Police,Northumbria Police,-1.529794,54.903985,On or near Supermarket,E01008844,Sunderland 019B,Shoplifting,Investigation complete; no suspect identified,
41f5f3cba69f08185dd07f5bf00c73f7c497694590e6f7ef1508b22d5b2706bd,2026-01,Northumbria Police,Northumbria Police,-1.521661,54.901985,On or near Abbey Road,E01008844,Sunderland 019B,Violence and sexual offences,Under investigation,
029c4a01f4ccf9152d2c743daa195e7cef1194230c00359e7df06c2b89f7a968,2026-01,Northumbria Police,Northumbria Police,-1.519330,54.902605,On or near Liberty Green,E01008844,Sunderland 019B,Other crime,Investigation complete; no suspect identified,
,2026-01,Northumbria Police,Northumbria Police,-1.534190,54.900045,On or near Bus/Coach Station,E01008848,Sunderland 019C,Anti-social behaviour,,
,2026-01,Northumbria Police,Northumbria Police,-1.534190,54.900045,On or near Bus/Coach Station,E01008848,Sunderland 019C,Anti-social behaviour,,
,2026-01,Northumbria Police,Northumbria Police,-1.534190,54.900045,On or near Bus/Coach Station,E01008848,Sunderland 019C,Anti-social behaviour,,
,2026-01,Northumbria Police,Northumbria Police,-1.534190,54.900045,On or near Bus/Coach Station,E01008848,Sunderland 019C,Anti-social behaviour,,
,2026-01,Northumbria Police,Northumbria Police,-1.529679,54.901729,On or near Parking Area,E01008848,Sunderland 019C,Anti-social behaviour,,
,2026-01,Northumbria Police,Northumbria Police,-1.534190,54.900045,On or near Bus/Coach Station,E01008848,Sunderland 019C,Anti-social behaviour,,
,2026-01,Northumbria Police,Northumbria Police,-1.534190,54.900045,On or near Bus/Coach Station,E01008848,Sunderland 019C,Anti-social behaviour,,
,2026-01,Northumbria Police,Northumbria Police,-1.534190,54.900045,On or near Bus/Coach Station,E01008848,Sunderland 019C,Anti-social behaviour,,
,2026-01,Northumbria Police,Northumbria Police,-1.534190,54.900045,On or near Bus/Coach Station,E01008848,Sunderland 019C,Anti-social behaviour,,
10b7893c88310893e5483acc6fe5374cb89942ce9bfd151d75cc435d41edb4a3,2026-01,Northumbria Police,Northumbria Police,-1.535753,54.898364,On or near Parking Area,E01008848,Sunderland 019C,Criminal damage and arson,Investigation complete; no suspect identified,
f40381ab15864bdcef790957d3aaeadbb06000a1f465f3668996f0ba7d6721ee,2026-01,Northumbria Police,Northumbria Police,-1.534190,54.900045,On or near Bus/Coach Station,E01008848,Sunderland 019C,Other theft,Under investigation,
daaef9aedac6d9312822d237fe8690f8053812c1d97300c1771dd7362973943f,2026-01,Northumbria Police,Northumbria Police,-1.535753,54.898364,On or near Parking Area,E01008848,Sunderland 019C,Other theft,Investigation complete; no suspect identified,
32cdfdb89e1b393ee308274075a88d018893aadfec3414763157f22fabdb0727,2026-01,Northumbria Police,Northumbria Police,-1.534190,54.900045,On or near Bus/Coach Station,E01008848,Sunderland 019C,Public order,Under investigation,
681625f97faaa60a61251caf65b9df1524d668dda65b8d41a7b669d763538265,2026-01,Northumbria Police,Northumbria Police,-1.534190,54.900045,On or near Bus/Coach Station,E01008848,Sunderland 019C,Shoplifting,Investigation complete; no suspect identified,
24623d8f2472a2279831fe595319eb2d498e8683d077152e2296e8f8be253385,2026-01,Northumbria Police,Northumbria Police,-1.534190,54.900045,On or near Bus/Coach Station,E01008848,Sunderland 019C,Shoplifting,Under investigation,
6e822a367cd230c9b461333df3203e09873b8f52c935889b1a0294ae28773806,2026-01,Northumbria Police,Northumbria Police,-1.534190,54.900045,On or near Bus/Coach Station,E01008848,Sunderland 019C,Shoplifting,Under investigation,
eb4e0429e39deeab8c1d3a2f429d36e0828aeeea73566037cb6ae909d9c3bab6,2026-01,Northumbria Police,Northumbria Police,-1.534328,54.900282,On or near Washington Galleries Bus Station,E01008848,Sunderland 019C,Shoplifting,Under investigation,
dd716842efc8a2f3396d184a361b8e454649340f0a20b3d57de8eb574bd67066,2026-01,Northumbria Police,Northumbria Police,-1.534190,54.900045,On or near Bus/Coach Station,E01008848,Sunderland 019C,Theft from the person,Under investigation,
,2026-01,Northumbria Police,Northumbria Police,-1.527820,54.899376,On or near Newstead Court,E01008849,Sunderland 019D,Anti-social behaviour,,
,2026-01,Northumbria Police,Northumbria Police,-1.527820,54.899376,On or near Newstead Court,E01008849,Sunderland 019D,Anti-social behaviour,,
,2026-01,Northumbria Police,Northumbria Police,-1.528359,54.899954,On or near Talley Court,E01008849,Sunderland 019D,Anti-social behaviour,,
,2026-01,Northumbria Police,Northumbria Police,-1.528359,54.899954,On or near Talley Court,E01008849,Sunderland 019D,Anti-social behaviour,,
88c9c03d30bbfc449af8381dfba28b1382fa82be1863aa4900899955ed8ee597,2026-01,Northumbria Police,Northumbria Police,-1.526479,54.898032,On or near Roche Court,E01008849,Sunderland 019D,Criminal damage and arson,Investigation complete; no suspect identified,
d461b2a5f65f0309f08a284b98c965eaab23c3dc3af5c3a6f927be870eba15bd,2026-01,Northumbria Police,Northumbria Police,-1.525811,54.899153,On or near Gertrude Court,E01008849,Sunderland 019D,Criminal damage and arson,Investigation complete; no suspect identified,
09b3ffa82714b2871dab192fcea644beaa3f576f0bfee6f0796c39ce42c3b3be,2026-01,Northumbria Police,Northumbria Police,-1.528359,54.899954,On or near Talley Court,E01008849,Sunderland 019D,Other theft,Investigation complete; no suspect identified,
61fd5dcbbd3c55794afc75008e084588c5aa2241904b9a59755f1e9fe9eb0994,2026-01,Northumbria Police,Northumbria Police,-1.526479,54.898032,On or near Roche Court,E01008849,Sunderland 019D,Violence and sexual offences,Under investigation,
0822b87c1da9168c3fc6ce15d8588c48d9eb3aae26331f848c672b635c68bbf5,2026-01,Northumbria Police,Northumbria Police,-1.523024,54.901478,On or near Abbey Close,E01008849,Sunderland 019D,Violence and sexual offences,Under investigation,
98648d7ec41dc110230935ed21b7798972e8e6c1e2416bc81cc49395a2a5daeb,2026-01,Northumbria Police,Northumbria Police,-1.523024,54.901478,On or near Abbey Close,E01008849,Sunderland 019D,Violence and sexual offences,Under investigation,
51468fc9bdc6e09022211754aa25e274f2b7d0c9cb97ab7ba8e3800fe4b236c4,2026-01,Northumbria Police,Northumbria Police,-1.527373,54.898925,On or near Princess Anne Court,E01008849,Sunderland 019D,Other crime,Investigation complete; no suspect identified,
,2026-01,Northumbria Police,Northumbria Police,-1.538200,54.895777,On or near Langley Close,E01008867,Sunderland 020A,Anti-social behaviour,,
,2026-01,Northumbria Police,Northumbria Police,-1.538200,54.895777,On or near Langley Close,E01008867,Sunderland 020A,Anti-social behaviour,,
,2026-01,Northumbria Police,Northumbria Police,-1.539091,54.896921,On or near Norham Court,E01008867,Sunderland 020A,Anti-social behaviour,,
2f37e44019f0c2f4fe7f9028ae10495c996b609cb233b2c6df6fd0471551fea0,2026-01,Northumbria Police,Northumbria Police,-1.540608,54.895112,On or near Mitford Close,E01008867,Sunderland 020A,Violence and sexual offences,Under investigation,
3038dce620012322a4ee5b69d6d52ed22f362bcfad79cbd8be9cba5cca52a642,2026-01,Northumbria Police,Northumbria Police,-1.540935,54.900667,On or near Bamburgh Close,E01008867,Sunderland 020A,Violence and sexual offences,Under investigation,
24b7586863ad112a12e88419f38785e56a62817313c2f746e789ccae209e7a11,2026-01,Northumbria Police,Northumbria Police,-1.540935,54.900667,On or near Bamburgh Close,E01008867,Sunderland 020A,Violence and sexual offences,Under investigation,
212fb7fa7fe0895336488be996aca6a17359a38e7d31eacb3a121068277c06bf,2026-01,Northumbria Police,Northumbria Police,-1.539970,54.899153,On or near Lumley Close,E01008867,Sunderland 020A,Violence and sexual offences,Under investigation,
cbf8a96b3536d662781a379d3cbe1a401c6c0ea6fa181494489ff04768f65b89,2026-01,Northumbria Police,Northumbria Police,-1.539212,54.899959,On or near Hylton Court,E01008867,Sunderland 020A,Violence and sexual offences,Under investigation,
67f2fd27ae36c153b21910c05d8da3c86071eea24e2bade40d6f8042c49bc5f7,2026-01,Northumbria Police,Northumbria Police,-1.539970,54.899153,On or near Lumley Close,E01008867,Sunderland 020A,Other crime,Under investigation,
03f88265f07b704665dfd24d2997eb50d66568a9f0503cc1b67d4d537df870a8,2026-01,Northumbria Police,Northumbria Police,-1.548025,54.898321,On or near Raby Road,E01008868,Sunderland 020B,Criminal damage and arson,Awaiting court outcome,
9cb81518a00a47db07f733992df74154b268893383a352a131faa2bb9d451fb3,2026-01,Northumbria Police,Northumbria Police,-1.544748,54.897158,On or near Parking Area,E01008869,Sunderland 020C,Burglary,Under investigation,
1dc46cd667a8bf3571524ca794c7da07979a33072c97e39926c78547f1b0d29d,2026-01,Northumbria Police,Northumbria Police,-1.546811,54.899503,On or near Pembridge,E01008869,Sunderland 020C,Criminal damage and arson,Awaiting court outcome,
fa7b7e299730fa7f29b57eaa0c85d9e6f99f48e31420deb1b9dba3f823464c02,2026-01,Northumbria Police,Northumbria Police,-1.546811,54.899503,On or near Pembridge,E01008869,Sunderland 020C,Criminal damage and arson,Awaiting court outcome,
66b0ef51277803586b7cbfb8a16e0b42c5dc46c479d58b9b0438afec63d7a978,2026-01,Northumbria Police,Northumbria Police,-1.546811,54.899503,On or near Pembridge,E01008869,Sunderland 020C,Criminal damage and arson,Awaiting court outcome,
dc3651979852512cf8c7e89f2a168ec34049fdc82230ad876fe3e4f8fdde3571,2026-01,Northumbria Police,Northumbria Police,-1.546811,54.899503,On or near Pembridge,E01008869,Sunderland 020C,Criminal damage and arson,Awaiting court outcome,
f14575a74fc63554988688b5050bc9f0b92ac7f645a282869d6b1b0681f24915,2026-01,Northumbria Police,Northumbria Police,-1.549491,54.899755,On or near Stanhope,E01008869,Sunderland 020C,Violence and sexual offences,Investigation complete; no suspect identified,
,2026-01,Northumbria Police,Northumbria Police,-1.546910,54.889285,On or near Pikestone Close,E01008870,Sunderland 020D,Anti-social behaviour,,
,2026-01,Northumbria Police,Northumbria Police,-1.546910,54.889285,On or near Pikestone Close,E01008870,Sunderland 020D,Anti-social behaviour,,
7be53fc4e6d9f3941fc6880c3aa6e4a9c5b13f8b7ddda16b6e9f0d5d13000974,2026-01,Northumbria Police,Northumbria Police,-1.545599,54.890826,On or near Glenshiel Close,E01008870,Sunderland 020D,Other crime,Investigation complete; no suspect identified,
,2026-01,Northumbria Police,Northumbria Police,-1.535867,54.889783,On or near Cuillin Close,E01008871,Sunderland 020E,Anti-social behaviour,,
05c9913625402617320884483fbafe62d40d10aaff7b2acf62287462266422ec,2026-01,Northumbria Police,Northumbria Police,-1.538187,54.892802,On or near Chiltern Close,E01008871,Sunderland 020E,Violence and sexual offences,Investigation complete; no suspect identified,
,2026-01,Northumbria Police,Northumbria Police,-1.550628,54.888598,On or near Sandpiper Close,E01008872,Sunderland 020F,Anti-social behaviour,,
f5a38e5d7cb063e6fb30018b6cfb4aa906cf2f4ba54e220ed6b4e558ed0bd15c,2026-01,Northumbria Police,Northumbria Police,-1.553378,54.892320,On or near Wheatear Close,E01008872,Sunderland 020F,Drugs,Awaiting court outcome,
2575ef34b91648826857d4bce1fc3b31db24f5f7f3d49d64539a4679ec3faf6c,2026-01,Northumbria Police,Northumbria Police,-1.553378,54.892320,On or near Wheatear Close,E01008872,Sunderland 020F,Possession of weapons,Awaiting court outcome,
d10249471e0342f80c0b1728d470969474bd694713d5f9a29914891beb2e121b,2026-01,Northumbria Police,Northumbria Police,-1.553348,54.886568,On or near Woodlark,E01008872,Sunderland 020F,Vehicle crime,Under investigation,
bc0616e0f5b85e8b4167163abb8c024fafde816650e2b763f0f85901b86a6375,2026-01,Northumbria Police,Northumbria Police,-1.551912,54.888100,On or near Martin Court,E01008872,Sunderland 020F,Other crime,Investigation complete; no suspect identified,
b68b2b8574434b4d1168aacf8d641884603539e7de26b861a340d5557388dd1a,2026-01,Northumbria Police,Northumbria Police,-1.450522,54.894936,On or near St Johns Vale,E01008730,Sunderland 021B,Criminal damage and arson,Investigation complete; no suspect identified,
9abcd7bb9045972095394d28923fbc134bd5d99a81b3d2d0e8aef31e308f9cb6,2026-01,Northumbria Police,Northumbria Police,-1.450611,54.892923,On or near Prestbury Road,E01008730,Sunderland 021B,Violence and sexual offences,Investigation complete; no suspect identified,
60be9ad3186a6bdeb00c147fe0b772c85917a80d4d962866df43dd0793bebed4,2026-01,Northumbria Police,Northumbria Police,-1.448631,54.897479,On or near Pennycross Road,E01008730,Sunderland 021B,Violence and sexual offences,Under investigation,
d9e22043b63d90f672cdfa3a2af56723d77f0ca5249bd6499616a8693e968b36,2026-01,Northumbria Police,Northumbria Police,-1.451805,54.895687,On or near Penistone Road,E01008730,Sunderland 021B,Other crime,Under investigation,
c9f5df664ab7523810647df902d43b43bfdf0bb1b6c60ee9117af7bc2827747b,2026-01,Northumbria Police,Northumbria Police,-1.439932,54.890655,On or near Galashiels Road,E01008732,Sunderland 021D,Criminal damage and arson,Investigation complete; no suspect identified,
1fafd6b6bf3fd1b4ee7142ec26f95c7cc143eed0addff4eab3def4285dd053fa,2026-01,Northumbria Police,Northumbria Police,-1.435064,54.889824,On or near Goole Road,E01008732,Sunderland 021D,Other theft,Investigation complete; no suspect identified,
d390cb7dd0c91b7d6ce94dd4c68c6928cb614a37f3bbfeb48ec398a7c44828c4,2026-01,Northumbria Police,Northumbria Police,-1.440584,54.888600,On or near Gleneagles Road,E01008732,Sunderland 021D,Other theft,Under investigation,
0e0338186e3b67cc104bdbbd0a40d048629eaa2236e585b616baa6f7e47da6f7,2026-01,Northumbria Police,Northumbria Police,-1.435984,54.890906,On or near Greenlea Close,E01008732,Sunderland 021D,Other theft,Under investigation,
1ca8370db89dbf04fef0a9e66c95a7f8e0ce4046463f84518958d29bd308cd6d,2026-01,Northumbria Police,Northumbria Police,-1.429792,54.894419,On or near Supermarket,E01008732,Sunderland 021D,Shoplifting,Under investigation,
9b5e76169ef387bc6bd9e9c7b43662bab5cef1ae740b487409a1510cd04b1e68,2026-01,Northumbria Police,Northumbria Police,-1.440955,54.889941,On or near Galway Road,E01008732,Sunderland 021D,Violence and sexual offences,Local resolution,
,2026-01,Northumbria Police,Northumbria Police,-1.442244,54.889156,On or near Greenwood Road,E01008733,Sunderland 021E,Anti-social behaviour,,
a192f19639c77be839aa5d1b373467991c3109243faf328e376b0e4c3941ffd9,2026-01,Northumbria Police,Northumbria Police,-1.448128,54.887565,On or near Sandalwood Square,E01008733,Sunderland 021E,Criminal damage and arson,Investigation complete; no suspect identified,
94e3153c6dd2f6c86292fe42884a6bfd6be56e5d74a75b1457d9e9fd1fa097f9,2026-01,Northumbria Police,Northumbria Police,-1.448128,54.887565,On or near Sandalwood Square,E01008733,Sunderland 021E,Possession of weapons,Under investigation,
165e1b739a84085b8b3bf6de74da8cf51c57ddc735f197f657cc22be58e8954d,2026-01,Northumbria Police,Northumbria Police,-1.446014,54.885965,On or near Guernsey Road,E01008733,Sunderland 021E,Violence and sexual offences,Under investigation,
,2026-01,Northumbria Police,Northumbria Police,-1.447837,54.894025,On or near Presthope Road,E01034517,Sunderland 021G,Anti-social behaviour,,
,2026-01,Northumbria Police,Northumbria Police,-1.448875,54.889878,On or near Gourock Square,E01034517,Sunderland 021G,Anti-social behaviour,,
6a8574897ea55713a63d231c373d743d16b63431998a3cedbc9e1bf9179e46df,2026-01,Northumbria Police,Northumbria Police,-1.445030,54.889501,On or near Gatwick Road,E01034517,Sunderland 021G,Criminal damage and arson,Under investigation,
bb94c0ab6f325954d7fc601d126a3a39c5a1abb0234588cfd3129d16db0ce93f,2026-01,Northumbria Police,Northumbria Police,-1.444600,54.890128,On or near Geneva Road,E01034517,Sunderland 021G,Criminal damage and arson,Investigation complete; no suspect identified,
a961321f65c031d9829f9563c3011f50d3d432ca9aec4dac11643d1c9d490b61,2026-01,Northumbria Police,Northumbria Police,-1.447016,54.895899,On or near Waterford Green,E01034517,Sunderland 021G,Criminal damage and arson,Investigation complete; no suspect identified,
1057bf0286ecb8b69dd70691bbf3501c5e079f822e361f1fe48a63cdb2ac69cb,2026-01,Northumbria Police,Northumbria Police,-1.449411,54.891741,On or near Pickhurst Road,E01034517,Sunderland 021G,Shoplifting,Investigation complete; no suspect identified,
d438a04cc7a243a6760c4560b0b82a95556d62fda313dcff9bcafc81415a5ed9,2026-01,Northumbria Police,Northumbria Police,-1.444350,54.891304,On or near Chester Road,E01034517,Sunderland 021G,Violence and sexual offences,Investigation complete; no suspect identified,
8261b4723badfa41964955eef2e92974df30ecedb0799951c65f98f80c37bc9e,2026-01,Northumbria Police,Northumbria Police,-1.444350,54.891304,On or near Chester Road,E01034517,Sunderland 021G,Violence and sexual offences,Under investigation,
49d87f95751cf4244462918912b53d83099f3e22e8e973635b4a53cf9bd2032f,2026-01,Northumbria Police,Northumbria Police,-1.447999,54.890117,On or near Godfrey Road,E01034517,Sunderland 021G,Violence and sexual offences,Investigation complete; no suspect identified,
c7b60af4d00f14f799de73b5fdc737ec0a8bfc0e3527b17b8795360bb8e149d9,2026-01,Northumbria Police,Northumbria Police,-1.448875,54.889878,On or near Gourock Square,E01034517,Sunderland 021G,Violence and sexual offences,Under investigation,
3a5a9c166d68b1a1b912d48ace8238e7cfa93b8ab90b2ca4124b3fbfc9b3ceec,2026-01,Northumbria Police,Northumbria Police,-1.444350,54.891304,On or near Chester Road,E01034517,Sunderland 021G,Violence and sexual offences,Under investigation,
,2026-01,Northumbria Police,Northumbria Police,-1.375077,54.891651,On or near Cedars Park,E01008740,Sunderland 022A,Anti-social behaviour,,
1636db9b07d6f7b3e7306c24f136cda089171dfaea37fcbc7482ea7c08cdf989,2026-01,Northumbria Police,Northumbria Police,-1.376479,54.892736,On or near Petrol Station,E01008740,Sunderland 022A,Robbery,Under investigation,
,2026-01,Northumbria Police,Northumbria Police,-1.397928,54.895127,On or near Petrol Station,E01008781,Sunderland 022B,Anti-social behaviour,,
3ecf85c9143766d697e9f9a3505687bb6765f6c1dff574fccef2e7b698036d49,2026-01,Northumbria Police,Northumbria Police,-1.397928,54.895127,On or near Petrol Station,E01008781,Sunderland 022B,Public order,Investigation complete; no suspect identified,
,2026-01,Northumbria Police,Northumbria Police,-1.402938,54.886309,On or near Elstob Place,E01008782,Sunderland 022C,Anti-social behaviour,,
,2026-01,Northumbria Police,Northumbria Police,-1.407033,54.888764,On or near Horsley Grove,E01008782,Sunderland 022C,Anti-social behaviour,,
,2026-01,Northumbria Police,Northumbria Police,-1.406154,54.891303,On or near Montrose Gardens,E01008782,Sunderland 022C,Anti-social behaviour,,
,2026-01,Northumbria Police,Northumbria Police,-1.405187,54.891352,On or near Fortrose Avenue,E01008782,Sunderland 022C,Anti-social behaviour,,
,2026-01,Northumbria Police,Northumbria Police,-1.406154,54.891303,On or near Montrose Gardens,E01008782,Sunderland 022C,Anti-social behaviour,,
2584986110d7be5340488150f364cbdaf04a48a4e82df9be63ec12c6e5be1648,2026-01,Northumbria Police,Northumbria Police,-1.397115,54.890055,On or near Meadow Gardens,E01008783,Sunderland 022D,Violence and sexual offences,Under investigation,
2165bc46d06e03daf4e71688ef739cffb5f77ab2866345d8a44b9230f25a4d5e,2026-01,Northumbria Police,Northumbria Police,-1.390527,54.892709,On or near Tunstall Park,E01008783,Sunderland 022D,Violence and sexual offences,Under investigation,
,2026-01,Northumbria Police,Northumbria Police,-1.398843,54.889129,On or near Braemar Gardens,E01008785,Sunderland 022F,Anti-social behaviour,,
43881500b3949bffc5729e991a222bfb6c327dfba52dded6ddbac77a43ab6686,2026-01,Northumbria Police,Northumbria Police,-1.397715,54.889509,On or near Bamburgh Gardens,E01008785,Sunderland 022F,Vehicle crime,Under investigation,
8baec63e372dac0207770eb99dae507fb0e9c9c133ea4b1e61ad96056eca54ad,2026-01,Northumbria Police,Northumbria Police,-1.396991,54.898313,On or near Fox Street,E01008835,Sunderland 022G,Criminal damage and arson,Under investigation,
67541aac00fc0323cac3d90bc7157c19d428b95425afb612af6acfee41379aff,2026-01,Northumbria Police,Northumbria Police,-1.396991,54.898313,On or near Fox Street,E01008835,Sunderland 022G,Criminal damage and arson,Under investigation,
a8f9929e408c67e09f29bd0a2a8d3a5461bd51fb7169149a3ccc4766291c13bc,2026-01,Northumbria Police,Northumbria Police,-1.396991,54.898313,On or near Fox Street,E01008835,Sunderland 022G,Criminal damage and arson,Under investigation,
338ab8cf1108218bf9ce97fcf51fef80733b3c108ca6900d27266d35b166cd7a,2026-01,Northumbria Police,Northumbria Police,-1.398766,54.896398,On or near Cedric Crescent,E01008835,Sunderland 022G,Public order,Awaiting court outcome,
cefabf2c672feb2266e7479e269eca8ac21d9900e7065955f34846f2407a792a,2026-01,Northumbria Police,Northumbria Police,-1.393146,54.897925,On or near Thornholme Road,E01008835,Sunderland 022G,Vehicle crime,Investigation complete; no suspect identified,
179a516fbda28331c27c0bf2509dfee01efb2748b1f4a19a0d24f62dc545864e,2026-01,Northumbria Police,Northumbria Police,-1.396991,54.898313,On or near Fox Street,E01008835,Sunderland 022G,Violence and sexual offences,Under investigation,
f6b810ccefae211b42d0f99ba42518c779dbf885582af456f9aa987fcf1056e5,2026-01,Northumbria Police,Northumbria Police,-1.396991,54.898313,On or near Fox Street,E01008835,Sunderland 022G,Violence and sexual offences,Under investigation,
45d5ff4c90f94f9ba4f661efa8d320d6171b7c40c9cc319a6cb84c4c29ba4086,2026-01,Northumbria Police,Northumbria Police,-1.396991,54.898313,On or near Fox Street,E01008835,Sunderland 022G,Violence and sexual offences,Under investigation,
1d694f49e75d4169c0f1fa125fc5c71fa52e5d7a6f844aceb80ee7f45b02c6ea,2026-01,Northumbria Police,Northumbria Police,-1.389787,54.897324,On or near Thornhill Gardens,E01008835,Sunderland 022G,Violence and sexual offences,Under investigation,
30c87eb98df895a7ddf7fe7c2bfb6c4c7216bdad9c387b02b41ab331572bdf8c,2026-01,Northumbria Police,Northumbria Police,-1.396991,54.898313,On or near Fox Street,E01008835,Sunderland 022G,Violence and sexual offences,Under investigation,
a7d9433c3813e1db6c257685b0163db28c0fdc767262d7079e27dd628ae952cd,2026-01,Northumbria Police,Northumbria Police,-1.393146,54.897925,On or near Thornholme Road,E01008835,Sunderland 022G,Violence and sexual offences,Investigation complete; no suspect identified,
5718b721eec007c7907cff744a0d3a55286df122f979a1d7962de09e1816edab,2026-01,Northumbria Police,Northumbria Police,-1.396991,54.898313,On or near Fox Street,E01008835,Sunderland 022G,Violence and sexual offences,Under investigation,
f3704d46532e68c6fa95c771c0e2e00a269293aef73af4e44b21780a6e71df2b,2026-01,Northumbria Police,Northumbria Police,-1.396991,54.898313,On or near Fox Street,E01008835,Sunderland 022G,Violence and sexual offences,Investigation complete; no suspect identified,
5e1669d7ef42385c2e76d5fec9a310c4570874bbb890a6f1b3353bd1b366fd9b,2026-01,Northumbria Police,Northumbria Police,-1.398766,54.896398,On or near Cedric Crescent,E01008835,Sunderland 022G,Violence and sexual offences,Awaiting court outcome,
094257d426acd572386a2c3a0773871aa0f192d0e06a2b0f9e68c4655053b678,2026-01,Northumbria Police,Northumbria Police,-1.389787,54.897324,On or near Thornhill Gardens,E01008835,Sunderland 022G,Violence and sexual offences,Under investigation,
f6f70aab1a20f2a6f6213a6a33ebe8002b3e10ceea32e74d364af2fec052dcad,2026-01,Northumbria Police,Northumbria Police,-1.396991,54.898313,On or near Fox Street,E01008835,Sunderland 022G,Violence and sexual offences,Under investigation,
e0e0a8e1e060b455c5ce5d3519c5ad1e4815ee4d1e3874f273aad2db78344315,2026-01,Northumbria Police,Northumbria Police,-1.396991,54.898313,On or near Fox Street,E01008835,Sunderland 022G,Violence and sexual offences,Under investigation,
8c2885013ffc644c34c3d2d1c8da4bce96037255c8eb5190557943ebaa396fed,2026-01,Northumbria Police,Northumbria Police,-1.398766,54.896398,On or near Cedric Crescent,E01008835,Sunderland 022G,Violence and sexual offences,Awaiting court outcome,
2df8db999a51ad7d0e968b7d2193100094eb89cb7899a4c464267142e7a99726,2026-01,Northumbria Police,Northumbria Police,-1.396991,54.898313,On or near Fox Street,E01008835,Sunderland 022G,Violence and sexual offences,Under investigation,
,2026-01,Northumbria Police,Northumbria Police,-1.434166,54.884913,On or near Twickenham Road,E01008823,Sunderland 023A,Anti-social behaviour,,
,2026-01,Northumbria Police,Northumbria Police,-1.434183,54.881435,On or near Trent Road,E01008824,Sunderland 023B,Anti-social behaviour,,
61bb8c8e5914296fc629d41a089335c35d189e52a502bb021a5c44793910d192,2026-01,Northumbria Police,Northumbria Police,-1.430287,54.881435,On or near Thorney Close Road,E01008824,Sunderland 023B,Violence and sexual offences,Under investigation,
2929ed4b69219474a161ecb63dd0ae3e76f24386394ede6eec574a9936deaf79,2026-01,Northumbria Police,Northumbria Police,-1.430287,54.881435,On or near Thorney Close Road,E01008824,Sunderland 023B,Violence and sexual offences,Under investigation,
6461eac53ca30273967e15bd58134452f9aa0c2ada65dd11323b8d6592403282,2026-01,Northumbria Police,Northumbria Police,-1.437412,54.881252,On or near Thorne Square,E01008824,Sunderland 023B,Violence and sexual offences,Under investigation,
c1faaaec85695789d57cc3f6491974867bd73b887e165a7be1b595af42684a15,2026-01,Northumbria Police,Northumbria Police,-1.424695,54.891015,On or near Springwell Road,E01008825,Sunderland 023C,Violence and sexual offences,Under investigation,
2624dbf6ce8af714de1b0ebbb3bf0025fa7281f3aff0ec71e14339dc32d0a1f8,2026-01,Northumbria Police,Northumbria Police,-1.421034,54.890827,On or near Shoreham Square,E01008825,Sunderland 023C,Violence and sexual offences,Under investigation,
26a68011ec1ff7521114fece6a7129442a6066edc818b3d0df9936940e720b57,2026-01,Northumbria Police,Northumbria Police,-1.424695,54.891015,On or near Springwell Road,E01008825,Sunderland 023C,Violence and sexual offences,Under investigation,
,2026-01,Northumbria Police,Northumbria Police,-1.413549,54.889838,On or near Sacriston Avenue,E01008826,Sunderland 023D,Anti-social behaviour,,
cf27fcb3d3d960bd914dcf23b3ad03d48065f91247696792efeaa8a9baca6df2,2026-01,Northumbria Police,Northumbria Police,-1.415371,54.890018,On or near Stamford Avenue,E01008826,Sunderland 023D,Other crime,Investigation complete; no suspect identified,
,2026-01,Northumbria Police,Northumbria Police,-1.423134,54.881329,On or near Supermarket,E01008827,Sunderland 023E,Anti-social behaviour,,
,2026-01,Northumbria Police,Northumbria Police,-1.423015,54.886397,On or near Strathmore Road,E01008827,Sunderland 023E,Anti-social behaviour,,
,2026-01,Northumbria Police,Northumbria Police,-1.425032,54.885957,On or near Thackeray Road,E01008827,Sunderland 023E,Anti-social behaviour,,
,2026-01,Northumbria Police,Northumbria Police,-1.423134,54.881329,On or near Supermarket,E01008827,Sunderland 023E,Anti-social behaviour,,
,2026-01,Northumbria Police,Northumbria Police,-1.422815,54.882945,On or near Police Station,E01008827,Sunderland 023E,Anti-social behaviour,,
,2026-01,Northumbria Police,Northumbria Police,-1.423134,54.881329,On or near Supermarket,E01008827,Sunderland 023E,Anti-social behaviour,,
,2026-01,Northumbria Police,Northumbria Police,-1.423015,54.886397,On or near Strathmore Road,E01008827,Sunderland 023E,Anti-social behaviour,,
,2026-01,Northumbria Police,Northumbria Police,-1.423015,54.886397,On or near Strathmore Road,E01008827,Sunderland 023E,Anti-social behaviour,,
db9c775eb88d2a75fd589e8047091f5f684ccd834584909170ffb5dce80d6c2b,2026-01,Northumbria Police,Northumbria Police,-1.415795,54.887621,On or near Powis Road,E01008828,Sunderland 023F,Criminal damage and arson,Under investigation,
f0df63be668c3d945e226a2b97b577001b34b22a8ae4935833c34109e91b1757,2026-01,Northumbria Police,Northumbria Police,-1.415687,54.884304,On or near Perth Road,E01008828,Sunderland 023F,Other theft,Investigation complete; no suspect identified,
477153db96e0bc189d40fb2abf903d14db87a3bd29da66fdd621a11f74025234,2026-01,Northumbria Police,Northumbria Police,-1.415687,54.884304,On or near Perth Road,E01008828,Sunderland 023F,Violence and sexual offences,Under investigation,
451b871d7509825188a75703c67f0c58fa691e96e2ffff08c51454d7f092298c,2026-01,Northumbria Police,Northumbria Police,-1.414318,54.887371,On or near Powis Square,E01008828,Sunderland 023F,Violence and sexual offences,Under investigation,
e8a4d8f6036697a3b6f6fe535c3348024a55baa9151177b3253911144e01cdef,2026-01,Northumbria Police,Northumbria Police,-1.416980,54.886512,On or near Polmuir Road,E01008828,Sunderland 023F,Violence and sexual offences,Under investigation,
4ea36eb49c90c33d5c3c0b70d4291bea0750e0fad457b05069ae080f34684413,2026-01,Northumbria Police,Northumbria Police,-1.415795,54.887621,On or near Powis Road,E01008828,Sunderland 023F,Other crime,Under investigation,
0b03b30bf6a4f9e9fde221600c115ced36f17c09b5e9bb5a2bd2ef8383c40e7d,2026-01,Northumbria Police,Northumbria Police,-1.418763,54.888873,On or near Supermarket,E01008828,Sunderland 023F,Other crime,Awaiting court outcome,
,2026-01,Northumbria Police,Northumbria Police,-1.431459,54.883399,On or near Thorndale Road,E01008829,Sunderland 023G,Anti-social behaviour,,
2a4a8ad13cda8a3dd7d69fc9ce280e24fc139c29185a440db215abfa4eb874a8,2026-01,Northumbria Police,Northumbria Police,-1.429247,54.884404,On or near Taunton Square,E01008829,Sunderland 023G,Criminal damage and arson,Investigation complete; no suspect identified,
9d3d0026124ff1e1069736ee8afc92edb8679fe778fcf39d4579477da86624df,2026-01,Northumbria Police,Northumbria Police,-1.429247,54.884404,On or near Taunton Square,E01008829,Sunderland 023G,Violence and sexual offences,Investigation complete; no suspect identified,
99376282e9ed1e5d84bcf3df9647988b02c2f14a04286678653c81c9a3311278,2026-01,Northumbria Police,Northumbria Police,-1.429247,54.884404,On or near Taunton Square,E01008829,Sunderland 023G,Violence and sexual offences,Under investigation,
a52bae07ddc9a6ccdf13d253b24a85582ced5c62ef03ba8124f9b362c219fb9d,2026-01,Northumbria Police,Northumbria Police,-1.368016,54.887588,On or near Beverley Road,E01008739,Sunderland 024A,Vehicle crime,Under investigation,
2019e5413ecc61ce900718628b2e070f07cfbdf8f2a4ca02cca953790b5caaff,2026-01,Northumbria Police,Northumbria Police,-1.368722,54.887259,On or near Balmoral Terrace,E01008739,Sunderland 024A,Violence and sexual offences,Under investigation,
acc10c3c154712194435d9fbd783fb06c5d349fb38fc44d389902d317b5951fa,2026-01,Northumbria Police,Northumbria Police,-1.368722,54.887259,On or near Balmoral Terrace,E01008739,Sunderland 024A,Violence and sexual offences,Under investigation,
9929b9a650e89e9ce1cc4cb5425b140b5a6a9684e1147966eb203431cb8abb36,2026-01,Northumbria Police,Northumbria Police,-1.366517,54.889683,On or near Hastings Terrace,E01008739,Sunderland 024A,Other crime,Under investigation,
,2026-01,Northumbria Police,Northumbria Police,-1.360978,54.892970,On or near Parking Area,E01008741,Sunderland 024B,Anti-social behaviour,,
81bf64f3ab826f442ac92e54e42a11faa18f7a1a62ddd4d4c4a9415f812c9fcf,2026-01,Northumbria Police,Northumbria Police,-1.360284,54.880691,On or near Rydale Park,E01008741,Sunderland 024B,Violence and sexual offences,Under investigation,
,2026-01,Northumbria Police,Northumbria Police,-1.367598,54.885366,On or near Hemming Street,E01008779,Sunderland 024C,Anti-social behaviour,,
042946b7170cfcd465b23bbb166834467d5b3e798134f1b61ce42ce77f51bd3a,2026-01,Northumbria Police,Northumbria Police,-1.374705,54.885439,On or near Warnham Avenue,E01008779,Sunderland 024C,Vehicle crime,Investigation complete; no suspect identified,
ef24fde3b16ebfc439fe8b6cbd44ec96c567d448f8ef74c3c6ac0531d38f217f,2026-01,Northumbria Police,Northumbria Police,-1.367318,54.884358,On or near Haddon Road,E01008779,Sunderland 024C,Violence and sexual offences,Under investigation,
,2026-01,Northumbria Police,Northumbria Police,-1.383625,54.883166,On or near Leechmere Road,E01008780,Sunderland 024D,Anti-social behaviour,,
,2026-01,Northumbria Police,Northumbria Police,-1.383625,54.883166,On or near Leechmere Road,E01008780,Sunderland 024D,Anti-social behaviour,,
73b25996f41d974d220f5b873d5c22e0cb97e9ae414de0efc71a3b72bd1db31b,2026-01,Northumbria Police,Northumbria Police,-1.392562,54.885907,On or near The Precinct,E01008780,Sunderland 024D,Criminal damage and arson,Investigation complete; no suspect identified,
ae958f0fc4b60da83d4ada8f13d3408f135a6f744e5326da611c366d2fdb0abd,2026-01,Northumbria Police,Northumbria Police,-1.373241,54.881388,On or near Supermarket,E01008780,Sunderland 024D,Shoplifting,Under investigation,
663b924d283de9bb26cb390c903eb3f19aa8dc907eaf451903a4f5d535626f6d,2026-01,Northumbria Police,Northumbria Police,-1.375772,54.882991,On or near Westheath Avenue,E01008780,Sunderland 024D,Violence and sexual offences,Under investigation,
,2026-01,Northumbria Police,Northumbria Police,-1.501279,54.875483,On or near Supermarket,E01008799,Sunderland 025A,Anti-social behaviour,,
2b6c5be06989c9d0ac3363b0b1314eefd29824159c361dbf347c54566424be08,2026-01,Northumbria Police,Northumbria Police,-1.512082,54.877792,On or near Kildale,E01008799,Sunderland 025A,Criminal damage and arson,Under investigation,
7560e51ca6b00a3f23c9808b01e58c8c0243c1f16bdae2c63157edfdcab6b6df,2026-01,Northumbria Police,Northumbria Police,-1.512082,54.877792,On or near Kildale,E01008799,Sunderland 025A,Criminal damage and arson,Under investigation,
a0025f57eeaedb42529cdf04b804ad10fb7ee7fdc6f0be084fe150944e497404,2026-01,Northumbria Police,Northumbria Police,-1.500922,54.876623,On or near Coxgreen Road,E01008799,Sunderland 025A,Vehicle crime,Investigation complete; no suspect identified,
179d5e30161ff4ccb2249c9b4d474984b898c11ea5cc289d79e05fb4797a36a6,2026-01,Northumbria Police,Northumbria Police,-1.512082,54.877792,On or near Kildale,E01008799,Sunderland 025A,Violence and sexual offences,Under investigation,
697efa3d9003749c94ff34f6f24d34b1e6e60ef3cce9246f6324591c6c7c08eb,2026-01,Northumbria Police,Northumbria Police,-1.516424,54.883542,On or near Longacre,E01008861,Sunderland 025B,Violence and sexual offences,Under investigation,
,2026-01,Northumbria Police,Northumbria Police,-1.511016,54.888580,On or near Brinkburn,E01008862,Sunderland 025C,Anti-social behaviour,,
,2026-01,Northumbria Police,Northumbria Police,-1.542399,54.878772,On or near Ewesley,E01008863,Sunderland 025D,Anti-social behaviour,,
,2026-01,Northumbria Police,Northumbria Police,-1.559722,54.876698,On or near Lambton Court,E01008864,Sunderland 025E,Anti-social behaviour,,
,2026-01,Northumbria Police,Northumbria Police,-1.541266,54.882515,On or near Laburnum Avenue,E01008866,Sunderland 025G,Anti-social behaviour,,
aaec76046eed3d79b84c106bf16210c8324934ab0865da5e6d5750e62b3fb00d,2026-01,Northumbria Police,Northumbria Police,-1.543865,54.881519,On or near Eddlestone,E01008866,Sunderland 025G,Other crime,Under investigation,
,2026-01,Northumbria Police,Northumbria Police,-1.430664,54.873475,On or near Appleby Square,E01008773,Sunderland 026A,Anti-social behaviour,,
,2026-01,Northumbria Police,Northumbria Police,-1.425819,54.870848,On or near Sports/Recreation Area,E01008773,Sunderland 026A,Anti-social behaviour,,
1182ab80c79e82deffd2c2eff8f7567d1aab8880dd72a9af2bfbba7b9689bae2,2026-01,Northumbria Police,Northumbria Police,-1.427234,54.873593,On or near Ashford Road,E01008773,Sunderland 026A,Violence and sexual offences,Under investigation,
,2026-01,Northumbria Police,Northumbria Police,-1.423057,54.878004,On or near Alnwick Road,E01008776,Sunderland 026B,Anti-social behaviour,,
,2026-01,Northumbria Police,Northumbria Police,-1.423057,54.878004,On or near Alnwick Road,E01008776,Sunderland 026B,Anti-social behaviour,,
7889ef49e58599ab6d034e436d9d59cfdba02f7313688e18c4ec09803b0b3e99,2026-01,Northumbria Police,Northumbria Police,-1.423651,54.876784,On or near Amara Square,E01008776,Sunderland 026B,Other theft,Under investigation,
,2026-01,Northumbria Police,Northumbria Police,-1.424033,54.874000,On or near Aberdare Road,E01008777,Sunderland 026C,Anti-social behaviour,,
e0c69962daa635388ae1ecdfca095c089e6caa9d4fae6350176b96bdb13ffe10,2026-01,Northumbria Police,Northumbria Police,-1.420782,54.875818,On or near The Strand,E01008777,Sunderland 026C,Criminal damage and arson,Investigation complete; no suspect identified,
c0e958da885b72dcc532cfd76fd7679f951c1a94cd29f42caf45f77de26530e7,2026-01,Northumbria Police,Northumbria Police,-1.426105,54.875170,On or near Allendale Road,E01008777,Sunderland 026C,Shoplifting,Under investigation,
,2026-01,Northumbria Police,Northumbria Police,-1.429855,54.875592,On or near Archer Square,E01008778,Sunderland 026D,Anti-social behaviour,,
,2026-01,Northumbria Police,Northumbria Police,-1.429355,54.877908,On or near Arbroath Road,E01008778,Sunderland 026D,Anti-social behaviour,,
,2026-01,Northumbria Police,Northumbria Police,-1.429855,54.875592,On or near Archer Square,E01008778,Sunderland 026D,Anti-social behaviour,,
07dd261848c1abb24bc73c09914937fe1021e152790025c1e8c659419092b52e,2026-01,Northumbria Police,Northumbria Police,-1.429355,54.877908,On or near Arbroath Road,E01008778,Sunderland 026D,Public order,Investigation complete; no suspect identified,
b01780050d3a5c5132618f58f5d8ecac303b9baebca17af670d1f8d53ee23dcf,2026-01,Northumbria Police,Northumbria Police,-1.429983,54.876437,On or near Ambrose Road,E01008778,Sunderland 026D,Violence and sexual offences,Investigation complete; no suspect identified,
fd7b70e7b470c512061360431ba43144a0775558206e37b6faf3502fbee682dc,2026-01,Northumbria Police,Northumbria Police,-1.429983,54.876437,On or near Ambrose Road,E01008778,Sunderland 026D,Violence and sexual offences,Under investigation,
bb0ef043ffcdab3ccaee4f24d7455ba56af06b7f859b84d936e31521c0ab36b2,2026-01,Northumbria Police,Northumbria Police,-1.433871,54.877021,On or near Durham Road,E01008778,Sunderland 026D,Other crime,Investigation complete; no suspect identified,
,2026-01,Northumbria Police,Northumbria Police,-1.413937,54.878167,On or near Parking Area,E01008809,Sunderland 026E,Anti-social behaviour,,
,2026-01,Northumbria Police,Northumbria Police,-1.408560,54.883470,On or near Parking Area,E01008809,Sunderland 026E,Anti-social behaviour,,
,2026-01,Northumbria Police,Northumbria Police,-1.408198,54.878409,On or near Chelmsford Street,E01008809,Sunderland 026E,Anti-social behaviour,,
d024893f7d28382bad028d7ea3df5379753f999bd02d9e810868f43910ac6938,2026-01,Northumbria Police,Northumbria Police,-1.408560,54.883470,On or near Parking Area,E01008809,Sunderland 026E,Shoplifting,Investigation complete; no suspect identified,
e80ab89cafc1aed384efbd7ea13a670c6bc6fe83dc6b5ee86dc531dcbddfa165,2026-01,Northumbria Police,Northumbria Police,-1.408560,54.883470,On or near Parking Area,E01008809,Sunderland 026E,Shoplifting,Under investigation,
,2026-01,Northumbria Police,Northumbria Police,-1.403472,54.877586,On or near Tavistock Square,E01008803,Sunderland 027A,Anti-social behaviour,,
1b364a66ccba9b57aaf170e77f8859b6fba2861c1bfb841ef440ef69368b3ef5,2026-01,Northumbria Police,Northumbria Police,-1.406538,54.872568,On or near Edward Street,E01008803,Sunderland 027A,Criminal damage and arson,Awaiting court outcome,
628449a2b6ae11ddd7809f5d0feefb9d69beafa350120e2e9f428bc04c71cba9,2026-01,Northumbria Police,Northumbria Police,-1.403472,54.877586,On or near Tavistock Square,E01008803,Sunderland 027A,Public order,Under investigation,
559998afff0ce9b51d184124cedf850f5c13e9ad1ec2b70fa2cf63a0f881a959,2026-01,Northumbria Police,Northumbria Police,-1.406538,54.872568,On or near Edward Street,E01008803,Sunderland 027A,Violence and sexual offences,Awaiting court outcome,
876890a066df01a4cfe7a27a1e32a6ced4ec84b014c2c2659d8939596299ed65,2026-01,Northumbria Police,Northumbria Police,-1.404223,54.874255,On or near Cornelia Close,E01008803,Sunderland 027A,Violence and sexual offences,Under investigation,
16d020e637f80a0ec5acd835bbcbf57e8beba6474e8c0557ee6b6f24af6c6bc5,2026-01,Northumbria Police,Northumbria Police,-1.406538,54.872568,On or near Edward Street,E01008803,Sunderland 027A,Violence and sexual offences,Awaiting court outcome,
ed3f4a6a7b66c9888893f18a9e9964cf4af350379fd3adb7a01027d10e22272c,2026-01,Northumbria Police,Northumbria Police,-1.403099,54.875427,On or near Minehead Gardens,E01008803,Sunderland 027A,Violence and sexual offences,Under investigation,
4f0174a2b0f29323ebcbc32a89f75af9e720e616282582c4fd30432faa98d505,2026-01,Northumbria Police,Northumbria Police,-1.394559,54.875385,On or near Maple Avenue,E01008804,Sunderland 027B,Other crime,Under investigation,
,2026-01,Northumbria Police,Northumbria Police,-1.400566,54.871811,On or near Lord Street,E01008805,Sunderland 027C,Anti-social behaviour,,
b4c99cc61ecaf1096f7e44f93d35980312d656a648e1d0736bd923a041915e40,2026-01,Northumbria Police,Northumbria Police,-1.401425,54.874790,On or near Blind Lane,E01008805,Sunderland 027C,Violence and sexual offences,Investigation complete; no suspect identified,
6936cec9c273b322036c32b15807b1ba5592d83a680ab923e18ed700dfb3ea6c,2026-01,Northumbria Police,Northumbria Police,-1.402090,54.870929,On or near Maria Street,E01008805,Sunderland 027C,Violence and sexual offences,Under investigation,
5f66b349f107dcaad07c5845dd654cb89d00b677c30410071f4ae77a677bc54a,2026-01,Northumbria Police,Northumbria Police,-1.402090,54.870929,On or near Maria Street,E01008805,Sunderland 027C,Violence and sexual offences,Investigation complete; no suspect identified,
,2026-01,Northumbria Police,Northumbria Police,-1.408295,54.871768,On or near Church View,E01033077,Sunderland 027F,Anti-social behaviour,,
,2026-01,Northumbria Police,Northumbria Police,-1.404015,54.872502,On or near Frances Street,E01033077,Sunderland 027F,Anti-social behaviour,,
,2026-01,Northumbria Police,Northumbria Police,-1.408295,54.871768,On or near Church View,E01033077,Sunderland 027F,Anti-social behaviour,,
ce3f311095ec742796c09b2d7449e9737f2f7b1693aaa0ae7b5e39dd2b594acb,2026-01,Northumbria Police,Northumbria Police,-1.414757,54.865707,On or near Doxford Park Way,E01033077,Sunderland 027F,Shoplifting,Investigation complete; no suspect identified,
3cada16ae3c90f33dfc5c73e55175eb11b203c8edec7fcba52a8bb0fe3f2abaf,2026-01,Northumbria Police,Northumbria Police,-1.404185,54.872602,On or near Trident Road,E01033077,Sunderland 027F,Violence and sexual offences,Awaiting court outcome,
,2026-01,Northumbria Police,Northumbria Police,-1.375834,54.875982,On or near Linskell,E01008763,Sunderland 028A,Anti-social behaviour,,
f123c5c95ef87d6fd76c8e9382e7c642db91324e09b8c3254872aaa8d0c35a53,2026-01,Northumbria Police,Northumbria Police,-1.373516,54.876680,On or near Langhurst,E01008763,Sunderland 028A,Vehicle crime,Under investigation,
,2026-01,Northumbria Police,Northumbria Police,-1.367817,54.875375,On or near Lynden Road,E01008764,Sunderland 028B,Anti-social behaviour,,
9b1a8ae31c041534c5584ca2b3ae17f27bdaba4bf9e4b9a4e9bbe7c347056003,2026-01,Northumbria Police,Northumbria Police,-1.367517,54.876595,On or near Lyngrove,E01008764,Sunderland 028B,Criminal damage and arson,Investigation complete; no suspect identified,
,2026-01,Northumbria Police,Northumbria Police,-1.375033,54.868304,On or near Smith Grove,E01008766,Sunderland 028C,Anti-social behaviour,,
,2026-01,Northumbria Police,Northumbria Police,-1.373503,54.861421,On or near Merton Close,E01008766,Sunderland 028C,Anti-social behaviour,,
,2026-01,Northumbria Police,Northumbria Police,-1.377799,54.867797,On or near Woodham Drive,E01008766,Sunderland 028C,Anti-social behaviour,,
7df3716f2167b47cc7c2e104ac1c32f686705cb56139c5d6a88d21465fb0cb9c,2026-01,Northumbria Police,Northumbria Police,-1.381387,54.867518,On or near Dyrhm Close,E01008766,Sunderland 028C,Violence and sexual offences,Under investigation,
4f0fdf43bb84ab51589e4e2378ca8bc6a0410d9c082d10a2d1ac97141f2cd491,2026-01,Northumbria Police,Northumbria Police,-1.372874,54.866873,On or near Esdale,E01008766,Sunderland 028C,Violence and sexual offences,Under investigation,
806101f42329e700c599bdafdb0984084f4a305951be4699f5a3fcf464adc94c,2026-01,Northumbria Police,Northumbria Police,-1.381387,54.867518,On or near Dyrhm Close,E01008766,Sunderland 028C,Violence and sexual offences,Investigation complete; no suspect identified,
,2026-01,Northumbria Police,Northumbria Police,-1.366160,54.863764,On or near Stockton Road,E01008768,Sunderland 028D,Anti-social behaviour,,
,2026-01,Northumbria Police,Northumbria Police,-1.372146,54.861576,On or near Burcombe Close,E01008768,Sunderland 028D,Anti-social behaviour,,
,2026-01,Northumbria Police,Northumbria Police,-1.366160,54.863764,On or near Stockton Road,E01008768,Sunderland 028D,Anti-social behaviour,,
cae7f2adceebad86eff6fcbea965fffa83c5599ef08711577b0854071e067a4a,2026-01,Northumbria Police,Northumbria Police,-1.366160,54.863764,On or near Stockton Road,E01008768,Sunderland 028D,Criminal damage and arson,Under investigation,
b60f62851a220799765029c2be2daa201d272c95d777200e170fb5f8f42a2c4d,2026-01,Northumbria Police,Northumbria Police,-1.366160,54.863764,On or near Stockton Road,E01008768,Sunderland 028D,Criminal damage and arson,Under investigation,
8cd6fd06cf107ab1b2859c384a8d76cf06f5c6f3296db953593b64a766c3d5d7,2026-01,Northumbria Police,Northumbria Police,-1.366160,54.863764,On or near Stockton Road,E01008768,Sunderland 028D,Criminal damage and arson,Under investigation,
d1ef4a20488a301d2c71cafaa0bfaf54a44daec4525e9474f53ad8fd8503df82,2026-01,Northumbria Police,Northumbria Police,-1.366160,54.863764,On or near Stockton Road,E01008768,Sunderland 028D,Criminal damage and arson,Under investigation,
890efd74856e1f3cd4c729e694052f0f9f847a3de3da6beb97085e8095f23e15,2026-01,Northumbria Police,Northumbria Police,-1.366160,54.863764,On or near Stockton Road,E01008768,Sunderland 028D,Criminal damage and arson,Under investigation,
c9f2641ff5536ce812290fa3c17f11a5e561393f8f5ace0d960708e7690c0191,2026-01,Northumbria Police,Northumbria Police,-1.366160,54.863764,On or near Stockton Road,E01008768,Sunderland 028D,Criminal damage and arson,Under investigation,
82565fe91e0c7fd04e103e7239ae5c6dc3ff131f875f6e26f5c93a913f57a9c1,2026-01,Northumbria Police,Northumbria Police,-1.366160,54.863764,On or near Stockton Road,E01008768,Sunderland 028D,Criminal damage and arson,Under investigation,
dca95a77a9b5dcb84e313de550a72c0a433f128c89dc9734e4fefd238b3295d9,2026-01,Northumbria Police,Northumbria Police,-1.366160,54.863764,On or near Stockton Road,E01008768,Sunderland 028D,Public order,Under investigation,
a59489c614ac597b323d492641c01eea4bf38cd4b7ceb31e2239f5fce7ca5eb9,2026-01,Northumbria Police,Northumbria Police,-1.366160,54.863764,On or near Stockton Road,E01008768,Sunderland 028D,Public order,Under investigation,
3258063841f23acbc297221ab78a1117af56234d61f27109024c35f051c14bec,2026-01,Northumbria Police,Northumbria Police,-1.366160,54.863764,On or near Stockton Road,E01008768,Sunderland 028D,Public order,Under investigation,
4104368300750c8fd9156abc33fadacaf463715fc0ddc77d988e607f2e63a13c,2026-01,Northumbria Police,Northumbria Police,-1.366160,54.863764,On or near Stockton Road,E01008768,Sunderland 028D,Public order,Under investigation,
e60fc64bf722a5445c86c1add7d65cff79bc3bd18f64d7f84dc063872768413e,2026-01,Northumbria Police,Northumbria Police,-1.366160,54.863764,On or near Stockton Road,E01008768,Sunderland 028D,Public order,Investigation complete; no suspect identified,
7d55ab9aecbfe54d3e531e6fd9d5b52f4bc95dee1938d08a46c825e50bcdb4e3,2026-01,Northumbria Police,Northumbria Police,-1.366160,54.863764,On or near Stockton Road,E01008768,Sunderland 028D,Public order,Under investigation,
3aaf610e6ac69e7153a79c46d649a5b2e7145dc61f7a9e5338d74de49291a3d8,2026-01,Northumbria Police,Northumbria Police,-1.366160,54.863764,On or near Stockton Road,E01008768,Sunderland 028D,Public order,Under investigation,
a64305cbed799c08ca4ee217a9522d4485aeaf4f3697407f8a301c50a031e927,2026-01,Northumbria Police,Northumbria Police,-1.366160,54.863764,On or near Stockton Road,E01008768,Sunderland 028D,Violence and sexual offences,Under investigation,
5b7940dbafbb59fe09f5f653b5c58034aab25900734b316048f1b6d92c798ba3,2026-01,Northumbria Police,Northumbria Police,-1.372146,54.861576,On or near Burcombe Close,E01008768,Sunderland 028D,Violence and sexual offences,Under investigation,
4d172556d2e046f143b132c565e84576ccece920470bd98b19c8b0ee44ba1b64,2026-01,Northumbria Police,Northumbria Police,-1.366160,54.863764,On or near Stockton Road,E01008768,Sunderland 028D,Violence and sexual offences,Under investigation,
828593b60de590edbd374a29b1da6017877b5ba0e4fe6c0c9bac90fd3943e065,2026-01,Northumbria Police,Northumbria Police,-1.366160,54.863764,On or near Stockton Road,E01008768,Sunderland 028D,Violence and sexual offences,Investigation complete; no suspect identified,
a03d5ddf495a6978a521840d625e4441caa0a28d31cd9a694fbb0f8d1a2afb48,2026-01,Northumbria Police,Northumbria Police,-1.366160,54.863764,On or near Stockton Road,E01008768,Sunderland 028D,Violence and sexual offences,Under investigation,
5988a92577e78d95e28abfffbd0d14e56e32c0538b5c8b4c957e8d16b9994d22,2026-01,Northumbria Police,Northumbria Police,-1.366160,54.863764,On or near Stockton Road,E01008768,Sunderland 028D,Violence and sexual offences,Under investigation,
fe9210aa73c99df66eb0343d56bd452fc564d99b0ea68b17c82dfbc1ce5a9ef8,2026-01,Northumbria Police,Northumbria Police,-1.357141,54.868597,On or near Robson Place,E01008768,Sunderland 028D,Violence and sexual offences,Under investigation,
5cfe275b717ca220c465571bf8d8196664b67d127aee4b5d50fccae1c12b00cc,2026-01,Northumbria Police,Northumbria Police,-1.361397,54.870371,On or near Athelstan Rigg,E01008769,Sunderland 028E,Criminal damage and arson,Investigation complete; no suspect identified,
9d6dff651bd2379e185cde98855330cfb400e88acb2fcb2ea1ccdec1e3a3f2fa,2026-01,Northumbria Police,Northumbria Police,-1.365796,54.869082,On or near Smith Street,E01008769,Sunderland 028E,Drugs,Under investigation,
,2026-01,Northumbria Police,Northumbria Police,-1.440308,54.870257,On or near Elmfield Close,E01008772,Sunderland 029A,Anti-social behaviour,,
,2026-01,Northumbria Police,Northumbria Police,-1.440308,54.870257,On or near Elmfield Close,E01008772,Sunderland 029A,Anti-social behaviour,,
,2026-01,Northumbria Police,Northumbria Police,-1.441793,54.872169,On or near Petrol Station,E01008772,Sunderland 029A,Anti-social behaviour,,
,2026-01,Northumbria Police,Northumbria Police,-1.436185,54.873141,On or near Carlton Crescent,E01008774,Sunderland 029B,Anti-social behaviour,,
,2026-01,Northumbria Police,Northumbria Police,-1.436185,54.873141,On or near Carlton Crescent,E01008774,Sunderland 029B,Anti-social behaviour,,
c166eee16d07c0ef86cbeba9c6796755b6fdeaba5904332a3fbacd8d780b9dd6,2026-01,Northumbria Police,Northumbria Police,-1.435339,54.870090,On or near Braemar Gardens,E01008774,Sunderland 029B,Criminal damage and arson,Under investigation,
,2026-01,Northumbria Police,Northumbria Police,-1.417972,54.867474,On or near Birch Court,E01008802,Sunderland 029D,Anti-social behaviour,,
,2026-01,Northumbria Police,Northumbria Police,-1.416705,54.868870,On or near Warden Law Lane,E01008802,Sunderland 029D,Anti-social behaviour,,
,2026-01,Northumbria Police,Northumbria Police,-1.416705,54.868870,On or near Warden Law Lane,E01008802,Sunderland 029D,Anti-social behaviour,,
184e3449f231da43f80c8a975b44cd6c01682ad3d973b084fc93589d0c399778,2026-01,Northumbria Police,Northumbria Police,-1.417972,54.867474,On or near Birch Court,E01008802,Sunderland 029D,Shoplifting,Under investigation,
,2026-01,Northumbria Police,Northumbria Police,-1.429685,54.869956,On or near Silksworth Road,E01008808,Sunderland 029E,Anti-social behaviour,,
,2026-01,Northumbria Police,Northumbria Police,-1.429685,54.869956,On or near Silksworth Road,E01008808,Sunderland 029E,Anti-social behaviour,,
770aa2d315f856907e92a1d60fb4a70c37e4bc6239a32d3393bc0347f7cb8812,2026-01,Northumbria Police,Northumbria Police,-1.497433,54.867031,On or near Supermarket,E01008793,Sunderland 030A,Public order,Investigation complete; no suspect identified,
47c4a9c38a8e4bdce64801fafca2694824041712f2fe3762de823b34c76a57d5,2026-01,Northumbria Police,Northumbria Police,-1.497433,54.867031,On or near Supermarket,E01008793,Sunderland 030A,Public order,Under investigation,
be1467db5f6b75c0ea4b00ab6d046d16fca3d04559535fae2de435363b02df3a,2026-01,Northumbria Police,Northumbria Police,-1.497433,54.867031,On or near Supermarket,E01008793,Sunderland 030A,Shoplifting,Under investigation,
e51408d579c8d810ed376f4c0112d5b83fcb6f85691dfc7a9da114c50004735f,2026-01,Northumbria Police,Northumbria Police,-1.493643,54.865495,On or near Galashiels Grove,E01008793,Sunderland 030A,Violence and sexual offences,Investigation complete; no suspect identified,
4e4e4d5184e07b3192ee93eaa2b84d732ce90648813644af2d222071c444dd3c,2026-01,Northumbria Police,Northumbria Police,-1.495729,54.866896,On or near Kelso Grove,E01008793,Sunderland 030A,Violence and sexual offences,Under investigation,
809b802376b51df0dce852df82f41358fe70fb69b8a286318aa9693fb21eb2cf,2026-01,Northumbria Police,Northumbria Police,-1.495729,54.866896,On or near Kelso Grove,E01008793,Sunderland 030A,Violence and sexual offences,Under investigation,
5fe45cb242740800b6cf536111e3e7a298f7042d6ca5104bc8d2ee602280bdd6,2026-01,Northumbria Police,Northumbria Police,-1.493643,54.865495,On or near Galashiels Grove,E01008793,Sunderland 030A,Violence and sexual offences,Investigation complete; no suspect identified,
1c36da7170bf5f5b467ccdbedf8fef07aa09a257c2720955057902aeeb59be35,2026-01,Northumbria Police,Northumbria Police,-1.492335,54.867952,On or near The Cove,E01008793,Sunderland 030A,Violence and sexual offences,Under investigation,
bfbae370ec1ea47ea79f1b1b453d351840b93b953ea724eea26dd6204fb3637a,2026-01,Northumbria Police,Northumbria Police,-1.497433,54.867031,On or near Supermarket,E01008793,Sunderland 030A,Violence and sexual offences,Investigation complete; no suspect identified,
354a2b31e12e0c554a18336acb0fd50e39b017e8cc005e5496c30609a6b25df7,2026-01,Northumbria Police,Northumbria Police,-1.495729,54.866896,On or near Kelso Grove,E01008793,Sunderland 030A,Violence and sexual offences,Under investigation,
0929ceb175087c9e4aab834bd66c401a0253af4430d396d5d0228891ebf92ea2,2026-01,Northumbria Police,Northumbria Police,-1.495729,54.866896,On or near Kelso Grove,E01008793,Sunderland 030A,Violence and sexual offences,Under investigation,
,2026-01,Northumbria Police,Northumbria Police,-1.498510,54.866243,On or near Chester Road,E01008795,Sunderland 030B,Anti-social behaviour,,
828331cb2fb04cd6a9d5f56604d7b22a525c363a42c00032aa9f9bef5f6322a6,2026-01,Northumbria Police,Northumbria Police,-1.503951,54.868530,On or near Lacebark,E01008795,Sunderland 030B,Violence and sexual offences,Under investigation,
7f78fd46c48129d2b7d1af8fa9956599d9010b738bdd737c26ee13319f057ec5,2026-01,Northumbria Police,Northumbria Police,-1.502518,54.865945,On or near Brentwood Road,E01008795,Sunderland 030B,Other crime,Investigation complete; no suspect identified,
b6dac4f1d9f66fbcbcb5c56ef6021268e936cb7c9675cc275ba5baf74d34d6dd,2026-01,Northumbria Police,Northumbria Police,-1.496684,54.876534,On or near Eskdale,E01008800,Sunderland 030D,Violence and sexual offences,Under investigation,
,2026-01,Northumbria Police,Northumbria Police,-1.489073,54.872036,On or near Chester Road,E01008801,Sunderland 030E,Anti-social behaviour,,
,2026-01,Northumbria Police,Northumbria Police,-1.499191,54.859074,On or near The Belfry,E01034518,Sunderland 030F,Anti-social behaviour,,
9089d2e3e1d3dceed0ea7602d4062b1450402c2b6bf2b638424c04d6b34640c0,2026-01,Northumbria Police,Northumbria Police,-1.488141,54.854589,On or near Lulworth Close,E01034519,Sunderland 030G,Burglary,Investigation complete; no suspect identified,
e44e44cb626ec1f1a470688256ecac1c184eb6333c129955fc58fe4d969fe83e,2026-01,Northumbria Police,Northumbria Police,-1.488141,54.854589,On or near Lulworth Close,E01034519,Sunderland 030G,Burglary,Investigation complete; no suspect identified,
e99090f3fce37646079f488c5278d1ee6c597416b1651e680deeb1bc25644571,2026-01,Northumbria Police,Northumbria Police,-1.399470,54.862693,On or near Lodgeside Meadow,E01008765,Sunderland 031A,Violence and sexual offences,Under investigation,
2ea2a6fdff79bf631dad353fc2fbee8051e52dc8e56572c4a279c2f00c7c728f,2026-01,Northumbria Police,Northumbria Police,-1.387505,54.868870,On or near Rodney Close,E01008767,Sunderland 031B,Criminal damage and arson,Under investigation,
be7017c0d48d5c70a186e9f02934ed41e8384523775189e94f35aa51d9c10887,2026-01,Northumbria Police,Northumbria Police,-1.387505,54.868870,On or near Rodney Close,E01008767,Sunderland 031B,Violence and sexual offences,Under investigation,
cb184993bbf71f8a97c65f87e32addbcaaa341e29252ae224d06726a6acd0bd7,2026-01,Northumbria Police,Northumbria Police,-1.423056,54.860561,On or near Buckthorn Gardens,E01008770,Sunderland 031C,Violence and sexual offences,Under investigation,
d788dedd8abccb2346a48966118da0f097f128d983cb45cb4487b70c1a5886d3,2026-01,Northumbria Police,Northumbria Police,-1.419013,54.861162,On or near Whitebark,E01008770,Sunderland 031C,Violence and sexual offences,Under investigation,
150384bb4d6f0f07a11db0d39b58b8b813365a3e69d6d718ad6e247473f49e48,2026-01,Northumbria Police,Northumbria Police,-1.419013,54.861162,On or near Whitebark,E01008770,Sunderland 031C,Violence and sexual offences,Under investigation,
,2026-01,Northumbria Police,Northumbria Police,-1.410357,54.864005,On or near Fairgreen Close,E01008771,Sunderland 031D,Anti-social behaviour,,
,2026-01,Northumbria Police,Northumbria Police,-1.405631,54.862229,On or near Honeysuckle Close,E01008771,Sunderland 031D,Anti-social behaviour,,
,2026-01,Northumbria Police,Northumbria Police,-1.467259,54.845926,On or near Houghton Cut,E01008720,Sunderland 032A,Anti-social behaviour,,
326af5772c4b8f2b32942f98ccbd69077e6779d2fc198b56528c9570ad527366,2026-01,Northumbria Police,Northumbria Police,-1.482015,54.856163,On or near Devonport,E01008721,Sunderland 032B,Criminal damage and arson,Investigation complete; no suspect identified,
404f469b47019ac2da5e3e8ddb2be87b427281c6f9e38b7985c03eb007ac0eeb,2026-01,Northumbria Police,Northumbria Police,-1.487353,54.867634,On or near Marne Street,E01008796,Sunderland 032D,Violence and sexual offences,Under investigation,
1b7b486c00ccabfd7a48ba34a2b1ef31dc9cd847e0cbc8474359e8f28840928b,2026-01,Northumbria Police,Northumbria Police,-1.483289,54.862513,On or near Connaught Close,E01008796,Sunderland 032D,Other crime,Investigation complete; no suspect identified,
ed7cc8aa9c12107deca3443aa59c30a338463c11cfd7335d06ce83fd0bb6da43,2026-01,Northumbria Police,Northumbria Police,-1.474600,54.868218,On or near Langley Street,E01032483,Sunderland 032F,Criminal damage and arson,Under investigation,
cdb642c5b077cf18a76b53a5cb77303b3513fba5801d752487ae6a3d16256fef,2026-01,Northumbria Police,Northumbria Police,-1.472124,54.869276,On or near St Aidan'S Terrace,E01032483,Sunderland 032F,Criminal damage and arson,Local resolution,
cb38a280fe650e56633f677246b8dc2724301a427946da09e3ebe7fd82eb21a5,2026-01,Northumbria Police,Northumbria Police,-1.470534,54.869296,On or near Fletcher Crescent,E01032483,Sunderland 032F,Public order,Under investigation,
e0a61e4d1435d1fee25bd1f0fae85ed6f0500f53bd79aae33c0881dc062441c6,2026-01,Northumbria Police,Northumbria Police,-1.487214,54.879774,On or near Hill Lane,E01032484,Sunderland 032G,Criminal damage and arson,Under investigation,
1407f8029d5d79040df6d04091596f20488f64dd39984157487c8e4b5e6ac5b0,2026-01,Northumbria Police,Northumbria Police,-1.489891,54.878851,On or near Back Lane,E01032484,Sunderland 032G,Theft from the person,Under investigation,
e682bcc729da5cfc77a0aef0a7d7995d2a03d3c1f324946f76f57527b2e6e91a,2026-01,Northumbria Police,Northumbria Police,-1.487214,54.879774,On or near Hill Lane,E01032484,Sunderland 032G,Violence and sexual offences,Under investigation,
,2026-01,Northumbria Police,Northumbria Police,-1.490529,54.840571,On or near St Michaels,E01008750,Sunderland 033A,Anti-social behaviour,,
c0c0c2aeeabaaf0f3adfd5545f1b1a7752e2e5e92f4fc22a6316b9067c916727,2026-01,Northumbria Police,Northumbria Police,-1.495593,54.841581,On or near Front Street,E01008750,Sunderland 033A,Other theft,Investigation complete; no suspect identified,
32f6aa2c09b876c98732fa22756909dc40c0116dfd28195cc6a45cfce831f77d,2026-01,Northumbria Police,Northumbria Police,-1.491731,54.841619,On or near Petrol Station,E01008750,Sunderland 033A,Other theft,Investigation complete; no suspect identified,
c6e9b5fc275df6aa0c219796f7183ceeb9e0c0a37fcc28eafdcee94a66c25d36,2026-01,Northumbria Police,Northumbria Police,-1.491731,54.841619,On or near Petrol Station,E01008750,Sunderland 033A,Shoplifting,Awaiting court outcome,
dfbb0df1e2b6c9ab5be644907c48ae5c98e6806c2474e4289554ba5e8698d5dd,2026-01,Northumbria Police,Northumbria Police,-1.494450,54.844595,On or near Harwood Drive,E01008750,Sunderland 033A,Violence and sexual offences,Under investigation,
,2026-01,Northumbria Police,Northumbria Police,-1.484048,54.853098,On or near Campion Close,E01008751,Sunderland 033B,Anti-social behaviour,,
,2026-01,Northumbria Police,Northumbria Police,-1.496278,54.847811,On or near Sedgeletch Road,E01008752,Sunderland 033C,Anti-social behaviour,,
,2026-01,Northumbria Police,Northumbria Police,-1.496278,54.847811,On or near Sedgeletch Road,E01008752,Sunderland 033C,Anti-social behaviour,,
2c7723811a9cc559c2ef8b72d684353faf5a4f013f50c27bdb32fd21da57d1fa,2026-01,Northumbria Police,Northumbria Police,-1.502272,54.845419,On or near Rose Avenue,E01008752,Sunderland 033C,Violence and sexual offences,Under investigation,
3ca7de5632dc0cd9c7079a28030cb7751781321302a5f402ed889265a84579d3,2026-01,Northumbria Police,Northumbria Police,-1.496639,54.846366,On or near Sedgeletch Road,E01008752,Sunderland 033C,Other crime,Under investigation,
10b5df3cd64728e9710382a8e16d2d34d3979a6e73b9ae144bc4e89fb155ec8e,2026-01,Northumbria Police,Northumbria Police,-1.477514,54.851273,On or near Grasswell Terrace,E01008753,Sunderland 033D,Criminal damage and arson,Investigation complete; no suspect identified,
,2026-01,Northumbria Police,Northumbria Police,-1.501927,54.840600,On or near James Terrace,E01008755,Sunderland 033E,Anti-social behaviour,,
,2026-01,Northumbria Police,Northumbria Police,-1.505520,54.845971,On or near A1052,E01008755,Sunderland 033E,Anti-social behaviour,,
,2026-01,Northumbria Police,Northumbria Police,-1.497211,54.839188,On or near Medway Close,E01008755,Sunderland 033E,Anti-social behaviour,,
eb736acb67a8f5c6dbf542bd30f157a6b8308e54c7fa7809e9ff2fe8e2030afc,2026-01,Northumbria Police,Northumbria Police,-1.497165,54.842881,On or near Cross Street,E01008755,Sunderland 033E,Vehicle crime,Under investigation,
881715129942b60b8e447d59e5e3576984d24ec0d294633f3ba53e24b8f54a28,2026-01,Northumbria Police,Northumbria Police,-1.501511,54.840221,On or near John Street,E01008755,Sunderland 033E,Violence and sexual offences,Under investigation,
47f128934b29a42e738bcdde511bd39c7029fa72c1ab3df315aaae908c1fc5cc,2026-01,Northumbria Police,Northumbria Police,-1.461081,54.843212,On or near Market Place,E01008714,Sunderland 034A,Burglary,Investigation complete; no suspect identified,
,2026-01,Northumbria Police,Northumbria Police,-1.462147,54.839155,On or near Normandy Crescent,E01008715,Sunderland 034B,Anti-social behaviour,,
0a1e5d914e6fa1a0efbf25c2df992ce0fc4ec3d5060641b0751631eb9b47e85b,2026-01,Northumbria Police,Northumbria Police,-1.464822,54.844136,On or near Henry Street,E01008715,Sunderland 034B,Burglary,Under investigation,
292fffcf9cc67fd6ae96980252e6a675193069da787fc0a16ddff8288a41d5dc,2026-01,Northumbria Police,Northumbria Police,-1.464822,54.844136,On or near Henry Street,E01008715,Sunderland 034B,Burglary,Under investigation,
efd6914e582d05d5f1cb28a41e11a1545dffa900cc3565e03b72f41220dc53af,2026-01,Northumbria Police,Northumbria Police,-1.464174,54.842462,On or near Nesham Place,E01008715,Sunderland 034B,Criminal damage and arson,Under investigation,
0d6f6cc6f0b89bac85c4d3186bb36db90804c8989095c0713a53cf7194762cd2,2026-01,Northumbria Police,Northumbria Police,-1.469068,54.838565,On or near Longlands Drive,E01008715,Sunderland 034B,Drugs,Investigation complete; no suspect identified,
9be8192a5030814509ebc25ab129a8188dcbcc125ec0f24451934a653b95f5db,2026-01,Northumbria Police,Northumbria Police,-1.459393,54.837830,On or near Dunkirk Avenue,E01008715,Sunderland 034B,Violence and sexual offences,Under investigation,
e0c5886af6d6a947c1eeb46e633a8ab752103940021a2e28fe0336566b27e96c,2026-01,Northumbria Police,Northumbria Police,-1.460561,54.834313,On or near Cresta View,E01008716,Sunderland 034C,Burglary,Under investigation,
80339a0ad8dfdadb51bc151e8809c283aa9d64ea8b56d9d7d4a5de63557f1fc8,2026-01,Northumbria Police,Northumbria Police,-1.466181,54.835533,On or near Hetton Road,E01008716,Sunderland 034C,Burglary,Investigation complete; no suspect identified,
b71eeb7b28f8b471e99584afd7f7260ed0fbe2c0f8e3005b735ad56390c0e470,2026-01,Northumbria Police,Northumbria Police,-1.457383,54.836788,On or near Leeholme,E01008716,Sunderland 034C,Violence and sexual offences,Under investigation,
,2026-01,Northumbria Police,Northumbria Police,-1.464955,54.837621,On or near Waller Terrace,E01008717,Sunderland 034D,Anti-social behaviour,,
bce4dd98b39b30a4a4963f0a5042e77891ba9934baf66ffc20c9cb52609b0c99,2026-01,Northumbria Police,Northumbria Police,-1.464955,54.837621,On or near Waller Terrace,E01008717,Sunderland 034D,Burglary,Investigation complete; no suspect identified,
,2026-01,Northumbria Police,Northumbria Police,-1.475851,54.843720,On or near Sports/Recreation Area,E01008754,Sunderland 034F,Anti-social behaviour,,
,2026-01,Northumbria Police,Northumbria Police,-1.471905,54.843089,On or near Burn Promenade,E01008754,Sunderland 034F,Anti-social behaviour,,
,2026-01,Northumbria Police,Northumbria Police,-1.472378,54.846218,On or near Sunrise Lane,E01008754,Sunderland 034F,Anti-social behaviour,,
,2026-01,Northumbria Police,Northumbria Police,-1.472503,54.843810,On or near Wheler Street,E01008754,Sunderland 034F,Anti-social behaviour,,
,2026-01,Northumbria Police,Northumbria Police,-1.472378,54.846218,On or near Sunrise Lane,E01008754,Sunderland 034F,Anti-social behaviour,,
98611c67633f94e55dfd22b2edd43730c870e3aec9a9e4090e232b1db81cbd2d,2026-01,Northumbria Police,Northumbria Police,-1.472378,54.846218,On or near Sunrise Lane,E01008754,Sunderland 034F,Criminal damage and arson,Under investigation,
ab1f3683c5385d0c19e89a99200dfa44d12e451681b33bda6471eff39c2d7e7c,2026-01,Northumbria Police,Northumbria Police,-1.472503,54.843810,On or near Wheler Street,E01008754,Sunderland 034F,Possession of weapons,Under investigation,
f9b2726b3bc94647ab8a735bff2d0efebad9b61af78c1a017cc8b294d53efeaf,2026-01,Northumbria Police,Northumbria Police,-1.475605,54.842395,On or near Thornhill Street,E01008754,Sunderland 034F,Robbery,Under investigation,
6ff988acc114a0efc563c74fa1a7d3ad354952e929d1493f47af37eb2a83ac04,2026-01,Northumbria Police,Northumbria Police,-1.472503,54.843810,On or near Wheler Street,E01008754,Sunderland 034F,Shoplifting,Awaiting court outcome,
43b73857c962858a62998e071d5b593f16b761894514d8b2d3b1d50518f6881c,2026-01,Northumbria Police,Northumbria Police,-1.472503,54.843810,On or near Wheler Street,E01008754,Sunderland 034F,Shoplifting,Investigation complete; no suspect identified,
c6e4206ddb719601ec579b3074902f519bc68ee7b203fdef8aec55bcee63e1e4,2026-01,Northumbria Police,Northumbria Police,-1.472503,54.843810,On or near Wheler Street,E01008754,Sunderland 034F,Shoplifting,Investigation complete; no suspect identified,
b1498f68b41194f3636631e1ee2fc00a72f5ccc6c27d9a594bcafaae56dfd8d5,2026-01,Northumbria Police,Northumbria Police,-1.473129,54.844801,On or near Parking Area,E01008754,Sunderland 034F,Shoplifting,Investigation complete; no suspect identified,
d968446110c86c84c27ec0abe62b9010692ffe65e2b33b4d6901675be2796f6e,2026-01,Northumbria Police,Northumbria Police,-1.480963,54.843478,On or near Lime Avenue,E01008754,Sunderland 034F,Violence and sexual offences,Under investigation,
926f6f3e3d9e4d8a1ea9e740226bd4f3cccd94a0bc638fb62cdd8dcccef7a95b,2026-01,Northumbria Police,Northumbria Police,-1.476321,54.842353,On or near Wallace Street,E01008754,Sunderland 034F,Violence and sexual offences,Under investigation,
c96d4f8281baf1cb3199ede0ab6aa80f3a1a3d1dba75bcffc671f5255013b011,2026-01,Northumbria Police,Northumbria Police,-1.476321,54.842353,On or near Wallace Street,E01008754,Sunderland 034F,Other crime,Under investigation,
5c7725732360da3407f8236431ffba66b284bd33eee6180f321811c10f4bf878,2026-01,Northumbria Police,Northumbria Police,-1.475851,54.843720,On or near Sports/Recreation Area,E01008754,Sunderland 034F,Other crime,Investigation complete; no suspect identified,
,2026-01,Northumbria Police,Northumbria Police,-1.456081,54.831750,On or near Holmfirth Close,E01008718,Sunderland 035A,Anti-social behaviour,,
a8f53a0603f073b985732c159b08af7b4795e13b1ad162a2f6784a7e41242a91,2026-01,Northumbria Police,Northumbria Police,-1.448569,54.827834,On or near Downs Lane,E01008718,Sunderland 035A,Burglary,Investigation complete; no suspect identified,
081fefa0af3044b6f5bcabb38e77a054f7f4567e4638d3237e027322d25c140f,2026-01,Northumbria Police,Northumbria Police,-1.451256,54.827118,On or near George Street,E01008718,Sunderland 035A,Criminal damage and arson,Under investigation,
f5f64226145b453acbe45d2f3db0d665e3b4f25910941bff4d1aab9e5f08a021,2026-01,Northumbria Police,Northumbria Police,-1.449720,54.831272,On or near Low Downs Road,E01008718,Sunderland 035A,Vehicle crime,Under investigation,
b3ba83361882dd1b628f6daa9036bc2f71e3148adb88e5d858fc46c27dfbf00c,2026-01,Northumbria Police,Northumbria Police,-1.448320,54.830079,On or near Lindsay Street,E01008718,Sunderland 035A,Vehicle crime,Investigation complete; no suspect identified,
,2026-01,Northumbria Police,Northumbria Police,-1.446915,54.826981,On or near Blossom Street,E01008719,Sunderland 035B,Anti-social behaviour,,
,2026-01,Northumbria Police,Northumbria Police,-1.447269,54.824934,On or near Percy Street,E01008719,Sunderland 035B,Anti-social behaviour,,
,2026-01,Northumbria Police,Northumbria Police,-1.452051,54.822368,On or near Parking Area,E01008719,Sunderland 035B,Anti-social behaviour,,
,2026-01,Northumbria Police,Northumbria Police,-1.452051,54.822368,On or near Parking Area,E01008719,Sunderland 035B,Anti-social behaviour,,
e0ad8f4d42a9cecd3b810b5aee6f7a2f66bbde071d096396f9f01d7123ba05cb,2026-01,Northumbria Police,Northumbria Police,-1.447871,54.825368,On or near Parking Area,E01008719,Sunderland 035B,Violence and sexual offences,Under investigation,
3ff4287e1674d5fd0a55a1018f0481129f7b1878189360f94f19855592d763c3,2026-01,Northumbria Police,Northumbria Police,-1.448996,54.823873,On or near Fairy Street,E01008719,Sunderland 035B,Violence and sexual offences,Investigation complete; no suspect identified,
5c734f2cad47cbefcff2f4bf71ce252c645b2f099af60e5fa80ad8b82a168e21,2026-01,Northumbria Police,Northumbria Police,-1.450562,54.824302,On or near Eaglesdene,E01008719,Sunderland 035B,Violence and sexual offences,Under investigation,
bf13ee103a0fe782562e95325ad8a4937b59a0cd12389d3bf53cc94b4d45eb9e,2026-01,Northumbria Police,Northumbria Police,-1.448107,54.825127,On or near Market Street,E01008719,Sunderland 035B,Violence and sexual offences,Investigation complete; no suspect identified,
3403616cb34ddc0a2d3dd1af2e0f975d9b43cfb32cc6e1b00e3d08c74b64a32d,2026-01,Northumbria Police,Northumbria Police,-1.450562,54.824302,On or near Eaglesdene,E01008719,Sunderland 035B,Violence and sexual offences,Under investigation,
,2026-01,Northumbria Police,Northumbria Police,-1.451272,54.816694,On or near Wear Street,E01008742,Sunderland 035C,Anti-social behaviour,,
,2026-01,Northumbria Police,Northumbria Police,-1.450961,54.819011,On or near Station Road North,E01008742,Sunderland 035C,Anti-social behaviour,,
,2026-01,Northumbria Police,Northumbria Police,-1.450312,54.817489,On or near Claude Street,E01008742,Sunderland 035C,Anti-social behaviour,,
,2026-01,Northumbria Police,Northumbria Police,-1.450795,54.822047,On or near Parking Area,E01008742,Sunderland 035C,Anti-social behaviour,,
,2026-01,Northumbria Police,Northumbria Police,-1.453537,54.821853,On or near Welfare Road,E01008742,Sunderland 035C,Anti-social behaviour,,
,2026-01,Northumbria Police,Northumbria Police,-1.450795,54.822047,On or near Parking Area,E01008742,Sunderland 035C,Anti-social behaviour,,
,2026-01,Northumbria Police,Northumbria Police,-1.453556,54.820433,On or near Park View,E01008742,Sunderland 035C,Anti-social behaviour,,
,2026-01,Northumbria Police,Northumbria Police,-1.450795,54.822047,On or near Parking Area,E01008742,Sunderland 035C,Anti-social behaviour,,
f7d324cc7bb258d5cb916980bedec247854f6796b63c2dfdbb6e271b9b8b9bb5,2026-01,Northumbria Police,Northumbria Police,-1.452245,54.820742,On or near Front Street,E01008742,Sunderland 035C,Theft from the person,Under investigation,
239519b612c3df3cc33c17300630b428bd8179d0e980dabb7c3e0834a2fccb0e,2026-01,Northumbria Police,Northumbria Police,-1.450312,54.817489,On or near Claude Street,E01008742,Sunderland 035C,Violence and sexual offences,Under investigation,
069ec8c3d864cb60f6ccf654e028dc6673cb5b69a0c1e87393c5ba0c33298160,2026-01,Northumbria Police,Northumbria Police,-1.450312,54.817489,On or near Claude Street,E01008742,Sunderland 035C,Violence and sexual offences,Under investigation,
9a92f92d0ca4cbbce598f381b2db76fe2d5dcaae86c4008e76189728566e522d,2026-01,Northumbria Police,Northumbria Police,-1.450312,54.817489,On or near Claude Street,E01008742,Sunderland 035C,Violence and sexual offences,Under investigation,
,2026-01,Northumbria Police,Northumbria Police,-1.474525,54.831984,On or near Brookside,E01008747,Sunderland 035D,Anti-social behaviour,,
,2026-01,Northumbria Police,Northumbria Police,-1.481079,54.833180,On or near B1284,E01008747,Sunderland 035D,Anti-social behaviour,,
,2026-01,Northumbria Police,Northumbria Police,-1.462132,54.826277,On or near Monkshood Drive,E01008748,Sunderland 035E,Anti-social behaviour,,
4825c70eba4f86b07c0e3b6c083bc154086da1c9fd170421ec239e4cc3b3904d,2026-01,Northumbria Police,Northumbria Police,-1.462132,54.826277,On or near Monkshood Drive,E01008748,Sunderland 035E,Vehicle crime,Under investigation,
32e375cb19b37410296c87e048418267f798e688ec6b4c3c5a27d31e18c5a51f,2026-01,Northumbria Police,Northumbria Police,-1.452802,54.819819,On or near Office Place,E01008748,Sunderland 035E,Violence and sexual offences,Under investigation,
4b67afdc227001cbbaac9334dc61e43874b397dc607322d91f1ae59d0c220a51,2026-01,Northumbria Police,Northumbria Police,-1.458688,54.819594,On or near B1284,E01008748,Sunderland 035E,Violence and sexual offences,Under investigation,
,2026-01,Northumbria Police,Northumbria Police,-1.455561,54.816003,On or near Langdale Street,E01008743,Sunderland 036A,Anti-social behaviour,,
,2026-01,Northumbria Police,Northumbria Police,-1.457666,54.814494,On or near Nidderdale Avenue,E01008743,Sunderland 036A,Anti-social behaviour,,
,2026-01,Northumbria Police,Northumbria Police,-1.455352,54.813037,On or near Mardale Street,E01008743,Sunderland 036A,Anti-social behaviour,,
,2026-01,Northumbria Police,Northumbria Police,-1.457666,54.814494,On or near Nidderdale Avenue,E01008743,Sunderland 036A,Anti-social behaviour,,
,2026-01,Northumbria Police,Northumbria Police,-1.437191,54.807562,On or near Jubilee Square,E01008744,Sunderland 036B,Anti-social behaviour,,
,2026-01,Northumbria Police,Northumbria Police,-1.439911,54.811133,On or near Kestrel Close,E01008744,Sunderland 036B,Anti-social behaviour,,
,2026-01,Northumbria Police,Northumbria Police,-1.439911,54.811133,On or near Kestrel Close,E01008744,Sunderland 036B,Anti-social behaviour,,
,2026-01,Northumbria Police,Northumbria Police,-1.442236,54.812977,On or near Caldew Court,E01008744,Sunderland 036B,Anti-social behaviour,,
,2026-01,Northumbria Police,Northumbria Police,-1.444119,54.804952,On or near Vale Street,E01008744,Sunderland 036B,Anti-social behaviour,,
,2026-01,Northumbria Police,Northumbria Police,-1.438053,54.810522,On or near Churchside Gardens,E01008744,Sunderland 036B,Anti-social behaviour,,
65041775ebdbab8a6f7fe30f8d205c66311a3f02c34c62282366f170a3a7c321,2026-01,Northumbria Police,Northumbria Police,-1.437474,54.809621,On or near Hartside Gardens,E01008744,Sunderland 036B,Criminal damage and arson,Under investigation,
6561ddf5668413e63d6a7c5d3a32bcdf0be546aaeda66e851588b9f7eb9eaaa3,2026-01,Northumbria Police,Northumbria Police,-1.444987,54.804066,On or near James Terrace,E01008744,Sunderland 036B,Other theft,Investigation complete; no suspect identified,
1a9baac4077d782b91633c7744fe112cb34df670be84055d172648064fce2b71,2026-01,Northumbria Police,Northumbria Police,-1.442236,54.812977,On or near Caldew Court,E01008744,Sunderland 036B,Violence and sexual offences,Under investigation,
3a37a11a0e94fe65be9476042ce96d3c03ce75b61e3f65bfca1826e13ee5f3e2,2026-01,Northumbria Police,Northumbria Police,-1.443752,54.811339,On or near Lawson Terrace,E01008745,Sunderland 036C,Burglary,Investigation complete; no suspect identified,
f2644fecfce41181f73b021e92e22e0c10c1e60353d96b3653b4668eb1eb6e54,2026-01,Northumbria Police,Northumbria Police,-1.430840,54.805645,On or near Cotherstone Court,E01008746,Sunderland 036D,Burglary,Under investigation,
2c6bab16835af35da3682657b706d72bf60ec2e79f660d6ee2d58bf984a52ea4,2026-01,Northumbria Police,Northumbria Police,-1.440163,54.806434,On or near Elemore Lane,E01008746,Sunderland 036D,Drugs,Local resolution,
1be450cd7809aabba6ce16351c18cec155e18a8908ca2134fb44f90bc018c8f6,2026-01,Northumbria Police,Northumbria Police,-1.435216,54.807517,On or near Prospect Crescent,E01008746,Sunderland 036D,Other theft,Investigation complete; no suspect identified,
b54a0cb35fb132ec466e16db2ce0592b92208e9478ac28edccc8108ee9976439,2026-01,Northumbria Police,Northumbria Police,-1.433195,54.804101,On or near School View,E01008746,Sunderland 036D,Violence and sexual offences,Under investigation,
9a0e4a6b8966b1ee0d8b98bb32ad8a193c6ae2e413cca36e004fdab0a447be5a,2026-01,Northumbria Police,Northumbria Police,-1.440163,54.806434,On or near Elemore Lane,E01008746,Sunderland 036D,Violence and sexual offences,Investigation complete; no suspect identified,
3f44f026e21bcb8791477773e7d6836541ba1538d671c4da4e812627eb4c0135,2026-01,Northumbria Police,Northumbria Police,-1.435072,54.807839,On or near High Street,E01008746,Sunderland 036D,Violence and sexual offences,Investigation complete; no suspect identified,
cf67130235bc07b821342fba34a068a18f971b079ac20cceee144e4277b836f6,2026-01,Northumbria Police,Northumbria Police,-1.430700,54.804512,On or near Queen Elizabeth Drive,E01008746,Sunderland 036D,Violence and sexual offences,Under investigation,
