Falls within,Year,Month Number,Month Name,Crime type,crime_count,Population,Mean IMD Decile,crime_rate_per_1000,crime_category_share
Metropolitan Police Service,2023,6,June,Anti-social behaviour,21945,9054370.0,5.038592964824121,2.42369154342047,0.22188406822846626
Metropolitan Police Service,2023,6,June,Bicycle theft,1648,9054370.0,5.038592964824121,0.18201155905932714,0.016662790815243217
Metropolitan Police Service,2023,6,June,Burglary,4349,9054370.0,5.038592964824121,0.4803205523962462,0.04397237697542036
Metropolitan Police Service,2023,6,June,Criminal damage and arson,4998,9054370.0,5.038592964824121,0.551998648166576,0.05053436195059806
Metropolitan Police Service,2023,6,June,Drugs,3241,9054370.0,5.038592964824121,0.35794870322286365,0.03276948120886121
Metropolitan Police Service,2023,6,June,Other crime,890,9054370.0,5.038592964824121,0.09829507740461237,0.008998715913571884
Metropolitan Police Service,2023,6,June,Other theft,12048,9054370.0,5.038592964824121,1.3306281938997413,0.12181632508619557
Metropolitan Police Service,2023,6,June,Possession of weapons,432,9054370.0,5.038592964824121,0.04771176790875566,0.004367916038947251
Metropolitan Police Service,2023,6,June,Public order,5238,9054370.0,5.038592964824121,0.5785051858936624,0.05296098197223542
Metropolitan Police Service,2023,6,June,Robbery,2657,9054370.0,5.038592964824121,0.29344946142028655,0.02686470582287696
Metropolitan Police Service,2023,6,June,Shoplifting,5025,9054370.0,5.038592964824121,0.5549806336608731,0.05080735670303226
Metropolitan Police Service,2023,6,June,Theft from the person,5484,9054370.0,5.038592964824121,0.605674387063926,0.05544826749441372
Metropolitan Police Service,2023,6,June,Vehicle crime,8438,9054370.0,5.038592964824121,0.9319256889214822,0.08531591559406691
Metropolitan Police Service,2023,6,June,Violence and sexual offences,22510,9054370.0,5.038592964824121,2.4860923509863193,0.2275967361960709
Metropolitan Police Service,2023,7,July,Anti-social behaviour,21744,9054370.0,5.038592964824121,2.401492318074035,0.2223653934652554
Metropolitan Police Service,2023,7,July,Bicycle theft,1623,9054370.0,5.038592964824121,0.17925046137942233,0.016597637674489952
Metropolitan Police Service,2023,7,July,Burglary,4505,9054370.0,5.038592964824121,0.4975498019188524,0.04607046070460705
Metropolitan Police Service,2023,7,July,Criminal damage and arson,5014,9054370.0,5.038592964824121,0.5537657506817151,0.05127575804059927
Metropolitan Police Service,2023,7,July,Drugs,3244,9054370.0,5.038592964824121,0.3582800349444522,0.03317482231426088
Metropolitan Police Service,2023,7,July,Other crime,802,9054370.0,5.038592964824121,0.08857601357134733,0.008201666922329601
Metropolitan Police Service,2023,7,July,Other theft,11706,9054370.0,5.038592964824121,1.292856377638643,0.11971161221046173
Metropolitan Police Service,2023,7,July,Possession of weapons,457,9054370.0,5.038592964824121,0.0504728655886605,0.004673518433297541
Metropolitan Police Service,2023,7,July,Public order,4966,9054370.0,5.038592964824121,0.5484644431362977,0.05078488520734264
Metropolitan Police Service,2023,7,July,Robbery,2609,9054370.0,5.038592964824121,0.2881481538748693,0.026680983790969986
Metropolitan Police Service,2023,7,July,Shoplifting,5129,9054370.0,5.038592964824121,0.5664668000092773,0.05245180753694329
Metropolitan Police Service,2023,7,July,Theft from the person,5461,9054370.0,5.038592964824121,0.6031341771984136,0.05584701130030168
Metropolitan Police Service,2023,7,July,Vehicle crime,8448,9054370.0,5.038592964824121,0.933030127993444,0.08639361865316766
Metropolitan Police Service,2023,7,July,Violence and sexual offences,22077,9054370.0,5.038592964824121,2.4382701391703674,0.22577082374597332
Metropolitan Police Service,2023,8,August,Anti-social behaviour,20616,9054370.0,5.038592964824121,2.2769115907567286,0.22157735216353905
Metropolitan Police Service,2023,8,August,Bicycle theft,1490,9054370.0,5.038592964824121,0.16456142172232854,0.01601427312396552
Metropolitan Police Service,2023,8,August,Burglary,4660,9054370.0,5.038592964824121,0.5146686075342625,0.05008490789105995
Metropolitan Police Service,2023,8,August,Criminal damage and arson,4846,9054370.0,5.038592964824121,0.5352111742727544,0.05208400507297779
Metropolitan Police Service,2023,8,August,Drugs,3353,9054370.0,5.038592964824121,0.3703184208288373,0.03603748844607812
Metropolitan Police Service,2023,8,August,Other crime,790,9054370.0,5.038592964824121,0.08725068668499299,0.008490789105995142
Metropolitan Police Service,2023,8,August,Other theft,10704,9054370.0,5.038592964824121,1.182191582628057,0.11504481846907848
Metropolitan Police Service,2023,8,August,Possession of weapons,388,9054370.0,5.038592964824121,0.04285223599212314,0.004170159712817867
Metropolitan Police Service,2023,8,August,Public order,4503,9054370.0,5.038592964824121,0.4973289141044601,0.04839749790417231
Metropolitan Police Service,2023,8,August,Robbery,2381,9054370.0,5.038592964824121,0.2629669430341371,0.025590593495410676
Metropolitan Police Service,2023,8,August,Shoplifting,5256,9054370.0,5.038592964824121,0.5804931762231939,0.05649061714064616
Metropolitan Police Service,2023,8,August,Theft from the person,4956,9054370.0,5.038592964824121,0.5473600040643358,0.053266266847230286
Metropolitan Police Service,2023,8,August,Vehicle crime,8416,9054370.0,5.038592964824121,0.9294959229631659,0.09045377356462672
Metropolitan Police Service,2023,8,August,Violence and sexual offences,20683,9054370.0,5.038592964824121,2.2843113325388735,0.22229745706240192
Metropolitan Police Service,2023,9,September,Anti-social behaviour,21204,9054370.0,5.038592964824121,2.3418526081880904,0.22386452416647312
Metropolitan Police Service,2023,9,September,Bicycle theft,1669,9054370.0,5.038592964824121,0.1843308811104472,0.0176207267889947
Metropolitan Police Service,2023,9,September,Burglary,4545,9054370.0,5.038592964824121,0.5019675582067002,0.047984543592558965
Metropolitan Police Service,2023,9,September,Criminal damage and arson,4974,9054370.0,5.038592964824121,0.5493479943938673,0.05251377774023945
Metropolitan Police Service,2023,9,September,Drugs,2972,9054370.0,5.038592964824121,0.32823929218708753,0.031377351717730526
Metropolitan Police Service,2023,9,September,Other crime,863,9054370.0,5.038592964824121,0.09531309191031513,0.00911125657214046
Metropolitan Police Service,2023,9,September,Other theft,10532,9054370.0,5.038592964824121,1.1631952305903117,0.11119322620832366
Metropolitan Police Service,2023,9,September,Possession of weapons,349,9054370.0,5.038592964824121,0.03854492361147159,0.003684621719208598
Metropolitan Police Service,2023,9,September,Public order,4847,9054370.0,5.038592964824121,0.5353216181799506,0.05117295551004033
Metropolitan Police Service,2023,9,September,Robbery,2597,9054370.0,5.038592964824121,0.2868228269885149,0.027418230959268566
Metropolitan Police Service,2023,9,September,Shoplifting,4775,9054370.0,5.038592964824121,0.5273696568618248,0.05041280432441563
Metropolitan Police Service,2023,9,September,Theft from the person,4961,9054370.0,5.038592964824121,0.5479122236003168,0.05237652822061277
Metropolitan Police Service,2023,9,September,Vehicle crime,8954,9054370.0,5.038592964824121,0.988914745034718,0.09453324605671573
Metropolitan Police Service,2023,9,September,Violence and sexual offences,21476,9054370.0,5.038592964824121,2.371893350945455,0.22673620642327752
Metropolitan Police Service,2023,10,October,Anti-social behaviour,20045,9054370.0,5.038592964824121,2.213848119747702,0.2027409729948417
Metropolitan Police Service,2023,10,October,Bicycle theft,1626,9054370.0,5.038592964824121,0.17958179310101088,0.01644583796905027
Metropolitan Police Service,2023,10,October,Burglary,4787,9054370.0,5.038592964824121,0.528694983748179,0.048417113381207647
Metropolitan Police Service,2023,10,October,Criminal damage and arson,5011,9054370.0,5.038592964824121,0.5534344189601265,0.05068271467583696
Metropolitan Police Service,2023,10,October,Drugs,2861,9054370.0,5.038592964824121,0.31598001848831003,0.028936987963993122
Metropolitan Police Service,2023,10,October,Other crime,861,9054370.0,5.038592964824121,0.09509220409592274,0.008708404976231415
Metropolitan Police Service,2023,10,October,Other theft,12263,9054370.0,5.038592964824121,1.3543736339469228,0.12403155658946091
Metropolitan Police Service,2023,10,October,Possession of weapons,359,9054370.0,5.038592964824121,0.039649362683433526,0.0036310306463032266
Metropolitan Police Service,2023,10,October,Public order,4997,9054370.0,5.038592964824121,0.5518882042593798,0.05054111459492262
Metropolitan Police Service,2023,10,October,Robbery,2712,9054370.0,5.038592964824121,0.2995238763160772,0.027429958531404876
Metropolitan Police Service,2023,10,October,Shoplifting,5051,9054370.0,5.038592964824121,0.5578521752479741,0.05108728633559219
Metropolitan Police Service,2023,10,October,Theft from the person,6661,9054370.0,5.038592964824121,0.735666865833846,0.06737129564074036
Metropolitan Police Service,2023,10,October,Vehicle crime,9834,9054370.0,5.038592964824121,1.0861053833673684,0.09946394255082432
Metropolitan Police Service,2023,10,October,Violence and sexual offences,21802,9054370.0,5.038592964824121,2.407898064691414,0.22051178314959038
Metropolitan Police Service,2023,11,November,Anti-social behaviour,17679,9054370.0,5.038592964824121,1.9525378353215077,0.18857197713115453
Metropolitan Police Service,2023,11,November,Bicycle theft,1178,9054370.0,5.038592964824121,0.13010292267711612,0.01256506527860739
Metropolitan Police Service,2023,11,November,Burglary,4628,9054370.0,5.038592964824121,0.5111344025039842,0.049364280228688454
Metropolitan Police Service,2023,11,November,Criminal damage and arson,4596,9054370.0,5.038592964824121,0.5076001974737061,0.04902295417697756
Metropolitan Police Service,2023,11,November,Drugs,2675,9054370.0,5.038592964824121,0.29543745174981806,0.02853272463520778
Metropolitan Police Service,2023,11,November,Other crime,739,9054370.0,5.038592964824121,0.08161804741798712,0.007882498506698523
Metropolitan Police Service,2023,11,November,Other theft,12149,9054370.0,5.038592964824121,1.3417830285265568,0.1295865688198652
Metropolitan Police Service,2023,11,November,Possession of weapons,309,9054370.0,5.038592964824121,0.03412716732362384,0.0032959296868333475
Metropolitan Police Service,2023,11,November,Public order,4543,9054370.0,5.038592964824121,0.5017466703923078,0.048457632903831385
Metropolitan Police Service,2023,11,November,Robbery,2903,9054370.0,5.038592964824121,0.32061866259055016,0.03096467275364792
Metropolitan Police Service,2023,11,November,Shoplifting,4708,9054370.0,5.038592964824121,0.5199699150796798,0.050217595357965696
Metropolitan Police Service,2023,11,November,Theft from the person,8438,9054370.0,5.038592964824121,0.9319256889214822,0.09000341326051711
Metropolitan Police Service,2023,11,November,Vehicle crime,9061,9054370.0,5.038592964824121,1.0007322431047108,0.09664860482976363
Metropolitan Police Service,2023,11,November,Violence and sexual offences,20146,9054370.0,5.038592964824121,2.2250029543745176,0.2148860824302415
Metropolitan Police Service,2023,12,December,Anti-social behaviour,16337,9054370.0,5.038592964824121,1.8043221118642159,0.18094721219236648
Metropolitan Police Service,2023,12,December,Bicycle theft,928,9054370.0,5.038592964824121,0.10249194587806772,0.010278448485922513
Metropolitan Police Service,2023,12,December,Burglary,4901,9054370.0,5.038592964824121,0.5412855891685452,0.05428305606627827
Metropolitan Police Service,2023,12,December,Criminal damage and arson,4632,9054370.0,5.038592964824121,0.5115761781327691,0.05130363511507875
Metropolitan Police Service,2023,12,December,Drugs,2394,9054370.0,5.038592964824121,0.2644027138276876,0.02651573887424407
Metropolitan Police Service,2023,12,December,Other crime,669,9054370.0,5.038592964824121,0.07388697391425356,0.00740978667789026
Metropolitan Police Service,2023,12,December,Other theft,11273,9054370.0,5.038592964824121,1.245034165822691,0.12485878209246173
Metropolitan Police Service,2023,12,December,Possession of weapons,313,9054370.0,5.038592964824121,0.034568942952408616,0.003466761181135503
Metropolitan Police Service,2023,12,December,Public order,4219,9054370.0,5.038592964824121,0.4659628444607411,0.04672928250227056
Metropolitan Police Service,2023,12,December,Robbery,2947,9054370.0,5.038592964824121,0.32547819450718274,0.032640719491394014
Metropolitan Police Service,2023,12,December,Shoplifting,4577,9054370.0,5.038592964824121,0.5055017632369784,0.05069445982765877
Metropolitan Police Service,2023,12,December,Theft from the person,8155,9054370.0,5.038592964824121,0.9006700631849593,0.09032408125290743
Metropolitan Police Service,2023,12,December,Vehicle crime,8386,9054370.0,5.038592964824121,0.9261826057472801,0.09288261746007133
Metropolitan Police Service,2023,12,December,Violence and sexual offences,20555,9054370.0,5.038592964824121,2.2701745124177606,0.22766541878032032
Metropolitan Police Service,2024,1,January,Anti-social behaviour,16514,9054370.0,5.038592964824121,1.8238706834379421,0.18684165865248628
Metropolitan Police Service,2024,1,January,Bicycle theft,967,9054370.0,5.038592964824121,0.10679925825871926,0.010940770492730668
Metropolitan Police Service,2024,1,January,Burglary,4995,9054370.0,5.038592964824121,0.5516673164449873,0.05651411438592521
Metropolitan Police Service,2024,1,January,Criminal damage and arson,4811,9054370.0,5.038592964824121,0.5313456375208877,0.05443231317531255
Metropolitan Police Service,2024,1,January,Drugs,2681,9054370.0,5.038592964824121,0.29610011519299523,0.030333201335068168
Metropolitan Police Service,2024,1,January,Other crime,784,9054370.0,5.038592964824121,0.08658802324181583,0.008870283419132206
Metropolitan Police Service,2024,1,January,Other theft,10262,9054370.0,5.038592964824121,1.1333753756473395,0.11610567403971261
Metropolitan Police Service,2024,1,January,Possession of weapons,352,9054370.0,5.038592964824121,0.03887625533306017,0.003982576228998133
Metropolitan Police Service,2024,1,January,Public order,3806,9054370.0,5.038592964824121,0.4203495107887131,0.04306160547604231
Metropolitan Police Service,2024,1,January,Robbery,2730,9054370.0,5.038592964824121,0.3015118666456087,0.03088759404876393
Metropolitan Police Service,2024,1,January,Shoplifting,4919,9054370.0,5.038592964824121,0.5432735794980766,0.05565423997284607
Metropolitan Police Service,2024,1,January,Theft from the person,6887,9054370.0,5.038592964824121,0.7606271888601858,0.07792046161679018
Metropolitan Police Service,2024,1,January,Vehicle crime,8927,9054370.0,5.038592964824121,0.9859327595404209,0.10100130112575663
Metropolitan Police Service,2024,1,January,Violence and sexual offences,19750,9054370.0,5.038592964824121,2.181267167124825,0.22345420603043503
Metropolitan Police Service,2024,2,February,Anti-social behaviour,16945,9054370.0,5.038592964824121,1.8714720074395017,0.19269915278330585
Metropolitan Police Service,2024,2,February,Bicycle theft,1105,9054370.0,5.038592964824121,0.12204051745179399,0.012566099960197873
Metropolitan Police Service,2024,2,February,Burglary,4341,9054370.0,5.038592964824121,0.4794370011386767,0.04936600898390857
Metropolitan Police Service,2024,2,February,Criminal damage and arson,4480,9054370.0,5.038592964824121,0.49478870423894755,0.05094672201057599
Metropolitan Police Service,2024,2,February,Drugs,2676,9054370.0,5.038592964824121,0.2955478956570142,0.030431568772388697
Metropolitan Police Service,2024,2,February,Other crime,705,9054370.0,5.038592964824121,0.07786295457331653,0.008017285494967875
Metropolitan Police Service,2024,2,February,Other theft,10401,9054370.0,5.038592964824121,1.1487270787476103,0.11828054813214306
Metropolitan Police Service,2024,2,February,Possession of weapons,356,9054370.0,5.038592964824121,0.03931803096184494,0.004048444874054699
Metropolitan Police Service,2024,2,February,Public order,4065,9054370.0,5.038592964824121,0.44895448275252725,0.046227327002899866
Metropolitan Police Service,2024,2,February,Robbery,2530,9054370.0,5.038592964824121,0.27942308520636994,0.028771251492579746
Metropolitan Police Service,2024,2,February,Shoplifting,5200,9054370.0,5.038592964824121,0.574308317420207,0.059134588047989996
Metropolitan Police Service,2024,2,February,Theft from the person,7732,9054370.0,5.038592964824121,0.8539522904409694,0.08792858361289589
Metropolitan Police Service,2024,2,February,Vehicle crime,8033,9054370.0,5.038592964824121,0.8871959065070236,0.09135156649798146
Metropolitan Police Service,2024,2,February,Violence and sexual offences,19366,9054370.0,5.038592964824121,2.1388567067614863,0.2202308523341104
Metropolitan Police Service,2024,3,March,Anti-social behaviour,18015,9054370.0,5.038592964824121,1.9896469881394288,0.19668963107728926
Metropolitan Police Service,2024,3,March,Bicycle theft,1212,9054370.0,5.038592964824121,0.13385801552178672,0.013232741208197313
Metropolitan Police Service,2024,3,March,Burglary,4618,9054370.0,5.038592964824121,0.5100299634320223,0.050419801072157745
Metropolitan Police Service,2024,3,March,Criminal damage and arson,4438,9054370.0,5.038592964824121,0.4901500601367074,0.04845454247688091
Metropolitan Police Service,2024,3,March,Drugs,2595,9054370.0,5.038592964824121,0.2866019391741226,0.02833247808190761
Metropolitan Police Service,2024,3,March,Other crime,751,9054370.0,5.038592964824121,0.08294337430434144,0.008199495583627212
Metropolitan Police Service,2024,3,March,Other theft,8894,9054370.0,5.038592964824121,0.9822881106029465,0.09710561081328951
Metropolitan Police Service,2024,3,March,Possession of weapons,397,9054370.0,5.038592964824121,0.04384623115688888,0.004334487012916116
Metropolitan Police Service,2024,3,March,Public order,4266,9054370.0,5.038592964824121,0.4711537080989622,0.046576628708060834
Metropolitan Police Service,2024,3,March,Robbery,2740,9054370.0,5.038592964824121,0.30261630571757064,0.029915603061436168
Metropolitan Police Service,2024,3,March,Shoplifting,5885,9054370.0,5.038592964824121,0.6499623938495996,0.0642530379622452
Metropolitan Police Service,2024,3,March,Theft from the person,9184,9054370.0,5.038592964824121,1.0143168436898424,0.10027186077234662
Metropolitan Police Service,2024,3,March,Vehicle crime,8410,9054370.0,5.038592964824121,0.9288332595199887,0.09182124881265627
Metropolitan Police Service,2024,3,March,Violence and sexual offences,20186,9054370.0,5.038592964824121,2.229420710662365,0.22039283335698923
Metropolitan Police Service,2024,4,April,Anti-social behaviour,18221,9054370.0,5.038592964824121,2.0123984330218447,0.2021680276939464
Metropolitan Police Service,2024,4,April,Bicycle theft,1203,9054370.0,5.038592964824121,0.13286402035702097,0.013347683294869519
Metropolitan Police Service,2024,4,April,Burglary,4215,9054370.0,5.038592964824121,0.4655210688319563,0.04676682052192437
Metropolitan Police Service,2024,4,April,Criminal damage and arson,4428,9054370.0,5.038592964824121,0.48904562106474553,0.049130126042961124
Metropolitan Police Service,2024,4,April,Drugs,2503,9054370.0,5.038592964824121,0.27644109971207276,0.027771613704952954
Metropolitan Police Service,2024,4,April,Other crime,870,9054370.0,5.038592964824121,0.0960861992606885,0.009652938043671223
Metropolitan Police Service,2024,4,April,Other theft,8636,9054370.0,5.038592964824121,0.9537935825463284,0.09581927924729274
Metropolitan Police Service,2024,4,April,Possession of weapons,320,9054370.0,5.038592964824121,0.03534205030278197,0.0035505059470974615
Metropolitan Police Service,2024,4,April,Public order,4145,9054370.0,5.038592964824121,0.45778999532822273,0.0459901473459968
Metropolitan Police Service,2024,4,April,Robbery,2560,9054370.0,5.038592964824121,0.2827364024222558,0.02840404757677969
Metropolitan Police Service,2024,4,April,Shoplifting,6738,9054370.0,5.038592964824121,0.744171046687953,0.07476034084857092
Metropolitan Police Service,2024,4,April,Theft from the person,8569,9054370.0,5.038592964824121,0.9463938407641834,0.09507589206461921
Metropolitan Police Service,2024,4,April,Vehicle crime,8451,9054370.0,5.038592964824121,0.9333614597150326,0.09376664299662701
Metropolitan Police Service,2024,4,April,Violence and sexual offences,19269,9054370.0,5.038592964824121,2.1281436477634554,0.21379593467069058
Metropolitan Police Service,2024,5,May,Anti-social behaviour,22124,9054370.0,5.038592964824121,2.4434610028085886,0.22790156267705017
Metropolitan Police Service,2024,5,May,Bicycle theft,1386,9054370.0,5.038592964824121,0.1530752553739244,0.014277326246175717
Metropolitan Police Service,2024,5,May,Burglary,3986,9054370.0,5.038592964824121,0.4402294140840279,0.04106018933423983
Metropolitan Police Service,2024,5,May,Criminal damage and arson,4531,9054370.0,5.038592964824121,0.5004213435059536,0.046674289481545575
Metropolitan Police Service,2024,5,May,Drugs,2785,9054370.0,5.038592964824121,0.30758628154139933,0.028688566807791752
Metropolitan Police Service,2024,5,May,Other crime,923,9054370.0,5.038592964824121,0.10193972634208676,0.00950791639626276
Metropolitan Police Service,2024,5,May,Other theft,8869,9054370.0,5.038592964824121,0.9795270129230416,0.09136046643386178
Metropolitan Police Service,2024,5,May,Possession of weapons,378,9054370.0,5.038592964824121,0.0417477969201612,0.0038938162489570135
Metropolitan Police Service,2024,5,May,Public order,4786,9054370.0,5.038592964824121,0.5285845398409829,0.049301070284413405
Metropolitan Police Service,2024,5,May,Robbery,2978,9054370.0,5.038592964824121,0.32890195563026475,0.030676679337021128
Metropolitan Police Service,2024,5,May,Shoplifting,6885,9054370.0,5.038592964824121,0.7604063010457933,0.07092308167743132
Metropolitan Police Service,2024,5,May,Theft from the person,7295,9054370.0,5.038592964824121,0.8056883029962327,0.07514653316439528
Metropolitan Police Service,2024,5,May,Vehicle crime,8407,9054370.0,5.038592964824121,0.9285019277984001,0.08660135768513653
Metropolitan Police Service,2024,5,May,Violence and sexual offences,21744,9054370.0,5.038592964824121,2.401492318074035,0.22398714422571772
Metropolitan Police Service,2024,6,June,Anti-social behaviour,21979,9054370.0,5.038592964824121,2.427446636265141,0.2272083527161834
Metropolitan Police Service,2024,6,June,Bicycle theft,1432,9054370.0,5.038592964824121,0.15815567510494932,0.01480332868144932
Metropolitan Police Service,2024,6,June,Burglary,3869,9054370.0,5.038592964824121,0.42730747694207327,0.03999586499198842
Metropolitan Police Service,2024,6,June,Criminal damage and arson,4589,9054370.0,5.038592964824121,0.5068270901233327,0.047438879412828865
Metropolitan Police Service,2024,6,June,Drugs,2721,9054370.0,5.038592964824121,0.3005178714808429,0.028128391998759498
Metropolitan Police Service,2024,6,June,Other crime,940,9054370.0,5.038592964824121,0.10381727276442204,0.009717268827208353
Metropolitan Police Service,2024,6,June,Other theft,9581,9054370.0,5.038592964824121,1.0581630748467314,0.09904377939732258
Metropolitan Police Service,2024,6,June,Possession of weapons,338,9054370.0,5.038592964824121,0.03733004063231345,0.003494081769783429
Metropolitan Police Service,2024,6,June,Public order,4864,9054370.0,5.038592964824121,0.5371991646022859,0.05028169742078875
Metropolitan Police Service,2024,6,June,Robbery,2745,9054370.0,5.038592964824121,0.30316852525355165,0.028376492479454177
Metropolitan Police Service,2024,6,June,Shoplifting,6713,9054370.0,5.038592964824121,0.7414099490080481,0.06939577195430816
Metropolitan Police Service,2024,6,June,Theft from the person,7511,9054370.0,5.038592964824121,0.8295441869506106,0.07764511293740632
Metropolitan Police Service,2024,6,June,Vehicle crime,7853,9054370.0,5.038592964824121,0.8673160032117088,0.08118054478730552
Metropolitan Police Service,2024,6,June,Violence and sexual offences,21600,9054370.0,5.038592964824121,2.385588395437783,0.2232904326252132
Metropolitan Police Service,2024,7,July,Anti-social behaviour,22507,9054370.0,5.038592964824121,2.485761019264731,0.2245288853862192
Metropolitan Police Service,2024,7,July,Bicycle theft,1452,9054370.0,5.038592964824121,0.1603645532488732,0.014485090930856636
Metropolitan Police Service,2024,7,July,Burglary,4170,9054370.0,5.038592964824121,0.4605510930081276,0.0415997446154767
Metropolitan Police Service,2024,7,July,Criminal damage and arson,5194,9054370.0,5.038592964824121,0.5736456539770298,0.051815125547430695
Metropolitan Police Service,2024,7,July,Drugs,2913,9054370.0,5.038592964824121,0.3217231016625121,0.029059965483185523
Metropolitan Police Service,2024,7,July,Other crime,960,9054370.0,5.038592964824121,0.10602615090834591,0.009576919623706867
Metropolitan Police Service,2024,7,July,Other theft,9331,9054370.0,5.038592964824121,1.0305520980476832,0.09308566355084247
Metropolitan Police Service,2024,7,July,Possession of weapons,345,9054370.0,5.038592964824121,0.03810314798268681,0.003441705489769655
Metropolitan Police Service,2024,7,July,Public order,5123,9054370.0,5.038592964824121,0.5658041365661002,0.05110683253359404
Metropolitan Police Service,2024,7,July,Robbery,2649,9054370.0,5.038592964824121,0.292565910162717,0.026426312586666136
Metropolitan Police Service,2024,7,July,Shoplifting,7862,9054370.0,5.038592964824121,0.8683099983764745,0.07843098133498269
Metropolitan Police Service,2024,7,July,Theft from the person,7432,9054370.0,5.038592964824121,0.8208191182821113,0.07414131942019732
Metropolitan Police Service,2024,7,July,Vehicle crime,7908,9054370.0,5.038592964824121,0.8733904181074995,0.07888987540028532
Metropolitan Police Service,2024,7,July,Violence and sexual offences,22395,9054370.0,5.038592964824121,2.473391301658757,0.22341157809678674
Metropolitan Police Service,2024,8,August,Anti-social behaviour,22161,9054370.0,5.038592964824121,2.4475474273748477,0.22722472290293144
Metropolitan Police Service,2024,8,August,Bicycle theft,1481,9054370.0,5.038592964824121,0.16356742655756282,0.015185226958135529
Metropolitan Police Service,2024,8,August,Burglary,4190,9054370.0,5.038592964824121,0.4627599711520514,0.04296158065806068
Metropolitan Police Service,2024,8,August,Criminal damage and arson,4979,9054370.0,5.038592964824121,0.5499002139298482,0.0510514821232659
Metropolitan Police Service,2024,8,August,Drugs,3094,9054370.0,5.038592964824121,0.34171344886502314,0.031723897507408054
Metropolitan Police Service,2024,8,August,Other crime,973,9054370.0,5.038592964824121,0.10746192170189643,0.00997651980436588
Metropolitan Police Service,2024,8,August,Other theft,8660,9054370.0,5.038592964824121,0.9564442363190371,0.08879410226701802
Metropolitan Police Service,2024,8,August,Possession of weapons,384,9054370.0,5.038592964824121,0.04241046036333837,0.003937290446943986
Metropolitan Police Service,2024,8,August,Public order,4993,9054370.0,5.038592964824121,0.5514464286305949,0.05119502917081074
Metropolitan Police Service,2024,8,August,Robbery,2675,9054370.0,5.038592964824121,0.29543745174981806,0.027427739441601984
Metropolitan Police Service,2024,8,August,Shoplifting,8023,9054370.0,5.038592964824121,0.8860914674350617,0.08226271160372813
Metropolitan Police Service,2024,8,August,Theft from the person,7093,9054370.0,5.038592964824121,0.7833786337426016,0.07272708630253566
Metropolitan Police Service,2024,8,August,Vehicle crime,7807,9054370.0,5.038592964824121,0.862235583480684,0.08004798572732214
Metropolitan Police Service,2024,8,August,Violence and sexual offences,21016,9054370.0,5.038592964824121,2.3210891536352056,0.2154846250858719
Metropolitan Police Service,2024,9,September,Anti-social behaviour,19409,9054370.0,5.038592964824121,2.143605794770923,0.20652046690288461
Metropolitan Police Service,2024,9,September,Bicycle theft,1500,9054370.0,5.038592964824121,0.1656658607942905,0.015960672901969546
Metropolitan Police Service,2024,9,September,Burglary,4087,9054370.0,5.038592964824121,0.45138424871084354,0.04348751343356636
Metropolitan Police Service,2024,9,September,Criminal damage and arson,4541,9054370.0,5.038592964824121,0.5015257825779154,0.04831827709856248
Metropolitan Police Service,2024,9,September,Drugs,3719,9054370.0,5.038592964824121,0.4107408908626442,0.03957182834828316
Metropolitan Police Service,2024,9,September,Other crime,1090,9054370.0,5.038592964824121,0.12038385884385108,0.011598088975431204
Metropolitan Police Service,2024,9,September,Other theft,8368,9054370.0,5.038592964824121,0.9241946154177486,0.08903927389578745
Metropolitan Police Service,2024,9,September,Possession of weapons,416,9054370.0,5.038592964824121,0.04594466539361656,0.004426426618146221
Metropolitan Police Service,2024,9,September,Public order,4636,9054370.0,5.038592964824121,0.5120179537615538,0.049329119715687215
Metropolitan Police Service,2024,9,September,Robbery,2710,9054370.0,5.038592964824121,0.29930298850168485,0.028835615709558313
Metropolitan Police Service,2024,9,September,Shoplifting,7813,9054370.0,5.038592964824121,0.8628982469238611,0.08313382492205872
Metropolitan Police Service,2024,9,September,Theft from the person,6949,9054370.0,5.038592964824121,0.7674747111063498,0.07394047733052425
Metropolitan Police Service,2024,9,September,Vehicle crime,7625,9054370.0,5.038592964824121,0.8421347923709767,0.08113342058501187
Metropolitan Police Service,2024,9,September,Violence and sexual offences,21118,9054370.0,5.038592964824121,2.3323544321692173,0.2247049935625286
Metropolitan Police Service,2024,10,October,Anti-social behaviour,20330,9054370.0,5.038592964824121,2.245324633298617,0.20171652527657885
Metropolitan Police Service,2024,10,October,Bicycle theft,1484,9054370.0,5.038592964824121,0.1638987582791514,0.014724413355161978
Metropolitan Police Service,2024,10,October,Burglary,4589,9054370.0,5.038592964824121,0.5068270901233327,0.045532569330753586
Metropolitan Police Service,2024,10,October,Criminal damage and arson,4563,9054370.0,5.038592964824121,0.5039555485362317,0.04527459443369549
Metropolitan Police Service,2024,10,October,Drugs,4019,9054370.0,5.038592964824121,0.44387406302150234,0.039876965818326136
Metropolitan Police Service,2024,10,October,Other crime,1201,9054370.0,5.038592964824121,0.13264313254262858,0.011916455821798878
Metropolitan Police Service,2024,10,October,Other theft,9253,9054370.0,5.038592964824121,1.02193747328638,0.09180929701840551
Metropolitan Police Service,2024,10,October,Possession of weapons,387,9054370.0,5.038592964824121,0.04274179208492695,0.0038398571215954753
Metropolitan Police Service,2024,10,October,Public order,4840,9054370.0,5.038592964824121,0.5345485108295773,0.04802301929850672
Metropolitan Police Service,2024,10,October,Robbery,3074,9054370.0,5.038592964824121,0.3395045707210993,0.030500570521406957
Metropolitan Police Service,2024,10,October,Shoplifting,8107,9054370.0,5.038592964824121,0.8953687556395421,0.08043855732499876
Metropolitan Police Service,2024,10,October,Theft from the person,8942,9054370.0,5.038592964824121,0.9875894181483637,0.0887235203651337
Metropolitan Police Service,2024,10,October,Vehicle crime,8234,9054370.0,5.038592964824121,0.9093951318534587,0.0816986654760133
Metropolitan Police Service,2024,10,October,Violence and sexual offences,21762,9054370.0,5.038592964824121,2.4034803084035663,0.21592498883762465
Metropolitan Police Service,2024,11,November,Anti-social behaviour,18300,9054370.0,5.038592964824121,2.0211235016903437,0.1867137362132822
Metropolitan Police Service,2024,11,November,Bicycle theft,1259,9054370.0,5.038592964824121,0.13904887916000783,0.01284549693401761
Metropolitan Police Service,2024,11,November,Burglary,4597,9054370.0,5.038592964824121,0.5077106413809023,0.04690289865423269
Metropolitan Police Service,2024,11,November,Criminal damage and arson,4499,9054370.0,5.038592964824121,0.4968871384756753,0.04590301088653315
Metropolitan Police Service,2024,11,November,Drugs,4218,9054370.0,5.038592964824121,0.4658524005535449,0.04303598575670078
Metropolitan Police Service,2024,11,November,Other crime,1135,9054370.0,5.038592964824121,0.1253538346676798,0.011580332819785535
Metropolitan Police Service,2024,11,November,Other theft,9170,9054370.0,5.038592964824121,1.0127706289890959,0.09356092683474304
Metropolitan Police Service,2024,11,November,Possession of weapons,359,9054370.0,5.038592964824121,0.039649362683433526,0.003662854169429962
Metropolitan Police Service,2024,11,November,Public order,4476,9054370.0,5.038592964824121,0.49434692861016283,0.045668343349215906
Metropolitan Police Service,2024,11,November,Robbery,2892,9054370.0,5.038592964824121,0.31940377961139205,0.029506892083541642
Metropolitan Police Service,2024,11,November,Shoplifting,7819,9054370.0,5.038592964824121,0.8635609103670382,0.07977675975145647
Metropolitan Police Service,2024,11,November,Theft from the person,10217,9054370.0,5.038592964824121,1.1284053998235106,0.10424340125088
Metropolitan Police Service,2024,11,November,Vehicle crime,7851,9054370.0,5.038592964824121,0.8670951153973164,0.08010325371641959
Metropolitan Police Service,2024,11,November,Violence and sexual offences,21219,9054370.0,5.038592964824121,2.3435092667960333,0.21649610757976145
Metropolitan Police Service,2024,12,December,Anti-social behaviour,15900,9054370.0,5.038592964824121,1.7560581244194793,0.1746005600395322
Metropolitan Police Service,2024,12,December,Bicycle theft,858,9054370.0,5.038592964824121,0.09476087237433416,0.009421841541755889
Metropolitan Police Service,2024,12,December,Burglary,4761,9054370.0,5.038592964824121,0.525823442161078,0.05228133750617691
Metropolitan Police Service,2024,12,December,Criminal damage and arson,4136,9054370.0,5.038592964824121,0.45679600016345695,0.04541810794487454
Metropolitan Police Service,2024,12,December,Drugs,3926,9054370.0,5.038592964824121,0.43360277965225635,0.04311206281227695
Metropolitan Police Service,2024,12,December,Other crime,1026,9054370.0,5.038592964824121,0.1133154487832947,0.011266677647833965
Metropolitan Police Service,2024,12,December,Other theft,9056,9054370.0,5.038592964824121,1.00018002356873,0.09944545105144677
Metropolitan Police Service,2024,12,December,Possession of weapons,309,9054370.0,5.038592964824121,0.03412716732362384,0.00339318069510789
Metropolitan Police Service,2024,12,December,Public order,3986,9054370.0,5.038592964824121,0.4402294140840279,0.043770932850161974
Metropolitan Police Service,2024,12,December,Robbery,2716,9054370.0,5.038592964824121,0.29996565194486197,0.029824850381595564
Metropolitan Police Service,2024,12,December,Shoplifting,6558,9054370.0,5.038592964824121,0.724291143392638,0.07201449514083347
Metropolitan Police Service,2024,12,December,Theft from the person,9674,9054370.0,5.038592964824121,1.0684343582159777,0.10623181244166255
Metropolitan Police Service,2024,12,December,Vehicle crime,7103,9054370.0,5.038592964824121,0.7844830728145636,0.07799923131828913
Metropolitan Police Service,2024,12,December,Violence and sexual offences,21056,9054370.0,5.038592964824121,2.3255069099230536,0.2312194586284522
Metropolitan Police Service,2025,1,January,Anti-social behaviour,16138,9054370.0,5.038592964824121,1.7823437743321733,0.18559665102585335
Metropolitan Police Service,2025,1,January,Bicycle theft,837,9054370.0,5.038592964824121,0.0924415503232141,0.009626000552028705
Metropolitan Police Service,2025,1,January,Burglary,4445,9054370.0,5.038592964824121,0.4909231674870808,0.05112015824822891
Metropolitan Police Service,2025,1,January,Criminal damage and arson,4157,9054370.0,5.038592964824121,0.459115322214577,0.047807986015272794
Metropolitan Police Service,2025,1,January,Drugs,4116,9054370.0,5.038592964824121,0.4545871220195331,0.047336461495997795
Metropolitan Police Service,2025,1,January,Other crime,1150,9054370.0,5.038592964824121,0.1270104932756227,0.01322568773576226
Metropolitan Police Service,2025,1,January,Other theft,7953,9054370.0,5.038592964824121,0.8783603939313283,0.09146425614131935
Metropolitan Police Service,2025,1,January,Possession of weapons,326,9054370.0,5.038592964824121,0.036004713745959135,0.003749194958137823
Metropolitan Police Service,2025,1,January,Public order,3978,9054370.0,5.038592964824121,0.4393458628264584,0.04574937896770632
Metropolitan Police Service,2025,1,January,Robbery,2457,9054370.0,5.038592964824121,0.2713606799810478,0.028256969362406844
Metropolitan Police Service,2025,1,January,Shoplifting,6858,9054370.0,5.038592964824121,0.7574243155514961,0.07887110129726746
Metropolitan Police Service,2025,1,January,Theft from the person,7581,9054370.0,5.038592964824121,0.8372752604543441,0.08718603367375104
Metropolitan Police Service,2025,1,January,Vehicle crime,7278,9054370.0,5.038592964824121,0.8038107565738974,0.08370135247032846
Metropolitan Police Service,2025,1,January,Violence and sexual offences,19678,9054370.0,5.038592964824121,2.173315205806699,0.2263087680559389
Metropolitan Police Service,2025,2,February,Anti-social behaviour,15246,9054370.0,5.038592964824121,1.6838278091131686,0.18223762849629452
Metropolitan Police Service,2025,2,February,Bicycle theft,832,9054370.0,5.038592964824121,0.09188933078723312,0.00994501553908678
Metropolitan Police Service,2025,2,February,Burglary,3739,9054370.0,5.038592964824121,0.4129497690065681,0.04469280420750658
Metropolitan Police Service,2025,2,February,Criminal damage and arson,4032,9054370.0,5.038592964824121,0.44530983381505285,0.048195075304805164
Metropolitan Police Service,2025,2,February,Drugs,3726,9054370.0,5.038592964824121,0.4115139982130176,0.04453741333970834
Metropolitan Police Service,2025,2,February,Other crime,1014,9054370.0,5.038592964824121,0.11199012189694037,0.012120487688262013
Metropolitan Police Service,2025,2,February,Other theft,7612,9054370.0,5.038592964824121,0.8406990215774262,0.09098732966770261
Metropolitan Police Service,2025,2,February,Possession of weapons,333,9054370.0,5.038592964824121,0.03677782109633249,0.003980396844370069
Metropolitan Police Service,2025,2,February,Public order,3745,9054370.0,5.038592964824121,0.41361243244974527,0.0447645230695673
Metropolitan Police Service,2025,2,February,Robbery,2454,9054370.0,5.038592964824121,0.27102934825945924,0.029333014582835285
Metropolitan Police Service,2025,2,February,Shoplifting,6697,9054370.0,5.038592964824121,0.739642846492909,0.0800502032034425
Metropolitan Police Service,2025,2,February,Theft from the person,7972,9054370.0,5.038592964824121,0.8804588281680558,0.09529046139134592
Metropolitan Police Service,2025,2,February,Vehicle crime,7097,9054370.0,5.038592964824121,0.7838204093713864,0.0848314606741573
Metropolitan Police Service,2025,2,February,Violence and sexual offences,19161,9054370.0,5.038592964824121,2.116215705786267,0.2290341859909156
Metropolitan Police Service,2025,3,March,Anti-social behaviour,18875,9054370.0,5.038592964824121,2.0846287483281554,0.20171848115334878
Metropolitan Police Service,2025,3,March,Bicycle theft,1027,9054370.0,5.038592964824121,0.11342589269049089,0.010975622789112011
Metropolitan Police Service,2025,3,March,Burglary,3970,9054370.0,5.038592964824121,0.4384623115688888,0.04242767524126065
Metropolitan Police Service,2025,3,March,Criminal damage and arson,4519,9054370.0,5.038592964824121,0.4990960166195991,0.048294877686462685
Metropolitan Police Service,2025,3,March,Drugs,4024,9054370.0,5.038592964824121,0.4444262825574833,0.04300477712111658
Metropolitan Police Service,2025,3,March,Other crime,1188,9054370.0,5.038592964824121,0.13120736174907807,0.012696241356830642
Metropolitan Police Service,2025,3,March,Other theft,7828,9054370.0,5.038592964824121,0.8645549055318039,0.08365839843541269
Metropolitan Police Service,2025,3,March,Possession of weapons,424,9054370.0,5.038592964824121,0.04682821665118611,0.004531318464054034
Metropolitan Police Service,2025,3,March,Public order,4536,9054370.0,5.038592964824121,0.5009735630419344,0.048476557907898815
Metropolitan Police Service,2025,3,March,Robbery,2576,9054370.0,5.038592964824121,0.28450350493739485,0.02752989708349809
Metropolitan Police Service,2025,3,March,Shoplifting,6999,9054370.0,5.038592964824121,0.7729969064661595,0.07479881587243911
Metropolitan Police Service,2025,3,March,Theft from the person,8297,9054370.0,5.038592964824121,0.9163530980068187,0.08867063513268
Metropolitan Police Service,2025,3,March,Vehicle crime,7079,9054370.0,5.038592964824121,0.781832419041855,0.07565378162037384
Metropolitan Police Service,2025,3,March,Violence and sexual offences,22229,9054370.0,5.038592964824121,2.455057613064189,0.23756292013551208
Metropolitan Police Service,2025,4,April,Anti-social behaviour,19454,9054370.0,5.038592964824121,2.1485757705947512,0.20870927251075516
Metropolitan Police Service,2025,4,April,Bicycle theft,1174,9054370.0,5.038592964824121,0.12966114704833134,0.012595079979830706
Metropolitan Police Service,2025,4,April,Burglary,3629,9054370.0,5.038592964824121,0.40080093921498683,0.03893317312334381
Metropolitan Police Service,2025,4,April,Criminal damage and arson,4640,9054370.0,5.038592964824121,0.5124597293903386,0.0497795324586154
Metropolitan Police Service,2025,4,April,Drugs,4602,9054370.0,5.038592964824121,0.5082628609168832,0.04937185525313536
Metropolitan Police Service,2025,4,April,Other crime,1163,9054370.0,5.038592964824121,0.12844626406917323,0.012477068157191748
Metropolitan Police Service,2025,4,April,Other theft,8058,9054370.0,5.038592964824121,0.8899570041869285,0.08644902425679372
Metropolitan Police Service,2025,4,April,Possession of weapons,485,9054370.0,5.038592964824121,0.053565294990153924,0.005203248543626826
Metropolitan Police Service,2025,4,April,Public order,4457,9054370.0,5.038592964824121,0.49224849437343515,0.04781624486380363
Metropolitan Police Service,2025,4,April,Robbery,2598,9054370.0,5.038592964824121,0.28693327089571113,0.02787224683781957
Metropolitan Police Service,2025,4,April,Shoplifting,7000,9054370.0,5.038592964824121,0.7731073503733557,0.07509843258842841
Metropolitan Police Service,2025,4,April,Theft from the person,7573,9054370.0,5.038592964824121,0.8363917091967745,0.0812457757131669
Metropolitan Police Service,2025,4,April,Vehicle crime,6761,9054370.0,5.038592964824121,0.7467112565534654,0.07253435753290921
Metropolitan Police Service,2025,4,April,Violence and sexual offences,21617,9054370.0,5.038592964824121,2.387465941860118,0.23191468818057956
Metropolitan Police Service,2025,5,May,Anti-social behaviour,21562,9054370.0,5.038592964824121,2.3813915269643275,0.21695426875282992
Metropolitan Police Service,2025,5,May,Bicycle theft,1338,9054370.0,5.038592964824121,0.1477739478285071,0.013462796196609146
Metropolitan Police Service,2025,5,May,Burglary,3814,9054370.0,5.038592964824121,0.42123306204628264,0.0383760124767319
Metropolitan Police Service,2025,5,May,Criminal damage and arson,4827,9054370.0,5.038592964824121,0.5331127400360268,0.048568697489560796
Metropolitan Police Service,2025,5,May,Drugs,4946,9054370.0,5.038592964824121,0.5462555649923739,0.049766061276852645
Metropolitan Police Service,2025,5,May,Other crime,1054,9054370.0,5.038592964824121,0.11640787818478812,0.010605222116013483
Metropolitan Police Service,2025,5,May,Other theft,8556,9054370.0,5.038592964824121,0.944958069970633,0.08608945011822709
Metropolitan Police Service,2025,5,May,Possession of weapons,430,9054370.0,5.038592964824121,0.04749088009436327,0.004326608643155406
Metropolitan Police Service,2025,5,May,Public order,4934,9054370.0,5.038592964824121,0.5449302381060195,0.04964531871006691
Metropolitan Police Service,2025,5,May,Robbery,2748,9054370.0,5.038592964824121,0.3034998569751402,0.027650047793932687
Metropolitan Police Service,2025,5,May,Shoplifting,7813,9054370.0,5.038592964824121,0.8628982469238611,0.07861347285807717
Metropolitan Police Service,2025,5,May,Theft from the person,7008,9054370.0,5.038592964824121,0.7739909016309252,0.07051365900286763
Metropolitan Police Service,2025,5,May,Vehicle crime,7124,9054370.0,5.038592964824121,0.7868023948656836,0.07168083714846304
Metropolitan Police Service,2025,5,May,Violence and sexual offences,23231,9054370.0,5.038592964824121,2.565722408074775,0.23374754741661216
Metropolitan Police Service,2025,6,June,Anti-social behaviour,22434,9054370.0,5.038592964824121,2.477698614039409,0.22386317144482254
Metropolitan Police Service,2025,6,June,Bicycle theft,1280,9054370.0,5.038592964824121,0.1413682012111279,0.012772793948888866
Metropolitan Police Service,2025,6,June,Burglary,3618,9054370.0,5.038592964824121,0.39958605623582866,0.03610310039615619
Metropolitan Police Service,2025,6,June,Criminal damage and arson,4760,9054370.0,5.038592964824121,0.5257129982538818,0.04749882749743047
Metropolitan Police Service,2025,6,June,Drugs,4312,9054370.0,5.038592964824121,0.4762341278299871,0.04302834961531937
Metropolitan Police Service,2025,6,June,Other crime,1144,9054370.0,5.038592964824121,0.12634782983244555,0.011415684591819424
Metropolitan Police Service,2025,6,June,Other theft,8438,9054370.0,5.038592964824121,0.9319256889214822,0.08420065260994082
Metropolitan Police Service,2025,6,June,Possession of weapons,536,9054370.0,5.038592964824121,0.0591979342571598,0.005348607466097213
Metropolitan Police Service,2025,6,June,Public order,5208,9054370.0,5.038592964824121,0.5751918686777766,0.05196930537954158
Metropolitan Police Service,2025,6,June,Robbery,2749,9054370.0,5.038592964824121,0.30361030088233637,0.027431570754293356
Metropolitan Police Service,2025,6,June,Shoplifting,7531,9054370.0,5.038592964824121,0.8317530650945344,0.07514993064772035
Metropolitan Police Service,2025,6,June,Theft from the person,6966,9054370.0,5.038592964824121,0.7693522575286851,0.06951193956871862
Metropolitan Police Service,2025,6,June,Vehicle crime,6864,9054370.0,5.038592964824121,0.7580869789946733,0.06849410755091655
Metropolitan Police Service,2025,6,June,Violence and sexual offences,24373,9054370.0,5.038592964824121,2.691849350092828,0.24321195852833466
Metropolitan Police Service,2025,7,July,Anti-social behaviour,24310,9054370.0,5.038592964824121,2.6848913839394677,0.22954534724517256
Metropolitan Police Service,2025,7,July,Bicycle theft,1395,9054370.0,5.038592964824121,0.15406925053869017,0.013172182616495916
Metropolitan Police Service,2025,7,July,Burglary,3774,9054370.0,5.038592964824121,0.41681530575843484,0.03563571125064917
Metropolitan Police Service,2025,7,July,Criminal damage and arson,5119,9054370.0,5.038592964824121,0.5653623609373153,0.048335772626410464
Metropolitan Police Service,2025,7,July,Drugs,4649,9054370.0,5.038592964824121,0.5134537245551044,0.04389783296350503
Metropolitan Police Service,2025,7,July,Other crime,1202,9054370.0,5.038592964824121,0.13275357644982477,0.01134979462726028
Metropolitan Police Service,2025,7,July,Other theft,8884,9054370.0,5.038592964824121,0.9811836715309845,0.0838865020537274
Metropolitan Police Service,2025,7,July,Possession of weapons,586,9054370.0,5.038592964824121,0.06472012961696949,0.005533260941409754
Metropolitan Police Service,2025,7,July,Public order,5629,9054370.0,5.038592964824121,0.6216887536073741,0.053151409281903594
Metropolitan Police Service,2025,7,July,Robbery,2822,9054370.0,5.038592964824121,0.3116727061076585,0.02664652282706199
Metropolitan Police Service,2025,7,July,Shoplifting,7903,9054370.0,5.038592964824121,0.8728381985715186,0.07462348331051415
Metropolitan Police Service,2025,7,July,Theft from the person,6916,9054370.0,5.038592964824121,0.7638300621688754,0.06530381001841273
Metropolitan Police Service,2025,7,July,Vehicle crime,7026,9054370.0,5.038592964824121,0.7759788919604567,0.0663424767480289
Metropolitan Police Service,2025,7,July,Violence and sexual offences,25690,9054370.0,5.038592964824121,2.837303975870215,0.24257589348944808
Metropolitan Police Service,2025,8,August,Anti-social behaviour,22546,9054370.0,5.038592964824121,2.490068331645382,0.22957162785488092
Metropolitan Police Service,2025,8,August,Bicycle theft,1223,9054370.0,5.038592964824121,0.13507289850094484,0.012453033836002811
Metropolitan Police Service,2025,8,August,Burglary,3920,9054370.0,5.038592964824121,0.43294011620907913,0.03991487541874981
Metropolitan Police Service,2025,8,August,Criminal damage and arson,4738,9054370.0,5.038592964824121,0.5232832322955655,0.048244050952560354
Metropolitan Police Service,2025,8,August,Drugs,4703,9054370.0,5.038592964824121,0.5194176955436988,0.04788766813632152
Metropolitan Police Service,2025,8,August,Other crime,1117,9054370.0,5.038592964824121,0.12336584433814832,0.011373703021108045
Metropolitan Police Service,2025,8,August,Other theft,8004,9054370.0,5.038592964824121,0.8839930331983341,0.08149965889073303
Metropolitan Police Service,2025,8,August,Possession of weapons,573,9054370.0,5.038592964824121,0.06328435882341896,0.005834495820138684
Metropolitan Police Service,2025,8,August,Public order,5023,9054370.0,5.038592964824121,0.5547597458464808,0.05114602531336232
Metropolitan Police Service,2025,8,August,Robbery,2607,9054370.0,5.038592964824121,0.28792726606047686,0.026545428626704275
Metropolitan Police Service,2025,8,August,Shoplifting,8037,9054370.0,5.038592964824121,0.8876376821358085,0.08183567697461536
Metropolitan Police Service,2025,8,August,Theft from the person,6102,9054370.0,5.038592964824121,0.6739287217111738,0.062132798419696766
Metropolitan Police Service,2025,8,August,Vehicle crime,6765,9054370.0,5.038592964824121,0.7471530321822502,0.06888370719587818
Metropolitan Police Service,2025,8,August,Violence and sexual offences,22851,9054370.0,5.038592964824121,2.523753723340221,0.23267724953924793
Metropolitan Police Service,2025,9,September,Anti-social behaviour,18753,9054370.0,5.038592964824121,2.07115459165022,0.2022366491243206
Metropolitan Police Service,2025,9,September,Bicycle theft,1292,9054370.0,5.038592964824121,0.14269352809748223,0.01393322405314468
Metropolitan Police Service,2025,9,September,Burglary,3972,9054370.0,5.038592964824121,0.43868319938328126,0.042834958157190926
Metropolitan Police Service,2025,9,September,Criminal damage and arson,4505,9054370.0,5.038592964824121,0.4975498019188524,0.04858295229057027
Metropolitan Police Service,2025,9,September,Drugs,4330,9054370.0,5.038592964824121,0.47822211815951854,0.04669571219049262
Metropolitan Police Service,2025,9,September,Other crime,1025,9054370.0,5.038592964824121,0.11320500487609851,0.011053834871883357
Metropolitan Police Service,2025,9,September,Other theft,8281,9054370.0,5.038592964824121,0.9145859954916797,0.08930420153567423
Metropolitan Police Service,2025,9,September,Possession of weapons,505,9054370.0,5.038592964824121,0.0557741731340778,0.005446035717366923
Metropolitan Police Service,2025,9,September,Public order,4853,9054370.0,5.038592964824121,0.5359842816231278,0.052335864032438964
Metropolitan Police Service,2025,9,September,Robbery,2503,9054370.0,5.038592964824121,0.27644109971207276,0.026992925545681994
Metropolitan Police Service,2025,9,September,Shoplifting,7297,9054370.0,5.038592964824121,0.8059091908106252,0.07869252005866621
Metropolitan Police Service,2025,9,September,Theft from the person,5873,9054370.0,5.038592964824121,0.6486370669632454,0.06333577775860581
Metropolitan Police Service,2025,9,September,Vehicle crime,7254,9054370.0,5.038592964824121,0.8011601028011888,0.07822879820550427
Metropolitan Police Service,2025,9,September,Violence and sexual offences,22285,9054370.0,5.038592964824121,2.461242471867176,0.24032654645845916
Metropolitan Police Service,2025,10,October,Anti-social behaviour,20793,9054370.0,5.038592964824121,2.2964601623304546,0.2122146130372215
Metropolitan Police Service,2025,10,October,Bicycle theft,1404,9054370.0,5.038592964824121,0.1550632457034559,0.014329308743531909
Metropolitan Police Service,2025,10,October,Burglary,4249,9054370.0,5.038592964824121,0.4692761616766269,0.04336555046386544
Metropolitan Police Service,2025,10,October,Criminal damage and arson,4659,9054370.0,5.038592964824121,0.5145581636270662,0.04755003521090824
Metropolitan Police Service,2025,10,October,Drugs,4537,9054370.0,5.038592964824121,0.5010840069491307,0.04630489584715404
Metropolitan Police Service,2025,10,October,Other crime,1097,9054370.0,5.038592964824121,0.12115696619422445,0.011196048213429134
Metropolitan Police Service,2025,10,October,Other theft,8803,9054370.0,5.038592964824121,0.9722377150480929,0.08984394933711638
Metropolitan Police Service,2025,10,October,Possession of weapons,478,9054370.0,5.038592964824121,0.05279218763978057,0.00487849685143038
Metropolitan Police Service,2025,10,October,Public order,4884,9054370.0,5.038592964824121,0.5394080427462098,0.04984639879160245
Metropolitan Police Service,2025,10,October,Robbery,2570,9054370.0,5.038592964824121,0.28384084149421773,0.02622957512170727
Metropolitan Police Service,2025,10,October,Shoplifting,7166,9054370.0,5.038592964824121,0.7914410389679237,0.07313662853002113
Metropolitan Police Service,2025,10,October,Theft from the person,6327,9054370.0,5.038592964824121,0.6987786008303173,0.06457374388912136
Metropolitan Police Service,2025,10,October,Vehicle crime,7424,9054370.0,5.038592964824121,0.8199355670245417,0.0757697921025505
Metropolitan Police Service,2025,10,October,Violence and sexual offences,23590,9054370.0,5.038592964824121,2.6053717707582087,0.24076096386034027
Metropolitan Police Service,2025,11,November,Anti-social behaviour,18152,9054370.0,5.038592964824121,2.0047778034253074,0.19374533034475397
Metropolitan Police Service,2025,11,November,Bicycle theft,1157,9054370.0,5.038592964824121,0.12778360062599606,0.012349236844914077
Metropolitan Police Service,2025,11,November,Burglary,4391,9054370.0,5.038592964824121,0.48495919649848634,0.04686732842352439
Metropolitan Police Service,2025,11,November,Criminal damage and arson,4435,9054370.0,5.038592964824121,0.48981872841511886,0.0473369623225531
Metropolitan Police Service,2025,11,November,Drugs,4359,9054370.0,5.038592964824121,0.48142499146820816,0.046525776496958056
Metropolitan Police Service,2025,11,November,Other crime,1022,9054370.0,5.038592964824121,0.11287367315450991,0.010908314654712349
Metropolitan Police Service,2025,11,November,Other theft,8618,9054370.0,5.038592964824121,0.951805592216797,0.0919842032233963
Metropolitan Police Service,2025,11,November,Possession of weapons,518,9054370.0,5.038592964824121,0.057209943927628314,0.00552887181129256
Metropolitan Police Service,2025,11,November,Public order,4430,9054370.0,5.038592964824121,0.489266508879138,0.04728359483402711
Metropolitan Police Service,2025,11,November,Robbery,2695,9054370.0,5.038592964824121,0.2976463298937419,0.028765076315508592
Metropolitan Police Service,2025,11,November,Shoplifting,6761,9054370.0,5.038592964824121,0.7467112565534654,0.07216351798484363
Metropolitan Police Service,2025,11,November,Theft from the person,7492,9054370.0,5.038592964824121,0.8274457527138829,0.07996584480734337
Metropolitan Police Service,2025,11,November,Vehicle crime,7126,9054370.0,5.038592964824121,0.787023282680076,0.0760593446472409
Metropolitan Police Service,2025,11,November,Violence and sexual offences,22534,9054370.0,5.038592964824121,2.488743004759028,0.24051659728893157
Metropolitan Police Service,2025,12,December,Anti-social behaviour,16704,9054370.0,5.038592964824121,1.844855025805219,0.18478284917807916
Metropolitan Police Service,2025,12,December,Bicycle theft,867,9054370.0,5.038592964824121,0.0957548675390999,0.009590920153100733
Metropolitan Police Service,2025,12,December,Burglary,4163,9054370.0,5.038592964824121,0.45977798565775424,0.046051903803181485
Metropolitan Police Service,2025,12,December,Criminal damage and arson,4221,9054370.0,5.038592964824121,0.46618373227513343,0.04669351091838315
Metropolitan Police Service,2025,12,December,Drugs,4182,9054370.0,5.038592964824121,0.46187641989448186,0.04626208544436824
Metropolitan Police Service,2025,12,December,Other crime,973,9054370.0,5.038592964824121,0.10746192170189643,0.01076351246708998
Metropolitan Police Service,2025,12,December,Other theft,9209,9054370.0,5.038592964824121,1.0170779413697475,0.10187172282572624
Metropolitan Police Service,2025,12,December,Possession of weapons,498,9054370.0,5.038592964824121,0.05500106578370444,0.005508971437421182
Metropolitan Police Service,2025,12,December,Public order,4269,9054370.0,5.038592964824121,0.47148503982055073,0.047224496117170736
Metropolitan Police Service,2025,12,December,Robbery,2553,9054370.0,5.038592964824121,0.28196329507188245,0.028241775260514614
Metropolitan Police Service,2025,12,December,Shoplifting,6712,9054370.0,5.038592964824121,0.7412995051008519,0.07424943029713046
Metropolitan Police Service,2025,12,December,Theft from the person,7313,9054370.0,5.038592964824121,0.8076762933257643,0.08089780747361668
Metropolitan Police Service,2025,12,December,Vehicle crime,6407,9054370.0,5.038592964824121,0.7076141134060128,0.07087546184650102
Metropolitan Police Service,2025,12,December,Violence and sexual offences,22327,9054370.0,5.038592964824121,2.465881115969416,0.24698555277771633
Metropolitan Police Service,2026,1,January,Anti-social behaviour,16284,9054370.0,5.038592964824121,1.7984685847828175,0.18888321811348768
Metropolitan Police Service,2026,1,January,Bicycle theft,844,9054370.0,5.038592964824121,0.09321465767358744,0.009789820442629797
Metropolitan Police Service,2026,1,January,Burglary,4255,9054370.0,5.038592964824121,0.469938825119804,0.04935507817937178
Metropolitan Police Service,2026,1,January,Criminal damage and arson,4222,9054370.0,5.038592964824121,0.46629417618232966,0.04897230083979028
Metropolitan Police Service,2026,1,January,Drugs,4227,9054370.0,5.038592964824121,0.4668463957183106,0.049030297406393544
Metropolitan Police Service,2026,1,January,Other crime,1050,9054370.0,5.038592964824121,0.11596610255600334,0.012179278986683988
Metropolitan Police Service,2026,1,January,Other theft,7505,9054370.0,5.038592964824121,0.8288815235074334,0.08705284647148889
Metropolitan Police Service,2026,1,January,Possession of weapons,525,9054370.0,5.038592964824121,0.05798305127800167,0.006089639493341994
Metropolitan Police Service,2026,1,January,Public order,4007,9054370.0,5.038592964824121,0.442548736135148,0.04647844847585023
Metropolitan Police Service,2026,1,January,Robbery,2425,9054370.0,5.038592964824121,0.2678264749507696,0.028128334802579688
Metropolitan Police Service,2026,1,January,Shoplifting,6457,9054370.0,5.038592964824121,0.7131363087658225,0.0748967661114462
Metropolitan Police Service,2026,1,January,Theft from the person,5825,9054370.0,5.038592964824121,0.6433357594178281,0.06756600009279451
Metropolitan Police Service,2026,1,January,Vehicle crime,6621,9054370.0,5.038592964824121,0.7312491095459982,0.07679905349603304
Metropolitan Police Service,2026,1,January,Violence and sexual offences,21965,9054370.0,5.038592964824121,2.4259004215643936,0.2547789170881084
Metropolitan Police Service,2026,2,February,Anti-social behaviour,16316,9054370.0,5.038592964824121,1.802002789813096,0.1939702315849541
Metropolitan Police Service,2026,2,February,Bicycle theft,806,9054370.0,5.038592964824121,0.08901778920013209,0.009582005801512198
Metropolitan Police Service,2026,2,February,Burglary,3975,9054370.0,5.038592964824121,0.4390145311048698,0.04725617005088212
Metropolitan Police Service,2026,2,February,Criminal damage and arson,3978,9054370.0,5.038592964824121,0.4393458628264584,0.04729183508488278
Metropolitan Police Service,2026,2,February,Drugs,3515,9054370.0,5.038592964824121,0.3882103337946207,0.041787531504113365
Metropolitan Police Service,2026,2,February,Other crime,1117,9054370.0,5.038592964824121,0.12336584433814832,0.013279280992914547
Metropolitan Police Service,2026,2,February,Other theft,7214,9054370.0,5.038592964824121,0.7967423465133411,0.08576251842693423
Metropolitan Police Service,2026,2,February,Possession of weapons,530,9054370.0,5.038592964824121,0.058535270813982646,0.006300822673450949
Metropolitan Police Service,2026,2,February,Public order,3957,9054370.0,5.038592964824121,0.4370265407753383,0.04704217984687812
Metropolitan Police Service,2026,2,February,Robbery,2271,9054370.0,5.038592964824121,0.25081811324255576,0.02699843073850397
Metropolitan Police Service,2026,2,February,Shoplifting,6865,9054370.0,5.038592964824121,0.7581974229018695,0.08161348613819012
Metropolitan Police Service,2026,2,February,Theft from the person,5924,9054370.0,5.038592964824121,0.6542697062302513,0.07042655380664796
Metropolitan Police Service,2026,2,February,Vehicle crime,6244,9054370.0,5.038592964824121,0.6896117565330332,0.07423082410005231
Metropolitan Police Service,2026,2,February,Violence and sexual offences,21404,9054370.0,5.038592964824121,2.363941389627329,0.2544581292500832
Metropolitan Police Service,2026,3,March,Anti-social behaviour,18664,9054370.0,5.038592964824121,2.0613250839097588,0.20252395368772855
Metropolitan Police Service,2026,3,March,Bicycle theft,1012,9054370.0,5.038592964824121,0.11176923408254799,0.010981260240676237
Metropolitan Police Service,2026,3,March,Burglary,3824,9054370.0,5.038592964824121,0.4223375011182446,0.04149440628492681
Metropolitan Police Service,2026,3,March,Criminal damage and arson,4405,9054370.0,5.038592964824121,0.4865054111992331,0.04779886498041386
Metropolitan Police Service,2026,3,March,Drugs,3662,9054370.0,5.038592964824121,0.4044455881524612,0.03973653656260512
Metropolitan Police Service,2026,3,March,Other crime,1204,9054370.0,5.038592964824121,0.13297446426421716,0.0130646613930575
Metropolitan Police Service,2026,3,March,Other theft,7708,9054370.0,5.038592964824121,0.8513016366682608,0.08363987542997277
Metropolitan Police Service,2026,3,March,Possession of weapons,615,9054370.0,5.038592964824121,0.0679230029256591,0.0066733943162212315
Metropolitan Police Service,2026,3,March,Public order,4723,9054370.0,5.038592964824121,0.5216265736876227,0.05124949813904532
Metropolitan Police Service,2026,3,March,Robbery,2551,9054370.0,5.038592964824121,0.28174240725749,0.027681022602732294
Metropolitan Police Service,2026,3,March,Shoplifting,7641,9054370.0,5.038592964824121,0.8439018948861157,0.08291285523617305
Metropolitan Police Service,2026,3,March,Theft from the person,6220,9054370.0,5.038592964824121,0.6869611027603246,0.06749351649901798
Metropolitan Police Service,2026,3,March,Vehicle crime,6775,9054370.0,5.038592964824121,0.748257471254212,0.07351584795512006
Metropolitan Police Service,2026,3,March,Violence and sexual offences,23153,9054370.0,5.038592964824121,2.5571077833134717,0.2512343066723092
Metropolitan Police Service,2026,4,April,Anti-social behaviour,19506,9054370.0,5.038592964824121,2.1543188537689537,0.21453317642400713
Metropolitan Police Service,2026,4,April,Bicycle theft,1122,9054370.0,5.038592964824121,0.12391806387412928,0.01234011196286968
Metropolitan Police Service,2026,4,April,Burglary,3498,9054370.0,5.038592964824121,0.3863327873722854,0.038472113766593714
Metropolitan Police Service,2026,4,April,Criminal damage and arson,4322,9054370.0,5.038592964824121,0.477338566901949,0.04753472718674043
Metropolitan Police Service,2026,4,April,Drugs,3592,9054370.0,5.038592964824121,0.39671451464872765,0.03950595558879491
Metropolitan Police Service,2026,4,April,Other crime,1160,9054370.0,5.038592964824121,0.12811493234758464,0.012758048018653146
Metropolitan Police Service,2026,4,April,Other theft,7278,9054370.0,5.038592964824121,0.8038107565738974,0.08004575299979103
Metropolitan Police Service,2026,4,April,Possession of weapons,671,9054370.0,5.038592964824121,0.07410786172864595,0.007379870879755397
Metropolitan Police Service,2026,4,April,Public order,4622,9054370.0,5.038592964824121,0.5104717390608071,0.05083422236397831
Metropolitan Police Service,2026,4,April,Robbery,2414,9054370.0,5.038592964824121,0.2666115919716115,0.026549937859507496
Metropolitan Police Service,2026,4,April,Shoplifting,8124,9054370.0,5.038592964824121,0.8972463020618774,0.08935032939960186
Metropolitan Police Service,2026,4,April,Theft from the person,5771,9054370.0,5.038592964824121,0.6373717884292337,0.0634712888927994
Metropolitan Police Service,2026,4,April,Vehicle crime,6597,9054370.0,5.038592964824121,0.7285984557732895,0.07255589894746103
Metropolitan Police Service,2026,4,April,Violence and sexual offences,22246,9054370.0,5.038592964824121,2.456935159486524,0.24466856570944645
Metropolitan Police Service,2026,5,May,Anti-social behaviour,23030,9054370.0,5.038592964824121,2.54352318272834,0.23822577141497625
Metropolitan Police Service,2026,5,May,Bicycle theft,1367,9054370.0,5.038592964824121,0.15097682113719674,0.014140452866881136
Metropolitan Police Service,2026,5,May,Burglary,3528,9054370.0,5.038592964824121,0.3896461045881712,0.03649416072740062
Metropolitan Police Service,2026,5,May,Criminal damage and arson,221,9054370.0,5.038592964824121,0.0244081034903588,0.0022860571203955605
Metropolitan Police Service,2026,5,May,Drugs,3418,9054370.0,5.038592964824121,0.3774972747965899,0.03535630424213586
Metropolitan Police Service,2026,5,May,Other crime,1149,9054370.0,5.038592964824121,0.12690004936842653,0.011885428196083705
Metropolitan Police Service,2026,5,May,Other theft,8058,9054370.0,5.038592964824121,0.8899570041869285,0.08335315962057659
Metropolitan Police Service,2026,5,May,Possession of weapons,659,9054370.0,5.038592964824121,0.07278253484229162,0.006816794761722508
Metropolitan Police Service,2026,5,May,Public order,5340,9054370.0,5.038592964824121,0.5897704644276741,0.055237760284671006
Metropolitan Police Service,2026,5,May,Robbery,2787,9054370.0,5.038592964824121,0.3078071693557917,0.028829145676662563
Metropolitan Police Service,2026,5,May,Shoplifting,8926,9054370.0,5.038592964824121,0.9858223156332245,0.09233188170430214
Metropolitan Police Service,2026,5,May,Theft from the person,5656,9054370.0,5.038592964824121,0.6246707391016714,0.05850651164234067
Metropolitan Police Service,2026,5,May,Vehicle crime,6989,9054370.0,5.038592964824121,0.7718924673941975,0.07229526341377635
Metropolitan Police Service,2026,5,May,Violence and sexual offences,25545,9054370.0,5.038592964824121,2.8212896093267674,0.2642413083280751
Northumbria Police,2023,6,June,Anti-social behaviour,4215,1509809.0,4.644012944983818,2.7917438563420935,0.24537198742577715
Northumbria Police,2023,6,June,Bicycle theft,141,1509809.0,4.644012944983818,0.0933892962619775,0.008208173244848061
Northumbria Police,2023,6,June,Burglary,487,1509809.0,4.644012944983818,0.3225573565927876,0.028350215391780183
Northumbria Police,2023,6,June,Criminal damage and arson,1578,1509809.0,4.644012944983818,1.0451653156127696,0.09186168354872512
Northumbria Police,2023,6,June,Drugs,256,1509809.0,4.644012944983818,0.16955787122742016,0.014902782628943997
Northumbria Police,2023,6,June,Other crime,324,1509809.0,4.644012944983818,0.21459668077220365,0.018861334264757248
Northumbria Police,2023,6,June,Other theft,1098,1509809.0,4.644012944983818,0.7272443070613568,0.06391896611945512
Northumbria Police,2023,6,June,Possession of weapons,127,1509809.0,4.644012944983818,0.08411660017922797,0.007393177319827687
Northumbria Police,2023,6,June,Public order,1424,1509809.0,4.644012944983818,0.9431656587025247,0.08289672837350098
Northumbria Police,2023,6,June,Robbery,115,1509809.0,4.644012944983818,0.07616857496544266,0.006694609384095936
Northumbria Police,2023,6,June,Shoplifting,1230,1509809.0,4.644012944983818,0.8146725844129953,0.07160321341250436
Northumbria Police,2023,6,June,Theft from the person,122,1509809.0,4.644012944983818,0.08080492300681741,0.007102107346606124
Northumbria Police,2023,6,June,Vehicle crime,634,1509809.0,4.644012944983818,0.41992066546165774,0.03690767260449412
Northumbria Police,2023,6,June,Violence and sexual offences,5427,1509809.0,4.644012944983818,3.594494402934411,0.3159273489346839
Northumbria Police,2023,7,July,Anti-social behaviour,4054,1509809.0,4.644012944983818,2.6851078513904736,0.25117719950433703
Northumbria Police,2023,7,July,Bicycle theft,122,1509809.0,4.644012944983818,0.08080492300681741,0.007558859975216853
Northumbria Police,2023,7,July,Burglary,544,1509809.0,4.644012944983818,0.36031047635826785,0.03370508054522924
Northumbria Police,2023,7,July,Criminal damage and arson,1485,1509809.0,4.644012944983818,0.9835681202059333,0.09200743494423792
Northumbria Police,2023,7,July,Drugs,303,1509809.0,4.644012944983818,0.20068763664807932,0.018773234200743494
Northumbria Police,2023,7,July,Other crime,270,1509809.0,4.644012944983818,0.1788305673101697,0.016728624535315983
Northumbria Police,2023,7,July,Other theft,957,1509809.0,4.644012944983818,0.6338550107993793,0.05929368029739777
Northumbria Police,2023,7,July,Possession of weapons,117,1509809.0,4.644012944983818,0.07749324583440687,0.00724907063197026
Northumbria Police,2023,7,July,Public order,1115,1509809.0,4.644012944983818,0.7385040094475526,0.06908302354399008
Northumbria Police,2023,7,July,Robbery,89,1509809.0,4.644012944983818,0.05894785366890779,0.0055142503097893435
Northumbria Police,2023,7,July,Shoplifting,1357,1509809.0,4.644012944983818,0.8987891845922232,0.08407682775712516
Northumbria Police,2023,7,July,Theft from the person,89,1509809.0,4.644012944983818,0.05894785366890779,0.0055142503097893435
Northumbria Police,2023,7,July,Vehicle crime,703,1509809.0,4.644012944983818,0.4656218104409233,0.04355638166047088
Northumbria Police,2023,7,July,Violence and sexual offences,4935,1509809.0,4.644012944983818,3.2686253691692126,0.30576208178438663
Northumbria Police,2023,8,August,Anti-social behaviour,4238,1509809.0,4.644012944983818,2.806977571335182,0.24756118932180618
Northumbria Police,2023,8,August,Bicycle theft,96,1509809.0,4.644012944983818,0.06358420171028256,0.00560780419417022
Northumbria Police,2023,8,August,Burglary,599,1509809.0,4.644012944983818,0.3967389252547839,0.03499036158654127
Northumbria Police,2023,8,August,Criminal damage and arson,1641,1509809.0,4.644012944983818,1.0868924479851425,0.0958584029440972
Northumbria Police,2023,8,August,Drugs,298,1509809.0,4.644012944983818,0.19737595947566877,0.017407558852736725
Northumbria Police,2023,8,August,Other crime,301,1509809.0,4.644012944983818,0.19936296577911508,0.017582802733804543
Northumbria Police,2023,8,August,Other theft,1136,1509809.0,4.644012944983818,0.752413053571677,0.06635901629768094
Northumbria Police,2023,8,August,Possession of weapons,145,1509809.0,4.644012944983818,0.09603863799990595,0.008470120918277937
Northumbria Police,2023,8,August,Public order,1192,1509809.0,4.644012944983818,0.7895038379026751,0.0696302354109469
Northumbria Police,2023,8,August,Robbery,111,1509809.0,4.644012944983818,0.0735192332275142,0.006484023599509317
Northumbria Police,2023,8,August,Shoplifting,1414,1509809.0,4.644012944983818,0.9365423043577035,0.08259828260996553
Northumbria Police,2023,8,August,Theft from the person,102,1509809.0,4.644012944983818,0.06755821431717522,0.005958291956305859
Northumbria Police,2023,8,August,Vehicle crime,843,1509809.0,4.644012944983818,0.5583487712684186,0.049243530580057246
Northumbria Police,2023,8,August,Violence and sexual offences,5003,1509809.0,4.644012944983818,3.313664178713996,0.2922483789941001
Northumbria Police,2023,9,September,Anti-social behaviour,4089,1509809.0,4.644012944983818,2.7082895915973477,0.24638467100506145
Northumbria Police,2023,9,September,Bicycle theft,122,1509809.0,4.644012944983818,0.08080492300681741,0.00735116895637503
Northumbria Police,2023,9,September,Burglary,451,1509809.0,4.644012944983818,0.29871328095143157,0.02717522294528802
Northumbria Police,2023,9,September,Criminal damage and arson,1546,1509809.0,4.644012944983818,1.023970581709342,0.09315497710291637
Northumbria Police,2023,9,September,Drugs,327,1509809.0,4.644012944983818,0.21658368707564996,0.01970354302241504
Northumbria Police,2023,9,September,Other crime,306,1509809.0,4.644012944983818,0.20267464295152568,0.01843817787418655
Northumbria Police,2023,9,September,Other theft,1009,1509809.0,4.644012944983818,0.668296453392449,0.060797782598216436
Northumbria Police,2023,9,September,Possession of weapons,129,1509809.0,4.644012944983818,0.08544127104819219,0.00777295733911786
Northumbria Police,2023,9,September,Public order,1192,1509809.0,4.644012944983818,0.7895038379026751,0.07182453603277898
Northumbria Police,2023,9,September,Robbery,98,1509809.0,4.644012944983818,0.06490887257924678,0.005905037358399614
Northumbria Police,2023,9,September,Shoplifting,1331,1509809.0,4.644012944983818,0.8815684632956884,0.0802000482043866
Northumbria Police,2023,9,September,Theft from the person,98,1509809.0,4.644012944983818,0.06490887257924678,0.005905037358399614
Northumbria Police,2023,9,September,Vehicle crime,825,1509809.0,4.644012944983818,0.5464267334477407,0.04971077368040492
Northumbria Police,2023,9,September,Violence and sexual offences,5073,1509809.0,4.644012944983818,3.360027659127744,0.3056760665220535
Northumbria Police,2023,10,October,Anti-social behaviour,3814,1509809.0,4.644012944983818,2.5261473471147675,0.2340451644575356
Northumbria Police,2023,10,October,Bicycle theft,164,1509809.0,4.644012944983818,0.10862301125506603,0.010063819342169858
Northumbria Police,2023,10,October,Burglary,478,1509809.0,4.644012944983818,0.31659633768244855,0.02933235149729995
Northumbria Police,2023,10,October,Criminal damage and arson,1581,1509809.0,4.644012944983818,1.047152321916216,0.09701767304860089
Northumbria Police,2023,10,October,Drugs,295,1509809.0,4.644012944983818,0.19538895317222243,0.018102601865488465
Northumbria Police,2023,10,October,Other crime,335,1509809.0,4.644012944983818,0.22188237055150684,0.020557191948944526
Northumbria Police,2023,10,October,Other theft,983,1509809.0,4.644012944983818,0.6510757320959142,0.060321551300932745
Northumbria Police,2023,10,October,Possession of weapons,125,1509809.0,4.644012944983818,0.08279192931026375,0.007670594010800196
Northumbria Police,2023,10,October,Public order,1113,1509809.0,4.644012944983818,0.7371793385785884,0.06829896907216494
Northumbria Police,2023,10,October,Robbery,115,1509809.0,4.644012944983818,0.07616857496544266,0.007056946489936181
Northumbria Police,2023,10,October,Shoplifting,1258,1509809.0,4.644012944983818,0.8332179765784943,0.07719685812469318
Northumbria Police,2023,10,October,Theft from the person,138,1509809.0,4.644012944983818,0.09140228995853117,0.008468335787923416
Northumbria Police,2023,10,October,Vehicle crime,883,1509809.0,4.644012944983818,0.5848421886477032,0.05418507609229259
Northumbria Police,2023,10,October,Violence and sexual offences,5014,1509809.0,4.644012944983818,3.3209498684932997,0.3076828669612175
Northumbria Police,2023,11,November,Anti-social behaviour,3006,1509809.0,4.644012944983818,1.9909803160532225,0.2041980843692684
Northumbria Police,2023,11,November,Bicycle theft,177,1509809.0,4.644012944983818,0.11723337190333347,0.012023639698390055
Northumbria Police,2023,11,November,Burglary,456,1509809.0,4.644012944983818,0.30202495812384217,0.030976156511106582
Northumbria Police,2023,11,November,Criminal damage and arson,1425,1509809.0,4.644012944983818,0.9438279941370067,0.09680048909720806
Northumbria Police,2023,11,November,Drugs,278,1509809.0,4.644012944983818,0.18412925078602657,0.01888458664492901
Northumbria Police,2023,11,November,Other crime,284,1509809.0,4.644012944983818,0.18810326339291925,0.0192921676516541
Northumbria Police,2023,11,November,Other theft,969,1509809.0,4.644012944983818,0.6418030360131646,0.06582433258610149
Northumbria Police,2023,11,November,Possession of weapons,127,1509809.0,4.644012944983818,0.08411660017922797,0.008627131309014333
Northumbria Police,2023,11,November,Public order,1036,1509809.0,4.644012944983818,0.6861795101234659,0.07037565382786495
Northumbria Police,2023,11,November,Robbery,97,1509809.0,4.644012944983818,0.06424653714476466,0.0065892262753889
Northumbria Police,2023,11,November,Shoplifting,1252,1509809.0,4.644012944983818,0.8292439639716017,0.08504857006996808
Northumbria Police,2023,11,November,Theft from the person,104,1509809.0,4.644012944983818,0.06888288518613944,0.007064737449901501
Northumbria Police,2023,11,November,Vehicle crime,792,1509809.0,4.644012944983818,0.5245696641098312,0.05380069288771143
Northumbria Police,2023,11,November,Violence and sexual offences,4718,1509809.0,4.644012944983818,3.124898579886595,0.3204945316214931
Northumbria Police,2023,12,December,Anti-social behaviour,2605,1509809.0,4.644012944983818,1.7253838068258964,0.19412772933899694
Northumbria Police,2023,12,December,Bicycle theft,99,1509809.0,4.644012944983818,0.0655712080137289,0.007377598926894702
Northumbria Police,2023,12,December,Burglary,467,1509809.0,4.644012944983818,0.3093106479031454,0.0348014009985841
Northumbria Police,2023,12,December,Criminal damage and arson,1253,1509809.0,4.644012944983818,0.8299062994060838,0.09337506520605113
Northumbria Police,2023,12,December,Drugs,255,1509809.0,4.644012944983818,0.16889553579293806,0.019002906326849988
Northumbria Police,2023,12,December,Other crime,237,1509809.0,4.644012944983818,0.15697349797226007,0.017661524703778225
Northumbria Police,2023,12,December,Other theft,862,1509809.0,4.644012944983818,0.5709331445235788,0.06423727550488113
Northumbria Police,2023,12,December,Possession of weapons,110,1509809.0,4.644012944983818,0.0728568977930321,0.008197332140994112
Northumbria Police,2023,12,December,Public order,870,1509809.0,4.644012944983818,0.5762318279994357,0.06483344511513525
Northumbria Police,2023,12,December,Robbery,82,1509809.0,4.644012944983818,0.054311505627533015,0.006110738505104702
Northumbria Police,2023,12,December,Shoplifting,1074,1509809.0,4.644012944983818,0.7113482566337862,0.08003577017661524
Northumbria Police,2023,12,December,Theft from the person,108,1509809.0,4.644012944983818,0.07153222692406788,0.008048289738430584
Northumbria Police,2023,12,December,Vehicle crime,650,1509809.0,4.644012944983818,0.4305180324133715,0.04843878083314703
Northumbria Police,2023,12,December,Violence and sexual offences,4747,1509809.0,4.644012944983818,3.144106307486576,0.35375214248453685
Northumbria Police,2024,1,January,Anti-social behaviour,2517,1509809.0,4.644012944983818,1.667098288591471,0.1815231501514496
Northumbria Police,2024,1,January,Bicycle theft,108,1509809.0,4.644012944983818,0.07153222692406788,0.007788836001730853
Northumbria Police,2024,1,January,Burglary,490,1509809.0,4.644012944983818,0.3245443628962339,0.03533823741526035
Northumbria Police,2024,1,January,Criminal damage and arson,1323,1509809.0,4.644012944983818,0.8762697798198315,0.09541324102120294
Northumbria Police,2024,1,January,Drugs,328,1509809.0,4.644012944983818,0.21724602251013206,0.02365498341266407
Northumbria Police,2024,1,January,Other crime,293,1509809.0,4.644012944983818,0.19406428230325823,0.02113082359728833
Northumbria Police,2024,1,January,Other theft,908,1509809.0,4.644012944983818,0.6014005745097558,0.06548391749603347
Northumbria Police,2024,1,January,Possession of weapons,112,1509809.0,4.644012944983818,0.07418156866199632,0.008077311409202365
Northumbria Police,2024,1,January,Public order,920,1509809.0,4.644012944983818,0.6093485997235413,0.066349343718448
Northumbria Police,2024,1,January,Robbery,111,1509809.0,4.644012944983818,0.0735192332275142,0.008005192557334487
Northumbria Police,2024,1,January,Shoplifting,1269,1509809.0,4.644012944983818,0.8405036663577975,0.09151882302033752
Northumbria Police,2024,1,January,Theft from the person,124,1509809.0,4.644012944983818,0.08212959387578164,0.008942737631616904
Northumbria Police,2024,1,January,Vehicle crime,618,1509809.0,4.644012944983818,0.409323298509944,0.044569450454348764
Northumbria Police,2024,1,January,Violence and sexual offences,4745,1509809.0,4.644012944983818,3.142781636617612,0.34220395211308235
Northumbria Police,2024,2,February,Anti-social behaviour,2731,1509809.0,4.644012944983818,1.8088380715706422,0.1972410804564495
Northumbria Police,2024,2,February,Bicycle theft,122,1509809.0,4.644012944983818,0.08080492300681741,0.008811209013433482
Northumbria Police,2024,2,February,Burglary,448,1509809.0,4.644012944983818,0.2967262746479853,0.032355915065722954
Northumbria Police,2024,2,February,Criminal damage and arson,1357,1509809.0,4.644012944983818,0.8987891845922232,0.09800664451827243
Northumbria Police,2024,2,February,Drugs,320,1509809.0,4.644012944983818,0.21194733903427518,0.023111367904087823
Northumbria Police,2024,2,February,Other crime,296,1509809.0,4.644012944983818,0.19605128860670454,0.021378015311281237
Northumbria Police,2024,2,February,Other theft,899,1509809.0,4.644012944983818,0.5954395555994169,0.06492849920554673
Northumbria Police,2024,2,February,Possession of weapons,116,1509809.0,4.644012944983818,0.07683091039992475,0.008377870865231837
Northumbria Police,2024,2,February,Public order,959,1509809.0,4.644012944983818,0.6351796816683435,0.0692618806875632
Northumbria Police,2024,2,February,Robbery,115,1509809.0,4.644012944983818,0.07616857496544266,0.008305647840531562
Northumbria Police,2024,2,February,Shoplifting,1159,1509809.0,4.644012944983818,0.7676467685647655,0.08370648562761808
Northumbria Police,2024,2,February,Theft from the person,69,1509809.0,4.644012944983818,0.045701144979265584,0.0049833887043189366
Northumbria Police,2024,2,February,Vehicle crime,537,1509809.0,4.644012944983818,0.3556741283168931,0.03878376426404738
Northumbria Police,2024,2,February,Violence and sexual offences,4718,1509809.0,4.644012944983818,3.124898579886595,0.34074823053589487
Northumbria Police,2024,3,March,Anti-social behaviour,3027,1509809.0,4.644012944983818,2.004889360177347,0.2004635761589404
Northumbria Police,2024,3,March,Bicycle theft,79,1509809.0,4.644012944983818,0.05232449932408669,0.005231788079470199
Northumbria Police,2024,3,March,Burglary,532,1509809.0,4.644012944983818,0.3523624511444825,0.0352317880794702
Northumbria Police,2024,3,March,Criminal damage and arson,1450,1509809.0,4.644012944983818,0.9603863799990595,0.09602649006622517
Northumbria Police,2024,3,March,Drugs,366,1509809.0,4.644012944983818,0.24241476902045225,0.02423841059602649
Northumbria Police,2024,3,March,Other crime,356,1509809.0,4.644012944983818,0.23579141467563117,0.02357615894039735
Northumbria Police,2024,3,March,Other theft,910,1509809.0,4.644012944983818,0.6027252453787201,0.06026490066225165
Northumbria Police,2024,3,March,Possession of weapons,144,1509809.0,4.644012944983818,0.09537630256542384,0.009536423841059603
Northumbria Police,2024,3,March,Public order,1053,1509809.0,4.644012944983818,0.6974392125096618,0.06973509933774834
Northumbria Police,2024,3,March,Robbery,98,1509809.0,4.644012944983818,0.06490887257924678,0.006490066225165563
Northumbria Police,2024,3,March,Shoplifting,1405,1509809.0,4.644012944983818,0.9305812854473645,0.09304635761589404
Northumbria Police,2024,3,March,Theft from the person,105,1509809.0,4.644012944983818,0.06954522062062155,0.00695364238410596
Northumbria Police,2024,3,March,Vehicle crime,628,1509809.0,4.644012944983818,0.41594665285476506,0.041589403973509936
Northumbria Police,2024,3,March,Violence and sexual offences,4947,1509809.0,4.644012944983818,3.276573394382998,0.3276158940397351
Northumbria Police,2024,4,April,Anti-social behaviour,3077,1509809.0,4.644012944983818,2.0380061319014526,0.21147766323024056
Northumbria Police,2024,4,April,Bicycle theft,78,1509809.0,4.644012944983818,0.05166216388960458,0.0053608247422680414
Northumbria Police,2024,4,April,Burglary,511,1509809.0,4.644012944983818,0.3384534070203582,0.035120274914089346
Northumbria Police,2024,4,April,Criminal damage and arson,1336,1509809.0,4.644012944983818,0.8848801404680989,0.0918213058419244
Northumbria Police,2024,4,April,Drugs,351,1509809.0,4.644012944983818,0.23247973750322062,0.024123711340206185
Northumbria Police,2024,4,April,Other crime,315,1509809.0,4.644012944983818,0.20863566186186464,0.021649484536082474
Northumbria Police,2024,4,April,Other theft,946,1509809.0,4.644012944983818,0.6265693210200761,0.06501718213058419
Northumbria Police,2024,4,April,Possession of weapons,133,1509809.0,4.644012944983818,0.08809061278612063,0.009140893470790378
Northumbria Police,2024,4,April,Public order,1061,1509809.0,4.644012944983818,0.7027378959855187,0.07292096219931271
Northumbria Police,2024,4,April,Robbery,86,1509809.0,4.644012944983818,0.05696084736546146,0.0059106529209621995
Northumbria Police,2024,4,April,Shoplifting,1448,1509809.0,4.644012944983818,0.9590617091300953,0.09951890034364261
Northumbria Police,2024,4,April,Theft from the person,60,1509809.0,4.644012944983818,0.0397401260689266,0.004123711340206186
Northumbria Police,2024,4,April,Vehicle crime,666,1509809.0,4.644012944983818,0.4411153993650852,0.04577319587628866
Northumbria Police,2024,4,April,Violence and sexual offences,4482,1509809.0,4.644012944983818,2.968587417348817,0.3080412371134021
Northumbria Police,2024,5,May,Anti-social behaviour,3765,1509809.0,4.644012944983818,2.493692910825144,0.23072680475548474
Northumbria Police,2024,5,May,Bicycle theft,135,1509809.0,4.644012944983818,0.08941528365508485,0.008273072680475549
Northumbria Police,2024,5,May,Burglary,485,1509809.0,4.644012944983818,0.32123268572382335,0.0297217796298566
Northumbria Police,2024,5,May,Criminal damage and arson,1416,1509809.0,4.644012944983818,0.9378669752266677,0.0867753401152102
Northumbria Police,2024,5,May,Drugs,336,1509809.0,4.644012944983818,0.22254470598598897,0.02059075867140581
Northumbria Police,2024,5,May,Other crime,338,1509809.0,4.644012944983818,0.2238693768549532,0.020713322711116557
Northumbria Police,2024,5,May,Other theft,952,1509809.0,4.644012944983818,0.6305433336269687,0.058340482902316464
Northumbria Police,2024,5,May,Possession of weapons,154,1509809.0,4.644012944983818,0.10199965691024493,0.009437431057727663
Northumbria Police,2024,5,May,Public order,1213,1509809.0,4.644012944983818,0.8034128820267995,0.07433509008456919
Northumbria Police,2024,5,May,Robbery,133,1509809.0,4.644012944983818,0.08809061278612063,0.0081505086407648
Northumbria Police,2024,5,May,Shoplifting,1458,1509809.0,4.644012944983818,0.9656850634749163,0.08934918494913592
Northumbria Police,2024,5,May,Theft from the person,113,1509809.0,4.644012944983818,0.07484390409647843,0.006924868243657311
Northumbria Police,2024,5,May,Vehicle crime,681,1509809.0,4.644012944983818,0.4510504308823169,0.041733055521509986
Northumbria Police,2024,5,May,Violence and sexual offences,5139,1509809.0,4.644012944983818,3.4037417978035633,0.3149283000367692
Northumbria Police,2024,6,June,Anti-social behaviour,3566,1509809.0,4.644012944983818,2.3618881593632044,0.2257962388399924
Northumbria Police,2024,6,June,Bicycle theft,129,1509809.0,4.644012944983818,0.08544127104819219,0.008168175774077123
Northumbria Police,2024,6,June,Burglary,650,1509809.0,4.644012944983818,0.4305180324133715,0.04115747483062116
Northumbria Police,2024,6,June,Criminal damage and arson,1367,1509809.0,4.644012944983818,0.9054125389370444,0.08655733552839866
Northumbria Police,2024,6,June,Drugs,326,1509809.0,4.644012944983818,0.21592135164116785,0.02064205660735769
Northumbria Police,2024,6,June,Other crime,394,1509809.0,4.644012944983818,0.26096016118595133,0.024947761666561135
Northumbria Police,2024,6,June,Other theft,947,1509809.0,4.644012944983818,0.6272316564545581,0.05996327486861268
Northumbria Police,2024,6,June,Possession of weapons,144,1509809.0,4.644012944983818,0.09537630256542384,0.009117963654783765
Northumbria Police,2024,6,June,Public order,1189,1509809.0,4.644012944983818,0.7875168315992288,0.07528651934401318
Northumbria Police,2024,6,June,Robbery,107,1509809.0,4.644012944983818,0.07086989148958577,0.006775153549040714
Northumbria Police,2024,6,June,Shoplifting,1461,1509809.0,4.644012944983818,0.9676720697783627,0.09250933958082695
Northumbria Police,2024,6,June,Theft from the person,106,1509809.0,4.644012944983818,0.07020755605510366,0.006711834356993605
Northumbria Police,2024,6,June,Vehicle crime,675,1509809.0,4.644012944983818,0.44707641827542427,0.042740454631798895
Northumbria Police,2024,6,June,Violence and sexual offences,4732,1509809.0,4.644012944983818,3.1341712759693445,0.29962641676692203
Northumbria Police,2024,7,July,Anti-social behaviour,3695,1509809.0,4.644012944983818,2.4473294304113966,0.2254010858293174
Northumbria Police,2024,7,July,Bicycle theft,138,1509809.0,4.644012944983818,0.09140228995853117,0.008418227292136888
Northumbria Police,2024,7,July,Burglary,651,1509809.0,4.644012944983818,0.43118036784785363,0.0397120722259501
Northumbria Police,2024,7,July,Criminal damage and arson,1349,1509809.0,4.644012944983818,0.8934905011163663,0.0822912218629903
Northumbria Police,2024,7,July,Drugs,333,1509809.0,4.644012944983818,0.2205576996825426,0.020313548465808576
Northumbria Police,2024,7,July,Other crime,319,1509809.0,4.644012944983818,0.2112850035997931,0.019459525407185995
Northumbria Police,2024,7,July,Other theft,1017,1509809.0,4.644012944983818,0.6735951368683059,0.062038675044226194
Northumbria Police,2024,7,July,Possession of weapons,147,1509809.0,4.644012944983818,0.09736330886887018,0.00896724211553712
Northumbria Police,2024,7,July,Public order,1213,1509809.0,4.644012944983818,0.8034128820267995,0.07399499786494235
Northumbria Police,2024,7,July,Robbery,108,1509809.0,4.644012944983818,0.07153222692406788,0.006588177880802782
Northumbria Police,2024,7,July,Shoplifting,1773,1509809.0,4.644012944983818,1.1743207253367811,0.10815592020984567
Northumbria Police,2024,7,July,Theft from the person,93,1509809.0,4.644012944983818,0.06159719540683623,0.005673153175135729
Northumbria Police,2024,7,July,Vehicle crime,680,1509809.0,4.644012944983818,0.45038809544783476,0.041481119990239734
Northumbria Police,2024,7,July,Violence and sexual offences,4877,1509809.0,4.644012944983818,3.2302099139692504,0.2975050326358812
Northumbria Police,2024,8,August,Anti-social behaviour,3456,1509809.0,4.644012944983818,2.2890312615701722,0.21771450170089454
Northumbria Police,2024,8,August,Bicycle theft,100,1509809.0,4.644012944983818,0.06623354344821099,0.0062996094242156984
Northumbria Police,2024,8,August,Burglary,615,1509809.0,4.644012944983818,0.40733629220649764,0.038742597958926546
Northumbria Police,2024,8,August,Criminal damage and arson,1490,1509809.0,4.644012944983818,0.9868797973783439,0.0938641804208139
Northumbria Police,2024,8,August,Drugs,295,1509809.0,4.644012944983818,0.19538895317222243,0.01858384780143631
Northumbria Police,2024,8,August,Other crime,349,1509809.0,4.644012944983818,0.2311550666342564,0.021985636890512788
Northumbria Police,2024,8,August,Other theft,905,1509809.0,4.644012944983818,0.5994135682063095,0.057011465289152075
Northumbria Police,2024,8,August,Possession of weapons,146,1509809.0,4.644012944983818,0.09670097343438806,0.00919742975935492
Northumbria Police,2024,8,August,Public order,1189,1509809.0,4.644012944983818,0.7875168315992288,0.07490235605392466
Northumbria Police,2024,8,August,Robbery,111,1509809.0,4.644012944983818,0.0735192332275142,0.006992566460879425
Northumbria Police,2024,8,August,Shoplifting,1798,1509809.0,4.644012944983818,1.1908791111988337,0.11326697744739826
Northumbria Police,2024,8,August,Theft from the person,104,1509809.0,4.644012944983818,0.06888288518613944,0.006551593801184327
Northumbria Police,2024,8,August,Vehicle crime,713,1509809.0,4.644012944983818,0.47224516478574446,0.04491621519465793
Northumbria Police,2024,8,August,Violence and sexual offences,4603,1509809.0,4.644012944983818,3.0487300049211523,0.28997102179664863
Northumbria Police,2024,9,September,Anti-social behaviour,3035,1509809.0,4.644012944983818,2.010188043653204,0.2078909514350298
Northumbria Police,2024,9,September,Bicycle theft,100,1509809.0,4.644012944983818,0.06623354344821099,0.006849784231796698
Northumbria Police,2024,9,September,Burglary,557,1509809.0,4.644012944983818,0.3689208370065353,0.03815329817110761
Northumbria Police,2024,9,September,Criminal damage and arson,1368,1509809.0,4.644012944983818,0.9060748743715265,0.09370504829097884
Northumbria Police,2024,9,September,Drugs,306,1509809.0,4.644012944983818,0.20267464295152568,0.020960339749297896
Northumbria Police,2024,9,September,Other crime,364,1509809.0,4.644012944983818,0.24109009815148802,0.024933214603739984
Northumbria Police,2024,9,September,Other theft,822,1509809.0,4.644012944983818,0.5444397271442944,0.05630522638536886
Northumbria Police,2024,9,September,Possession of weapons,125,1509809.0,4.644012944983818,0.08279192931026375,0.008562230289745874
Northumbria Police,2024,9,September,Public order,1133,1509809.0,4.644012944983818,0.7504260472682306,0.07760805534625659
Northumbria Police,2024,9,September,Robbery,94,1509809.0,4.644012944983818,0.062259530841318335,0.006438797177888897
Northumbria Police,2024,9,September,Shoplifting,1591,1509809.0,4.644012944983818,1.053775676261037,0.10898006712788547
Northumbria Police,2024,9,September,Theft from the person,91,1509809.0,4.644012944983818,0.060272524537872005,0.006233303650934996
Northumbria Police,2024,9,September,Vehicle crime,574,1509809.0,4.644012944983818,0.38018053939273116,0.039317761490513047
Northumbria Police,2024,9,September,Violence and sexual offences,4439,1509809.0,4.644012944983818,2.940106993666086,0.3040619220494554
Northumbria Police,2024,10,October,Anti-social behaviour,2929,1509809.0,4.644012944983818,1.9399804875981002,0.19547517351841964
Northumbria Police,2024,10,October,Bicycle theft,137,1509809.0,4.644012944983818,0.09073995452404907,0.00914308595835558
Northumbria Police,2024,10,October,Burglary,593,1509809.0,4.644012944983818,0.3927649126478912,0.039575547250400425
Northumbria Police,2024,10,October,Criminal damage and arson,1402,1509809.0,4.644012944983818,0.9285942791439182,0.09356647090229578
Northumbria Police,2024,10,October,Drugs,385,1509809.0,4.644012944983818,0.2549991422756124,0.025694073678590498
Northumbria Police,2024,10,October,Other crime,346,1509809.0,4.644012944983818,0.22916806033081005,0.023091297383876136
Northumbria Police,2024,10,October,Other theft,840,1509809.0,4.644012944983818,0.5563617649649724,0.05605979711692472
Northumbria Police,2024,10,October,Possession of weapons,125,1509809.0,4.644012944983818,0.08279192931026375,0.008342231713828084
Northumbria Police,2024,10,October,Public order,1108,1509809.0,4.644012944983818,0.7338676614061779,0.07394554191137213
Northumbria Police,2024,10,October,Robbery,103,1509809.0,4.644012944983818,0.06822054975165733,0.006873998932194341
Northumbria Police,2024,10,October,Shoplifting,1625,1509809.0,4.644012944983818,1.0762950810334289,0.10844901227976508
Northumbria Police,2024,10,October,Theft from the person,97,1509809.0,4.644012944983818,0.06424653714476466,0.006473571809930592
Northumbria Police,2024,10,October,Vehicle crime,643,1509809.0,4.644012944983818,0.4258816843719967,0.04291243993593166
Northumbria Police,2024,10,October,Violence and sexual offences,4651,1509809.0,4.644012944983818,3.0805221057762937,0.31039775760811533
Northumbria Police,2024,11,November,Anti-social behaviour,2524,1509809.0,4.644012944983818,1.6717346366328456,0.17367370811257138
Northumbria Police,2024,11,November,Bicycle theft,120,1509809.0,4.644012944983818,0.0794802521378532,0.00825707011628707
Northumbria Police,2024,11,November,Burglary,748,1509809.0,4.644012944983818,0.49542690499261827,0.051469070391522743
Northumbria Police,2024,11,November,Criminal damage and arson,1397,1509809.0,4.644012944983818,0.9252826019715076,0.09612605793710866
Northumbria Police,2024,11,November,Drugs,500,1509809.0,4.644012944983818,0.331167717241055,0.0344044588178628
Northumbria Police,2024,11,November,Other crime,352,1509809.0,4.644012944983818,0.2331420729377027,0.024220739007775407
Northumbria Police,2024,11,November,Other theft,892,1509809.0,4.644012944983818,0.5908032075580422,0.061377554531067226
Northumbria Police,2024,11,November,Possession of weapons,119,1509809.0,4.644012944983818,0.07881791670337109,0.008188261198651346
Northumbria Police,2024,11,November,Public order,1078,1509809.0,4.644012944983818,0.7139975983717145,0.07417601321131219
Northumbria Police,2024,11,November,Robbery,93,1509809.0,4.644012944983818,0.06159719540683623,0.00639922934012248
Northumbria Police,2024,11,November,Shoplifting,1480,1509809.0,4.644012944983818,0.9802564430335228,0.10183719810087387
Northumbria Police,2024,11,November,Theft from the person,82,1509809.0,4.644012944983818,0.054311505627533015,0.005642331246129498
Northumbria Police,2024,11,November,Vehicle crime,659,1509809.0,4.644012944983818,0.4364790513237105,0.04534507672194316
Northumbria Police,2024,11,November,Violence and sexual offences,4489,1509809.0,4.644012944983818,2.973223765390192,0.3088832312667722
Northumbria Police,2024,12,December,Anti-social behaviour,1940,1509809.0,4.644012944983818,1.2849307428952934,0.14755095832065712
Northumbria Police,2024,12,December,Bicycle theft,52,1509809.0,4.644012944983818,0.03444144259306972,0.003954974140553696
Northumbria Police,2024,12,December,Burglary,719,1509809.0,4.644012944983818,0.4762191773926371,0.054685123212655916
Northumbria Police,2024,12,December,Criminal damage and arson,1216,1509809.0,4.644012944983818,0.8053998883302458,0.09248554913294797
Northumbria Police,2024,12,December,Drugs,362,1509809.0,4.644012944983818,0.2397654272825238,0.027532704593854578
Northumbria Police,2024,12,December,Other crime,300,1509809.0,4.644012944983818,0.198700630344633,0.022817158503194403
Northumbria Police,2024,12,December,Other theft,923,1509809.0,4.644012944983818,0.6113356060269876,0.07020079099482811
Northumbria Police,2024,12,December,Possession of weapons,125,1509809.0,4.644012944983818,0.08279192931026375,0.009507149376331
Northumbria Police,2024,12,December,Public order,868,1509809.0,4.644012944983818,0.5749071571304715,0.06601764526924248
Northumbria Police,2024,12,December,Robbery,99,1509809.0,4.644012944983818,0.0655712080137289,0.007529662306054153
Northumbria Police,2024,12,December,Shoplifting,1277,1509809.0,4.644012944983818,0.8458023498336544,0.09712503802859751
Northumbria Police,2024,12,December,Theft from the person,74,1509809.0,4.644012944983818,0.049012822151676134,0.0056282324307879526
Northumbria Police,2024,12,December,Vehicle crime,644,1509809.0,4.644012944983818,0.4265440198064788,0.048980833586857314
Northumbria Police,2024,12,December,Violence and sexual offences,4549,1509809.0,4.644012944983818,3.012963891459118,0.3459841801034378
Northumbria Police,2025,1,January,Anti-social behaviour,2030,1509809.0,4.644012944983818,1.3445409319986832,0.15340436786820827
Northumbria Police,2025,1,January,Bicycle theft,69,1509809.0,4.644012944983818,0.045701144979265584,0.0052142371344366355
Northumbria Police,2025,1,January,Burglary,572,1509809.0,4.644012944983818,0.3788558685237669,0.043225270157938485
Northumbria Police,2025,1,January,Criminal damage and arson,1074,1509809.0,4.644012944983818,0.7113482566337862,0.08116073452731806
Northumbria Police,2025,1,January,Drugs,430,1509809.0,4.644012944983818,0.28480423682730727,0.032494521272576134
Northumbria Police,2025,1,January,Other crime,347,1509809.0,4.644012944983818,0.22983039576529216,0.026222322980427717
Northumbria Police,2025,1,January,Other theft,774,1509809.0,4.644012944983818,0.5126476262891531,0.058490138290637046
Northumbria Police,2025,1,January,Possession of weapons,104,1509809.0,4.644012944983818,0.06888288518613944,0.007859140028716089
Northumbria Police,2025,1,January,Public order,984,1509809.0,4.644012944983818,0.6517380675303962,0.07435955565631376
Northumbria Police,2025,1,January,Robbery,89,1509809.0,4.644012944983818,0.05894785366890779,0.006725610216882037
Northumbria Police,2025,1,January,Shoplifting,1482,1509809.0,4.644012944983818,0.981581113902487,0.11199274540920426
Northumbria Police,2025,1,January,Theft from the person,68,1509809.0,4.644012944983818,0.04503880954478348,0.005138668480314365
Northumbria Police,2025,1,January,Vehicle crime,617,1509809.0,4.644012944983818,0.40866096307546185,0.04662585959344064
Northumbria Police,2025,1,January,Violence and sexual offences,4593,1509809.0,4.644012944983818,3.0421066505763315,0.3470868283835865
Northumbria Police,2025,2,February,Anti-social behaviour,2094,1509809.0,4.644012944983818,1.3869303998055382,0.1707297187117815
Northumbria Police,2025,2,February,Bicycle theft,47,1509809.0,4.644012944983818,0.031129765420659167,0.0038320423970648184
Northumbria Police,2025,2,February,Burglary,473,1509809.0,4.644012944983818,0.31328466051003806,0.03856502242152467
Northumbria Police,2025,2,February,Criminal damage and arson,1104,1509809.0,4.644012944983818,0.7312183196682494,0.09001222992254382
Northumbria Police,2025,2,February,Drugs,368,1509809.0,4.644012944983818,0.2437394398894165,0.030004076640847942
Northumbria Police,2025,2,February,Other crime,293,1509809.0,4.644012944983818,0.19406428230325823,0.023889115368935995
Northumbria Police,2025,2,February,Other theft,713,1509809.0,4.644012944983818,0.47224516478574446,0.05813289849164289
Northumbria Police,2025,2,February,Possession of weapons,116,1509809.0,4.644012944983818,0.07683091039992475,0.009457806767223808
Northumbria Police,2025,2,February,Public order,887,1509809.0,4.644012944983818,0.5874915303856315,0.07231960864247859
Northumbria Police,2025,2,February,Robbery,70,1509809.0,4.644012944983818,0.0463634804137477,0.005707297187117815
Northumbria Police,2025,2,February,Shoplifting,1479,1509809.0,4.644012944983818,0.9795941075990406,0.12058703628210354
Northumbria Police,2025,2,February,Theft from the person,66,1509809.0,4.644012944983818,0.043714138675819254,0.0053811659192825115
Northumbria Police,2025,2,February,Vehicle crime,430,1509809.0,4.644012944983818,0.28480423682730727,0.03505911129229515
Northumbria Police,2025,2,February,Violence and sexual offences,4125,1509809.0,4.644012944983818,2.732133667238704,0.336322869955157
Northumbria Police,2025,3,March,Anti-social behaviour,2328,1509809.0,4.644012944983818,1.541916891474352,0.16577654347361676
Northumbria Police,2025,3,March,Bicycle theft,72,1509809.0,4.644012944983818,0.04768815128271192,0.005127109591967528
Northumbria Police,2025,3,March,Burglary,504,1509809.0,4.644012944983818,0.33381705897898345,0.0358897671437727
Northumbria Police,2025,3,March,Criminal damage and arson,1173,1509809.0,4.644012944983818,0.776919464647515,0.08352916043580431
Northumbria Police,2025,3,March,Drugs,450,1509809.0,4.644012944983818,0.2980509455169495,0.03204443494979705
Northumbria Police,2025,3,March,Other crime,359,1509809.0,4.644012944983818,0.23777842097907748,0.02556433810439365
Northumbria Police,2025,3,March,Other theft,826,1509809.0,4.644012944983818,0.5470890688822229,0.05881934059673859
Northumbria Police,2025,3,March,Possession of weapons,122,1509809.0,4.644012944983818,0.08080492300681741,0.0086876023641672
Northumbria Police,2025,3,March,Public order,1117,1509809.0,4.644012944983818,0.7398286803165168,0.07954140853094069
Northumbria Police,2025,3,March,Robbery,113,1509809.0,4.644012944983818,0.07484390409647843,0.00804671366517126
Northumbria Police,2025,3,March,Shoplifting,1575,1509809.0,4.644012944983818,1.0431783093093232,0.11215552232428969
Northumbria Police,2025,3,March,Theft from the person,84,1509809.0,4.644012944983818,0.05563617649649724,0.00598162785729545
Northumbria Police,2025,3,March,Vehicle crime,474,1509809.0,4.644012944983818,0.31394699594452014,0.03375347148045289
Northumbria Police,2025,3,March,Violence and sexual offences,4846,1509809.0,4.644012944983818,3.209677515500305,0.34508295948159223
Northumbria Police,2025,4,April,Anti-social behaviour,2584,1509809.0,4.644012944983818,1.7114747627017721,0.18745012694958288
Northumbria Police,2025,4,April,Bicycle theft,87,1509809.0,4.644012944983818,0.05762318279994357,0.006311207834602829
Northumbria Police,2025,4,April,Burglary,524,1509809.0,4.644012944983818,0.3470637676686257,0.03801233224519405
Northumbria Police,2025,4,April,Criminal damage and arson,1150,1509809.0,4.644012944983818,0.7616857496544265,0.083424011606819
Northumbria Police,2025,4,April,Drugs,496,1509809.0,4.644012944983818,0.32851837550312657,0.03598113891911498
Northumbria Police,2025,4,April,Other crime,334,1509809.0,4.644012944983818,0.22122003511702473,0.02422923467537178
Northumbria Police,2025,4,April,Other theft,774,1509809.0,4.644012944983818,0.5126476262891531,0.056147986942328615
Northumbria Police,2025,4,April,Possession of weapons,111,1509809.0,4.644012944983818,0.0735192332275142,0.008052230685527748
Northumbria Police,2025,4,April,Public order,1075,1509809.0,4.644012944983818,0.7120105920682682,0.07798331519767863
Northumbria Police,2025,4,April,Robbery,122,1509809.0,4.644012944983818,0.08080492300681741,0.008850199492201668
Northumbria Police,2025,4,April,Shoplifting,1476,1509809.0,4.644012944983818,0.9776071012955945,0.10707290533188248
Northumbria Police,2025,4,April,Theft from the person,59,1509809.0,4.644012944983818,0.03907779063444449,0.004280014508523757
Northumbria Police,2025,4,April,Vehicle crime,483,1509809.0,4.644012944983818,0.31990801485485915,0.035038084874863984
Northumbria Police,2025,4,April,Violence and sexual offences,4510,1509809.0,4.644012944983818,2.9871328095143164,0.32716721073630756
Northumbria Police,2025,5,May,Anti-social behaviour,2791,1509809.0,4.644012944983818,1.848578197639569,0.18323266806722688
Northumbria Police,2025,5,May,Bicycle theft,97,1509809.0,4.644012944983818,0.06424653714476466,0.006368172268907563
Northumbria Police,2025,5,May,Burglary,549,1509809.0,4.644012944983818,0.3636221535306784,0.03604254201680672
Northumbria Police,2025,5,May,Criminal damage and arson,1371,1509809.0,4.644012944983818,0.9080618806749727,0.0900078781512605
Northumbria Police,2025,5,May,Drugs,485,1509809.0,4.644012944983818,0.32123268572382335,0.03184086134453781
Northumbria Police,2025,5,May,Other crime,371,1509809.0,4.644012944983818,0.2457264461928628,0.024356617647058824
Northumbria Police,2025,5,May,Other theft,866,1509809.0,4.644012944983818,0.5735824862615073,0.056853991596638655
Northumbria Police,2025,5,May,Possession of weapons,124,1509809.0,4.644012944983818,0.08212959387578164,0.008140756302521009
Northumbria Police,2025,5,May,Public order,1212,1509809.0,4.644012944983818,0.8027505465923173,0.07956932773109243
Northumbria Police,2025,5,May,Robbery,144,1509809.0,4.644012944983818,0.09537630256542384,0.009453781512605041
Northumbria Police,2025,5,May,Shoplifting,1482,1509809.0,4.644012944983818,0.981581113902487,0.09729516806722689
Northumbria Police,2025,5,May,Theft from the person,88,1509809.0,4.644012944983818,0.058285518234425675,0.005777310924369748
Northumbria Police,2025,5,May,Vehicle crime,443,1509809.0,4.644012944983818,0.29341459747557475,0.029083508403361345
Northumbria Police,2025,5,May,Violence and sexual offences,5209,1509809.0,4.644012944983818,3.4501052782173107,0.34197741596638653
Northumbria Police,2025,6,June,Anti-social behaviour,2495,1509809.0,4.644012944983818,1.6525269090328645,0.1706683083658253
Northumbria Police,2025,6,June,Bicycle theft,77,1509809.0,4.644012944983818,0.050999828455122465,0.005267118133935289
Northumbria Police,2025,6,June,Burglary,581,1509809.0,4.644012944983818,0.3848168874341059,0.039742800465148095
Northumbria Police,2025,6,June,Criminal damage and arson,1248,1509809.0,4.644012944983818,0.8265946222336733,0.08536835624871743
Northumbria Police,2025,6,June,Drugs,415,1509809.0,4.644012944983818,0.27486920531007564,0.028387714617962925
Northumbria Police,2025,6,June,Other crime,381,1509809.0,4.644012944983818,0.2523498005376839,0.026061974143238253
Northumbria Police,2025,6,June,Other theft,807,1509809.0,4.644012944983818,0.5345046956270628,0.05520213420890622
Northumbria Police,2025,6,June,Possession of weapons,139,1509809.0,4.644012944983818,0.09206462539301329,0.00950817429372734
Northumbria Police,2025,6,June,Public order,1265,1509809.0,4.644012944983818,0.8378543246198692,0.08653122648607976
Northumbria Police,2025,6,June,Robbery,170,1509809.0,4.644012944983818,0.11259702386195869,0.011628702373623366
Northumbria Police,2025,6,June,Shoplifting,1546,1509809.0,4.644012944983818,1.023970581709342,0.10575278746836309
Northumbria Police,2025,6,June,Theft from the person,73,1509809.0,4.644012944983818,0.04835048671719403,0.004993501607497093
Northumbria Police,2025,6,June,Vehicle crime,442,1509809.0,4.644012944983818,0.2927522620410926,0.030234626171420753
Northumbria Police,2025,6,June,Violence and sexual offences,4980,1509809.0,4.644012944983818,3.2984304637209076,0.3406525754155551
Northumbria Police,2025,7,July,Anti-social behaviour,2792,1509809.0,4.644012944983818,1.8492405330740511,0.18507225241946176
Northumbria Police,2025,7,July,Bicycle theft,90,1509809.0,4.644012944983818,0.059610189103389895,0.005965796102346547
Northumbria Police,2025,7,July,Burglary,502,1509809.0,4.644012944983818,0.3324923881100192,0.03327588492642185
Northumbria Police,2025,7,July,Criminal damage and arson,1350,1509809.0,4.644012944983818,0.8941528365508485,0.08948694153519819
Northumbria Police,2025,7,July,Drugs,431,1509809.0,4.644012944983818,0.2854665722617894,0.028569534667904017
Northumbria Police,2025,7,July,Other crime,379,1509809.0,4.644012944983818,0.2510251296687197,0.0251226302532149
Northumbria Police,2025,7,July,Other theft,826,1509809.0,4.644012944983818,0.5470890688822229,0.05475275089486942
Northumbria Police,2025,7,July,Possession of weapons,134,1509809.0,4.644012944983818,0.08875294822060274,0.008882407530160414
Northumbria Police,2025,7,July,Public order,1295,1509809.0,4.644012944983818,0.8577243876543323,0.08584117725043086
Northumbria Police,2025,7,July,Robbery,217,1509809.0,4.644012944983818,0.14372678928261787,0.014384197268991117
Northumbria Police,2025,7,July,Shoplifting,1349,1509809.0,4.644012944983818,0.8934905011163663,0.08942065491183879
Northumbria Police,2025,7,July,Theft from the person,81,1509809.0,4.644012944983818,0.05364917019305091,0.005369216492111892
Northumbria Police,2025,7,July,Vehicle crime,432,1509809.0,4.644012944983818,0.28612890769627153,0.028635821291263422
Northumbria Police,2025,7,July,Violence and sexual offences,5208,1509809.0,4.644012944983818,3.449442942782829,0.3452207344557868
Northumbria Police,2025,8,August,Anti-social behaviour,2766,1509809.0,4.644012944983818,1.8320198117775162,0.18111576741749608
Northumbria Police,2025,8,August,Bicycle theft,79,1509809.0,4.644012944983818,0.05232449932408669,0.005172865374541645
Northumbria Police,2025,8,August,Burglary,538,1509809.0,4.644012944983818,0.3563364637513752,0.03522786799371399
Northumbria Police,2025,8,August,Criminal damage and arson,1371,1509809.0,4.644012944983818,0.9080618806749727,0.08977213200628602
Northumbria Police,2025,8,August,Drugs,300,1509809.0,4.644012944983818,0.198700630344633,0.01964379256155055
Northumbria Police,2025,8,August,Other crime,594,1509809.0,4.644012944983818,0.39342724808237334,0.03889470927187009
Northumbria Police,2025,8,August,Other theft,870,1509809.0,4.644012944983818,0.5762318279994357,0.0569669984284966
Northumbria Police,2025,8,August,Possession of weapons,151,1509809.0,4.644012944983818,0.1000126506067986,0.009887375589313777
Northumbria Police,2025,8,August,Public order,1189,1509809.0,4.644012944983818,0.7875168315992288,0.07785489785227868
Northumbria Police,2025,8,August,Robbery,196,1509809.0,4.644012944983818,0.12981774515849356,0.01283394447354636
Northumbria Police,2025,8,August,Shoplifting,1565,1509809.0,4.644012944983818,1.0365549549645021,0.10247511786275537
Northumbria Police,2025,8,August,Theft from the person,74,1509809.0,4.644012944983818,0.049012822151676134,0.004845468831849136
Northumbria Police,2025,8,August,Vehicle crime,615,1509809.0,4.644012944983818,0.40733629220649764,0.04026977475117863
Northumbria Police,2025,8,August,Violence and sexual offences,4964,1509809.0,4.644012944983818,3.2878330967691936,0.3250392875851231
Northumbria Police,2025,9,September,Anti-social behaviour,2556,1509809.0,4.644012944983818,1.6929293705362731,0.17569425350563653
Northumbria Police,2025,9,September,Bicycle theft,93,1509809.0,4.644012944983818,0.06159719540683623,0.0063926312895243335
Northumbria Police,2025,9,September,Burglary,582,1509809.0,4.644012944983818,0.385479222868588,0.04000549903766841
Northumbria Police,2025,9,September,Criminal damage and arson,1347,1509809.0,4.644012944983818,0.8921658302474021,0.09259004674182018
Northumbria Police,2025,9,September,Drugs,341,1509809.0,4.644012944983818,0.2258563831583995,0.02343964806158922
Northumbria Police,2025,9,September,Other crime,588,1509809.0,4.644012944983818,0.3894532354754807,0.04041792686279901
Northumbria Police,2025,9,September,Other theft,825,1509809.0,4.644012944983818,0.5464267334477407,0.056708825955457794
Northumbria Police,2025,9,September,Possession of weapons,146,1509809.0,4.644012944983818,0.09670097343438806,0.010035743744844653
Northumbria Police,2025,9,September,Public order,1146,1509809.0,4.644012944983818,0.7590364079164981,0.078773714599945
Northumbria Police,2025,9,September,Robbery,186,1509809.0,4.644012944983818,0.12319439081367246,0.012785262579048667
Northumbria Police,2025,9,September,Shoplifting,1514,1509809.0,4.644012944983818,1.0027758478059146,0.10406928787462194
Northumbria Police,2025,9,September,Theft from the person,77,1509809.0,4.644012944983818,0.050999828455122465,0.005292823755842727
Northumbria Police,2025,9,September,Vehicle crime,688,1509809.0,4.644012944983818,0.4556867789236917,0.04729172394830904
Northumbria Police,2025,9,September,Violence and sexual offences,4459,1509809.0,4.644012944983818,2.9533537023557286,0.3065026120428925
Northumbria Police,2025,10,October,Anti-social behaviour,2723,1509809.0,4.644012944983818,1.8035393880947854,0.18160597572362278
Northumbria Police,2025,10,October,Bicycle theft,109,1509809.0,4.644012944983818,0.07219456235855,0.007269574496465253
Northumbria Police,2025,10,October,Burglary,718,1509809.0,4.644012944983818,0.47555684195815495,0.04788582099506469
Northumbria Police,2025,10,October,Criminal damage and arson,1342,1509809.0,4.644012944983818,0.8888541530749916,0.08950246765372816
Northumbria Police,2025,10,October,Drugs,338,1509809.0,4.644012944983818,0.2238693768549532,0.022542350273442712
Northumbria Police,2025,10,October,Other crime,611,1509809.0,4.644012944983818,0.40468695046856923,0.04074963318660798
Northumbria Police,2025,10,October,Other theft,790,1509809.0,4.644012944983818,0.5232449932408669,0.052687741763372015
Northumbria Police,2025,10,October,Possession of weapons,128,1509809.0,4.644012944983818,0.08477893561371008,0.008536748032546351
Northumbria Police,2025,10,October,Public order,1122,1509809.0,4.644012944983818,0.7431403574889275,0.07482993197278912
Northumbria Police,2025,10,October,Robbery,208,1509809.0,4.644012944983818,0.13776577037227888,0.013872215552887823
Northumbria Police,2025,10,October,Shoplifting,1525,1509809.0,4.644012944983818,1.0100615375852178,0.10170734960650928
Northumbria Police,2025,10,October,Theft from the person,73,1509809.0,4.644012944983818,0.04835048671719403,0.004868614112311592
Northumbria Police,2025,10,October,Vehicle crime,645,1509809.0,4.644012944983818,0.42720635524096096,0.0430172068827531
Northumbria Police,2025,10,October,Violence and sexual offences,4662,1509809.0,4.644012944983818,3.0878077955555967,0.31092436974789917
Northumbria Police,2025,11,November,Anti-social behaviour,2124,1509809.0,4.644012944983818,1.4068004628400017,0.15330205701912666
Northumbria Police,2025,11,November,Bicycle theft,62,1509809.0,4.644012944983818,0.04106479693789082,0.004474918801876579
Northumbria Police,2025,11,November,Burglary,578,1509809.0,4.644012944983818,0.3828298811306596,0.04171779141104295
Northumbria Police,2025,11,November,Criminal damage and arson,1334,1509809.0,4.644012944983818,0.8835554695991347,0.09628293035005413
Northumbria Police,2025,11,November,Drugs,326,1509809.0,4.644012944983818,0.21592135164116785,0.023529411764705882
Northumbria Police,2025,11,November,Other crime,568,1509809.0,4.644012944983818,0.3762065267858385,0.04099603031396608
Northumbria Police,2025,11,November,Other theft,860,1509809.0,4.644012944983818,0.5696084736546145,0.06207145434861061
Northumbria Police,2025,11,November,Possession of weapons,121,1509809.0,4.644012944983818,0.0801425875723353,0.008733309274630098
Northumbria Police,2025,11,November,Public order,948,1509809.0,4.644012944983818,0.6278939918890403,0.06842295200288705
Northumbria Police,2025,11,November,Robbery,189,1509809.0,4.644012944983818,0.1251813971171188,0.013641284734752797
Northumbria Police,2025,11,November,Shoplifting,1536,1509809.0,4.644012944983818,1.017347227364521,0.11086250451100686
Northumbria Police,2025,11,November,Theft from the person,81,1509809.0,4.644012944983818,0.05364917019305091,0.005846264886322628
Northumbria Police,2025,11,November,Vehicle crime,552,1509809.0,4.644012944983818,0.3656091598341247,0.03984121255864309
Northumbria Police,2025,11,November,Violence and sexual offences,4576,1509809.0,4.644012944983818,3.0308469481901352,0.33027787802237457
Northumbria Police,2025,12,December,Anti-social behaviour,1728,1509809.0,4.644012944983818,1.1445156307850861,0.13432835820895522
Northumbria Police,2025,12,December,Bicycle theft,70,1509809.0,4.644012944983818,0.0463634804137477,0.005441542288557214
Northumbria Police,2025,12,December,Burglary,535,1509809.0,4.644012944983818,0.35434945744792884,0.04158893034825871
Northumbria Police,2025,12,December,Criminal damage and arson,1274,1509809.0,4.644012944983818,0.8438153435302082,0.09903606965174129
Northumbria Police,2025,12,December,Drugs,311,1509809.0,4.644012944983818,0.20598632012393622,0.02417599502487562
Northumbria Police,2025,12,December,Other crime,580,1509809.0,4.644012944983818,0.3841545519996238,0.04508706467661692
Northumbria Police,2025,12,December,Other theft,847,1509809.0,4.644012944983818,0.5609981130063472,0.06584266169154229
Northumbria Police,2025,12,December,Possession of weapons,130,1509809.0,4.644012944983818,0.0861036064826743,0.010105721393034827
Northumbria Police,2025,12,December,Public order,888,1509809.0,4.644012944983818,0.5881538658201136,0.06902985074626866
Northumbria Police,2025,12,December,Robbery,183,1509809.0,4.644012944983818,0.12120738451022613,0.014225746268656716
Northumbria Police,2025,12,December,Shoplifting,1369,1509809.0,4.644012944983818,0.9067372098060086,0.10642101990049752
Northumbria Police,2025,12,December,Theft from the person,79,1509809.0,4.644012944983818,0.05232449932408669,0.0061411691542288555
Northumbria Police,2025,12,December,Vehicle crime,503,1509809.0,4.644012944983818,0.3331547235445013,0.03910136815920398
Northumbria Police,2025,12,December,Violence and sexual offences,4367,1509809.0,4.644012944983818,2.8924188423833743,0.33947450248756217
Northumbria Police,2026,1,January,Anti-social behaviour,1778,1509809.0,4.644012944983818,1.1776324025091915,0.39537469424060484
Northumbria Police,2026,1,January,Bicycle theft,10,1509809.0,4.644012944983818,0.006623354344821099,0.0022237046920169003
Northumbria Police,2026,1,January,Burglary,126,1509809.0,4.644012944983818,0.08345426474474586,0.028018679119412943
Northumbria Police,2026,1,January,Criminal damage and arson,305,1509809.0,4.644012944983818,0.20201230751704355,0.06782299310651546
Northumbria Police,2026,1,January,Drugs,67,1509809.0,4.644012944983818,0.04437647411030137,0.014898821436513231
Northumbria Police,2026,1,January,Other crime,147,1509809.0,4.644012944983818,0.09736330886887018,0.03268845897264843
Northumbria Police,2026,1,January,Other theft,190,1509809.0,4.644012944983818,0.1258437325516009,0.042250389148321105
Northumbria Police,2026,1,January,Possession of weapons,27,1509809.0,4.644012944983818,0.01788305673101697,0.00600400266844563
Northumbria Police,2026,1,January,Public order,205,1509809.0,4.644012944983818,0.13577876406883255,0.045585946186346454
Northumbria Police,2026,1,January,Robbery,43,1509809.0,4.644012944983818,0.02848042368273073,0.00956193017567267
Northumbria Police,2026,1,January,Shoplifting,303,1509809.0,4.644012944983818,0.20068763664807932,0.06737825216811208
Northumbria Police,2026,1,January,Theft from the person,17,1509809.0,4.644012944983818,0.01125970238619587,0.00378029797642873
Northumbria Police,2026,1,January,Vehicle crime,143,1509809.0,4.644012944983818,0.09471396713094173,0.031798977095841674
Northumbria Police,2026,1,January,Violence and sexual offences,1136,1509809.0,4.644012944983818,0.752413053571677,0.25261285301311986
Northumbria Police,2026,2,February,Anti-social behaviour,1876,1509809.0,4.644012944983818,1.2425412750884384,0.19691403379867745
Northumbria Police,2026,2,February,Bicycle theft,50,1509809.0,4.644012944983818,0.033116771724105494,0.00524824183898394
Northumbria Police,2026,2,February,Burglary,382,1509809.0,4.644012944983818,0.25301213597216604,0.0400965676498373
Northumbria Police,2026,2,February,Criminal damage and arson,398,1509809.0,4.644012944983818,0.2636095029238798,0.041776005038312164
Northumbria Police,2026,2,February,Drugs,242,1509809.0,4.644012944983818,0.1602851751446706,0.025401490500682272
Northumbria Police,2026,2,February,Other crime,397,1509809.0,4.644012944983818,0.26294716748939767,0.041671040201532485
Northumbria Police,2026,2,February,Other theft,470,1509809.0,4.644012944983818,0.3112976542065917,0.04933347328644904
Northumbria Police,2026,2,February,Possession of weapons,95,1509809.0,4.644012944983818,0.06292186627580044,0.009971659494069487
Northumbria Police,2026,2,February,Public order,649,1509809.0,4.644012944983818,0.4298556969788894,0.06812217907001154
Northumbria Police,2026,2,February,Robbery,118,1509809.0,4.644012944983818,0.07815558126888898,0.0123858507400021
Northumbria Police,2026,2,February,Shoplifting,1170,1509809.0,4.644012944983818,0.7749324583440688,0.1228088590322242
Northumbria Police,2026,2,February,Theft from the person,77,1509809.0,4.644012944983818,0.050999828455122465,0.008082292432035268
Northumbria Police,2026,2,February,Vehicle crime,366,1509809.0,4.644012944983818,0.24241476902045225,0.038417130261362446
Northumbria Police,2026,2,February,Violence and sexual offences,3237,1509809.0,4.644012944983818,2.14397980141859,0.3397711766558203
Northumbria Police,2026,3,March,Anti-social behaviour,2455,1509809.0,4.644012944983818,1.6260334916535801,0.1977446637132501
Northumbria Police,2026,3,March,Bicycle theft,55,1509809.0,4.644012944983818,0.03642844889651605,0.004430124848973017
Northumbria Police,2026,3,March,Burglary,529,1509809.0,4.644012944983818,0.35037544484103617,0.042609746274667744
Northumbria Police,2026,3,March,Criminal damage and arson,1268,1509809.0,4.644012944983818,0.8398413309233155,0.10213451469995972
Northumbria Police,2026,3,March,Drugs,244,1509809.0,4.644012944983818,0.16160984601363482,0.019653644784534838
Northumbria Police,2026,3,March,Other crime,415,1509809.0,4.644012944983818,0.27486920531007564,0.03342730567861458
Northumbria Police,2026,3,March,Other theft,551,1509809.0,4.644012944983818,0.3649468243996426,0.04438179621425695
Northumbria Police,2026,3,March,Possession of weapons,80,1509809.0,4.644012944983818,0.052986834758568795,0.00644381796214257
Northumbria Police,2026,3,March,Public order,842,1509809.0,4.644012944983818,0.5576864358339366,0.06782118405155055
Northumbria Police,2026,3,March,Robbery,167,1509809.0,4.644012944983818,0.11061001755851237,0.013451469995972614
Northumbria Police,2026,3,March,Shoplifting,1631,1509809.0,4.644012944983818,1.0802690936403214,0.13137333870318163
Northumbria Police,2026,3,March,Theft from the person,105,1509809.0,4.644012944983818,0.06954522062062155,0.008457511075312122
Northumbria Police,2026,3,March,Vehicle crime,485,1509809.0,4.644012944983818,0.32123268572382335,0.039065646395489324
Northumbria Police,2026,3,March,Violence and sexual offences,3588,1509809.0,4.644012944983818,2.3764595389218104,0.28900523560209423
Northumbria Police,2026,4,April,Anti-social behaviour,2805,1509809.0,4.644012944983818,1.8578508937223184,0.22008630835621812
Northumbria Police,2026,4,April,Bicycle theft,77,1509809.0,4.644012944983818,0.050999828455122465,0.006041584935268733
Northumbria Police,2026,4,April,Burglary,557,1509809.0,4.644012944983818,0.3689208370065353,0.04370341310317772
Northumbria Police,2026,4,April,Criminal damage and arson,1269,1509809.0,4.644012944983818,0.8405036663577975,0.09956845821890938
Northumbria Police,2026,4,April,Drugs,192,1509809.0,4.644012944983818,0.12716840342056512,0.015064731267163593
Northumbria Police,2026,4,April,Other crime,428,1509809.0,4.644012944983818,0.28347956595834306,0.033581796783052176
Northumbria Police,2026,4,April,Other theft,647,1509809.0,4.644012944983818,0.42853102610992516,0.05076500588466065
Northumbria Police,2026,4,April,Possession of weapons,60,1509809.0,4.644012944983818,0.0397401260689266,0.004707728520988623
Northumbria Police,2026,4,April,Public order,833,1509809.0,4.644012944983818,0.5517254169235977,0.06535896429972539
Northumbria Police,2026,4,April,Robbery,160,1509809.0,4.644012944983818,0.10597366951713759,0.012553942722636328
Northumbria Police,2026,4,April,Shoplifting,1767,1509809.0,4.644012944983818,1.1703467127298883,0.13864260494311495
Northumbria Police,2026,4,April,Theft from the person,131,1509809.0,4.644012944983818,0.08676594191715642,0.010278540604158493
Northumbria Police,2026,4,April,Vehicle crime,488,1509809.0,4.644012944983818,0.32321969202726963,0.0382895253040408
Northumbria Police,2026,4,April,Violence and sexual offences,3331,1509809.0,4.644012944983818,2.2062393322599085,0.26135739505688504
Northumbria Police,2026,5,May,Anti-social behaviour,2976,1509809.0,4.644012944983818,1.9711102530187594,0.21492019932115258
Northumbria Police,2026,5,May,Bicycle theft,111,1509809.0,4.644012944983818,0.0735192332275142,0.008016176789196215
Northumbria Police,2026,5,May,Burglary,616,1509809.0,4.644012944983818,0.4079986276409797,0.04448617028959342
Northumbria Police,2026,5,May,Criminal damage and arson,1329,1509809.0,4.644012944983818,0.8802437924267241,0.09597746804361956
Northumbria Police,2026,5,May,Drugs,240,1509809.0,4.644012944983818,0.1589605042757064,0.017332274138802627
Northumbria Police,2026,5,May,Other crime,388,1509809.0,4.644012944983818,0.25698614857905866,0.028020509857730917
Northumbria Police,2026,5,May,Other theft,615,1509809.0,4.644012944983818,0.40733629220649764,0.04441395248068174
Northumbria Police,2026,5,May,Possession of weapons,84,1509809.0,4.644012944983818,0.05563617649649724,0.00606629594858092
Northumbria Police,2026,5,May,Public order,949,1509809.0,4.644012944983818,0.6285563273235224,0.06853470065718206
Northumbria Police,2026,5,May,Robbery,173,1509809.0,4.644012944983818,0.11458403016540503,0.012493680941720228
Northumbria Police,2026,5,May,Shoplifting,1879,1509809.0,4.644012944983818,1.2445282813918845,0.13569726294504225
Northumbria Police,2026,5,May,Theft from the person,147,1509809.0,4.644012944983818,0.09736330886887018,0.01061601791001661
Northumbria Police,2026,5,May,Vehicle crime,608,1509809.0,4.644012944983818,0.4026999441651229,0.04390842781829999
Northumbria Police,2026,5,May,Violence and sexual offences,3732,1509809.0,4.644012944983818,2.4718358414872346,0.2695168628583809
Surrey Police,2023,6,June,Anti-social behaviour,1384,1248649.0,7.94019471488178,1.1083979565113975,0.17579067699733267
Surrey Police,2023,6,June,Bicycle theft,93,1248649.0,7.94019471488178,0.07448049852280345,0.011812523815572209
Surrey Police,2023,6,June,Burglary,298,1248649.0,7.94019471488178,0.23865794150317665,0.03785088276387654
Surrey Police,2023,6,June,Criminal damage and arson,664,1248649.0,7.94019471488178,0.5317747421413064,0.0843388797154833
Surrey Police,2023,6,June,Drugs,234,1248649.0,7.94019471488178,0.18740254467027964,0.02972183411660104
Surrey Police,2023,6,June,Other crime,164,1248649.0,7.94019471488178,0.13134195438429855,0.020830687158643463
Surrey Police,2023,6,June,Other theft,566,1248649.0,7.94019471488178,0.4532899157409328,0.0718912739743427
Surrey Police,2023,6,June,Possession of weapons,54,1248649.0,7.94019471488178,0.04324674107775684,0.006858884796138702
Surrey Police,2023,6,June,Public order,798,1248649.0,7.94019471488178,0.6390907292601844,0.10135907532071638
Surrey Police,2023,6,June,Robbery,33,1248649.0,7.94019471488178,0.02642856399196251,0.004191540708751429
Surrey Police,2023,6,June,Shoplifting,396,1248649.0,7.94019471488178,0.31714276790355017,0.05029848850501715
Surrey Police,2023,6,June,Theft from the person,36,1248649.0,7.94019471488178,0.02883116071850456,0.004572589864092468
Surrey Police,2023,6,June,Vehicle crime,552,1248649.0,7.94019471488178,0.44207779768373656,0.07011304458275118
Surrey Police,2023,6,June,Violence and sexual offences,2601,1248649.0,7.94019471488178,2.0830513619119544,0.3303696176806808
Surrey Police,2023,7,July,Anti-social behaviour,1316,1248649.0,7.94019471488178,1.0539390973764444,0.17236411263916177
Surrey Police,2023,7,July,Bicycle theft,94,1248649.0,7.94019471488178,0.07528136409831747,0.012311722331368697
Surrey Police,2023,7,July,Burglary,248,1248649.0,7.94019471488178,0.19861466272747585,0.03248199083169614
Surrey Police,2023,7,July,Criminal damage and arson,593,1248649.0,7.94019471488178,0.4749132862798112,0.0776686313032089
Surrey Police,2023,7,July,Drugs,253,1248649.0,7.94019471488178,0.20261899060504593,0.033136869679109365
Surrey Police,2023,7,July,Other crime,138,1248649.0,7.94019471488178,0.11051944942093414,0.01807465618860511
Surrey Police,2023,7,July,Other theft,579,1248649.0,7.94019471488178,0.463701168222615,0.07583497053045186
Surrey Police,2023,7,July,Possession of weapons,72,1248649.0,7.94019471488178,0.05766232143700912,0.009430255402750491
Surrey Police,2023,7,July,Public order,755,1248649.0,7.94019471488178,0.6046535095130817,0.09888670595939751
Surrey Police,2023,7,July,Robbery,30,1248649.0,7.94019471488178,0.024025967265420466,0.003929273084479371
Surrey Police,2023,7,July,Shoplifting,419,1248649.0,7.94019471488178,0.3355626761403725,0.05487884741322855
Surrey Police,2023,7,July,Theft from the person,30,1248649.0,7.94019471488178,0.024025967265420466,0.003929273084479371
Surrey Police,2023,7,July,Vehicle crime,462,1248649.0,7.94019471488178,0.36999989588747517,0.06051080550098232
Surrey Police,2023,7,July,Violence and sexual offences,2646,1248649.0,7.94019471488178,2.1190903128100853,0.34656188605108057
Surrey Police,2023,8,August,Anti-social behaviour,1236,1248649.0,7.94019471488178,0.9898698513353232,0.16992026395380808
Surrey Police,2023,8,August,Bicycle theft,79,1248649.0,7.94019471488178,0.06326838046560723,0.010860599395105856
Surrey Police,2023,8,August,Burglary,266,1248649.0,7.94019471488178,0.21303024308672813,0.03656860049491339
Surrey Police,2023,8,August,Criminal damage and arson,560,1248649.0,7.94019471488178,0.4484847222878487,0.0769865273577124
Surrey Police,2023,8,August,Drugs,178,1248649.0,7.94019471488178,0.14255407244149476,0.024470717624415727
Surrey Police,2023,8,August,Other crime,125,1248649.0,7.94019471488178,0.10010819693925195,0.01718449271377509
Surrey Police,2023,8,August,Other theft,565,1248649.0,7.94019471488178,0.4524890501654188,0.0776739070662634
Surrey Police,2023,8,August,Possession of weapons,72,1248649.0,7.94019471488178,0.05766232143700912,0.009898267803134452
Surrey Police,2023,8,August,Public order,633,1248649.0,7.94019471488178,0.5069479093003718,0.08702227110255706
Surrey Police,2023,8,August,Robbery,35,1248649.0,7.94019471488178,0.028030295142990543,0.004811657959857025
Surrey Police,2023,8,August,Shoplifting,479,1248649.0,7.94019471488178,0.3836146106712135,0.06585097607918615
Surrey Police,2023,8,August,Theft from the person,29,1248649.0,7.94019471488178,0.02322510168990645,0.0039868023095958206
Surrey Police,2023,8,August,Vehicle crime,607,1248649.0,7.94019471488178,0.48612540433700746,0.08344789661809184
Surrey Police,2023,8,August,Violence and sexual offences,2410,1248649.0,7.94019471488178,1.9300860369887773,0.3313170195215837
Surrey Police,2023,9,September,Anti-social behaviour,1361,1248649.0,7.94019471488178,1.0899780482745751,0.1739519427402863
Surrey Police,2023,9,September,Bicycle theft,70,1248649.0,7.94019471488178,0.056060590285981086,0.00894683026584867
Surrey Police,2023,9,September,Burglary,303,1248649.0,7.94019471488178,0.2426622693807467,0.03872699386503067
Surrey Police,2023,9,September,Criminal damage and arson,610,1248649.0,7.94019471488178,0.48852800106354943,0.07796523517382413
Surrey Police,2023,9,September,Drugs,162,1248649.0,7.94019471488178,0.1297402232332705,0.020705521472392636
Surrey Police,2023,9,September,Other crime,136,1248649.0,7.94019471488178,0.10891771826990612,0.017382413087934562
Surrey Police,2023,9,September,Other theft,573,1248649.0,7.94019471488178,0.4588959747695309,0.0732361963190184
Surrey Police,2023,9,September,Possession of weapons,69,1248649.0,7.94019471488178,0.05525972471046707,0.008819018404907975
Surrey Police,2023,9,September,Public order,752,1248649.0,7.94019471488178,0.6022509127865397,0.09611451942740286
Surrey Police,2023,9,September,Robbery,37,1248649.0,7.94019471488178,0.029632026294018576,0.004729038854805726
Surrey Police,2023,9,September,Shoplifting,472,1248649.0,7.94019471488178,0.3780085516426153,0.06032719836400818
Surrey Police,2023,9,September,Theft from the person,29,1248649.0,7.94019471488178,0.02322510168990645,0.0037065439672801636
Surrey Police,2023,9,September,Vehicle crime,626,1248649.0,7.94019471488178,0.5013418502717738,0.08001022494887526
Surrey Police,2023,9,September,Violence and sexual offences,2624,1248649.0,7.94019471488178,2.1014712701487768,0.33537832310838445
Surrey Police,2023,10,October,Anti-social behaviour,1254,1248649.0,7.94019471488178,1.0042854316945755,0.1567108222944264
Surrey Police,2023,10,October,Bicycle theft,105,1248649.0,7.94019471488178,0.08409088542897163,0.013121719570107474
Surrey Police,2023,10,October,Burglary,300,1248649.0,7.94019471488178,0.24025967265420464,0.03749062734316421
Surrey Police,2023,10,October,Criminal damage and arson,602,1248649.0,7.94019471488178,0.48212107645943736,0.07523119220194951
Surrey Police,2023,10,October,Drugs,294,1248649.0,7.94019471488178,0.2354544792011206,0.036740814796300925
Surrey Police,2023,10,October,Other crime,120,1248649.0,7.94019471488178,0.09610386906168186,0.014996250937265684
Surrey Police,2023,10,October,Other theft,585,1248649.0,7.94019471488178,0.4685063616756991,0.0731067233191702
Surrey Police,2023,10,October,Possession of weapons,61,1248649.0,7.94019471488178,0.04885280010635495,0.007623094226443389
Surrey Police,2023,10,October,Public order,756,1248649.0,7.94019471488178,0.6054543750885958,0.09447638090477381
Surrey Police,2023,10,October,Robbery,42,1248649.0,7.94019471488178,0.03363635417158865,0.005248687828042989
Surrey Police,2023,10,October,Shoplifting,484,1248649.0,7.94019471488178,0.3876189385487835,0.060484878780304924
Surrey Police,2023,10,October,Theft from the person,32,1248649.0,7.94019471488178,0.025627698416448498,0.003999000249937516
Surrey Police,2023,10,October,Vehicle crime,680,1248649.0,7.94019471488178,0.5445885913495305,0.0849787553111722
Surrey Police,2023,10,October,Violence and sexual offences,2687,1248649.0,7.94019471488178,2.1519258014061595,0.3357910522369408
Surrey Police,2023,11,November,Anti-social behaviour,1077,1248649.0,7.94019471488178,0.8625322248285947,0.14761513157894737
Surrey Police,2023,11,November,Bicycle theft,77,1248649.0,7.94019471488178,0.0616666493145792,0.010553728070175438
Surrey Police,2023,11,November,Burglary,361,1248649.0,7.94019471488178,0.2891124727605596,0.049479166666666664
Surrey Police,2023,11,November,Criminal damage and arson,645,1248649.0,7.94019471488178,0.51655829620654,0.0884046052631579
Surrey Police,2023,11,November,Drugs,171,1248649.0,7.94019471488178,0.13694801341289664,0.0234375
Surrey Police,2023,11,November,Other crime,137,1248649.0,7.94019471488178,0.10971858384542013,0.018777412280701754
Surrey Police,2023,11,November,Other theft,501,1248649.0,7.94019471488178,0.4012336533325218,0.06866776315789473
Surrey Police,2023,11,November,Possession of weapons,49,1248649.0,7.94019471488178,0.03924241320018676,0.006716008771929825
Surrey Police,2023,11,November,Public order,630,1248649.0,7.94019471488178,0.5045453125738298,0.08634868421052631
Surrey Police,2023,11,November,Robbery,43,1248649.0,7.94019471488178,0.03443721974710267,0.005893640350877193
Surrey Police,2023,11,November,Shoplifting,437,1248649.0,7.94019471488178,0.3499782564996248,0.059895833333333336
Surrey Police,2023,11,November,Theft from the person,40,1248649.0,7.94019471488178,0.03203462302056062,0.005482456140350877
Surrey Police,2023,11,November,Vehicle crime,645,1248649.0,7.94019471488178,0.51655829620654,0.0884046052631579
Surrey Police,2023,11,November,Violence and sexual offences,2483,1248649.0,7.94019471488178,1.9885492240013005,0.3403234649122807
Surrey Police,2023,12,December,Anti-social behaviour,965,1248649.0,7.94019471488178,0.772835280371025,0.14036363636363636
Surrey Police,2023,12,December,Bicycle theft,42,1248649.0,7.94019471488178,0.03363635417158865,0.0061090909090909095
Surrey Police,2023,12,December,Burglary,344,1248649.0,7.94019471488178,0.27549775797682136,0.050036363636363636
Surrey Police,2023,12,December,Criminal damage and arson,509,1248649.0,7.94019471488178,0.4076405779366339,0.07403636363636364
Surrey Police,2023,12,December,Drugs,193,1248649.0,7.94019471488178,0.154567056074205,0.028072727272727274
Surrey Police,2023,12,December,Other crime,139,1248649.0,7.94019471488178,0.11132031499644816,0.02021818181818182
Surrey Police,2023,12,December,Other theft,571,1248649.0,7.94019471488178,0.4572942436185029,0.08305454545454545
Surrey Police,2023,12,December,Possession of weapons,56,1248649.0,7.94019471488178,0.04484847222878487,0.008145454545454546
Surrey Police,2023,12,December,Public order,580,1248649.0,7.94019471488178,0.464502033798129,0.08436363636363636
Surrey Police,2023,12,December,Robbery,51,1248649.0,7.94019471488178,0.0408441443512148,0.0074181818181818186
Surrey Police,2023,12,December,Shoplifting,480,1248649.0,7.94019471488178,0.38441547624672745,0.06981818181818182
Surrey Police,2023,12,December,Theft from the person,49,1248649.0,7.94019471488178,0.03924241320018676,0.007127272727272727
Surrey Police,2023,12,December,Vehicle crime,433,1248649.0,7.94019471488178,0.34677479419756874,0.06298181818181818
Surrey Police,2023,12,December,Violence and sexual offences,2463,1248649.0,7.94019471488178,1.9725319124910203,0.35825454545454544
Surrey Police,2024,1,January,Anti-social behaviour,997,1248649.0,7.94019471488178,0.7984629787874735,0.13957720845583088
Surrey Police,2024,1,January,Bicycle theft,46,1248649.0,7.94019471488178,0.03683981647364471,0.006439871202575949
Surrey Police,2024,1,January,Burglary,386,1248649.0,7.94019471488178,0.30913411214841,0.05403891922161557
Surrey Police,2024,1,January,Criminal damage and arson,583,1248649.0,7.94019471488178,0.46690463052467107,0.08161836763264735
Surrey Police,2024,1,January,Drugs,168,1248649.0,7.94019471488178,0.1345454166863546,0.023519529609407813
Surrey Police,2024,1,January,Other crime,130,1248649.0,7.94019471488178,0.10411252481682202,0.018199636007279855
Surrey Police,2024,1,January,Other theft,556,1248649.0,7.94019471488178,0.44528125998579265,0.07783844323113538
Surrey Police,2024,1,January,Possession of weapons,71,1248649.0,7.94019471488178,0.0568614558614951,0.009939801203975921
Surrey Police,2024,1,January,Public order,595,1248649.0,7.94019471488178,0.4765150174308393,0.08329833403331934
Surrey Police,2024,1,January,Robbery,43,1248649.0,7.94019471488178,0.03443721974710267,0.006019879602407952
Surrey Police,2024,1,January,Shoplifting,526,1248649.0,7.94019471488178,0.4212552927203722,0.07363852722945541
Surrey Police,2024,1,January,Theft from the person,36,1248649.0,7.94019471488178,0.02883116071850456,0.00503989920201596
Surrey Police,2024,1,January,Vehicle crime,561,1248649.0,7.94019471488178,0.4492855878633627,0.07853842923141537
Surrey Police,2024,1,January,Violence and sexual offences,2445,1248649.0,7.94019471488178,1.958116332131768,0.34229315413691724
Surrey Police,2024,2,February,Anti-social behaviour,1059,1248649.0,7.94019471488178,0.8481166444693424,0.15559800176315017
Surrey Police,2024,2,February,Bicycle theft,42,1248649.0,7.94019471488178,0.03363635417158865,0.006171025565677344
Surrey Police,2024,2,February,Burglary,380,1248649.0,7.94019471488178,0.3043289186953259,0.05583308845136644
Surrey Police,2024,2,February,Criminal damage and arson,549,1248649.0,7.94019471488178,0.43967520095719453,0.08066411989421099
Surrey Police,2024,2,February,Drugs,161,1248649.0,7.94019471488178,0.1289393576577565,0.02365559800176315
Surrey Police,2024,2,February,Other crime,173,1248649.0,7.94019471488178,0.1385497445639247,0.025418748163385248
Surrey Police,2024,2,February,Other theft,492,1248649.0,7.94019471488178,0.3940258631528957,0.07228915662650602
Surrey Police,2024,2,February,Possession of weapons,52,1248649.0,7.94019471488178,0.04164500992672881,0.007640317367029092
Surrey Police,2024,2,February,Public order,608,1248649.0,7.94019471488178,0.48692626991252147,0.08933294152218631
Surrey Police,2024,2,February,Robbery,29,1248649.0,7.94019471488178,0.02322510168990645,0.004260946223920071
Surrey Police,2024,2,February,Shoplifting,584,1248649.0,7.94019471488178,0.4677054961001851,0.08580664119894212
Surrey Police,2024,2,February,Theft from the person,36,1248649.0,7.94019471488178,0.02883116071850456,0.005289450484866294
Surrey Police,2024,2,February,Vehicle crime,374,1248649.0,7.94019471488178,0.2995237252422418,0.05495151337055539
Surrey Police,2024,2,February,Violence and sexual offences,2267,1248649.0,7.94019471488178,1.8155622596902732,0.3330884513664414
Surrey Police,2024,3,March,Anti-social behaviour,1118,1248649.0,7.94019471488178,0.8953677134246694,0.15851410747199773
Surrey Police,2024,3,March,Bicycle theft,38,1248649.0,7.94019471488178,0.030432891869532592,0.005387778250389905
Surrey Police,2024,3,March,Burglary,365,1248649.0,7.94019471488178,0.29231593506261566,0.05175102793137672
Surrey Police,2024,3,March,Criminal damage and arson,478,1248649.0,7.94019471488178,0.38281374509569943,0.06777257904437828
Surrey Police,2024,3,March,Drugs,177,1248649.0,7.94019471488178,0.14175320686598075,0.025095703955763504
Surrey Police,2024,3,March,Other crime,184,1248649.0,7.94019471488178,0.14735926589457884,0.026088189422940593
Surrey Police,2024,3,March,Other theft,480,1248649.0,7.94019471488178,0.38441547624672745,0.06805614632071459
Surrey Police,2024,3,March,Possession of weapons,56,1248649.0,7.94019471488178,0.04484847222878487,0.007939883737416702
Surrey Police,2024,3,March,Public order,587,1248649.0,7.94019471488178,0.4701080928267271,0.08322699560470721
Surrey Police,2024,3,March,Robbery,43,1248649.0,7.94019471488178,0.03443721974710267,0.006096696441230682
Surrey Police,2024,3,March,Shoplifting,572,1248649.0,7.94019471488178,0.4580951091940169,0.08110024103218488
Surrey Police,2024,3,March,Theft from the person,31,1248649.0,7.94019471488178,0.024826832840934482,0.004395292783212817
Surrey Police,2024,3,March,Vehicle crime,421,1248649.0,7.94019471488178,0.33716440729140057,0.05969091166879342
Surrey Police,2024,3,March,Violence and sexual offences,2503,1248649.0,7.94019471488178,2.004566535511581,0.35488444633489297
Surrey Police,2024,4,April,Anti-social behaviour,1133,1248649.0,7.94019471488178,0.9073806970573797,0.15552505147563486
Surrey Police,2024,4,April,Bicycle theft,40,1248649.0,7.94019471488178,0.03203462302056062,0.00549073438572409
Surrey Police,2024,4,April,Burglary,356,1248649.0,7.94019471488178,0.2851081448829895,0.04886753603294441
Surrey Police,2024,4,April,Criminal damage and arson,519,1248649.0,7.94019471488178,0.4156492336917741,0.07124227865477008
Surrey Police,2024,4,April,Drugs,192,1248649.0,7.94019471488178,0.153766190498691,0.026355525051475634
Surrey Police,2024,4,April,Other crime,155,1248649.0,7.94019471488178,0.12413416420467241,0.02127659574468085
Surrey Police,2024,4,April,Other theft,556,1248649.0,7.94019471488178,0.44528125998579265,0.07632120796156486
Surrey Police,2024,4,April,Possession of weapons,65,1248649.0,7.94019471488178,0.05205626240841101,0.008922443376801648
Surrey Police,2024,4,April,Public order,644,1248649.0,7.94019471488178,0.515757430631026,0.08840082361015786
Surrey Police,2024,4,April,Robbery,48,1248649.0,7.94019471488178,0.03844154762467275,0.0065888812628689085
Surrey Police,2024,4,April,Shoplifting,680,1248649.0,7.94019471488178,0.5445885913495305,0.09334248455730954
Surrey Police,2024,4,April,Theft from the person,53,1248649.0,7.94019471488178,0.042445875502242825,0.0072752230610844204
Surrey Police,2024,4,April,Vehicle crime,540,1248649.0,7.94019471488178,0.4324674107775684,0.07412491420727522
Surrey Police,2024,4,April,Violence and sexual offences,2304,1248649.0,7.94019471488178,1.8451942859842918,0.3162663006177076
Surrey Police,2024,5,May,Anti-social behaviour,1389,1248649.0,7.94019471488178,1.1124022843889676,0.17591185410334345
Surrey Police,2024,5,May,Bicycle theft,46,1248649.0,7.94019471488178,0.03683981647364471,0.005825734549138805
Surrey Police,2024,5,May,Burglary,274,1248649.0,7.94019471488178,0.21943716769084026,0.03470111448834853
Surrey Police,2024,5,May,Criminal damage and arson,571,1248649.0,7.94019471488178,0.4572942436185029,0.07231509625126646
Surrey Police,2024,5,May,Drugs,194,1248649.0,7.94019471488178,0.155367921649719,0.024569402228976696
Surrey Police,2024,5,May,Other crime,188,1248649.0,7.94019471488178,0.15056272819663494,0.023809523809523808
Surrey Police,2024,5,May,Other theft,495,1248649.0,7.94019471488178,0.3964284598794377,0.06268996960486323
Surrey Police,2024,5,May,Possession of weapons,70,1248649.0,7.94019471488178,0.056060590285981086,0.008865248226950355
Surrey Police,2024,5,May,Public order,841,1248649.0,7.94019471488178,0.6735279490072871,0.1065096251266464
Surrey Police,2024,5,May,Robbery,55,1248649.0,7.94019471488178,0.04404760665327086,0.006965552178318136
Surrey Police,2024,5,May,Shoplifting,529,1248649.0,7.94019471488178,0.4236578894469142,0.06699594731509625
Surrey Police,2024,5,May,Theft from the person,47,1248649.0,7.94019471488178,0.037640682049158734,0.005952380952380952
Surrey Police,2024,5,May,Vehicle crime,459,1248649.0,7.94019471488178,0.3675972991609331,0.058130699088145894
Surrey Police,2024,5,May,Violence and sexual offences,2738,1248649.0,7.94019471488178,2.1927699457573744,0.346757852077001
Surrey Police,2024,6,June,Anti-social behaviour,1452,1248649.0,7.94019471488178,1.1628568156463506,0.1868485394415133
Surrey Police,2024,6,June,Bicycle theft,47,1248649.0,7.94019471488178,0.037640682049158734,0.006048127654098572
Surrey Police,2024,6,June,Burglary,234,1248649.0,7.94019471488178,0.18740254467027964,0.03011195470338438
Surrey Police,2024,6,June,Criminal damage and arson,605,1248649.0,7.94019471488178,0.4845236731859794,0.07785355810063055
Surrey Police,2024,6,June,Drugs,176,1248649.0,7.94019471488178,0.14095234129046674,0.022648307811092522
Surrey Police,2024,6,June,Other crime,214,1248649.0,7.94019471488178,0.17138523315999935,0.027538283361214774
Surrey Police,2024,6,June,Other theft,502,1248649.0,7.94019471488178,0.4020345189080358,0.06459915068845709
Surrey Police,2024,6,June,Possession of weapons,62,1248649.0,7.94019471488178,0.049653665681868964,0.007978381160725776
Surrey Police,2024,6,June,Public order,773,1248649.0,7.94019471488178,0.619069089872334,0.09947239737485523
Surrey Police,2024,6,June,Robbery,48,1248649.0,7.94019471488178,0.03844154762467275,0.006176811221207052
Surrey Police,2024,6,June,Shoplifting,600,1248649.0,7.94019471488178,0.4805193453084093,0.07721014026508814
Surrey Police,2024,6,June,Theft from the person,45,1248649.0,7.94019471488178,0.0360389508981307,0.0057907605198816115
Surrey Police,2024,6,June,Vehicle crime,400,1248649.0,7.94019471488178,0.3203462302056062,0.0514734268433921
Surrey Police,2024,6,June,Violence and sexual offences,2613,1248649.0,7.94019471488178,2.0926617488181227,0.3362501608544589
Surrey Police,2024,7,July,Anti-social behaviour,1315,1248649.0,7.94019471488178,1.0531382318009304,0.17866847826086957
Surrey Police,2024,7,July,Bicycle theft,39,1248649.0,7.94019471488178,0.031233757445046608,0.005298913043478261
Surrey Police,2024,7,July,Burglary,223,1248649.0,7.94019471488178,0.17859302333962546,0.03029891304347826
Surrey Police,2024,7,July,Criminal damage and arson,575,1248649.0,7.94019471488178,0.46049770592055894,0.078125
Surrey Police,2024,7,July,Drugs,201,1248649.0,7.94019471488178,0.16097398067831714,0.02730978260869565
Surrey Police,2024,7,July,Other crime,155,1248649.0,7.94019471488178,0.12413416420467241,0.021059782608695652
Surrey Police,2024,7,July,Other theft,508,1248649.0,7.94019471488178,0.4068397123611199,0.06902173913043479
Surrey Police,2024,7,July,Possession of weapons,50,1248649.0,7.94019471488178,0.040043278775700776,0.006793478260869565
Surrey Police,2024,7,July,Public order,709,1248649.0,7.94019471488178,0.5678136930394371,0.09633152173913044
Surrey Police,2024,7,July,Robbery,37,1248649.0,7.94019471488178,0.029632026294018576,0.005027173913043478
Surrey Police,2024,7,July,Shoplifting,498,1248649.0,7.94019471488178,0.3988310566059798,0.06766304347826087
Surrey Police,2024,7,July,Theft from the person,47,1248649.0,7.94019471488178,0.037640682049158734,0.006385869565217392
Surrey Police,2024,7,July,Vehicle crime,382,1248649.0,7.94019471488178,0.30593064984635393,0.05190217391304348
Surrey Police,2024,7,July,Violence and sexual offences,2621,1248649.0,7.94019471488178,2.099068673422235,0.3561141304347826
Surrey Police,2024,8,August,Anti-social behaviour,1328,1248649.0,7.94019471488178,1.0635494842826128,0.18107444777747478
Surrey Police,2024,8,August,Bicycle theft,68,1248649.0,7.94019471488178,0.05445885913495306,0.009271884374147804
Surrey Police,2024,8,August,Burglary,244,1248649.0,7.94019471488178,0.1954112004254198,0.03326970275429506
Surrey Police,2024,8,August,Criminal damage and arson,530,1248649.0,7.94019471488178,0.42445875502242825,0.07226615762203437
Surrey Police,2024,8,August,Drugs,162,1248649.0,7.94019471488178,0.1297402232332705,0.02208890100899918
Surrey Police,2024,8,August,Other crime,177,1248649.0,7.94019471488178,0.14175320686598075,0.02413416962094355
Surrey Police,2024,8,August,Other theft,448,1248649.0,7.94019471488178,0.358787777830279,0.06108535587673848
Surrey Police,2024,8,August,Possession of weapons,62,1248649.0,7.94019471488178,0.049653665681868964,0.008453776929370058
Surrey Police,2024,8,August,Public order,800,1248649.0,7.94019471488178,0.6406924604112124,0.109080992637033
Surrey Police,2024,8,August,Robbery,38,1248649.0,7.94019471488178,0.030432891869532592,0.0051813471502590676
Surrey Police,2024,8,August,Shoplifting,405,1248649.0,7.94019471488178,0.3243505580831763,0.055222252522497954
Surrey Police,2024,8,August,Theft from the person,31,1248649.0,7.94019471488178,0.024826832840934482,0.004226888464685029
Surrey Police,2024,8,August,Vehicle crime,363,1248649.0,7.94019471488178,0.29071420391158764,0.04949550040905372
Surrey Police,2024,8,August,Violence and sexual offences,2678,1248649.0,7.94019471488178,2.1447180112265336,0.36514862285246796
Surrey Police,2024,9,September,Anti-social behaviour,1133,1248649.0,7.94019471488178,0.9073806970573797,0.1690035799522673
Surrey Police,2024,9,September,Bicycle theft,48,1248649.0,7.94019471488178,0.03844154762467275,0.007159904534606206
Surrey Police,2024,9,September,Burglary,239,1248649.0,7.94019471488178,0.19140687254784972,0.03565035799522673
Surrey Police,2024,9,September,Criminal damage and arson,542,1248649.0,7.94019471488178,0.4340691419285964,0.0808472553699284
Surrey Police,2024,9,September,Drugs,192,1248649.0,7.94019471488178,0.153766190498691,0.028639618138424822
Surrey Police,2024,9,September,Other crime,162,1248649.0,7.94019471488178,0.1297402232332705,0.02416467780429594
Surrey Police,2024,9,September,Other theft,447,1248649.0,7.94019471488178,0.357986912254765,0.06667661097852029
Surrey Police,2024,9,September,Possession of weapons,48,1248649.0,7.94019471488178,0.03844154762467275,0.007159904534606206
Surrey Police,2024,9,September,Public order,651,1248649.0,7.94019471488178,0.5213634896596241,0.09710620525059666
Surrey Police,2024,9,September,Robbery,40,1248649.0,7.94019471488178,0.03203462302056062,0.0059665871121718375
Surrey Police,2024,9,September,Shoplifting,471,1248649.0,7.94019471488178,0.3772076860671013,0.07025656324582338
Surrey Police,2024,9,September,Theft from the person,39,1248649.0,7.94019471488178,0.031233757445046608,0.005817422434367542
Surrey Police,2024,9,September,Vehicle crime,309,1248649.0,7.94019471488178,0.2474674628338308,0.046091885441527446
Surrey Police,2024,9,September,Violence and sexual offences,2383,1248649.0,7.94019471488178,1.9084626664498991,0.35545942720763724
Surrey Police,2024,10,October,Anti-social behaviour,1283,1248649.0,7.94019471488178,1.0275105333844818,0.16815203145478375
Surrey Police,2024,10,October,Bicycle theft,57,1248649.0,7.94019471488178,0.04564933780429889,0.0074705111402359105
Surrey Police,2024,10,October,Burglary,347,1248649.0,7.94019471488178,0.2779003547033634,0.045478374836173
Surrey Police,2024,10,October,Criminal damage and arson,564,1248649.0,7.94019471488178,0.4516881845899048,0.07391874180865006
Surrey Police,2024,10,October,Drugs,348,1248649.0,7.94019471488178,0.2787012202788774,0.04560943643512451
Surrey Police,2024,10,October,Other crime,180,1248649.0,7.94019471488178,0.1441558035925228,0.023591087811271297
Surrey Police,2024,10,October,Other theft,533,1248649.0,7.94019471488178,0.4268613517489703,0.06985583224115334
Surrey Police,2024,10,October,Possession of weapons,67,1248649.0,7.94019471488178,0.05365799355943904,0.008781127129750982
Surrey Police,2024,10,October,Public order,713,1248649.0,7.94019471488178,0.5710171553414931,0.09344692005242464
Surrey Police,2024,10,October,Robbery,54,1248649.0,7.94019471488178,0.04324674107775684,0.007077326343381389
Surrey Police,2024,10,October,Shoplifting,511,1248649.0,7.94019471488178,0.40924230908766196,0.06697247706422019
Surrey Police,2024,10,October,Theft from the person,62,1248649.0,7.94019471488178,0.049653665681868964,0.008125819134993446
Surrey Police,2024,10,October,Vehicle crime,399,1248649.0,7.94019471488178,0.3195453646300922,0.05229357798165138
Surrey Police,2024,10,October,Violence and sexual offences,2512,1248649.0,7.94019471488178,2.0117743256912073,0.3292267365661861
Surrey Police,2024,11,November,Anti-social behaviour,1042,1248649.0,7.94019471488178,0.8345019296856042,0.14258347016967707
Surrey Police,2024,11,November,Bicycle theft,56,1248649.0,7.94019471488178,0.04484847222878487,0.007662835249042145
Surrey Police,2024,11,November,Burglary,347,1248649.0,7.94019471488178,0.2779003547033634,0.047482211275314726
Surrey Police,2024,11,November,Criminal damage and arson,624,1248649.0,7.94019471488178,0.49974011912074573,0.08538587848932677
Surrey Police,2024,11,November,Drugs,295,1248649.0,7.94019471488178,0.2362553447766346,0.04036672140120416
Surrey Police,2024,11,November,Other crime,210,1248649.0,7.94019471488178,0.16818177085794325,0.028735632183908046
Surrey Police,2024,11,November,Other theft,524,1248649.0,7.94019471488178,0.4196535615693442,0.07170224411603722
Surrey Police,2024,11,November,Possession of weapons,56,1248649.0,7.94019471488178,0.04484847222878487,0.007662835249042145
Surrey Police,2024,11,November,Public order,678,1248649.0,7.94019471488178,0.5429868601985026,0.09277504105090312
Surrey Police,2024,11,November,Robbery,39,1248649.0,7.94019471488178,0.031233757445046608,0.005336617405582923
Surrey Police,2024,11,November,Shoplifting,560,1248649.0,7.94019471488178,0.4484847222878487,0.07662835249042145
Surrey Police,2024,11,November,Theft from the person,50,1248649.0,7.94019471488178,0.040043278775700776,0.006841817186644773
Surrey Police,2024,11,November,Vehicle crime,462,1248649.0,7.94019471488178,0.36999989588747517,0.06321839080459771
Surrey Police,2024,11,November,Violence and sexual offences,2365,1248649.0,7.94019471488178,1.8940470860906469,0.32361795292829776
Surrey Police,2024,12,December,Anti-social behaviour,869,1248649.0,7.94019471488178,0.6959521851216794,0.1300703487501871
Surrey Police,2024,12,December,Bicycle theft,54,1248649.0,7.94019471488178,0.04324674107775684,0.008082622361921869
Surrey Police,2024,12,December,Burglary,223,1248649.0,7.94019471488178,0.17859302333962546,0.03337823679089957
Surrey Police,2024,12,December,Criminal damage and arson,494,1248649.0,7.94019471488178,0.3956275943039237,0.07394102679239635
Surrey Police,2024,12,December,Drugs,240,1248649.0,7.94019471488178,0.19220773812336372,0.03592276605298608
Surrey Police,2024,12,December,Other crime,174,1248649.0,7.94019471488178,0.1393506101394387,0.026044005388414906
Surrey Police,2024,12,December,Other theft,530,1248649.0,7.94019471488178,0.42445875502242825,0.07932944170034426
Surrey Police,2024,12,December,Possession of weapons,57,1248649.0,7.94019471488178,0.04564933780429889,0.008531656937584195
Surrey Police,2024,12,December,Public order,585,1248649.0,7.94019471488178,0.4685063616756991,0.08756174225415357
Surrey Police,2024,12,December,Robbery,22,1248649.0,7.94019471488178,0.017619042661308343,0.003292920221523724
Surrey Police,2024,12,December,Shoplifting,471,1248649.0,7.94019471488178,0.3772076860671013,0.07049842837898518
Surrey Police,2024,12,December,Theft from the person,39,1248649.0,7.94019471488178,0.031233757445046608,0.0058374494836102376
Surrey Police,2024,12,December,Vehicle crime,361,1248649.0,7.94019471488178,0.2891124727605596,0.05403382727136656
Surrey Police,2024,12,December,Violence and sexual offences,2562,1248649.0,7.94019471488178,2.051817604466908,0.3834755276156264
Surrey Police,2025,1,January,Anti-social behaviour,718,1248649.0,7.94019471488178,0.5750214832190632,0.11478816946442846
Surrey Police,2025,1,January,Bicycle theft,34,1248649.0,7.94019471488178,0.02722942956747653,0.005435651478816947
Surrey Police,2025,1,January,Burglary,266,1248649.0,7.94019471488178,0.21303024308672813,0.0425259792166267
Surrey Police,2025,1,January,Criminal damage and arson,495,1248649.0,7.94019471488178,0.3964284598794377,0.07913669064748201
Surrey Police,2025,1,January,Drugs,287,1248649.0,7.94019471488178,0.22984842017252244,0.045883293365307755
Surrey Police,2025,1,January,Other crime,190,1248649.0,7.94019471488178,0.15216445934766296,0.030375699440447643
Surrey Police,2025,1,January,Other theft,460,1248649.0,7.94019471488178,0.36839816473644715,0.07354116706634692
Surrey Police,2025,1,January,Possession of weapons,58,1248649.0,7.94019471488178,0.0464502033798129,0.009272581934452438
Surrey Police,2025,1,January,Public order,565,1248649.0,7.94019471488178,0.4524890501654188,0.0903277378097522
Surrey Police,2025,1,January,Robbery,30,1248649.0,7.94019471488178,0.024025967265420466,0.004796163069544364
Surrey Police,2025,1,January,Shoplifting,467,1248649.0,7.94019471488178,0.3740042237650453,0.07466027178257394
Surrey Police,2025,1,January,Theft from the person,42,1248649.0,7.94019471488178,0.03363635417158865,0.00671462829736211
Surrey Police,2025,1,January,Vehicle crime,326,1248649.0,7.94019471488178,0.2610821776175691,0.052118305355715426
Surrey Police,2025,1,January,Violence and sexual offences,2317,1248649.0,7.94019471488178,1.855605538465974,0.3704236610711431
Surrey Police,2025,2,February,Anti-social behaviour,714,1248649.0,7.94019471488178,0.5718180209170072,0.11959798994974874
Surrey Police,2025,2,February,Bicycle theft,45,1248649.0,7.94019471488178,0.0360389508981307,0.007537688442211055
Surrey Police,2025,2,February,Burglary,228,1248649.0,7.94019471488178,0.18259735121719556,0.03819095477386935
Surrey Police,2025,2,February,Criminal damage and arson,484,1248649.0,7.94019471488178,0.3876189385487835,0.08107202680067002
Surrey Police,2025,2,February,Drugs,212,1248649.0,7.94019471488178,0.1697835020089713,0.035510887772194306
Surrey Police,2025,2,February,Other crime,166,1248649.0,7.94019471488178,0.1329436855353266,0.02780569514237856
Surrey Police,2025,2,February,Other theft,413,1248649.0,7.94019471488178,0.3307574826872884,0.06917922948073701
Surrey Police,2025,2,February,Possession of weapons,54,1248649.0,7.94019471488178,0.04324674107775684,0.009045226130653266
Surrey Police,2025,2,February,Public order,533,1248649.0,7.94019471488178,0.4268613517489703,0.08927973199329983
Surrey Police,2025,2,February,Robbery,33,1248649.0,7.94019471488178,0.02642856399196251,0.005527638190954774
Surrey Police,2025,2,February,Shoplifting,502,1248649.0,7.94019471488178,0.4020345189080358,0.08408710217755444
Surrey Police,2025,2,February,Theft from the person,39,1248649.0,7.94019471488178,0.031233757445046608,0.006532663316582915
Surrey Police,2025,2,February,Vehicle crime,296,1248649.0,7.94019471488178,0.2370562103521486,0.04958123953098827
Surrey Police,2025,2,February,Violence and sexual offences,2251,1248649.0,7.94019471488178,1.802748410482049,0.3770519262981575
Surrey Police,2025,3,March,Anti-social behaviour,1065,1248649.0,7.94019471488178,0.8529218379224265,0.1411156751026898
Surrey Police,2025,3,March,Bicycle theft,47,1248649.0,7.94019471488178,0.037640682049158734,0.006227640121902743
Surrey Police,2025,3,March,Burglary,295,1248649.0,7.94019471488178,0.2362553447766346,0.039088379488538494
Surrey Police,2025,3,March,Criminal damage and arson,638,1248649.0,7.94019471488178,0.5109522371779419,0.08453690208029681
Surrey Police,2025,3,March,Drugs,283,1248649.0,7.94019471488178,0.2266449578704664,0.037498343712733535
Surrey Police,2025,3,March,Other crime,207,1248649.0,7.94019471488178,0.1657791741314012,0.027428117132635484
Surrey Police,2025,3,March,Other theft,519,1248649.0,7.94019471488178,0.4156492336917741,0.06876904730356433
Surrey Police,2025,3,March,Possession of weapons,73,1248649.0,7.94019471488178,0.058463187012523135,0.009672717636146813
Surrey Police,2025,3,March,Public order,744,1248649.0,7.94019471488178,0.5958439881824276,0.09858221809990725
Surrey Police,2025,3,March,Robbery,30,1248649.0,7.94019471488178,0.024025967265420466,0.003975089439512389
Surrey Police,2025,3,March,Shoplifting,553,1248649.0,7.94019471488178,0.44287866325925057,0.07327414866834504
Surrey Police,2025,3,March,Theft from the person,50,1248649.0,7.94019471488178,0.040043278775700776,0.0066251490658539814
Surrey Police,2025,3,March,Vehicle crime,394,1248649.0,7.94019471488178,0.3155410367525221,0.052206174638929376
Surrey Police,2025,3,March,Violence and sexual offences,2649,1248649.0,7.94019471488178,2.121492909536627,0.35100039750894396
Surrey Police,2025,4,April,Anti-social behaviour,1168,1248649.0,7.94019471488178,0.9354109922003702,0.15788050824547176
Surrey Police,2025,4,April,Bicycle theft,58,1248649.0,7.94019471488178,0.0464502033798129,0.007839956745066235
Surrey Police,2025,4,April,Burglary,218,1248649.0,7.94019471488178,0.17458869546205538,0.02946742362800757
Surrey Police,2025,4,April,Criminal damage and arson,654,1248649.0,7.94019471488178,0.5237660863861662,0.08840227088402271
Surrey Police,2025,4,April,Drugs,279,1248649.0,7.94019471488178,0.22344149556841034,0.037712895377128956
Surrey Police,2025,4,April,Other crime,221,1248649.0,7.94019471488178,0.17699129218859744,0.02987293863206272
Surrey Police,2025,4,April,Other theft,482,1248649.0,7.94019471488178,0.38601720739775547,0.06515274398486078
Surrey Police,2025,4,April,Possession of weapons,69,1248649.0,7.94019471488178,0.05525972471046707,0.00932684509326845
Surrey Police,2025,4,April,Public order,739,1248649.0,7.94019471488178,0.5918396603048575,0.0998918626655853
Surrey Police,2025,4,April,Robbery,34,1248649.0,7.94019471488178,0.02722942956747653,0.0045958367126250335
Surrey Police,2025,4,April,Shoplifting,522,1248649.0,7.94019471488178,0.4180518304183161,0.0705596107055961
Surrey Police,2025,4,April,Theft from the person,35,1248649.0,7.94019471488178,0.028030295142990543,0.004731008380643417
Surrey Police,2025,4,April,Vehicle crime,381,1248649.0,7.94019471488178,0.3051297842708399,0.05150040551500405
Surrey Police,2025,4,April,Violence and sexual offences,2538,1248649.0,7.94019471488178,2.032596830654571,0.34306569343065696
Surrey Police,2025,5,May,Anti-social behaviour,1368,1248649.0,7.94019471488178,1.0955841073031731,0.168141592920354
Surrey Police,2025,5,May,Bicycle theft,62,1248649.0,7.94019471488178,0.049653665681868964,0.007620452310717798
Surrey Police,2025,5,May,Burglary,256,1248649.0,7.94019471488178,0.20502158733158798,0.03146509341199607
Surrey Police,2025,5,May,Criminal damage and arson,652,1248649.0,7.94019471488178,0.5221643552351382,0.08013765978367748
Surrey Police,2025,5,May,Drugs,251,1248649.0,7.94019471488178,0.2010172594540179,0.030850540806293018
Surrey Police,2025,5,May,Other crime,199,1248649.0,7.94019471488178,0.1593722495272891,0.024459193706981318
Surrey Police,2025,5,May,Other theft,520,1248649.0,7.94019471488178,0.4164500992672881,0.063913470993117
Surrey Police,2025,5,May,Possession of weapons,76,1248649.0,7.94019471488178,0.060865783739065184,0.009341199606686333
Surrey Police,2025,5,May,Public order,780,1248649.0,7.94019471488178,0.6246751489009321,0.09587020648967552
Surrey Police,2025,5,May,Robbery,58,1248649.0,7.94019471488178,0.0464502033798129,0.0071288102261553585
Surrey Police,2025,5,May,Shoplifting,534,1248649.0,7.94019471488178,0.4276622173244843,0.06563421828908554
Surrey Police,2025,5,May,Theft from the person,40,1248649.0,7.94019471488178,0.03203462302056062,0.004916420845624385
Surrey Police,2025,5,May,Vehicle crime,435,1248649.0,7.94019471488178,0.34837652534859676,0.05346607669616519
Surrey Police,2025,5,May,Violence and sexual offences,2905,1248649.0,7.94019471488178,2.326514496868215,0.35705506391347097
Surrey Police,2025,6,June,Anti-social behaviour,1315,1248649.0,7.94019471488178,1.0531382318009304,0.1673027989821883
Surrey Police,2025,6,June,Bicycle theft,58,1248649.0,7.94019471488178,0.0464502033798129,0.007379134860050891
Surrey Police,2025,6,June,Burglary,223,1248649.0,7.94019471488178,0.17859302333962546,0.02837150127226463
Surrey Police,2025,6,June,Criminal damage and arson,651,1248649.0,7.94019471488178,0.5213634896596241,0.08282442748091604
Surrey Police,2025,6,June,Drugs,223,1248649.0,7.94019471488178,0.17859302333962546,0.02837150127226463
Surrey Police,2025,6,June,Other crime,178,1248649.0,7.94019471488178,0.14255407244149476,0.022646310432569976
Surrey Police,2025,6,June,Other theft,502,1248649.0,7.94019471488178,0.4020345189080358,0.0638676844783715
Surrey Police,2025,6,June,Possession of weapons,60,1248649.0,7.94019471488178,0.04805193453084093,0.007633587786259542
Surrey Police,2025,6,June,Public order,784,1248649.0,7.94019471488178,0.6278786112029882,0.09974554707379135
Surrey Police,2025,6,June,Robbery,68,1248649.0,7.94019471488178,0.05445885913495306,0.008651399491094147
Surrey Police,2025,6,June,Shoplifting,434,1248649.0,7.94019471488178,0.34757565977308275,0.055216284987277355
Surrey Police,2025,6,June,Theft from the person,46,1248649.0,7.94019471488178,0.03683981647364471,0.0058524173027989825
Surrey Police,2025,6,June,Vehicle crime,408,1248649.0,7.94019471488178,0.3267531548097184,0.051908396946564885
Surrey Police,2025,6,June,Violence and sexual offences,2910,1248649.0,7.94019471488178,2.330518824745785,0.3702290076335878
Surrey Police,2025,7,July,Anti-social behaviour,1432,1248649.0,7.94019471488178,1.1468395041360704,0.17370208636584183
Surrey Police,2025,7,July,Bicycle theft,58,1248649.0,7.94019471488178,0.0464502033798129,0.007035419699175158
Surrey Police,2025,7,July,Burglary,260,1248649.0,7.94019471488178,0.20822504963364405,0.03153808830664726
Surrey Police,2025,7,July,Criminal damage and arson,605,1248649.0,7.94019471488178,0.4845236731859794,0.07338670548277536
Surrey Police,2025,7,July,Drugs,250,1248649.0,7.94019471488178,0.2002163938785039,0.03032508491023775
Surrey Police,2025,7,July,Other crime,190,1248649.0,7.94019471488178,0.15216445934766296,0.023047064531780688
Surrey Police,2025,7,July,Other theft,532,1248649.0,7.94019471488178,0.42606048617345627,0.06453178068898593
Surrey Police,2025,7,July,Possession of weapons,71,1248649.0,7.94019471488178,0.0568614558614951,0.00861232411450752
Surrey Police,2025,7,July,Public order,894,1248649.0,7.94019471488178,0.71597382450953,0.10844250363901019
Surrey Police,2025,7,July,Robbery,56,1248649.0,7.94019471488178,0.04484847222878487,0.006792819019893256
Surrey Police,2025,7,July,Shoplifting,422,1248649.0,7.94019471488178,0.3379652728669146,0.05118874332848132
Surrey Police,2025,7,July,Theft from the person,45,1248649.0,7.94019471488178,0.0360389508981307,0.0054585152838427945
Surrey Police,2025,7,July,Vehicle crime,344,1248649.0,7.94019471488178,0.27549775797682136,0.041727316836487144
Surrey Police,2025,7,July,Violence and sexual offences,3085,1248649.0,7.94019471488178,2.4706703004607378,0.37421154779233384
Surrey Police,2025,8,August,Anti-social behaviour,1353,1248649.0,7.94019471488178,1.083571123670463,0.17115749525616697
Surrey Police,2025,8,August,Bicycle theft,67,1248649.0,7.94019471488178,0.05365799355943904,0.008475648323845668
Surrey Police,2025,8,August,Burglary,255,1248649.0,7.94019471488178,0.20422072175607395,0.03225806451612903
Surrey Police,2025,8,August,Criminal damage and arson,654,1248649.0,7.94019471488178,0.5237660863861662,0.08273244781783681
Surrey Police,2025,8,August,Drugs,234,1248649.0,7.94019471488178,0.18740254467027964,0.029601518026565465
Surrey Police,2025,8,August,Other crime,177,1248649.0,7.94019471488178,0.14175320686598075,0.022390891840607212
Surrey Police,2025,8,August,Other theft,533,1248649.0,7.94019471488178,0.4268613517489703,0.06742567994939912
Surrey Police,2025,8,August,Possession of weapons,72,1248649.0,7.94019471488178,0.05766232143700912,0.009108159392789373
Surrey Police,2025,8,August,Public order,802,1248649.0,7.94019471488178,0.6422941915622404,0.10145477545857053
Surrey Police,2025,8,August,Robbery,67,1248649.0,7.94019471488178,0.05365799355943904,0.008475648323845668
Surrey Police,2025,8,August,Shoplifting,633,1248649.0,7.94019471488178,0.5069479093003718,0.08007590132827325
Surrey Police,2025,8,August,Theft from the person,39,1248649.0,7.94019471488178,0.031233757445046608,0.004933586337760911
Surrey Police,2025,8,August,Vehicle crime,303,1248649.0,7.94019471488178,0.2426622693807467,0.038330170777988615
Surrey Police,2025,8,August,Violence and sexual offences,2716,1248649.0,7.94019471488178,2.1751509030960663,0.34358001265022137
Surrey Police,2025,9,September,Anti-social behaviour,1204,1248649.0,7.94019471488178,0.9642421529188747,0.16301110208502573
Surrey Police,2025,9,September,Bicycle theft,60,1248649.0,7.94019471488178,0.04805193453084093,0.008123476848090982
Surrey Police,2025,9,September,Burglary,253,1248649.0,7.94019471488178,0.20261899060504593,0.03425399404278365
Surrey Police,2025,9,September,Criminal damage and arson,567,1248649.0,7.94019471488178,0.4540907813164468,0.07676685621445979
Surrey Police,2025,9,September,Drugs,263,1248649.0,7.94019471488178,0.2106276463601861,0.03560790685079881
Surrey Police,2025,9,September,Other crime,185,1248649.0,7.94019471488178,0.14816013147009288,0.025047386948280532
Surrey Police,2025,9,September,Other theft,501,1248649.0,7.94019471488178,0.4012336533325218,0.06783103168155971
Surrey Police,2025,9,September,Possession of weapons,59,1248649.0,7.94019471488178,0.047251068955326915,0.007988085567289466
Surrey Police,2025,9,September,Public order,745,1248649.0,7.94019471488178,0.5966448537579415,0.10086650419712971
Surrey Police,2025,9,September,Robbery,42,1248649.0,7.94019471488178,0.03363635417158865,0.005686433793663688
Surrey Police,2025,9,September,Shoplifting,526,1248649.0,7.94019471488178,0.4212552927203722,0.07121581370159762
Surrey Police,2025,9,September,Theft from the person,44,1248649.0,7.94019471488178,0.035238085322616686,0.005957216355266721
Surrey Police,2025,9,September,Vehicle crime,358,1248649.0,7.94019471488178,0.2867098760340176,0.048470078526942864
Surrey Police,2025,9,September,Violence and sexual offences,2579,1248649.0,7.94019471488178,2.0654323192506463,0.3491741131871107
Surrey Police,2025,10,October,Anti-social behaviour,1211,1248649.0,7.94019471488178,0.9698482119474728,0.15969932744296453
Surrey Police,2025,10,October,Bicycle theft,69,1248649.0,7.94019471488178,0.05525972471046707,0.00909930106817882
Surrey Police,2025,10,October,Burglary,299,1248649.0,7.94019471488178,0.23945880707869063,0.03943030462877489
Surrey Police,2025,10,October,Criminal damage and arson,530,1248649.0,7.94019471488178,0.42445875502242825,0.06989318211789529
Surrey Police,2025,10,October,Drugs,321,1248649.0,7.94019471488178,0.257077849739999,0.04233153105631017
Surrey Police,2025,10,October,Other crime,222,1248649.0,7.94019471488178,0.17779215776411145,0.029276012132401424
Surrey Police,2025,10,October,Other theft,505,1248649.0,7.94019471488178,0.40443711563457785,0.06659633390478702
Surrey Police,2025,10,October,Possession of weapons,63,1248649.0,7.94019471488178,0.05045453125738297,0.008308057497032837
Surrey Police,2025,10,October,Public order,721,1248649.0,7.94019471488178,0.5774240799456053,0.09508110246604247
Surrey Police,2025,10,October,Robbery,55,1248649.0,7.94019471488178,0.04404760665327086,0.007253066068838191
Surrey Police,2025,10,October,Shoplifting,567,1248649.0,7.94019471488178,0.4540907813164468,0.07477251747329552
Surrey Police,2025,10,October,Theft from the person,39,1248649.0,7.94019471488178,0.031233757445046608,0.005143083212448898
Surrey Police,2025,10,October,Vehicle crime,390,1248649.0,7.94019471488178,0.31233757445046606,0.05143083212448899
Surrey Police,2025,10,October,Violence and sexual offences,2591,1248649.0,7.94019471488178,2.0750427061568146,0.34168534880654094
Surrey Police,2025,11,November,Anti-social behaviour,1002,1248649.0,7.94019471488178,0.8024673066650436,0.1466198419666374
Surrey Police,2025,11,November,Bicycle theft,46,1248649.0,7.94019471488178,0.03683981647364471,0.006731050629206907
Surrey Police,2025,11,November,Burglary,301,1248649.0,7.94019471488178,0.24106053822971868,0.0440444834650278
Surrey Police,2025,11,November,Criminal damage and arson,485,1248649.0,7.94019471488178,0.38841980412429755,0.07096868598185543
Surrey Police,2025,11,November,Drugs,253,1248649.0,7.94019471488178,0.20261899060504593,0.03702077846063798
Surrey Police,2025,11,November,Other crime,177,1248649.0,7.94019471488178,0.14175320686598075,0.025899912203687446
Surrey Police,2025,11,November,Other theft,473,1248649.0,7.94019471488178,0.3788094172181294,0.06921275973075798
Surrey Police,2025,11,November,Possession of weapons,76,1248649.0,7.94019471488178,0.060865783739065184,0.01112086625695054
Surrey Police,2025,11,November,Public order,522,1248649.0,7.94019471488178,0.4180518304183161,0.07638279192273925
Surrey Police,2025,11,November,Robbery,63,1248649.0,7.94019471488178,0.05045453125738297,0.009218612818261633
Surrey Police,2025,11,November,Shoplifting,552,1248649.0,7.94019471488178,0.44207779768373656,0.08077260755048288
Surrey Police,2025,11,November,Theft from the person,56,1248649.0,7.94019471488178,0.04484847222878487,0.008194322505121452
Surrey Police,2025,11,November,Vehicle crime,374,1248649.0,7.94019471488178,0.2995237252422418,0.05472636815920398
Surrey Police,2025,11,November,Violence and sexual offences,2454,1248649.0,7.94019471488178,1.9653241223113942,0.35908691834942935
Surrey Police,2025,12,December,Anti-social behaviour,951,1248649.0,7.94019471488178,0.7616231623138289,0.14107699154428127
Surrey Police,2025,12,December,Bicycle theft,62,1248649.0,7.94019471488178,0.049653665681868964,0.009197448449784899
Surrey Police,2025,12,December,Burglary,283,1248649.0,7.94019471488178,0.2266449578704664,0.041981901794985906
Surrey Police,2025,12,December,Criminal damage and arson,505,1248649.0,7.94019471488178,0.40443711563457785,0.07491470108292538
Surrey Police,2025,12,December,Drugs,292,1248649.0,7.94019471488178,0.23385274805009254,0.0433170152796321
Surrey Police,2025,12,December,Other crime,179,1248649.0,7.94019471488178,0.1433549380170088,0.02655392375018543
Surrey Police,2025,12,December,Other theft,496,1248649.0,7.94019471488178,0.3972293254549517,0.07357958759827919
Surrey Police,2025,12,December,Possession of weapons,72,1248649.0,7.94019471488178,0.05766232143700912,0.010680907877169559
Surrey Police,2025,12,December,Public order,521,1248649.0,7.94019471488178,0.4172509648428021,0.07728823616674084
Surrey Police,2025,12,December,Robbery,55,1248649.0,7.94019471488178,0.04404760665327086,0.008159026850615635
Surrey Police,2025,12,December,Shoplifting,529,1248649.0,7.94019471488178,0.4236578894469142,0.07847500370864857
Surrey Police,2025,12,December,Theft from the person,39,1248649.0,7.94019471488178,0.031233757445046608,0.005785491766800178
Surrey Police,2025,12,December,Vehicle crime,325,1248649.0,7.94019471488178,0.26028131204205507,0.04821243139000148
Surrey Police,2025,12,December,Violence and sexual offences,2432,1248649.0,7.94019471488178,1.9477050796500859,0.36077733273994955
Surrey Police,2026,1,January,Anti-social behaviour,884,1248649.0,7.94019471488178,0.7079651687543898,0.13485888634630053
Surrey Police,2026,1,January,Bicycle theft,39,1248649.0,7.94019471488178,0.031233757445046608,0.005949656750572082
Surrey Police,2026,1,January,Burglary,312,1248649.0,7.94019471488178,0.24987005956037286,0.04759725400457666
Surrey Police,2026,1,January,Criminal damage and arson,477,1248649.0,7.94019471488178,0.3820128795201854,0.07276887871853546
Surrey Police,2026,1,January,Drugs,275,1248649.0,7.94019471488178,0.22023803326635427,0.041952707856598014
Surrey Police,2026,1,January,Other crime,181,1248649.0,7.94019471488178,0.14495666916803682,0.02761250953470633
Surrey Police,2026,1,January,Other theft,501,1248649.0,7.94019471488178,0.4012336533325218,0.07643020594965676
Surrey Police,2026,1,January,Possession of weapons,77,1248649.0,7.94019471488178,0.0616666493145792,0.011746758199847445
Surrey Police,2026,1,January,Public order,502,1248649.0,7.94019471488178,0.4020345189080358,0.07658276125095347
Surrey Police,2026,1,January,Robbery,45,1248649.0,7.94019471488178,0.0360389508981307,0.006864988558352402
Surrey Police,2026,1,January,Shoplifting,461,1248649.0,7.94019471488178,0.36919903031196116,0.07032799389778795
Surrey Police,2026,1,January,Theft from the person,29,1248649.0,7.94019471488178,0.02322510168990645,0.004424103737604882
Surrey Police,2026,1,January,Vehicle crime,376,1248649.0,7.94019471488178,0.3011254563932699,0.05736079328756674
Surrey Police,2026,1,January,Violence and sexual offences,2396,1248649.0,7.94019471488178,1.918873918931581,0.36552250190694124
Surrey Police,2026,2,February,Anti-social behaviour,833,1248649.0,7.94019471488178,0.6671210244031749,0.13147095959595959
Surrey Police,2026,2,February,Bicycle theft,29,1248649.0,7.94019471488178,0.02322510168990645,0.004577020202020202
Surrey Police,2026,2,February,Burglary,231,1248649.0,7.94019471488178,0.18499994794373759,0.036458333333333336
Surrey Police,2026,2,February,Criminal damage and arson,488,1248649.0,7.94019471488178,0.3908224008508396,0.07702020202020202
Surrey Police,2026,2,February,Drugs,234,1248649.0,7.94019471488178,0.18740254467027964,0.036931818181818184
Surrey Police,2026,2,February,Other crime,219,1248649.0,7.94019471488178,0.1753895610375694,0.034564393939393936
Surrey Police,2026,2,February,Other theft,470,1248649.0,7.94019471488178,0.3764068204915873,0.07417929292929293
Surrey Police,2026,2,February,Possession of weapons,71,1248649.0,7.94019471488178,0.0568614558614951,0.01120580808080808
Surrey Police,2026,2,February,Public order,565,1248649.0,7.94019471488178,0.4524890501654188,0.08917297979797979
Surrey Police,2026,2,February,Robbery,50,1248649.0,7.94019471488178,0.040043278775700776,0.007891414141414142
Surrey Police,2026,2,February,Shoplifting,497,1248649.0,7.94019471488178,0.3980301910304657,0.07844065656565656
Surrey Police,2026,2,February,Theft from the person,39,1248649.0,7.94019471488178,0.031233757445046608,0.00615530303030303
Surrey Police,2026,2,February,Vehicle crime,320,1248649.0,7.94019471488178,0.25627698416448497,0.050505050505050504
Surrey Police,2026,2,February,Violence and sexual offences,2290,1248649.0,7.94019471488178,1.8339821679270958,0.3614267676767677
Surrey Police,2026,3,March,Anti-social behaviour,1103,1248649.0,7.94019471488178,0.8833547297919591,0.15325830207030708
Surrey Police,2026,3,March,Bicycle theft,49,1248649.0,7.94019471488178,0.03924241320018676,0.0068083923857162705
Surrey Police,2026,3,March,Burglary,219,1248649.0,7.94019471488178,0.1753895610375694,0.03042934556065027
Surrey Police,2026,3,March,Criminal damage and arson,574,1248649.0,7.94019471488178,0.4596968403450449,0.07975545366124774
Surrey Police,2026,3,March,Drugs,223,1248649.0,7.94019471488178,0.17859302333962546,0.03098513269417813
Surrey Police,2026,3,March,Other crime,183,1248649.0,7.94019471488178,0.14655840031906484,0.02542726135889954
Surrey Police,2026,3,March,Other theft,492,1248649.0,7.94019471488178,0.3940258631528957,0.06836181742392664
Surrey Police,2026,3,March,Possession of weapons,73,1248649.0,7.94019471488178,0.058463187012523135,0.010143115186883423
Surrey Police,2026,3,March,Public order,676,1248649.0,7.94019471488178,0.5413851290474746,0.09392802556620815
Surrey Police,2026,3,March,Robbery,55,1248649.0,7.94019471488178,0.04404760665327086,0.007642073086008059
Surrey Police,2026,3,March,Shoplifting,638,1248649.0,7.94019471488178,0.5109522371779419,0.08864804779769349
Surrey Police,2026,3,March,Theft from the person,40,1248649.0,7.94019471488178,0.03203462302056062,0.0055578713352785886
Surrey Police,2026,3,March,Vehicle crime,343,1248649.0,7.94019471488178,0.2746968924013073,0.047658746700013896
Surrey Police,2026,3,March,Violence and sexual offences,2529,1248649.0,7.94019471488178,2.0253890404749453,0.35139641517298875
Surrey Police,2026,4,April,Anti-social behaviour,1276,1248649.0,7.94019471488178,1.0219044743558838,0.17056543242881966
Surrey Police,2026,4,April,Bicycle theft,42,1248649.0,7.94019471488178,0.03363635417158865,0.005614222697500334
Surrey Police,2026,4,April,Burglary,187,1248649.0,7.94019471488178,0.1497618626211209,0.024996658200775297
Surrey Police,2026,4,April,Criminal damage and arson,589,1248649.0,7.94019471488178,0.4717098239777552,0.07873278973399278
Surrey Police,2026,4,April,Drugs,233,1248649.0,7.94019471488178,0.18660167909476563,0.031145568774228045
Surrey Police,2026,4,April,Other crime,177,1248649.0,7.94019471488178,0.14175320686598075,0.023659938510894266
Surrey Police,2026,4,April,Other theft,590,1248649.0,7.94019471488178,0.4725106895532692,0.07886646170298088
Surrey Police,2026,4,April,Possession of weapons,65,1248649.0,7.94019471488178,0.05205626240841101,0.008688677984226708
Surrey Police,2026,4,April,Public order,731,1248649.0,7.94019471488178,0.5854327357007453,0.09771420933030343
Surrey Police,2026,4,April,Robbery,72,1248649.0,7.94019471488178,0.05766232143700912,0.00962438176714343
Surrey Police,2026,4,April,Shoplifting,653,1248649.0,7.94019471488178,0.5229652208106521,0.08728779574923139
Surrey Police,2026,4,April,Theft from the person,31,1248649.0,7.94019471488178,0.024826832840934482,0.004143831038631199
Surrey Police,2026,4,April,Vehicle crime,334,1248649.0,7.94019471488178,0.2674891022216812,0.044646437642026464
Surrey Police,2026,4,April,Violence and sexual offences,2501,1248649.0,7.94019471488178,2.002964804360553,0.3343135944392461
Surrey Police,2026,5,May,Anti-social behaviour,1530,1248649.0,7.94019471488178,1.2253243305364439,0.18823818897637795
Surrey Police,2026,5,May,Bicycle theft,60,1248649.0,7.94019471488178,0.04805193453084093,0.0073818897637795275
Surrey Police,2026,5,May,Burglary,234,1248649.0,7.94019471488178,0.18740254467027964,0.02878937007874016
Surrey Police,2026,5,May,Criminal damage and arson,624,1248649.0,7.94019471488178,0.49974011912074573,0.07677165354330709
Surrey Police,2026,5,May,Drugs,212,1248649.0,7.94019471488178,0.1697835020089713,0.02608267716535433
Surrey Police,2026,5,May,Other crime,208,1248649.0,7.94019471488178,0.16658003970691523,0.025590551181102362
Surrey Police,2026,5,May,Other theft,563,1248649.0,7.94019471488178,0.4508873190143908,0.06926673228346457
Surrey Police,2026,5,May,Possession of weapons,78,1248649.0,7.94019471488178,0.062467514890093216,0.009596456692913386
Surrey Police,2026,5,May,Public order,701,1248649.0,7.94019471488178,0.5614067684353249,0.08624507874015748
Surrey Police,2026,5,May,Robbery,57,1248649.0,7.94019471488178,0.04564933780429889,0.007012795275590551
Surrey Police,2026,5,May,Shoplifting,693,1248649.0,7.94019471488178,0.5549998438312127,0.08526082677165354
Surrey Police,2026,5,May,Theft from the person,34,1248649.0,7.94019471488178,0.02722942956747653,0.004183070866141733
Surrey Police,2026,5,May,Vehicle crime,353,1248649.0,7.94019471488178,0.2827055481564475,0.04343011811023622
Surrey Police,2026,5,May,Violence and sexual offences,2781,1248649.0,7.94019471488178,2.2272071655044776,0.3421505905511811
West Midlands Police,2023,6,June,Anti-social behaviour,2679,3036605.0,3.9697498545666083,0.8822352594427,0.08499095840867993
West Midlands Police,2023,6,June,Bicycle theft,216,3036605.0,3.9697498545666083,0.0711320701902289,0.006852574474160084
West Midlands Police,2023,6,June,Burglary,1456,3036605.0,3.9697498545666083,0.4794828435045059,0.046191427936930936
West Midlands Police,2023,6,June,Criminal damage and arson,2367,3036605.0,3.9697498545666083,0.7794889358345917,0.07509279527933758
West Midlands Police,2023,6,June,Drugs,635,3036605.0,3.9697498545666083,0.20911511375368216,0.020145299958757655
West Midlands Police,2023,6,June,Other crime,553,3036605.0,3.9697498545666083,0.18211127229257673,0.017543859649122806
West Midlands Police,2023,6,June,Other theft,2045,3036605.0,3.9697498545666083,0.6734494608287874,0.06487738333174708
West Midlands Police,2023,6,June,Possession of weapons,666,3036605.0,3.9697498545666083,0.21932388308653908,0.021128771295326924
West Midlands Police,2023,6,June,Public order,2156,3036605.0,3.9697498545666083,0.7100034413432106,0.06839884521430158
West Midlands Police,2023,6,June,Robbery,783,3036605.0,3.9697498545666083,0.2578537544395797,0.024840582468830304
West Midlands Police,2023,6,June,Shoplifting,1993,3036605.0,3.9697498545666083,0.6563250735607694,0.0632276894768567
West Midlands Police,2023,6,June,Theft from the person,303,3036605.0,3.9697498545666083,0.09978248735018219,0.009612639192919006
West Midlands Police,2023,6,June,Vehicle crime,2692,3036605.0,3.9697498545666083,0.8865163562597045,0.08540338187240253
West Midlands Police,2023,6,June,Violence and sexual offences,12977,3036605.0,3.9697498545666083,4.273522568789817,0.4116937914406269
West Midlands Police,2023,7,July,Anti-social behaviour,2479,3036605.0,3.9697498545666083,0.8163722314887844,0.07844688459225974
West Midlands Police,2023,7,July,Bicycle theft,218,3036605.0,3.9697498545666083,0.07179070046976804,0.006898515869750957
West Midlands Police,2023,7,July,Burglary,1528,3036605.0,3.9697498545666083,0.5031935335679155,0.048352900224676434
West Midlands Police,2023,7,July,Criminal damage and arson,2423,3036605.0,3.9697498545666083,0.797930583661688,0.0766747887725072
West Midlands Police,2023,7,July,Drugs,689,3036605.0,3.9697498545666083,0.22689813130123937,0.02180310749659821
West Midlands Police,2023,7,July,Other crime,539,3036605.0,3.9697498545666083,0.17750086033580265,0.017056422265118193
West Midlands Police,2023,7,July,Other theft,2187,3036605.0,3.9697498545666083,0.7202122106760676,0.06920667067497864
West Midlands Police,2023,7,July,Possession of weapons,576,3036605.0,3.9697498545666083,0.18968552050727705,0.018227271288883264
West Midlands Police,2023,7,July,Public order,2105,3036605.0,3.9697498545666083,0.6932083692149621,0.06661181608176957
West Midlands Police,2023,7,July,Robbery,712,3036605.0,3.9697498545666083,0.23447237951593966,0.022530932565425144
West Midlands Police,2023,7,July,Shoplifting,2205,3036605.0,3.9697498545666083,0.7261398831919199,0.06977627290275625
West Midlands Police,2023,7,July,Theft from the person,316,3036605.0,3.9697498545666083,0.10406358416718671,0.009999683554317901
West Midlands Police,2023,7,July,Vehicle crime,2843,3036605.0,3.9697498545666083,0.9362429423649108,0.08996550742065125
West Midlands Police,2023,7,July,Violence and sexual offences,12781,3036605.0,3.9697498545666083,4.208976801394979,0.4044492262903073
West Midlands Police,2023,8,August,Anti-social behaviour,2891,3036605.0,3.9697498545666083,0.9520500690738506,0.09650176914346752
West Midlands Police,2023,8,August,Bicycle theft,200,3036605.0,3.9697498545666083,0.06586302795391563,0.006676013084985647
West Midlands Police,2023,8,August,Burglary,1727,3036605.0,3.9697498545666083,0.5687272463820615,0.05764737298885106
West Midlands Police,2023,8,August,Criminal damage and arson,2270,3036605.0,3.9697498545666083,0.7475453672769425,0.07577274851458708
West Midlands Police,2023,8,August,Drugs,640,3036605.0,3.9697498545666083,0.21076168945253004,0.02136324187195407
West Midlands Police,2023,8,August,Other crime,443,3036605.0,3.9697498545666083,0.14588660691792313,0.014787368983243208
West Midlands Police,2023,8,August,Other theft,2074,3036605.0,3.9697498545666083,0.6829995998821051,0.06923025569130116
West Midlands Police,2023,8,August,Possession of weapons,512,3036605.0,3.9697498545666083,0.16860935156202403,0.017090593497563256
West Midlands Police,2023,8,August,Public order,1950,3036605.0,3.9697498545666083,0.6421645225506775,0.06509112757861005
West Midlands Police,2023,8,August,Robbery,633,3036605.0,3.9697498545666083,0.208456483474143,0.02112958141397957
West Midlands Police,2023,8,August,Shoplifting,2153,3036605.0,3.9697498545666083,0.7090154959239019,0.07186728085987049
West Midlands Police,2023,8,August,Theft from the person,271,3036605.0,3.9697498545666083,0.08924440287755568,0.00904599773015555
West Midlands Police,2023,8,August,Vehicle crime,2697,3036605.0,3.9697498545666083,0.8881629319585523,0.09002603645103144
West Midlands Police,2023,8,August,Violence and sexual offences,11497,3036605.0,3.9697498545666083,3.7861361619308407,0.3837706121903999
West Midlands Police,2023,9,September,Anti-social behaviour,2536,3036605.0,3.9697498545666083,0.8351431944556502,0.0854706615887567
West Midlands Police,2023,9,September,Bicycle theft,260,3036605.0,3.9697498545666083,0.08562193634009033,0.008762764989383573
West Midlands Police,2023,9,September,Burglary,1682,3036605.0,3.9697498545666083,0.5539080650924305,0.05668834889285835
West Midlands Police,2023,9,September,Criminal damage and arson,2250,3036605.0,3.9697498545666083,0.740959064481551,0.07583162010043477
West Midlands Police,2023,9,September,Drugs,604,3036605.0,3.9697498545666083,0.19890634442082525,0.020356577129183377
West Midlands Police,2023,9,September,Other crime,461,3036605.0,3.9697498545666083,0.15181427943377554,0.015537056385022412
West Midlands Police,2023,9,September,Other theft,1938,3036605.0,3.9697498545666083,0.6382127408734426,0.06531630211317448
West Midlands Police,2023,9,September,Possession of weapons,548,3036605.0,3.9697498545666083,0.18046469659372885,0.018469212362239223
West Midlands Police,2023,9,September,Public order,1902,3036605.0,3.9697498545666083,0.6263573958417378,0.06410299619156752
West Midlands Police,2023,9,September,Robbery,730,3036605.0,3.9697498545666083,0.24040005203179207,0.024603147854807723
West Midlands Police,2023,9,September,Shoplifting,1993,3036605.0,3.9697498545666083,0.6563250735607694,0.06716996393785177
West Midlands Police,2023,9,September,Theft from the person,260,3036605.0,3.9697498545666083,0.08562193634009033,0.008762764989383573
West Midlands Police,2023,9,September,Vehicle crime,2653,3036605.0,3.9697498545666083,0.8736730658086909,0.0894139058339793
West Midlands Police,2023,9,September,Violence and sexual offences,11854,3036605.0,3.9697498545666083,3.90370166682858,0.39951467763135723
West Midlands Police,2023,10,October,Anti-social behaviour,2315,3036605.0,3.9697498545666083,0.7623645485665735,0.07507458814372811
West Midlands Police,2023,10,October,Bicycle theft,264,3036605.0,3.9697498545666083,0.08693919689916864,0.008561421714878713
West Midlands Police,2023,10,October,Burglary,1884,3036605.0,3.9697498545666083,0.6204297233258853,0.06109741860163445
West Midlands Police,2023,10,October,Criminal damage and arson,2315,3036605.0,3.9697498545666083,0.7623645485665735,0.07507458814372811
West Midlands Police,2023,10,October,Drugs,620,3036605.0,3.9697498545666083,0.20417538665713847,0.020106369178881825
West Midlands Police,2023,10,October,Other crime,479,3036605.0,3.9697498545666083,0.15774195194962795,0.015533791672071605
West Midlands Police,2023,10,October,Other theft,2044,3036605.0,3.9697498545666083,0.6731201456890179,0.06628615903489428
West Midlands Police,2023,10,October,Possession of weapons,571,3036605.0,3.9697498545666083,0.18803894480842914,0.018517317421196004
West Midlands Police,2023,10,October,Public order,1978,3036605.0,3.9697498545666083,0.6513853464642256,0.0641458036061746
West Midlands Police,2023,10,October,Robbery,740,3036605.0,3.9697498545666083,0.24369320342948786,0.023997924503826696
West Midlands Police,2023,10,October,Shoplifting,2201,3036605.0,3.9697498545666083,0.7248226226328416,0.07137761058503049
West Midlands Police,2023,10,October,Theft from the person,286,3036605.0,3.9697498545666083,0.09418412997409936,0.00927487352445194
West Midlands Police,2023,10,October,Vehicle crime,2988,3036605.0,3.9697498545666083,0.9839936376314997,0.09689972759112725
West Midlands Police,2023,10,October,Violence and sexual offences,12151,3036605.0,3.9697498545666083,4.001508263340145,0.3940524062783759
West Midlands Police,2023,11,November,Anti-social behaviour,1833,3036605.0,3.9697498545666083,0.6036346511976368,0.0648413456436379
West Midlands Police,2023,11,November,Bicycle theft,175,3036605.0,3.9697498545666083,0.057630149459676185,0.006190526725388235
West Midlands Police,2023,11,November,Burglary,1796,3036605.0,3.9697498545666083,0.5914499910261625,0.06353249142169869
West Midlands Police,2023,11,November,Criminal damage and arson,2245,3036605.0,3.9697498545666083,0.7393124887827031,0.07941561427712335
West Midlands Police,2023,11,November,Drugs,580,3036605.0,3.9697498545666083,0.19100278106635535,0.020517174289858147
West Midlands Police,2023,11,November,Other crime,461,3036605.0,3.9697498545666083,0.15181427943377554,0.016307616116594148
West Midlands Police,2023,11,November,Other theft,1875,3036605.0,3.9697498545666083,0.6174658870679591,0.06632707205773108
West Midlands Police,2023,11,November,Possession of weapons,487,3036605.0,3.9697498545666083,0.16037647306778458,0.017227351515794687
West Midlands Police,2023,11,November,Public order,1666,3036605.0,3.9697498545666083,0.5486390228561172,0.05893381442569599
West Midlands Police,2023,11,November,Robbery,721,3036605.0,3.9697498545666083,0.2374362157738659,0.025504970108599527
West Midlands Police,2023,11,November,Shoplifting,2072,3036605.0,3.9697498545666083,0.6823409696025661,0.0732958364285967
West Midlands Police,2023,11,November,Theft from the person,310,3036605.0,3.9697498545666083,0.10208769332856923,0.010966075913544872
West Midlands Police,2023,11,November,Vehicle crime,2766,3036605.0,3.9697498545666083,0.9108856766026533,0.09784569669956489
West Midlands Police,2023,11,November,Violence and sexual offences,11282,3036605.0,3.9697498545666083,3.715333406880381,0.39909441437617177
West Midlands Police,2023,12,December,Anti-social behaviour,1616,3036605.0,3.9697498545666083,0.5321732658676384,0.057594981823365886
West Midlands Police,2023,12,December,Bicycle theft,128,3036605.0,3.9697498545666083,0.04215233789050601,0.004561978758286407
West Midlands Police,2023,12,December,Burglary,1819,3036605.0,3.9697498545666083,0.5990242392408628,0.06482999501033573
West Midlands Police,2023,12,December,Criminal damage and arson,2029,3036605.0,3.9697498545666083,0.6681804185924741,0.07231449141064937
West Midlands Police,2023,12,December,Drugs,588,3036605.0,3.9697498545666083,0.19363730218451197,0.02095658992087818
West Midlands Police,2023,12,December,Other crime,427,3036605.0,3.9697498545666083,0.1406175646816099,0.01521847601397106
West Midlands Police,2023,12,December,Other theft,1915,3036605.0,3.9697498545666083,0.6306384926587423,0.06825147907905053
West Midlands Police,2023,12,December,Possession of weapons,439,3036605.0,3.9697498545666083,0.14456934635884483,0.01564616152256041
West Midlands Police,2023,12,December,Public order,1690,3036605.0,3.9697498545666083,0.5565425862105872,0.06023237579300021
West Midlands Police,2023,12,December,Robbery,715,3036605.0,3.9697498545666083,0.2354603249352484,0.025482928220115476
West Midlands Police,2023,12,December,Shoplifting,1927,3036605.0,3.9697498545666083,0.6345902743359773,0.06867916458763988
West Midlands Police,2023,12,December,Theft from the person,314,3036605.0,3.9697498545666083,0.10340495388764756,0.011191104141421342
West Midlands Police,2023,12,December,Vehicle crime,2644,3036605.0,3.9697498545666083,0.8707092295507648,0.0942333737258536
West Midlands Police,2023,12,December,Violence and sexual offences,11807,3036605.0,3.9697498545666083,3.88822385525941,0.4208068999928719
West Midlands Police,2024,1,January,Anti-social behaviour,1787,3036605.0,3.9697498545666083,0.5884861547682363,0.06498181818181818
West Midlands Police,2024,1,January,Bicycle theft,146,3036605.0,3.9697498545666083,0.04808001040635842,0.005309090909090909
West Midlands Police,2024,1,January,Burglary,1788,3036605.0,3.9697498545666083,0.5888154699080058,0.06501818181818182
West Midlands Police,2024,1,January,Criminal damage and arson,2012,3036605.0,3.9697498545666083,0.6625820612163913,0.07316363636363636
West Midlands Police,2024,1,January,Drugs,633,3036605.0,3.9697498545666083,0.208456483474143,0.02301818181818182
West Midlands Police,2024,1,January,Other crime,479,3036605.0,3.9697498545666083,0.15774195194962795,0.01741818181818182
West Midlands Police,2024,1,January,Other theft,1855,3036605.0,3.9697498545666083,0.6108795842725675,0.06745454545454546
West Midlands Police,2024,1,January,Possession of weapons,458,3036605.0,3.9697498545666083,0.15082633401446682,0.016654545454545453
West Midlands Police,2024,1,January,Public order,1534,3036605.0,3.9697498545666083,0.505169424406533,0.05578181818181818
West Midlands Police,2024,1,January,Robbery,632,3036605.0,3.9697498545666083,0.20812716833437342,0.022981818181818183
West Midlands Police,2024,1,January,Shoplifting,2153,3036605.0,3.9697498545666083,0.7090154959239019,0.07829090909090909
West Midlands Police,2024,1,January,Theft from the person,286,3036605.0,3.9697498545666083,0.09418412997409936,0.0104
West Midlands Police,2024,1,January,Vehicle crime,3023,3036605.0,3.9697498545666083,0.9955196675234348,0.10992727272727272
West Midlands Police,2024,1,January,Violence and sexual offences,10714,3036605.0,3.9697498545666083,3.528282407491261,0.3896
West Midlands Police,2024,2,February,Anti-social behaviour,1851,3036605.0,3.9697498545666083,0.6095623237134892,0.07100932213143055
West Midlands Police,2024,2,February,Bicycle theft,143,3036605.0,3.9697498545666083,0.04709206498704968,0.005485863352131047
West Midlands Police,2024,2,February,Burglary,1387,3036605.0,3.9697498545666083,0.456760098860405,0.053209038247592745
West Midlands Police,2024,2,February,Criminal damage and arson,1974,3036605.0,3.9697498545666083,0.6500680859051473,0.07572793186787893
West Midlands Police,2024,2,February,Drugs,627,3036605.0,3.9697498545666083,0.2064805926355255,0.024053400851651512
West Midlands Police,2024,2,February,Other crime,491,3036605.0,3.9697498545666083,0.1616937336268629,0.0188360762650094
West Midlands Police,2024,2,February,Other theft,1735,3036605.0,3.9697498545666083,0.5713617675002182,0.0665592511604711
West Midlands Police,2024,2,February,Possession of weapons,442,3036605.0,3.9697498545666083,0.14555729177815357,0.016956304906586873
West Midlands Police,2024,2,February,Public order,1511,3036605.0,3.9697498545666083,0.4975951761918327,0.057966010664825256
West Midlands Police,2024,2,February,Robbery,646,3036605.0,3.9697498545666083,0.21273758029114753,0.024782291786550045
West Midlands Police,2024,2,February,Shoplifting,1785,3036605.0,3.9697498545666083,0.5878275244886971,0.06847738519967775
West Midlands Police,2024,2,February,Theft from the person,272,3036605.0,3.9697498545666083,0.08957371801732528,0.01043464917328423
West Midlands Police,2024,2,February,Vehicle crime,2593,3036605.0,3.9697498545666083,0.8539141574225163,0.09947443127325738
West Midlands Police,2024,2,February,Violence and sexual offences,10610,3036605.0,3.9697498545666083,3.4940336329552246,0.4070280431196532
West Midlands Police,2024,3,March,Anti-social behaviour,1946,3036605.0,3.9697498545666083,0.6408472619915991,0.06856216749462707
West Midlands Police,2024,3,March,Bicycle theft,131,3036605.0,3.9697498545666083,0.043140283309814745,0.00461543881901138
West Midlands Police,2024,3,March,Burglary,1379,3036605.0,3.9697498545666083,0.4541255777422484,0.048585420850509105
West Midlands Police,2024,3,March,Criminal damage and arson,2158,3036605.0,3.9697498545666083,0.7106620716227497,0.07603142726279816
West Midlands Police,2024,3,March,Drugs,590,3036605.0,3.9697498545666083,0.19429593246405114,0.02078709086424973
West Midlands Police,2024,3,March,Other crime,528,3036605.0,3.9697498545666083,0.17387839379833728,0.018602684705633653
West Midlands Police,2024,3,March,Other theft,1906,3036605.0,3.9697498545666083,0.627674656400816,0.06715287319874573
West Midlands Police,2024,3,March,Possession of weapons,580,3036605.0,3.9697498545666083,0.19100278106635535,0.020434767290279394
West Midlands Police,2024,3,March,Public order,1661,3036605.0,3.9697498545666083,0.5469924471572694,0.05852094563647254
West Midlands Police,2024,3,March,Robbery,675,3036605.0,3.9697498545666083,0.22228771934446528,0.023781841242997568
West Midlands Police,2024,3,March,Shoplifting,2218,3036605.0,3.9697498545666083,0.7304209800089244,0.07814536870662016
West Midlands Police,2024,3,March,Theft from the person,246,3036605.0,3.9697498545666083,0.08101152438331623,0.008667159919670224
West Midlands Police,2024,3,March,Vehicle crime,2991,3036605.0,3.9697498545666083,0.9849815830508084,0.105379980974527
West Midlands Police,2024,3,March,Violence and sexual offences,11374,3036605.0,3.9697498545666083,3.7456303997391824,0.4007328330338583
West Midlands Police,2024,4,April,Anti-social behaviour,2172,3036605.0,3.9697498545666083,0.7152724835795239,0.07622389892963678
West Midlands Police,2024,4,April,Bicycle theft,117,3036605.0,3.9697498545666083,0.038529871353040646,0.004105983505878224
West Midlands Police,2024,4,April,Burglary,1429,3036605.0,3.9697498545666083,0.4705913347307273,0.05014914897350412
West Midlands Police,2024,4,April,Criminal damage and arson,2081,3036605.0,3.9697498545666083,0.6853048058604922,0.07303035620284261
West Midlands Police,2024,4,April,Drugs,547,3036605.0,3.9697498545666083,0.18013538145395927,0.019196350236883663
West Midlands Police,2024,4,April,Other crime,634,3036605.0,3.9697498545666083,0.20878579861391255,0.02224951745920337
West Midlands Police,2024,4,April,Other theft,1944,3036605.0,3.9697498545666083,0.64018863171206,0.06822249517459203
West Midlands Police,2024,4,April,Possession of weapons,572,3036605.0,3.9697498545666083,0.18836825994819872,0.020073697139849096
West Midlands Police,2024,4,April,Public order,1695,3036605.0,3.9697498545666083,0.558189161909435,0.059484120021056325
West Midlands Police,2024,4,April,Robbery,598,3036605.0,3.9697498545666083,0.19693045358220776,0.020986137918933147
West Midlands Police,2024,4,April,Shoplifting,2467,3036605.0,3.9697498545666083,0.8124204498115495,0.08657659238462888
West Midlands Police,2024,4,April,Theft from the person,230,3036605.0,3.9697498545666083,0.07574248214700298,0.00807159150728198
West Midlands Police,2024,4,April,Vehicle crime,2975,3036605.0,3.9697498545666083,0.9797125408144952,0.10440428145288647
West Midlands Police,2024,4,April,Violence and sexual offences,11034,3036605.0,3.9697498545666083,3.633663252217526,0.3872258290928233
West Midlands Police,2024,5,May,Anti-social behaviour,2709,3036605.0,3.9697498545666083,0.8921147136357873,0.08728292038534652
West Midlands Police,2024,5,May,Bicycle theft,185,3036605.0,3.9697498545666083,0.060923300857371965,0.005960627637980475
West Midlands Police,2024,5,May,Burglary,1399,3036605.0,3.9697498545666083,0.4607118805376399,0.04507523278667397
West Midlands Police,2024,5,May,Criminal damage and arson,2344,3036605.0,3.9697498545666083,0.7719146876198913,0.07552276315365532
West Midlands Police,2024,5,May,Drugs,664,3036605.0,3.9697498545666083,0.21866525280699992,0.021393820279021813
West Midlands Police,2024,5,May,Other crime,605,3036605.0,3.9697498545666083,0.1992356595605948,0.01949286335663885
West Midlands Police,2024,5,May,Other theft,2022,3036605.0,3.9697498545666083,0.6658752126140871,0.06514804910268389
West Midlands Police,2024,5,May,Possession of weapons,608,3036605.0,3.9697498545666083,0.20022360497990355,0.019589522183200696
West Midlands Police,2024,5,May,Public order,1929,3036605.0,3.9697498545666083,0.6352489046155163,0.062151625479266684
West Midlands Police,2024,5,May,Robbery,665,3036605.0,3.9697498545666083,0.2189945679467695,0.02142603988787576
West Midlands Police,2024,5,May,Shoplifting,2531,3036605.0,3.9697498545666083,0.8334966187568024,0.08154783000934368
West Midlands Police,2024,5,May,Theft from the person,238,3036605.0,3.9697498545666083,0.07837700326515962,0.007668266907239746
West Midlands Police,2024,5,May,Vehicle crime,2796,3036605.0,3.9697498545666083,0.9207651307957406,0.09008602635564004
West Midlands Police,2024,5,May,Violence and sexual offences,12342,3036605.0,3.9697498545666083,4.064407455036133,0.39765441247543254
West Midlands Police,2024,6,June,Anti-social behaviour,2608,3036605.0,3.9697498545666083,0.8588538845190599,0.08732630169094258
West Midlands Police,2024,6,June,Bicycle theft,178,3036605.0,3.9697498545666083,0.058618094878984915,0.005960154026452369
West Midlands Police,2024,6,June,Burglary,1388,3036605.0,3.9697498545666083,0.4570894140001745,0.046475807801774655
West Midlands Police,2024,6,June,Criminal damage and arson,2352,3036605.0,3.9697498545666083,0.7745492087380479,0.07875439477649422
West Midlands Police,2024,6,June,Drugs,640,3036605.0,3.9697498545666083,0.21076168945253004,0.021429767286120876
West Midlands Police,2024,6,June,Other crime,651,3036605.0,3.9697498545666083,0.2143841559899954,0.02179809141135108
West Midlands Police,2024,6,June,Other theft,1853,3036605.0,3.9697498545666083,0.6102209539930284,0.06204587309559685
West Midlands Police,2024,6,June,Possession of weapons,561,3036605.0,3.9697498545666083,0.18474579341073338,0.01878453038674033
West Midlands Police,2024,6,June,Public order,1882,3036605.0,3.9697498545666083,0.6197710930463463,0.06301690942574921
West Midlands Police,2024,6,June,Robbery,682,3036605.0,3.9697498545666083,0.22459292532285233,0.02283609576427256
West Midlands Police,2024,6,June,Shoplifting,2442,3036605.0,3.9697498545666083,0.8041875713173099,0.08176795580110498
West Midlands Police,2024,6,June,Theft from the person,226,3036605.0,3.9697498545666083,0.07442522158792468,0.007567386572911435
West Midlands Police,2024,6,June,Vehicle crime,2540,3036605.0,3.9697498545666083,0.8364604550147287,0.08504938891679223
West Midlands Police,2024,6,June,Violence and sexual offences,11862,3036605.0,3.9697498545666083,3.906336187946737,0.39718734304369663
West Midlands Police,2024,7,July,Anti-social behaviour,2993,3036605.0,3.9697498545666083,0.9856402133303476,0.09460740928056645
West Midlands Police,2024,7,July,Bicycle theft,206,3036605.0,3.9697498545666083,0.06783891879253312,0.006511569098495385
West Midlands Police,2024,7,July,Burglary,1388,3036605.0,3.9697498545666083,0.4570894140001745,0.04387406751801745
West Midlands Police,2024,7,July,Criminal damage and arson,2570,3036605.0,3.9697498545666083,0.846339909207816,0.08123656593753951
West Midlands Police,2024,7,July,Drugs,640,3036605.0,3.9697498545666083,0.21076168945253004,0.020230117587558476
West Midlands Police,2024,7,July,Other crime,685,3036605.0,3.9697498545666083,0.22558087074216107,0.021652547730433683
West Midlands Police,2024,7,July,Other theft,1922,3036605.0,3.9697498545666083,0.6329436986371293,0.06075357188013655
West Midlands Police,2024,7,July,Possession of weapons,574,3036605.0,3.9697498545666083,0.1890268902277379,0.018143886711341508
West Midlands Police,2024,7,July,Public order,1959,3036605.0,3.9697498545666083,0.6451283588086038,0.06192312555316728
West Midlands Police,2024,7,July,Robbery,637,3036605.0,3.9697498545666083,0.2097737440332213,0.020135288911366796
West Midlands Police,2024,7,July,Shoplifting,2851,3036605.0,3.9697498545666083,0.9388774634830674,0.0901188519408269
West Midlands Police,2024,7,July,Theft from the person,201,3036605.0,3.9697498545666083,0.06619234309368523,0.006353521304842584
West Midlands Police,2024,7,July,Vehicle crime,2784,3036605.0,3.9697498545666083,0.9168133491185058,0.08800101150587938
West Midlands Police,2024,7,July,Violence and sexual offences,12226,3036605.0,3.9697498545666083,4.026206898822863,0.38645846503982806
West Midlands Police,2024,8,August,Anti-social behaviour,2968,3036605.0,3.9697498545666083,0.9774073348361081,0.10171350239890335
West Midlands Police,2024,8,August,Bicycle theft,216,3036605.0,3.9697498545666083,0.0711320701902289,0.007402330363262509
West Midlands Police,2024,8,August,Burglary,1400,3036605.0,3.9697498545666083,0.4610411956774095,0.047978067169294036
West Midlands Police,2024,8,August,Criminal damage and arson,2124,3036605.0,3.9697498545666083,0.6994653568705841,0.07278958190541467
West Midlands Police,2024,8,August,Drugs,594,3036605.0,3.9697498545666083,0.19561319302312946,0.020356408498971898
West Midlands Police,2024,8,August,Other crime,575,3036605.0,3.9697498545666083,0.18935620536750747,0.019705277587388624
West Midlands Police,2024,8,August,Other theft,1946,3036605.0,3.9697498545666083,0.6408472619915991,0.06668951336531871
West Midlands Police,2024,8,August,Possession of weapons,566,3036605.0,3.9697498545666083,0.18639236910958126,0.019396847155586018
West Midlands Police,2024,8,August,Public order,1732,3036605.0,3.9697498545666083,0.5703738220809094,0.05935572309801234
West Midlands Police,2024,8,August,Robbery,665,3036605.0,3.9697498545666083,0.2189945679467695,0.022789581905414667
West Midlands Police,2024,8,August,Shoplifting,2943,3036605.0,3.9697498545666083,0.9691744563418686,0.10085675119945169
West Midlands Police,2024,8,August,Theft from the person,211,3036605.0,3.9697498545666083,0.069485494491381,0.007230980123372172
West Midlands Police,2024,8,August,Vehicle crime,2349,3036605.0,3.9697498545666083,0.7735612633187392,0.08050034270047977
West Midlands Police,2024,8,August,Violence and sexual offences,10891,3036605.0,3.9697498545666083,3.586571187230476,0.37323509252912956
West Midlands Police,2024,9,September,Anti-social behaviour,2366,3036605.0,3.9697498545666083,0.779159620694822,0.08262615680111751
West Midlands Police,2024,9,September,Bicycle theft,219,3036605.0,3.9697498545666083,0.07212001560953762,0.007647983237297014
West Midlands Police,2024,9,September,Burglary,1387,3036605.0,3.9697498545666083,0.456760098860405,0.04843722716954776
West Midlands Police,2024,9,September,Criminal damage and arson,2071,3036605.0,3.9697498545666083,0.6820116544627964,0.07232407892439323
West Midlands Police,2024,9,September,Drugs,725,3036605.0,3.9697498545666083,0.2387534763329442,0.02531866596822071
West Midlands Police,2024,9,September,Other crime,562,3036605.0,3.9697498545666083,0.18507510855050294,0.01962633141260695
West Midlands Police,2024,9,September,Other theft,1955,3036605.0,3.9697498545666083,0.6438110982495253,0.06827309236947791
West Midlands Police,2024,9,September,Possession of weapons,551,3036605.0,3.9697498545666083,0.1814526420130376,0.019242186135847737
West Midlands Police,2024,9,September,Public order,1491,3036605.0,3.9697498545666083,0.4910088733964411,0.052069146149816656
West Midlands Police,2024,9,September,Robbery,564,3036605.0,3.9697498545666083,0.18573373883004213,0.01969617600838135
West Midlands Police,2024,9,September,Shoplifting,2983,3036605.0,3.9697498545666083,0.9823470619326516,0.10417321459752052
West Midlands Police,2024,9,September,Theft from the person,218,3036605.0,3.9697498545666083,0.07179070046976804,0.0076130609394098134
West Midlands Police,2024,9,September,Vehicle crime,2653,3036605.0,3.9697498545666083,0.8736730658086909,0.09264885629474419
West Midlands Police,2024,9,September,Violence and sexual offences,10890,3036605.0,3.9697498545666083,3.5862418720907066,0.38030382399161866
West Midlands Police,2024,10,October,Anti-social behaviour,2568,3036605.0,3.9697498545666083,0.8456812789282768,0.08832633968494187
West Midlands Police,2024,10,October,Bicycle theft,187,3036605.0,3.9697498545666083,0.06158193113691113,0.00643186352067139
West Midlands Police,2024,10,October,Burglary,1557,3036605.0,3.9697498545666083,0.5127436726212332,0.05355300268280938
West Midlands Police,2024,10,October,Criminal damage and arson,2109,3036605.0,3.9697498545666083,0.6945256297740404,0.07253903831602118
West Midlands Police,2024,10,October,Drugs,712,3036605.0,3.9697498545666083,0.23447237951593966,0.024489234367476097
West Midlands Police,2024,10,October,Other crime,567,3036605.0,3.9697498545666083,0.18672168424935082,0.019501960514549083
West Midlands Police,2024,10,October,Other theft,1791,3036605.0,3.9697498545666083,0.5898034153273146,0.06160143083167091
West Midlands Police,2024,10,October,Possession of weapons,551,3036605.0,3.9697498545666083,0.1814526420130376,0.018951640641122654
West Midlands Police,2024,10,October,Public order,1510,3036605.0,3.9697498545666083,0.4972658610520631,0.05193643805461925
West Midlands Police,2024,10,October,Robbery,647,3036605.0,3.9697498545666083,0.21306689543091709,0.022253559881681227
West Midlands Police,2024,10,October,Shoplifting,3154,3036605.0,3.9697498545666083,1.0386599508332495,0.10848180504918484
West Midlands Police,2024,10,October,Theft from the person,268,3036605.0,3.9697498545666083,0.08825645745824696,0.009217857879892688
West Midlands Police,2024,10,October,Vehicle crime,2480,3036605.0,3.9697498545666083,0.8167015466285539,0.08529958038109652
West Midlands Police,2024,10,October,Violence and sexual offences,10973,3036605.0,3.9697498545666083,3.6135750286915815,0.3774162481942629
West Midlands Police,2024,11,November,Anti-social behaviour,2200,3036605.0,3.9697498545666083,0.7244933074930721,0.08279703436076925
West Midlands Police,2024,11,November,Bicycle theft,155,3036605.0,3.9697498545666083,0.05104384666428462,0.00583342742087238
West Midlands Police,2024,11,November,Burglary,1342,3036605.0,3.9697498545666083,0.441940917570774,0.050506190960069246
West Midlands Police,2024,11,November,Criminal damage and arson,1887,3036605.0,3.9697498545666083,0.6214176687451941,0.0710172744721689
West Midlands Police,2024,11,November,Drugs,768,3036605.0,3.9697498545666083,0.2529140273430361,0.028903691995032177
West Midlands Police,2024,11,November,Other crime,578,3036605.0,3.9697498545666083,0.19034415078681619,0.021753039027511197
West Midlands Police,2024,11,November,Other theft,1608,3036605.0,3.9697498545666083,0.5295387447494818,0.060517105114598624
West Midlands Police,2024,11,November,Possession of weapons,454,3036605.0,3.9697498545666083,0.1495090734553885,0.01708629709081329
West Midlands Police,2024,11,November,Public order,1401,3036605.0,3.9697498545666083,0.46137051081717906,0.052726656881562604
West Midlands Police,2024,11,November,Robbery,531,3036605.0,3.9697498545666083,0.17486633921764602,0.019984193293440217
West Midlands Police,2024,11,November,Shoplifting,2775,3036605.0,3.9697498545666083,0.9138495128605795,0.10443716834142486
West Midlands Police,2024,11,November,Theft from the person,240,3036605.0,3.9697498545666083,0.07903563354469877,0.009032403748447555
West Midlands Police,2024,11,November,Vehicle crime,2219,3036605.0,3.9697498545666083,0.730750295148694,0.08351209965752136
West Midlands Police,2024,11,November,Violence and sexual offences,10413,3036605.0,3.9697498545666083,3.4291585504206177,0.3918934176357683
West Midlands Police,2024,12,December,Anti-social behaviour,1992,3036605.0,3.9697498545666083,0.6559957584209998,0.07744042296777204
West Midlands Police,2024,12,December,Bicycle theft,103,3036605.0,3.9697498545666083,0.03391945939626656,0.004004198577148855
West Midlands Police,2024,12,December,Burglary,1302,3036605.0,3.9697498545666083,0.4287683119799908,0.05061618007230883
West Midlands Police,2024,12,December,Criminal damage and arson,1932,3036605.0,3.9697498545666083,0.6362368500348251,0.07510788010729696
West Midlands Police,2024,12,December,Drugs,710,3036605.0,3.9697498545666083,0.23381374923640053,0.027601757182288224
West Midlands Police,2024,12,December,Other crime,504,3036605.0,3.9697498545666083,0.16597483044386743,0.019593360027990513
West Midlands Police,2024,12,December,Other theft,1686,3036605.0,3.9697498545666083,0.5552253256515088,0.06554445437934922
West Midlands Police,2024,12,December,Possession of weapons,463,3036605.0,3.9697498545666083,0.1524729097133147,0.017999455739999223
West Midlands Police,2024,12,December,Public order,1269,3036605.0,3.9697498545666083,0.41790091236759475,0.049333281499047546
West Midlands Police,2024,12,December,Robbery,458,3036605.0,3.9697498545666083,0.15082633401446682,0.01780507716829297
West Midlands Police,2024,12,December,Shoplifting,2425,3036605.0,3.9697498545666083,0.7985892139412271,0.09427360727753373
West Midlands Police,2024,12,December,Theft from the person,235,3036605.0,3.9697498545666083,0.07738905784585087,0.00913579287019399
West Midlands Police,2024,12,December,Vehicle crime,2071,3036605.0,3.9697498545666083,0.6820116544627964,0.08051160440073087
West Midlands Police,2024,12,December,Violence and sexual offences,10573,3036605.0,3.9697498545666083,3.4818489727837503,0.411032927730047
West Midlands Police,2025,1,January,Anti-social behaviour,1920,3036605.0,3.9697498545666083,0.6322850683575901,0.07499707042693644
West Midlands Police,2025,1,January,Bicycle theft,110,3036605.0,3.9697498545666083,0.036224665374653596,0.004296707159876567
West Midlands Police,2025,1,January,Burglary,1231,3036605.0,3.9697498545666083,0.40538693705635076,0.04808405921643686
West Midlands Police,2025,1,January,Criminal damage and arson,1868,3036605.0,3.9697498545666083,0.6151606810895721,0.07296589976954025
West Midlands Police,2025,1,January,Drugs,772,3036605.0,3.9697498545666083,0.25423128790211436,0.030155072067497363
West Midlands Police,2025,1,January,Other crime,567,3036605.0,3.9697498545666083,0.18672168424935082,0.02214757236045467
West Midlands Police,2025,1,January,Other theft,1526,3036605.0,3.9697498545666083,0.5025349032883762,0.0596070465997422
West Midlands Police,2025,1,January,Possession of weapons,455,3036605.0,3.9697498545666083,0.14983838859515808,0.01777274325221671
West Midlands Police,2025,1,January,Public order,1299,3036605.0,3.9697498545666083,0.4277803665606821,0.05074020546072419
West Midlands Police,2025,1,January,Robbery,458,3036605.0,3.9697498545666083,0.15082633401446682,0.017889926174758798
West Midlands Police,2025,1,January,Shoplifting,2606,3036605.0,3.9697498545666083,0.8581952542395208,0.10179289871489396
West Midlands Police,2025,1,January,Theft from the person,166,3036605.0,3.9697498545666083,0.05466631320174998,0.006484121713995547
West Midlands Police,2025,1,January,Vehicle crime,2076,3036605.0,3.9697498545666083,0.6836582301616444,0.08109058239912503
West Midlands Police,2025,1,January,Violence and sexual offences,10547,3036605.0,3.9697498545666083,3.473286779149741,0.4119760946838014
West Midlands Police,2025,2,February,Anti-social behaviour,2086,3036605.0,3.9697498545666083,0.6869513815593401,0.08471410006497726
West Midlands Police,2025,2,February,Bicycle theft,100,3036605.0,3.9697498545666083,0.032931513976957816,0.004061078622482131
West Midlands Police,2025,2,February,Burglary,1112,3036605.0,3.9697498545666083,0.36619843542377095,0.0451591942820013
West Midlands Police,2025,2,February,Criminal damage and arson,1719,3036605.0,3.9697498545666083,0.566092725263905,0.06980994152046784
West Midlands Police,2025,2,February,Drugs,772,3036605.0,3.9697498545666083,0.25423128790211436,0.03135152696556205
West Midlands Police,2025,2,February,Other crime,584,3036605.0,3.9697498545666083,0.19232004162543367,0.023716699155295645
West Midlands Police,2025,2,February,Other theft,1387,3036605.0,3.9697498545666083,0.456760098860405,0.05632716049382716
West Midlands Police,2025,2,February,Possession of weapons,484,3036605.0,3.9697498545666083,0.15938852764847586,0.019655620532813514
West Midlands Police,2025,2,February,Public order,1208,3036605.0,3.9697498545666083,0.3978126888416505,0.04905782975958414
West Midlands Police,2025,2,February,Robbery,408,3036605.0,3.9697498545666083,0.1343605770259879,0.016569200779727095
West Midlands Police,2025,2,February,Shoplifting,2599,3036605.0,3.9697498545666083,0.8558900482611337,0.10554743339831059
West Midlands Police,2025,2,February,Theft from the person,203,3036605.0,3.9697498545666083,0.06685097337322438,0.008243989603638726
West Midlands Police,2025,2,February,Vehicle crime,2173,3036605.0,3.9697498545666083,0.7156017987192934,0.08824723846653672
West Midlands Police,2025,2,February,Violence and sexual offences,9789,3036605.0,3.9697498545666083,3.223665903204401,0.3975389863547758
West Midlands Police,2025,3,March,Anti-social behaviour,2472,3036605.0,3.9697498545666083,0.8140670255103973,0.08838988808238281
West Midlands Police,2025,3,March,Bicycle theft,144,3036605.0,3.9697498545666083,0.04742138012681926,0.005148925519362105
West Midlands Police,2025,3,March,Burglary,1133,3036605.0,3.9697498545666083,0.3731140533589321,0.040512032037758786
West Midlands Police,2025,3,March,Criminal damage and arson,2086,3036605.0,3.9697498545666083,0.6869513815593401,0.07458790717631494
West Midlands Police,2025,3,March,Drugs,764,3036605.0,3.9697498545666083,0.25159676678395776,0.027317910394393394
West Midlands Police,2025,3,March,Other crime,596,3036605.0,3.9697498545666083,0.19627182330266862,0.02131083062180427
West Midlands Police,2025,3,March,Other theft,1558,3036605.0,3.9697498545666083,0.5130729877610029,0.05570851360532056
West Midlands Police,2025,3,March,Possession of weapons,556,3036605.0,3.9697498545666083,0.18309921771188548,0.019880573533092572
West Midlands Police,2025,3,March,Public order,1503,3036605.0,3.9697498545666083,0.494960655073676,0.05374191010834197
West Midlands Police,2025,3,March,Robbery,475,3036605.0,3.9697498545666083,0.15642469139054963,0.01698430292845139
West Midlands Police,2025,3,March,Shoplifting,3003,3036605.0,3.9697498545666083,0.9889333647280434,0.10737655093503057
West Midlands Police,2025,3,March,Theft from the person,201,3036605.0,3.9697498545666083,0.06619234309368523,0.007187041870776272
West Midlands Police,2025,3,March,Vehicle crime,2213,3036605.0,3.9697498545666083,0.7287744043100766,0.07912897343297458
West Midlands Police,2025,3,March,Violence and sexual offences,11263,3036605.0,3.9697498545666083,3.709076419224759,0.4027246397539958
West Midlands Police,2025,4,April,Anti-social behaviour,2565,3036605.0,3.9697498545666083,0.844693333508968,0.0939698124267292
West Midlands Police,2025,4,April,Bicycle theft,152,3036605.0,3.9697498545666083,0.05005590124497589,0.005568581477139508
West Midlands Police,2025,4,April,Burglary,1217,3036605.0,3.9697498545666083,0.4007765250995767,0.04458528722157093
West Midlands Police,2025,4,April,Criminal damage and arson,2046,3036605.0,3.9697498545666083,0.673778775968557,0.07495603751465416
West Midlands Police,2025,4,April,Drugs,699,3036605.0,3.9697498545666083,0.23019128269893516,0.02560814771395076
West Midlands Police,2025,4,April,Other crime,471,3036605.0,3.9697498545666083,0.15510743083147133,0.0172552754982415
West Midlands Police,2025,4,April,Other theft,1594,3036605.0,3.9697498545666083,0.5249283327927077,0.0583968347010551
West Midlands Police,2025,4,April,Possession of weapons,523,3036605.0,3.9697498545666083,0.1722318180994894,0.01916031652989449
West Midlands Police,2025,4,April,Public order,1360,3036605.0,3.9697498545666083,0.44786859008662633,0.049824150058616644
West Midlands Police,2025,4,April,Robbery,598,3036605.0,3.9697498545666083,0.19693045358220776,0.02190797186400938
West Midlands Police,2025,4,April,Shoplifting,2871,3036605.0,3.9697498545666083,0.945463766278459,0.10518024618991793
West Midlands Police,2025,4,April,Theft from the person,229,3036605.0,3.9697498545666083,0.07541316700723341,0.008389507620164126
West Midlands Police,2025,4,April,Vehicle crime,2355,3036605.0,3.9697498545666083,0.7755371541573567,0.0862763774912075
West Midlands Police,2025,4,April,Violence and sexual offences,10616,3036605.0,3.9697498545666083,3.496009523793842,0.38892145369284875
West Midlands Police,2025,5,May,Anti-social behaviour,2477,3036605.0,3.9697498545666083,0.8157136012092452,0.08755125123709882
West Midlands Police,2025,5,May,Bicycle theft,165,3036605.0,3.9697498545666083,0.054336998061980404,0.00583203732503888
West Midlands Police,2025,5,May,Burglary,1190,3036605.0,3.9697498545666083,0.39188501632579803,0.04206136010179556
West Midlands Police,2025,5,May,Criminal damage and arson,2119,3036605.0,3.9697498545666083,0.6978187811717362,0.07489749752580235
West Midlands Police,2025,5,May,Drugs,733,3036605.0,3.9697498545666083,0.24138799745110082,0.025908383995475754
West Midlands Police,2025,5,May,Other crime,519,3036605.0,3.9697498545666083,0.1709145575404111,0.018344408313304115
West Midlands Police,2025,5,May,Other theft,1611,3036605.0,3.9697498545666083,0.5305266901687905,0.056941891700834156
West Midlands Police,2025,5,May,Possession of weapons,604,3036605.0,3.9697498545666083,0.19890634442082525,0.021348791177718082
West Midlands Police,2025,5,May,Public order,1616,3036605.0,3.9697498545666083,0.5321732658676384,0.057118620104623215
West Midlands Police,2025,5,May,Robbery,556,3036605.0,3.9697498545666083,0.18309921771188548,0.019652198501343136
West Midlands Police,2025,5,May,Shoplifting,2781,3036605.0,3.9697498545666083,0.915825403699197,0.09829633818747349
West Midlands Police,2025,5,May,Theft from the person,233,3036605.0,3.9697498545666083,0.07673042756631172,0.008235543616570055
West Midlands Police,2025,5,May,Vehicle crime,2415,3036605.0,3.9697498545666083,0.7952960625435314,0.08535981903011453
West Midlands Police,2025,5,May,Violence and sexual offences,11273,3036605.0,3.9697498545666083,3.7123695706224553,0.39845185918280784
West Midlands Police,2025,6,June,Anti-social behaviour,2614,3036605.0,3.9697498545666083,0.8608297753576774,0.09105475825553852
West Midlands Police,2025,6,June,Bicycle theft,193,3036605.0,3.9697498545666083,0.06355782197552859,0.006722864706701965
West Midlands Police,2025,6,June,Burglary,1152,3036605.0,3.9697498545666083,0.3793710410145541,0.0401281872648739
West Midlands Police,2025,6,June,Criminal damage and arson,2201,3036605.0,3.9697498545666083,0.7248226226328416,0.07666852445311412
West Midlands Police,2025,6,June,Drugs,813,3036605.0,3.9697498545666083,0.26773320863266703,0.028319632158283405
West Midlands Police,2025,6,June,Other crime,547,3036605.0,3.9697498545666083,0.18013538145395927,0.019053922251637174
West Midlands Police,2025,6,June,Other theft,1557,3036605.0,3.9697498545666083,0.5127436726212332,0.05423575310018113
West Midlands Police,2025,6,June,Possession of weapons,637,3036605.0,3.9697498545666083,0.2097737440332213,0.022188936881705448
West Midlands Police,2025,6,June,Public order,1594,3036605.0,3.9697498545666083,0.5249283327927077,0.05552459244809809
West Midlands Police,2025,6,June,Robbery,624,3036605.0,3.9697498545666083,0.2054926472162168,0.021736101435140032
West Midlands Police,2025,6,June,Shoplifting,2488,3036605.0,3.9697498545666083,0.8193360677467105,0.08666573777344294
West Midlands Police,2025,6,June,Theft from the person,228,3036605.0,3.9697498545666083,0.07508385186746383,0.007942037062839627
West Midlands Police,2025,6,June,Vehicle crime,2165,3036605.0,3.9697498545666083,0.7129672776011368,0.0754145186010868
West Midlands Police,2025,6,June,Violence and sexual offences,11895,3036605.0,3.9697498545666083,3.9172035875591327,0.41434443360735684
West Midlands Police,2025,7,July,Anti-social behaviour,2085,3036605.0,3.9697498545666083,0.6866220664195705,0.07142612449042512
West Midlands Police,2025,7,July,Bicycle theft,173,3036605.0,3.9697498545666083,0.05697151918013703,0.005926484190332637
West Midlands Police,2025,7,July,Burglary,1090,3036605.0,3.9697498545666083,0.3589535023488402,0.03734027611250043
West Midlands Police,2025,7,July,Criminal damage and arson,2189,3036605.0,3.9697498545666083,0.7208708409556067,0.07498886643143435
West Midlands Police,2025,7,July,Drugs,810,3036605.0,3.9697498545666083,0.26674526321335834,0.02774827857901408
West Midlands Police,2025,7,July,Other crime,576,3036605.0,3.9697498545666083,0.18968552050727705,0.019732109211743346
West Midlands Police,2025,7,July,Other theft,1723,3036605.0,3.9697498545666083,0.5674099858229832,0.05902504196498921
West Midlands Police,2025,7,July,Possession of weapons,608,3036605.0,3.9697498545666083,0.20022360497990355,0.02082833750128464
West Midlands Police,2025,7,July,Public order,1717,3036605.0,3.9697498545666083,0.5654340949843657,0.058819499160700214
West Midlands Police,2025,7,July,Robbery,639,3036605.0,3.9697498545666083,0.21043237431276046,0.021890308656777775
West Midlands Police,2025,7,July,Shoplifting,2820,3036605.0,3.9697498545666083,0.9286686941502105,0.0966051180158268
West Midlands Police,2025,7,July,Theft from the person,227,3036605.0,3.9697498545666083,0.07475453672769425,0.007776369428933575
West Midlands Police,2025,7,July,Vehicle crime,2304,3036605.0,3.9697498545666083,0.7587420820291082,0.07892843684697338
West Midlands Police,2025,7,July,Violence and sexual offences,12230,3036605.0,3.9697498545666083,4.027524159381941,0.4189647494090644
West Midlands Police,2025,8,August,Anti-social behaviour,2016,3036605.0,3.9697498545666083,0.6638993217754697,0.07381370826010544
West Midlands Police,2025,8,August,Bicycle theft,170,3036605.0,3.9697498545666083,0.05598357376082829,0.006224370240187464
West Midlands Police,2025,8,August,Burglary,1223,3036605.0,3.9697498545666083,0.4027524159381941,0.0447788517867604
West Midlands Police,2025,8,August,Criminal damage and arson,2093,3036605.0,3.9697498545666083,0.6892565875377272,0.07663298183948447
West Midlands Police,2025,8,August,Drugs,833,3036605.0,3.9697498545666083,0.2743195114280586,0.03049941417691857
West Midlands Police,2025,8,August,Other crime,509,3036605.0,3.9697498545666083,0.1676214061427153,0.018636496777973053
West Midlands Police,2025,8,August,Other theft,1680,3036605.0,3.9697498545666083,0.5532494348128913,0.061511423550087874
West Midlands Police,2025,8,August,Possession of weapons,584,3036605.0,3.9697498545666083,0.19232004162543367,0.021382542472173402
West Midlands Police,2025,8,August,Public order,1461,3036605.0,3.9697498545666083,0.4811294192033537,0.05349297012302285
West Midlands Police,2025,8,August,Robbery,598,3036605.0,3.9697498545666083,0.19693045358220776,0.021895137668424138
West Midlands Police,2025,8,August,Shoplifting,2594,3036605.0,3.9697498545666083,0.8542434725622858,0.09497656707674282
West Midlands Police,2025,8,August,Theft from the person,211,3036605.0,3.9697498545666083,0.069485494491381,0.007725541886350322
West Midlands Police,2025,8,August,Vehicle crime,2324,3036605.0,3.9697498545666083,0.7653283848244997,0.08509080257762155
West Midlands Police,2025,8,August,Violence and sexual offences,11016,3036605.0,3.9697498545666083,3.6277355797016733,0.4033391915641476
West Midlands Police,2025,9,September,Anti-social behaviour,1331,3036605.0,3.9697498545666083,0.4383184510333086,0.051062687025243615
West Midlands Police,2025,9,September,Bicycle theft,176,3036605.0,3.9697498545666083,0.05795946459944576,0.006752090846313205
West Midlands Police,2025,9,September,Burglary,1177,3036605.0,3.9697498545666083,0.3876039195087935,0.04515460753471956
West Midlands Police,2025,9,September,Criminal damage and arson,2086,3036605.0,3.9697498545666083,0.6869513815593401,0.08002762218982583
West Midlands Police,2025,9,September,Drugs,752,3036605.0,3.9697498545666083,0.2476449851067228,0.028849842706974604
West Midlands Police,2025,9,September,Other crime,476,3036605.0,3.9697498545666083,0.15675400653031923,0.01826133660707435
West Midlands Police,2025,9,September,Other theft,1570,3036605.0,3.9697498545666083,0.5170247694382378,0.060231719481316656
West Midlands Police,2025,9,September,Possession of weapons,574,3036605.0,3.9697498545666083,0.1890268902277379,0.02202102355558966
West Midlands Police,2025,9,September,Public order,1515,3036605.0,3.9697498545666083,0.49891243675091096,0.05812169109184378
West Midlands Police,2025,9,September,Robbery,571,3036605.0,3.9697498545666083,0.18803894480842914,0.021905931097982046
West Midlands Police,2025,9,September,Shoplifting,2449,3036605.0,3.9697498545666083,0.806492777295697,0.09395380956034681
West Midlands Police,2025,9,September,Theft from the person,251,3036605.0,3.9697498545666083,0.08265810008216412,0.009629402286503492
West Midlands Police,2025,9,September,Vehicle crime,2326,3036605.0,3.9697498545666083,0.7659870151040389,0.08923501879843475
West Midlands Police,2025,9,September,Violence and sexual offences,10812,3036605.0,3.9697498545666083,3.5605552911886793,0.41479321721783163
West Midlands Police,2025,10,October,Anti-social behaviour,1388,3036605.0,3.9697498545666083,0.4570894140001745,0.051384569820820375
West Midlands Police,2025,10,October,Bicycle theft,189,3036605.0,3.9697498545666083,0.06224056141645028,0.00699689027099067
West Midlands Police,2025,10,October,Burglary,1351,3036605.0,3.9697498545666083,0.44490475382870015,0.050014808233377755
West Midlands Police,2025,10,October,Criminal damage and arson,2111,3036605.0,3.9697498545666083,0.6951842600535796,0.07815045165111802
West Midlands Police,2025,10,October,Drugs,787,3036605.0,3.9697498545666083,0.2591710149986581,0.02913519917073893
West Midlands Police,2025,10,October,Other crime,554,3036605.0,3.9697498545666083,0.18244058743234634,0.020509403228194875
West Midlands Police,2025,10,October,Other theft,1550,3036605.0,3.9697498545666083,0.5104384666428462,0.05738190433881238
West Midlands Police,2025,10,October,Possession of weapons,547,3036605.0,3.9697498545666083,0.18013538145395927,0.020250259144084112
West Midlands Police,2025,10,October,Public order,1507,3036605.0,3.9697498545666083,0.49627791563275436,0.05579001925070339
West Midlands Police,2025,10,October,Robbery,614,3036605.0,3.9697498545666083,0.20219949581852104,0.02273063823485858
West Midlands Police,2025,10,October,Shoplifting,2883,3036605.0,3.9697498545666083,0.9494155479556939,0.10673034207019103
West Midlands Police,2025,10,October,Theft from the person,245,3036605.0,3.9697498545666083,0.08068220924354666,0.009070042943876795
West Midlands Police,2025,10,October,Vehicle crime,2339,3036605.0,3.9697498545666083,0.7702681119210435,0.08659114467644011
West Midlands Police,2025,10,October,Violence and sexual offences,10947,3036605.0,3.9697498545666083,3.6050128350575723,0.40526432696579295
West Midlands Police,2025,11,November,Anti-social behaviour,937,3036605.0,3.9697498545666083,0.30856828596409475,0.036296726709277555
West Midlands Police,2025,11,November,Bicycle theft,136,3036605.0,3.9697498545666083,0.04478685900866264,0.0052682548905675
West Midlands Police,2025,11,November,Burglary,1381,3036605.0,3.9697498545666083,0.4547842080217875,0.053496029440247915
West Midlands Police,2025,11,November,Criminal damage and arson,2150,3036605.0,3.9697498545666083,0.7080275505045932,0.08328491187294208
West Midlands Police,2025,11,November,Drugs,832,3036605.0,3.9697498545666083,0.2739901962882891,0.03222932403641294
West Midlands Police,2025,11,November,Other crime,524,3036605.0,3.9697498545666083,0.17256113323925898,0.020298276196010073
West Midlands Police,2025,11,November,Other theft,1597,3036605.0,3.9697498545666083,0.5259162782120164,0.06186325779585512
West Midlands Police,2025,11,November,Possession of weapons,555,3036605.0,3.9697498545666083,0.1827699025721159,0.02149912841371296
West Midlands Police,2025,11,November,Public order,1415,3036605.0,3.9697498545666083,0.46598092277395314,0.05481309316288979
West Midlands Police,2025,11,November,Robbery,506,3036605.0,3.9697498545666083,0.16663346072340657,0.01960100716637614
West Midlands Police,2025,11,November,Shoplifting,2744,3036605.0,3.9697498545666083,0.9036407435277226,0.1062947898508619
West Midlands Police,2025,11,November,Theft from the person,234,3036605.0,3.9697498545666083,0.07705974270608129,0.009064497385241139
West Midlands Police,2025,11,November,Vehicle crime,2319,3036605.0,3.9697498545666083,0.7636818091256519,0.08983149331783846
West Midlands Police,2025,11,November,Violence and sexual offences,10485,3036605.0,3.9697498545666083,3.4528692404840275,0.4061592097617664
West Midlands Police,2025,12,December,Anti-social behaviour,719,3036605.0,3.9697498545666083,0.2367775854943267,0.02952408327516117
West Midlands Police,2025,12,December,Bicycle theft,111,3036605.0,3.9697498545666083,0.036553980514423184,0.004557960004927524
West Midlands Police,2025,12,December,Burglary,1163,3036605.0,3.9697498545666083,0.38299350755201944,0.047755923294871265
West Midlands Police,2025,12,December,Criminal damage and arson,2025,3036605.0,3.9697498545666083,0.6668631580333959,0.083151973062867
West Midlands Police,2025,12,December,Drugs,762,3036605.0,3.9697498545666083,0.2509381365044186,0.03128977949328625
West Midlands Police,2025,12,December,Other crime,507,3036605.0,3.9697498545666083,0.16696277586317612,0.02081879029277707
West Midlands Police,2025,12,December,Other theft,1581,3036605.0,3.9697498545666083,0.5206472359757032,0.0649201330431569
West Midlands Police,2025,12,December,Possession of weapons,518,3036605.0,3.9697498545666083,0.17058524240064152,0.021270480022995114
West Midlands Police,2025,12,December,Public order,1330,3036605.0,3.9697498545666083,0.437989135893539,0.0546133946536361
West Midlands Police,2025,12,December,Robbery,486,3036605.0,3.9697498545666083,0.160047157928015,0.01995647353508808
West Midlands Police,2025,12,December,Shoplifting,2368,3036605.0,3.9697498545666083,0.7798182509743611,0.09723648010512052
West Midlands Police,2025,12,December,Theft from the person,219,3036605.0,3.9697498545666083,0.07212001560953762,0.008992731901613765
West Midlands Police,2025,12,December,Vehicle crime,2051,3036605.0,3.9697498545666083,0.6754253516674048,0.08421960333429146
West Midlands Police,2025,12,December,Violence and sexual offences,10513,3036605.0,3.9697498545666083,3.4620900643975756,0.43169219398020775
West Midlands Police,2026,1,January,Anti-social behaviour,760,3036605.0,3.9697498545666083,0.2502795062248794,0.03122303931637977
West Midlands Police,2026,1,January,Bicycle theft,93,3036605.0,3.9697498545666083,0.030626307998570773,0.0038207140216096297
West Midlands Police,2026,1,January,Burglary,1214,3036605.0,3.9697498545666083,0.39978857968026793,0.04987469701326979
West Midlands Police,2026,1,January,Criminal damage and arson,1933,3036605.0,3.9697498545666083,0.6365661651745946,0.07941333552442381
West Midlands Police,2026,1,January,Drugs,762,3036605.0,3.9697498545666083,0.2509381365044186,0.031305205209317614
West Midlands Police,2026,1,January,Other crime,504,3036605.0,3.9697498545666083,0.16597483044386743,0.02070580502033606
West Midlands Police,2026,1,January,Other theft,1475,3036605.0,3.9697498545666083,0.4857398311601278,0.06059734604165811
West Midlands Police,2026,1,January,Possession of weapons,495,3036605.0,3.9697498545666083,0.1630109941859412,0.020336058502115773
West Midlands Police,2026,1,January,Public order,1292,3036605.0,3.9697498545666083,0.42547516058229506,0.05307916683784561
West Midlands Police,2026,1,January,Robbery,465,3036605.0,3.9697498545666083,0.15313153999285387,0.01910357010804815
West Midlands Police,2026,1,January,Shoplifting,2401,3036605.0,3.9697498545666083,0.7906856505867573,0.09864015447187872
West Midlands Police,2026,1,January,Theft from the person,186,3036605.0,3.9697498545666083,0.061252615997141546,0.007641428043219259
West Midlands Police,2026,1,January,Vehicle crime,2243,3036605.0,3.9697498545666083,0.7386538585031639,0.09214904892978924
West Midlands Police,2026,1,January,Violence and sexual offences,10518,3036605.0,3.9697498545666083,3.463736640096424,0.4321104309601085
West Midlands Police,2026,2,February,Anti-social behaviour,683,3036605.0,3.9697498545666083,0.2249222404626219,0.028717991842913005
West Midlands Police,2026,2,February,Bicycle theft,84,3036605.0,3.9697498545666083,0.027662471740644567,0.00353193457511668
West Midlands Police,2026,2,February,Burglary,1082,3036605.0,3.9697498545666083,0.3563189812306836,0.045494681074717234
West Midlands Police,2026,2,February,Criminal damage and arson,1956,3036605.0,3.9697498545666083,0.644140413389295,0.08224361939200268
West Midlands Police,2026,2,February,Drugs,745,3036605.0,3.9697498545666083,0.24533977912833577,0.031324895934070555
West Midlands Police,2026,2,February,Other crime,474,3036605.0,3.9697498545666083,0.15609537625078007,0.019930202245301266
West Midlands Police,2026,2,February,Other theft,1414,3036605.0,3.9697498545666083,0.46565160763418356,0.05945423201446411
West Midlands Police,2026,2,February,Possession of weapons,523,3036605.0,3.9697498545666083,0.1722318180994894,0.02199049741411933
West Midlands Police,2026,2,February,Public order,1320,3036605.0,3.9697498545666083,0.43469598449584324,0.05550182903754783
West Midlands Police,2026,2,February,Robbery,457,3036605.0,3.9697498545666083,0.15049701887469724,0.019215405962241937
West Midlands Police,2026,2,February,Shoplifting,2631,3036605.0,3.9697498545666083,0.8664281327337602,0.11062523651347601
West Midlands Police,2026,2,February,Theft from the person,192,3036605.0,3.9697498545666083,0.06322850683575902,0.00807299331455241
West Midlands Police,2026,2,February,Vehicle crime,2190,3036605.0,3.9697498545666083,0.7212001560953762,0.09208257999411344
West Midlands Police,2026,2,February,Violence and sexual offences,10032,3036605.0,3.9697498545666083,3.303689482168408,0.4218139006853635
West Midlands Police,2026,3,March,Anti-social behaviour,911,3036605.0,3.9697498545666083,0.30000609233008574,0.033504965060684073
West Midlands Police,2026,3,March,Bicycle theft,137,3036605.0,3.9697498545666083,0.04511617414843221,0.005038617138653917
West Midlands Police,2026,3,March,Burglary,1143,3036605.0,3.9697498545666083,0.37640720475662787,0.042037513791835235
West Midlands Police,2026,3,March,Criminal damage and arson,2142,3036605.0,3.9697498545666083,0.7053930293864366,0.07877896285399044
West Midlands Police,2026,3,March,Drugs,932,3036605.0,3.9697498545666083,0.3069217102652469,0.03427730783376241
West Midlands Police,2026,3,March,Other crime,542,3036605.0,3.9697498545666083,0.17848880575511136,0.019933799190879
West Midlands Police,2026,3,March,Other theft,1588,3036605.0,3.9697498545666083,0.5229524419540902,0.0584038249356381
West Midlands Police,2026,3,March,Possession of weapons,600,3036605.0,3.9697498545666083,0.19758908386174692,0.02206693637366679
West Midlands Police,2026,3,March,Public order,1654,3036605.0,3.9697498545666083,0.5446872411788823,0.06083118793674145
West Midlands Police,2026,3,March,Robbery,528,3036605.0,3.9697498545666083,0.17387839379833728,0.019418904008826773
West Midlands Police,2026,3,March,Shoplifting,2760,3036605.0,3.9697498545666083,0.9089097857640358,0.10150790731886723
West Midlands Police,2026,3,March,Theft from the person,252,3036605.0,3.9697498545666083,0.08298741522193372,0.009268113276940052
West Midlands Police,2026,3,March,Vehicle crime,2303,3036605.0,3.9697498545666083,0.7584127668893386,0.08470025744759102
West Midlands Police,2026,3,March,Violence and sexual offences,11698,3036605.0,3.9697498545666083,3.8523285050245257,0.4302317028319235
West Midlands Police,2026,4,April,Anti-social behaviour,972,3036605.0,3.9697498545666083,0.32009431585603,0.03652075897050536
West Midlands Police,2026,4,April,Bicycle theft,145,3036605.0,3.9697498545666083,0.04775069526658884,0.005448055607739997
West Midlands Police,2026,4,April,Burglary,1086,3036605.0,3.9697498545666083,0.35763624178976194,0.040804057862107834
West Midlands Police,2026,4,April,Criminal damage and arson,2340,3036605.0,3.9697498545666083,0.7705974270608129,0.08792034566973511
West Midlands Police,2026,4,April,Drugs,845,3036605.0,3.9697498545666083,0.2782712931052936,0.03174901371407101
West Midlands Police,2026,4,April,Other crime,470,3036605.0,3.9697498545666083,0.15477811569170175,0.01765921472853654
West Midlands Police,2026,4,April,Other theft,1660,3036605.0,3.9697498545666083,0.5466631320174997,0.062370843509299265
West Midlands Police,2026,4,April,Possession of weapons,569,3036605.0,3.9697498545666083,0.18738031452889,0.02137892166071764
West Midlands Police,2026,4,April,Public order,1625,3036605.0,3.9697498545666083,0.5351371021255646,0.061055795603982714
West Midlands Police,2026,4,April,Robbery,547,3036605.0,3.9697498545666083,0.18013538145395927,0.02055232012023295
West Midlands Police,2026,4,April,Shoplifting,2752,3036605.0,3.9697498545666083,0.9062752646458793,0.10340033815517566
West Midlands Police,2026,4,April,Theft from the person,235,3036605.0,3.9697498545666083,0.07738905784585087,0.00882960736426827
West Midlands Police,2026,4,April,Vehicle crime,2261,3036605.0,3.9697498545666083,0.7445815310190164,0.08495209468344918
West Midlands Police,2026,4,April,Violence and sexual offences,11108,3036605.0,3.9697498545666083,3.6580325725604745,0.41735863235017845
West Midlands Police,2026,5,May,Anti-social behaviour,1046,3036605.0,3.9697498545666083,0.3444636361989788,0.03657598433456885
West Midlands Police,2026,5,May,Bicycle theft,155,3036605.0,3.9697498545666083,0.05104384666428462,0.005419959437722918
West Midlands Police,2026,5,May,Burglary,1167,3036605.0,3.9697498545666083,0.38431076811109777,0.040807049444017064
West Midlands Police,2026,5,May,Criminal damage and arson,2334,3036605.0,3.9697498545666083,0.7686215362221955,0.08161409888803413
West Midlands Police,2026,5,May,Drugs,892,3036605.0,3.9697498545666083,0.29374910467446375,0.03119099237708931
West Midlands Police,2026,5,May,Other crime,476,3036605.0,3.9697498545666083,0.15675400653031923,0.01664452059584586
West Midlands Police,2026,5,May,Other theft,1699,3036605.0,3.9697498545666083,0.5595064224685133,0.05940974893349185
West Midlands Police,2026,5,May,Possession of weapons,707,3036605.0,3.9697498545666083,0.23282580381709178,0.02472200853206518
West Midlands Police,2026,5,May,Public order,1889,3036605.0,3.9697498545666083,0.6220762990247332,0.06605357017973285
West Midlands Police,2026,5,May,Robbery,575,3036605.0,3.9697498545666083,0.18935620536750747,0.020106301139939855
West Midlands Police,2026,5,May,Shoplifting,2719,3036605.0,3.9697498545666083,0.8954078650334831,0.09507657878173299
West Midlands Police,2026,5,May,Theft from the person,294,3036605.0,3.9697498545666083,0.09681865109225599,0.010280439191551857
West Midlands Police,2026,5,May,Vehicle crime,2364,3036605.0,3.9697498545666083,0.7785009904152829,0.08266312329533534
West Midlands Police,2026,5,May,Violence and sexual offences,12281,3036605.0,3.9697498545666083,4.0443192315101895,0.42943562486887193
