{
"type": "FeatureCollection",
"name": "lad_boundaries_northumbria_police",
"crs": { "type": "name", "properties": { "name": "urn:ogc:def:crs:OGC:1.3:CRS84" } },
"features": [
{ "type": "Feature", "properties": { "LAD24CD": "E06000057", "LAD24NM": "Northumberland" }, "geometry": { "type": "MultiPolygon", "coordinates": [ [ [ [ -1.48880402474723, 55.118479980388599 ], [ -1.48899037923083, 55.1182449540363 ], [ -1.48883780516869, 55.118512617910703 ], [ -1.48880402474723, 55.118479980388599 ] ] ], [ [ [ -1.48880402474723, 55.118479980388599 ], [ -1.4887290454113, 55.118574541467801 ], [ -1.48684249231603, 55.116597499121703 ], [ -1.48690667154492, 55.116646727392798 ], [ -1.48880402474723, 55.118479980388599 ] ] ], [ [ [ -1.48883780516869, 55.118512617910703 ], [ -1.48892804349803, 55.118599803179201 ], [ -1.48878189163585, 55.118610706862 ], [ -1.48883780516869, 55.118512617910703 ] ] ], [ [ [ -1.53698886158695, 55.335974061994897 ], [ -1.5365783308792, 55.334941881911 ], [ -1.5372032337175, 55.335020607017 ], [ -1.53679315959836, 55.333692798330503 ], [ -1.53766027158024, 55.333002413631299 ], [ -1.54035103867603, 55.333547147900603 ], [ -1.54075939767373, 55.334763548692003 ], [ -1.54021373803466, 55.336420212493699 ], [ -1.53976383055971, 55.336750980061304 ], [ -1.53788086441876, 55.336804147998897 ], [ -1.53698886158695, 55.335974061994897 ] ] ], [ [ [ -1.61802682209161, 55.385570517481 ], [ -1.61764933437554, 55.385198306045098 ], [ -1.61904023384615, 55.385031524680898 ], [ -1.61845311654205, 55.385374624054101 ], [ -1.61920469910625, 55.3852851238385 ], [ -1.61889690948188, 55.385514456506101 ], [ -1.62022327082415, 55.3863401387839 ], [ -1.61987501728616, 55.3866212847933 ], [ -1.61802682209161, 55.385570517481 ] ] ], [ [ [ -1.64806578566511, 55.584161366576197 ], [ -1.6449904314077, 55.582821395043602 ], [ -1.64412269324069, 55.582979383832402 ], [ -1.64454374461428, 55.5824126420722 ], [ -1.64488363635522, 55.582648755237997 ], [ -1.64454327841628, 55.582323508505297 ], [ -1.64495505627146, 55.582503939999803 ], [ -1.64567467781455, 55.582250729731598 ], [ -1.64499684074822, 55.582761392887598 ], [ -1.64806578566511, 55.584161366576197 ] ] ], [ [ [ -1.64198043232214, 55.616387722747099 ], [ -1.64245291257114, 55.615763723763301 ], [ -1.64451816262522, 55.616321359739501 ], [ -1.64518136460591, 55.617261309069399 ], [ -1.64367897647133, 55.617123162970699 ], [ -1.64198043232214, 55.616387722747099 ] ] ], [ [ [ -1.6481825211015, 55.617754111765997 ], [ -1.64733643978831, 55.616851464837403 ], [ -1.64650751063553, 55.617041336292097 ], [ -1.64597406696022, 55.616865551564999 ], [ -1.64598275062739, 55.616074844188901 ], [ -1.64832617989699, 55.616068030935303 ], [ -1.64974231841947, 55.616614757009202 ], [ -1.64990018414368, 55.617260339912598 ], [ -1.64873424068131, 55.617850083486701 ], [ -1.6481825211015, 55.617754111765997 ] ] ], [ [ [ -1.65500819287023, 55.617383443504202 ], [ -1.65409358272404, 55.617042129586302 ], [ -1.6544509378634, 55.616850008175398 ], [ -1.65216771085534, 55.616090116047701 ], [ -1.65387797970285, 55.615197766695601 ], [ -1.65539726017498, 55.6150205970958 ], [ -1.65862878633871, 55.617109093162199 ], [ -1.65628475764506, 55.617547008338803 ], [ -1.65582427445228, 55.617379447390498 ], [ -1.65613507778738, 55.617791907296002 ], [ -1.65564070518301, 55.6183960464911 ], [ -1.65500819287023, 55.617383443504202 ] ] ], [ [ [ -1.64998081717442, 55.620306610044203 ], [ -1.650126036485, 55.619527049747902 ], [ -1.65113868076896, 55.620275741284701 ], [ -1.65193364697892, 55.620330085656498 ], [ -1.65125252844801, 55.620869013571799 ], [ -1.64998081717442, 55.620306610044203 ] ] ], [ [ [ -1.67495886745071, 55.629759526318601 ], [ -1.67392324172442, 55.6288196012122 ], [ -1.67523164991126, 55.629033269087699 ], [ -1.67549955938723, 55.629662056414801 ], [ -1.67495886745071, 55.629759526318601 ] ] ], [ [ [ -1.62555477727819, 55.632309384453301 ], [ -1.62369988912041, 55.631460919987902 ], [ -1.62253559668359, 55.631634417316199 ], [ -1.62205223594818, 55.6312848213935 ], [ -1.622595920341, 55.630807040615203 ], [ -1.62238964546991, 55.630653346332302 ], [ -1.62315695053897, 55.6297665058447 ], [ -1.62373199405669, 55.629598394835398 ], [ -1.62397201196066, 55.6299010280513 ], [ -1.62402633665348, 55.6295471905851 ], [ -1.62456345498166, 55.629674665488103 ], [ -1.62398868750215, 55.629170215591202 ], [ -1.62419674920669, 55.628989605351798 ], [ -1.62520190204872, 55.629338765611898 ], [ -1.6248615427736, 55.630561520340798 ], [ -1.62608487963285, 55.631857278864103 ], [ -1.62555477727819, 55.632309384453301 ] ] ], [ [ [ -1.62794973923518, 55.635150296213702 ], [ -1.62688802661602, 55.634580380751999 ], [ -1.62530626161105, 55.634714016062198 ], [ -1.62318620109024, 55.633680477114403 ], [ -1.62181245706913, 55.6334993190098 ], [ -1.62101930356773, 55.633056652426099 ], [ -1.61993835107156, 55.633152139452001 ], [ -1.61957173087246, 55.6327925198283 ], [ -1.62056877177364, 55.632502666072199 ], [ -1.6225644085243, 55.632766663692202 ], [ -1.62354060304626, 55.632504566480002 ], [ -1.62593749534013, 55.633484929394001 ], [ -1.62561267177413, 55.633899039908101 ], [ -1.62617080138083, 55.633669782318599 ], [ -1.62746371716732, 55.634007039728701 ], [ -1.62794973923518, 55.635150296213702 ] ] ], [ [ [ -1.62458498460482, 55.636383067632401 ], [ -1.62540482152013, 55.636359509984104 ], [ -1.62474556014413, 55.636859822831497 ], [ -1.62414751046711, 55.636618072314697 ], [ -1.62458498460482, 55.636383067632401 ] ] ], [ [ [ -1.62699602682052, 55.6377390566984 ], [ -1.62668262100841, 55.636956426214198 ], [ -1.62832160658335, 55.636997306214198 ], [ -1.62920166756652, 55.637321629905202 ], [ -1.62897283331964, 55.6378340396056 ], [ -1.62699602682052, 55.6377390566984 ] ] ], [ [ [ -1.61975255188253, 55.639028854954098 ], [ -1.62235957727302, 55.638848144656599 ], [ -1.62295085726958, 55.639141983860902 ], [ -1.6209119893332, 55.6400405569103 ], [ -1.61991020063627, 55.640139872002102 ], [ -1.61970480140512, 55.639858887797999 ], [ -1.61901695001695, 55.639691481159304 ], [ -1.61975255188253, 55.639028854954098 ] ] ], [ [ [ -1.62827179174689, 55.638556122551798 ], [ -1.62920286340855, 55.638367503045899 ], [ -1.6310187740552, 55.6391915574564 ], [ -1.63093546830739, 55.639925385246897 ], [ -1.63004101413296, 55.639937972970898 ], [ -1.63078038891451, 55.640367954017002 ], [ -1.63018858179573, 55.640454210209903 ], [ -1.62869135457094, 55.640203486183303 ], [ -1.62827179174689, 55.638556122551798 ] ] ], [ [ [ -1.60728875138542, 55.641399480059597 ], [ -1.60736645497936, 55.641095127755896 ], [ -1.60853077357963, 55.641437573536102 ], [ -1.60997710281082, 55.642480922791698 ], [ -1.60728875138542, 55.641399480059597 ] ] ], [ [ [ -1.61089513848056, 55.643954652983503 ], [ -1.60976345314958, 55.643522503033502 ], [ -1.61111056114984, 55.643696543634597 ], [ -1.61144149635454, 55.643969854263801 ], [ -1.61089513848056, 55.643954652983503 ] ] ], [ [ [ -1.60712754188105, 55.644170920167497 ], [ -1.60646343221258, 55.643697117111998 ], [ -1.60828875471655, 55.643717318886402 ], [ -1.60982119714793, 55.643142629893902 ], [ -1.61052769205165, 55.643361351886597 ], [ -1.60934504389731, 55.643576866582102 ], [ -1.61002159743579, 55.643922242082603 ], [ -1.6091705377077, 55.644026523128403 ], [ -1.60965203953057, 55.644504223251403 ], [ -1.60859507701314, 55.644696774682401 ], [ -1.60796767486344, 55.644532099851403 ], [ -1.6079202329544, 55.644193212852898 ], [ -1.60712754188105, 55.644170920167497 ] ] ], [ [ [ -1.61056460776148, 55.646360779484901 ], [ -1.61015479274555, 55.645705362876299 ], [ -1.6108378260171, 55.646048957957397 ], [ -1.61227420376501, 55.645881838903101 ], [ -1.61151023463321, 55.646342213796899 ], [ -1.61056460776148, 55.646360779484901 ] ] ], [ [ [ -1.6125046080125, 55.645884362517002 ], [ -1.61321667521974, 55.645849775647903 ], [ -1.61320054159298, 55.646516418833201 ], [ -1.6125046080125, 55.645884362517002 ] ] ], [ [ [ -1.86859987355902, 55.673284200086499 ], [ -1.86833170916433, 55.672616024949598 ], [ -1.87055536400959, 55.672814817091499 ], [ -1.87126528412755, 55.673663888953101 ], [ -1.87022671514801, 55.673314526751199 ], [ -1.86859987355902, 55.673284200086499 ] ] ], [ [ [ -1.84624674021992, 55.692760916701403 ], [ -1.84470464189346, 55.692449285005999 ], [ -1.84414377535311, 55.693056496885703 ], [ -1.84277237174914, 55.693221070320199 ], [ -1.83648371341561, 55.691644321108697 ], [ -1.82777475775502, 55.688541901050797 ], [ -1.81785909346115, 55.6868052808287 ], [ -1.80926891449689, 55.686806172858802 ], [ -1.80789263211721, 55.687562754460103 ], [ -1.80588231279676, 55.687743839193402 ], [ -1.80142847948197, 55.689462668439901 ], [ -1.80057466788642, 55.689535459769303 ], [ -1.80052599838892, 55.688343870570201 ], [ -1.79759266581404, 55.687232244964903 ], [ -1.79527602852998, 55.687898370796297 ], [ -1.79338849866145, 55.688010278952802 ], [ -1.79185607922699, 55.689284672990901 ], [ -1.79213977056551, 55.686268597686002 ], [ -1.79086019386856, 55.685660308969098 ], [ -1.78799882907551, 55.685025893529797 ], [ -1.78452273747959, 55.684787820889703 ], [ -1.78372722767185, 55.684984223743903 ], [ -1.78348867084, 55.685514421966303 ], [ -1.78125929427266, 55.686276928427901 ], [ -1.77970863744546, 55.686051643722998 ], [ -1.77897304543785, 55.685160246273199 ], [ -1.7791238910185, 55.683690385028903 ], [ -1.78004959814113, 55.682482454197697 ], [ -1.77974923270176, 55.680516352063599 ], [ -1.78059675596629, 55.6779208699541 ], [ -1.78172712503873, 55.676796978385703 ], [ -1.78082045884218, 55.675521117654696 ], [ -1.78128636878456, 55.674497802388601 ], [ -1.78050109477248, 55.671633918988903 ], [ -1.77836613187562, 55.668357192896501 ], [ -1.77842623327403, 55.667709499027701 ], [ -1.7801022664221, 55.667681936259797 ], [ -1.78271724655832, 55.668742291781697 ], [ -1.78794860478322, 55.668467241336401 ], [ -1.79146967108109, 55.669775433003799 ], [ -1.79244370247448, 55.670436939160098 ], [ -1.79357917624522, 55.670554830704098 ], [ -1.79541958716017, 55.669966372121699 ], [ -1.79628385658022, 55.669182104191201 ], [ -1.79630605706869, 55.6684691812778 ], [ -1.79407351426354, 55.668309578907703 ], [ -1.79481602143438, 55.668331809734497 ], [ -1.79478883346895, 55.6680493981276 ], [ -1.80036295056682, 55.667852943725201 ], [ -1.80265318854177, 55.6682702892126 ], [ -1.80682754269783, 55.671752555941701 ], [ -1.80708080244183, 55.6738390783702 ], [ -1.80519418754574, 55.675552382433999 ], [ -1.80578273146445, 55.677149168722302 ], [ -1.80758379731933, 55.678956693738101 ], [ -1.80996745129484, 55.6803686901156 ], [ -1.81325926648158, 55.681092492535399 ], [ -1.81547751645511, 55.682157073898303 ], [ -1.81673953993293, 55.681899407197598 ], [ -1.81698013312719, 55.682277050866603 ], [ -1.81975488632942, 55.682476467422099 ], [ -1.82265659938334, 55.682316523858297 ], [ -1.82452552426101, 55.682772239374003 ], [ -1.82501715460713, 55.682615764982103 ], [ -1.82446744465527, 55.682343777286398 ], [ -1.82643915858473, 55.682996849905003 ], [ -1.82741153687354, 55.682674621992199 ], [ -1.82890366778607, 55.683240688704501 ], [ -1.8292751977607, 55.682679253154397 ], [ -1.83012235069591, 55.682763233184303 ], [ -1.83078705050607, 55.683310112415498 ], [ -1.83199539856014, 55.683244012299198 ], [ -1.83228312888344, 55.682675278583297 ], [ -1.83381852750874, 55.6823828935999 ], [ -1.8337235702406, 55.681956043927102 ], [ -1.83489490705717, 55.682204218680603 ], [ -1.83631497815655, 55.681970805642401 ], [ -1.83654161211725, 55.680694977373101 ], [ -1.83808777990231, 55.680717230262402 ], [ -1.83886880515764, 55.6792436178591 ], [ -1.83985256933135, 55.678914457023502 ], [ -1.83890313200636, 55.678074114207099 ], [ -1.84000416920511, 55.6779747115757 ], [ -1.84069316990579, 55.678214286887702 ], [ -1.84161588265341, 55.677966869323903 ], [ -1.84314513934979, 55.678441114360297 ], [ -1.84348081695165, 55.678032467354903 ], [ -1.84421073170157, 55.677918132993703 ], [ -1.84375032774501, 55.677845631978002 ], [ -1.84382517622719, 55.6775384537912 ], [ -1.84480836286428, 55.677337631972499 ], [ -1.84575047142598, 55.677410132145901 ], [ -1.84755116697388, 55.678486926186899 ], [ -1.84935484035264, 55.678811516819799 ], [ -1.85185762880969, 55.680217753871801 ], [ -1.85428138132649, 55.680155273818897 ], [ -1.85614680804608, 55.681340185205698 ], [ -1.85753781467437, 55.6838010191845 ], [ -1.85781464549654, 55.691648798178498 ], [ -1.85904128055993, 55.692964235740597 ], [ -1.86215089550785, 55.694753439011002 ], [ -1.8650926479598, 55.695364159687898 ], [ -1.86519575519728, 55.696559007964197 ], [ -1.86453656515593, 55.697367620880698 ], [ -1.86333889320167, 55.6978966778642 ], [ -1.85760062555235, 55.697715367413302 ], [ -1.85082641631925, 55.696632011655097 ], [ -1.84312500340615, 55.693903998025597 ], [ -1.84513618333685, 55.693723022625399 ], [ -1.8463314072224, 55.693176818280001 ], [ -1.84624674021992, 55.692760916701403 ] ] ], [ [ [ -2.11834888735186, 55.741241526771702 ], [ -2.11908242367267, 55.741540920276499 ], [ -2.11928401971047, 55.742366481567203 ], [ -2.11916728623361, 55.7426086291511 ], [ -2.11834888735186, 55.741241526771702 ] ] ], [ [ [ -2.10724093414567, 55.754994335259298 ], [ -2.10718156003693, 55.754228006044698 ], [ -2.10843803139924, 55.755173919661601 ], [ -2.10892877419232, 55.756905747144501 ], [ -2.10724093414567, 55.754994335259298 ] ] ], [ [ [ -2.0737595675189, 55.761223066665103 ], [ -2.07208771678103, 55.760915736271897 ], [ -2.06649850908713, 55.761099981592402 ], [ -2.0642093693972, 55.760255584948602 ], [ -2.07135083866799, 55.760627479433403 ], [ -2.0737595675189, 55.761223066665103 ] ] ], [ [ [ -2.07598302520153, 55.761171523757099 ], [ -2.07557423084302, 55.760809950741802 ], [ -2.07928106783449, 55.761314903471501 ], [ -2.07925915836287, 55.761512138165401 ], [ -2.0776183727546, 55.761541130677799 ], [ -2.07598302520153, 55.761171523757099 ] ] ], [ [ [ -1.48892804349803, 55.118599803179201 ], [ -1.48929375238157, 55.118572518524402 ], [ -1.4985265365411, 55.128480003673999 ], [ -1.50182064518369, 55.129955790386497 ], [ -1.50411672704152, 55.130559743493201 ], [ -1.50740605203747, 55.133452160458198 ], [ -1.50957400396211, 55.134065196932298 ], [ -1.51129191983527, 55.135122993308897 ], [ -1.51327533643688, 55.1352124234011 ], [ -1.5139345297661, 55.135734257521598 ], [ -1.51559493160965, 55.136180721060903 ], [ -1.51772841302559, 55.138479771605098 ], [ -1.51744859624966, 55.138659282260498 ], [ -1.51821338200004, 55.139592705574302 ], [ -1.51742158216359, 55.140210503358098 ], [ -1.51926637075088, 55.142630052448602 ], [ -1.52227544145528, 55.141875191101803 ], [ -1.52002015315567, 55.138826048541198 ], [ -1.52257481123045, 55.141766285262698 ], [ -1.52190443224095, 55.140587135698503 ], [ -1.52302230305158, 55.141233553306201 ], [ -1.52426606264134, 55.141322606234198 ], [ -1.53020166231399, 55.139839382890202 ], [ -1.53170932598116, 55.139157755539401 ], [ -1.53325167024429, 55.139062572788603 ], [ -1.53456205635244, 55.139353778762803 ], [ -1.5353154651213, 55.140127191604002 ], [ -1.53719721208072, 55.140732804068698 ], [ -1.54110701579667, 55.143222735599103 ], [ -1.54277188129958, 55.143263580278102 ], [ -1.54347104718732, 55.143654837780502 ], [ -1.54380176486403, 55.1431317474647 ], [ -1.54624938523656, 55.142351012279299 ], [ -1.55020444834785, 55.143669506646098 ], [ -1.55128868710441, 55.143585885454797 ], [ -1.5519398990958, 55.143013630104903 ], [ -1.55213922942882, 55.144337534159597 ], [ -1.55348203043836, 55.145197011962999 ], [ -1.55602261082348, 55.145945818136902 ], [ -1.55624938192357, 55.1463651155414 ], [ -1.55728248656242, 55.146541396062403 ], [ -1.55749775819174, 55.146867016454202 ], [ -1.55824006323217, 55.146851733483402 ], [ -1.5581392315888, 55.146321201229902 ], [ -1.55903286794584, 55.146667603930503 ], [ -1.55954759794006, 55.146330694495603 ], [ -1.55367542971822, 55.144948360892599 ], [ -1.55258671460424, 55.144306376786702 ], [ -1.55211802176377, 55.142868263101001 ], [ -1.54966927094049, 55.142780625374698 ], [ -1.54994136002291, 55.142162051700801 ], [ -1.54893008098598, 55.142526290445801 ], [ -1.54599717928017, 55.141557518112599 ], [ -1.54349313237818, 55.142337587930498 ], [ -1.54179407736255, 55.142340206246999 ], [ -1.54052939592193, 55.141744178992397 ], [ -1.53813074330547, 55.139770355997598 ], [ -1.53853438164957, 55.139388634123698 ], [ -1.53979419640315, 55.139170990528399 ], [ -1.53723761747475, 55.139408883929597 ], [ -1.53585698180369, 55.1383419552416 ], [ -1.53423902017537, 55.138265251205297 ], [ -1.53394327689367, 55.137596019614399 ], [ -1.54078518725128, 55.136199489426701 ], [ -1.54365860683865, 55.136149164884003 ], [ -1.54555696377336, 55.135010096647399 ], [ -1.54862204743405, 55.135828856957197 ], [ -1.55435203665903, 55.134207291717303 ], [ -1.55833345534338, 55.134584345425999 ], [ -1.56396180195836, 55.134323772781698 ], [ -1.56701522075062, 55.133498054786799 ], [ -1.56782404014, 55.1319659464164 ], [ -1.56876566198013, 55.130820252769396 ], [ -1.56755750492033, 55.131576992515903 ], [ -1.56730851268285, 55.132846717857198 ], [ -1.56676080307466, 55.133310694396798 ], [ -1.56452174770015, 55.133892651155698 ], [ -1.55938857764213, 55.1339169116577 ], [ -1.55802627699191, 55.133567376566901 ], [ -1.55683902178049, 55.133771993913903 ], [ -1.55435546320776, 55.133336120317999 ], [ -1.55195303029717, 55.133294076765402 ], [ -1.54831604366259, 55.134520274910699 ], [ -1.54468138154753, 55.133799126122803 ], [ -1.54236483436562, 55.133927495217598 ], [ -1.54211759495471, 55.133328105816602 ], [ -1.54398541226253, 55.132246456684598 ], [ -1.54189962891525, 55.133049622875198 ], [ -1.54137362445712, 55.134126406061903 ], [ -1.53789790682797, 55.134664129347101 ], [ -1.53717222457734, 55.134413817024402 ], [ -1.52871016607057, 55.136465083174599 ], [ -1.52846807329589, 55.136923058603102 ], [ -1.52765875457441, 55.137182317405703 ], [ -1.5268171617591, 55.136455241629001 ], [ -1.51973914629944, 55.135784199201801 ], [ -1.51781067816444, 55.135309506098402 ], [ -1.5166813779638, 55.134474110263497 ], [ -1.51149280957719, 55.132477892229403 ], [ -1.51154320870377, 55.132203573868601 ], [ -1.51067155365944, 55.132107975495302 ], [ -1.51114991233309, 55.132108545092997 ], [ -1.51027358992062, 55.131497132750098 ], [ -1.50038251915801, 55.127917915405497 ], [ -1.49737480966379, 55.125144676094898 ], [ -1.49676989031783, 55.123815352045398 ], [ -1.49750149733281, 55.121807314460703 ], [ -1.49669247592186, 55.122925423764499 ], [ -1.49697998399055, 55.122256707877298 ], [ -1.49857995643966, 55.120392423595199 ], [ -1.49770506264531, 55.117764924023 ], [ -1.49586767932594, 55.118502725722799 ], [ -1.49659090756001, 55.119902580299602 ], [ -1.49559416556633, 55.118272272970401 ], [ -1.49407665517592, 55.119201962443398 ], [ -1.49417727933763, 55.120111308912698 ], [ -1.49459626148959, 55.120419557185699 ], [ -1.49553539502397, 55.122105616236396 ], [ -1.49427102229347, 55.1202489716594 ], [ -1.49292688370267, 55.119214215359598 ], [ -1.49397141619635, 55.118621123051703 ], [ -1.49108546266416, 55.116498604700197 ], [ -1.49388456849777, 55.118297421030803 ], [ -1.49562102667407, 55.117376493414298 ], [ -1.49702873020143, 55.115998794928799 ], [ -1.49779915272803, 55.114977742341601 ], [ -1.49847721989609, 55.112650246906803 ], [ -1.49777378969484, 55.1081416034393 ], [ -1.49460393500343, 55.102409530983202 ], [ -1.48889261713693, 55.095359983776802 ], [ -1.48595301964034, 55.092674591797703 ], [ -1.47871120814539, 55.087146793845399 ], [ -1.47613054033834, 55.085672011443101 ], [ -1.47502541594475, 55.085327176729002 ], [ -1.47451968043624, 55.085446958754801 ], [ -1.47340319261872, 55.084420159173497 ], [ -1.47658026128266, 55.084312450480198 ], [ -1.47731690296881, 55.083874759775597 ], [ -1.47753167885184, 55.082514839274602 ], [ -1.47905171641605, 55.079876494287298 ], [ -1.4781513231002, 55.078435416479898 ], [ -1.47730176677244, 55.077942215827299 ], [ -1.47500962267949, 55.077730892891402 ], [ -1.47745194822828, 55.078088433669102 ], [ -1.47825090009579, 55.078655281640202 ], [ -1.47892419323093, 55.079926450326703 ], [ -1.47638287058405, 55.083917026592403 ], [ -1.4755767138767, 55.084183139078803 ], [ -1.47299412059341, 55.084102082780497 ], [ -1.47260487584572, 55.0844451014 ], [ -1.47422402906558, 55.085306579702902 ], [ -1.47443475796242, 55.085823935384603 ], [ -1.47345692377607, 55.085387105809403 ], [ -1.4723831111284, 55.085596416366499 ], [ -1.47121035665641, 55.0854313804155 ], [ -1.47004932499601, 55.084853926703197 ], [ -1.47218435628145, 55.084497555578103 ], [ -1.46988828164731, 55.084593260955003 ], [ -1.46994870865338, 55.083718826336202 ], [ -1.47078884156904, 55.082856272399802 ], [ -1.46926288277033, 55.080095464685499 ], [ -1.46844133408557, 55.079633685602701 ], [ -1.46508368751515, 55.079829415253599 ], [ -1.46388367695729, 55.0796295204632 ], [ -1.46363359640595, 55.076811930932699 ], [ -1.4618008527543, 55.0743237477894 ], [ -1.46218093809798, 55.074190765199603 ], [ -1.46407171647917, 55.074628600130097 ], [ -1.46664622387707, 55.074409926997902 ], [ -1.46737218720376, 55.074935132993097 ], [ -1.47071716901509, 55.074486076995299 ], [ -1.47413729713298, 55.072356807546498 ], [ -1.47426353802431, 55.071324883992098 ], [ -1.47747440718723, 55.070328687663597 ], [ -1.47964449358979, 55.067209035907801 ], [ -1.48227198696869, 55.066974890737498 ], [ -1.48362904009468, 55.066160189297698 ], [ -1.48664164553937, 55.066041757368602 ], [ -1.48846091145636, 55.065571304325601 ], [ -1.49229699073633, 55.066018063710999 ], [ -1.48737165608641, 55.055867931469898 ], [ -1.4877669177721, 55.053586866157502 ], [ -1.49055307957056, 55.054451770062997 ], [ -1.49298024653319, 55.054399887714801 ], [ -1.49293784891547, 55.053827839343199 ], [ -1.49623656988478, 55.052104337203197 ], [ -1.50216412663955, 55.050241541808902 ], [ -1.50293153979783, 55.050343256400197 ], [ -1.50320438539312, 55.049872516313002 ], [ -1.50370116231463, 55.049924415972903 ], [ -1.50472610959108, 55.0492590503125 ], [ -1.50732278767113, 55.048385648632397 ], [ -1.50882546458879, 55.048040735720903 ], [ -1.5102739909997, 55.055052481013703 ], [ -1.51534039162566, 55.0550285406581 ], [ -1.51508513160795, 55.0541283011584 ], [ -1.51992961544148, 55.054770771921497 ], [ -1.52616962371381, 55.054511654040702 ], [ -1.5261618408774, 55.053950274772099 ], [ -1.53239349851521, 55.054125634288702 ], [ -1.53988095494966, 55.061582238228397 ], [ -1.54069051101542, 55.061178917524202 ], [ -1.54104735705159, 55.0598040793585 ], [ -1.54191507960207, 55.0596048113431 ], [ -1.54286201894198, 55.058427453798103 ], [ -1.54512956525253, 55.057872009096798 ], [ -1.54754836308282, 55.0566707317262 ], [ -1.55057702967758, 55.0560730870288 ], [ -1.55629686450042, 55.0541567146199 ], [ -1.55975439385853, 55.054477629562101 ], [ -1.56649718421771, 55.054558819755101 ], [ -1.57064939837701, 55.055244087973897 ], [ -1.5723462228428, 55.055836831095398 ], [ -1.57508009741004, 55.055619891188201 ], [ -1.57596356018686, 55.0560103245001 ], [ -1.5759886441131, 55.056457875999897 ], [ -1.57685429228315, 55.0566064973968 ], [ -1.57716604615438, 55.059260203723099 ], [ -1.57853962866581, 55.063081284539898 ], [ -1.5814306280997, 55.063005889688903 ], [ -1.58427510358504, 55.062435097919902 ], [ -1.58852518394264, 55.063410069812399 ], [ -1.58986066579345, 55.064027404430703 ], [ -1.59211496142992, 55.064225478623101 ], [ -1.59493460779839, 55.064086548792297 ], [ -1.59563914199128, 55.063623403260102 ], [ -1.59914058231092, 55.064275624803201 ], [ -1.59999351007164, 55.064944278472197 ], [ -1.60071849063163, 55.064782741018902 ], [ -1.60130008787383, 55.065137697052599 ], [ -1.60366233287377, 55.064745940274797 ], [ -1.60381431311028, 55.065133009781597 ], [ -1.60562141929407, 55.065113863489401 ], [ -1.60585781444657, 55.064750332743699 ], [ -1.60691431210217, 55.064710956310797 ], [ -1.60748096225037, 55.064261857677998 ], [ -1.61071669466118, 55.064428815241101 ], [ -1.61187516437369, 55.064221323013697 ], [ -1.61225574295873, 55.064535869796998 ], [ -1.61275303077691, 55.0643403814069 ], [ -1.61503537766359, 55.064689854529497 ], [ -1.62136325343986, 55.066452177791199 ], [ -1.6310689191167, 55.065137968983102 ], [ -1.63127377284229, 55.065525255964097 ], [ -1.63290182638717, 55.065901892968597 ], [ -1.63396043301975, 55.065120784901502 ], [ -1.63627062998127, 55.065205848143201 ], [ -1.63789356936638, 55.064768597718597 ], [ -1.63975652587359, 55.069165584363503 ], [ -1.64180633756286, 55.070751357698001 ], [ -1.64557361723772, 55.076830585274998 ], [ -1.64768125804879, 55.079388700635 ], [ -1.66184723836483, 55.078412427859 ], [ -1.67971702289366, 55.075042269467403 ], [ -1.68583397408038, 55.073488286276501 ], [ -1.69103996399272, 55.0727187579635 ], [ -1.69056406619528, 55.070417820629302 ], [ -1.69129602857648, 55.069699622399597 ], [ -1.69672334997214, 55.070532458991302 ], [ -1.69681902072138, 55.070844959742203 ], [ -1.70093881496841, 55.071218049553899 ], [ -1.70101519365151, 55.070865985278303 ], [ -1.70457986894502, 55.070928566093201 ], [ -1.70471580122538, 55.068608889505803 ], [ -1.70406785930316, 55.065847362461497 ], [ -1.71377414645177, 55.0654631329407 ], [ -1.71057385902209, 55.052788198131502 ], [ -1.69802824849519, 55.052395082227697 ], [ -1.69687348073995, 55.0512252080566 ], [ -1.6955668271446, 55.050646495115899 ], [ -1.69468093209833, 55.049455253839099 ], [ -1.69509548091259, 55.048645569065499 ], [ -1.69398191797237, 55.046108724979298 ], [ -1.6944614261959, 55.045621982956803 ], [ -1.69431558188918, 55.044332751157299 ], [ -1.69512655053061, 55.0433720127564 ], [ -1.69502580327548, 55.042908660524702 ], [ -1.70021051635285, 55.0436261241734 ], [ -1.70079334011933, 55.042906000514499 ], [ -1.70372111376327, 55.042302977292501 ], [ -1.70735176295706, 55.042080762889803 ], [ -1.70865400348571, 55.042260939353298 ], [ -1.70862000449561, 55.041349666377499 ], [ -1.71157828769659, 55.041238912367497 ], [ -1.71115906315471, 55.0394892960622 ], [ -1.71694382619204, 55.038625787488598 ], [ -1.71444804278569, 55.034023605016301 ], [ -1.72160700616442, 55.034071683502397 ], [ -1.72162230102684, 55.033640435710403 ], [ -1.72498668262611, 55.033148717918102 ], [ -1.72692887273015, 55.033165483126801 ], [ -1.72869421263977, 55.032226651275103 ], [ -1.73190176746316, 55.031689169176197 ], [ -1.73232914250112, 55.029997989389997 ], [ -1.73510244909862, 55.029558376678402 ], [ -1.7393213030421, 55.029595315155802 ], [ -1.73917907644606, 55.0283764986549 ], [ -1.73798196418262, 55.026982938080202 ], [ -1.73928761718242, 55.026833826922001 ], [ -1.74009078157833, 55.025508329094301 ], [ -1.73969857506349, 55.025211847611303 ], [ -1.74003268047735, 55.024580845112403 ], [ -1.74267773883102, 55.024078801368702 ], [ -1.75024527652204, 55.024020779035098 ], [ -1.7510575477708, 55.015614300150702 ], [ -1.75634424903038, 55.015943978914898 ], [ -1.7569111853159, 55.010374656197001 ], [ -1.75656332387461, 55.0032632881598 ], [ -1.75774403106022, 55.002939449433903 ], [ -1.75956316905044, 55.003019409902997 ], [ -1.77384237281685, 55.004139475004798 ], [ -1.77366110709148, 55.0027471518341 ], [ -1.77417409578316, 55.002703186056898 ], [ -1.7735762041226, 54.996158431879998 ], [ -1.77502077453661, 54.994975916664899 ], [ -1.77568505202114, 54.989630444800703 ], [ -1.77426518831304, 54.988392236510499 ], [ -1.77262082818444, 54.9876127380873 ], [ -1.7696808262418, 54.981373055010899 ], [ -1.7740643786808, 54.981815855742298 ], [ -1.78248303462175, 54.984445187657997 ], [ -1.7850129734087, 54.984714776921003 ], [ -1.78489159463893, 54.984255507391701 ], [ -1.78851501661457, 54.984267362741399 ], [ -1.79275456822689, 54.983300103374802 ], [ -1.79629967295853, 54.981685529848903 ], [ -1.79932983542819, 54.979818666994099 ], [ -1.80266947970526, 54.978761874114397 ], [ -1.80371235661026, 54.978118447276103 ], [ -1.80783054687566, 54.977489600174103 ], [ -1.81280740471121, 54.976285568083398 ], [ -1.81304360674522, 54.974699529525701 ], [ -1.81194756850017, 54.974116867550102 ], [ -1.81238684468001, 54.974115638975597 ], [ -1.81246079555643, 54.973506289641598 ], [ -1.81304316765495, 54.973543739124203 ], [ -1.81321257533829, 54.973224184037598 ], [ -1.81293708500086, 54.972877330342101 ], [ -1.81212039066377, 54.973040897655402 ], [ -1.81166252133164, 54.972740056184698 ], [ -1.81255896786659, 54.972011228117601 ], [ -1.81234694013698, 54.971079044916699 ], [ -1.81380095792082, 54.970967060879701 ], [ -1.81339823070437, 54.970295633923399 ], [ -1.81425437252747, 54.969760139498199 ], [ -1.81394642137612, 54.969328670262897 ], [ -1.81596841309802, 54.968851073786198 ], [ -1.8150401361417, 54.9679267079512 ], [ -1.81544784130309, 54.9673018943027 ], [ -1.81674894490796, 54.967192969189902 ], [ -1.81734858184193, 54.967569757177401 ], [ -1.81768392758011, 54.966841757427296 ], [ -1.81855665423926, 54.966298500882402 ], [ -1.81902401967462, 54.966392022157301 ], [ -1.81899040632238, 54.966154828455302 ], [ -1.82005587402466, 54.966375577120601 ], [ -1.8207730391911, 54.966034531796403 ], [ -1.82163839464423, 54.966229361790802 ], [ -1.82200866065479, 54.965637987205902 ], [ -1.82126687389971, 54.964873531001999 ], [ -1.82251797314117, 54.9648204536742 ], [ -1.82245686577101, 54.963832250871299 ], [ -1.8232688876071, 54.962818987756698 ], [ -1.82442668704246, 54.962441087450301 ], [ -1.82461930266945, 54.961707378486203 ], [ -1.8244852462737, 54.961433468228101 ], [ -1.82392377563592, 54.961514971101202 ], [ -1.82409415780102, 54.961011365295903 ], [ -1.8235499893651, 54.960993954165303 ], [ -1.82277037900062, 54.960356605012201 ], [ -1.82364356861727, 54.959874238828903 ], [ -1.82285693118307, 54.959491366908203 ], [ -1.82407856319285, 54.959208726294797 ], [ -1.82298955886509, 54.957729463938499 ], [ -1.82346315039103, 54.957305283602402 ], [ -1.82253305088111, 54.9564964309644 ], [ -1.82292295445727, 54.955746560403597 ], [ -1.82436170849294, 54.955130933076603 ], [ -1.8252939801867, 54.955690587578601 ], [ -1.82715585833122, 54.955255707571098 ], [ -1.82875716633037, 54.9553948306393 ], [ -1.83071319201091, 54.9546877477866 ], [ -1.83125708722902, 54.954751136820803 ], [ -1.83289471694637, 54.953312102652198 ], [ -1.83365532552119, 54.953297239414802 ], [ -1.833330225349, 54.9520108718079 ], [ -1.83366868309618, 54.951715689734797 ], [ -1.83331505657271, 54.951522901248602 ], [ -1.8337736670115, 54.951243160060898 ], [ -1.83204528166439, 54.949741886763803 ], [ -1.83220142402245, 54.949133643847198 ], [ -1.83116847535427, 54.947794701049297 ], [ -1.83024459830803, 54.947491296910897 ], [ -1.8304409819964, 54.947232138042303 ], [ -1.82974556597874, 54.947065819192296 ], [ -1.8296066158877, 54.946696289767601 ], [ -1.8300312291488, 54.946326650764099 ], [ -1.8297819886615, 54.945826666644599 ], [ -1.8311995922718, 54.9448565107867 ], [ -1.83101719970326, 54.944309174471897 ], [ -1.82939171893951, 54.943598967331802 ], [ -1.82707607973684, 54.941669042906902 ], [ -1.82515140822032, 54.940955656828102 ], [ -1.82447684192906, 54.939392154199801 ], [ -1.82569112498213, 54.937588561131697 ], [ -1.82716540418151, 54.936569376609803 ], [ -1.82652303738952, 54.934190336275897 ], [ -1.82562588422581, 54.933668119254698 ], [ -1.82728828096187, 54.9312132794607 ], [ -1.82695652792383, 54.930700332977402 ], [ -1.82709551808576, 54.930201856651401 ], [ -1.83349672390284, 54.930499801680703 ], [ -1.84114925719419, 54.9297254834825 ], [ -1.84160392746599, 54.927990867046702 ], [ -1.84260169983011, 54.927815091984897 ], [ -1.84399660065406, 54.927045005473403 ], [ -1.84436611857, 54.925902387085003 ], [ -1.84674047386509, 54.922715273790203 ], [ -1.84853201994739, 54.920935502008199 ], [ -1.85189274135872, 54.918751469159503 ], [ -1.85208704756806, 54.918519026901699 ], [ -1.85142297592666, 54.918406727408502 ], [ -1.85195217366964, 54.9174503349075 ], [ -1.85272134451354, 54.917413538954797 ], [ -1.85066668535377, 54.915815883650502 ], [ -1.85044526220875, 54.915201755644603 ], [ -1.84890022048044, 54.914478244112402 ], [ -1.84498826238403, 54.914213796527399 ], [ -1.84237891487482, 54.913330681078598 ], [ -1.83967175774055, 54.913147415942603 ], [ -1.83810635696992, 54.9125899866536 ], [ -1.83754610202473, 54.912660231668298 ], [ -1.83757997359149, 54.912382599039098 ], [ -1.83636456220147, 54.912077231527597 ], [ -1.83437922423512, 54.912008945364697 ], [ -1.83396924533439, 54.911568955610598 ], [ -1.83118899660658, 54.910621571807198 ], [ -1.82663681542811, 54.910093077401697 ], [ -1.82679642857027, 54.909607143811101 ], [ -1.82492540074819, 54.908816280500901 ], [ -1.82435736303016, 54.9080631283611 ], [ -1.8236037928258, 54.908015940695897 ], [ -1.82207115350138, 54.906096302076598 ], [ -1.82063707341034, 54.905771086171299 ], [ -1.8214980024002, 54.905433274757598 ], [ -1.82525473825843, 54.905792919917801 ], [ -1.82769671162814, 54.905493552483399 ], [ -1.83051246025292, 54.901599263736202 ], [ -1.83468655496164, 54.899025930354703 ], [ -1.83911854827576, 54.897313638282903 ], [ -1.84356426544632, 54.897242178890203 ], [ -1.84544907440161, 54.896903116093299 ], [ -1.84587479652484, 54.896075083143202 ], [ -1.84450631820976, 54.892698046561101 ], [ -1.84563828821577, 54.891044226974799 ], [ -1.84747485420255, 54.889782166662499 ], [ -1.84862067176627, 54.889767427249197 ], [ -1.85402922840204, 54.891318812767501 ], [ -1.85443666752614, 54.891184546391798 ], [ -1.85507896548638, 54.890291160751801 ], [ -1.85515991436401, 54.889042152232101 ], [ -1.85134435554626, 54.886330804171898 ], [ -1.85096380208336, 54.8846885504055 ], [ -1.85234631775526, 54.8842553347232 ], [ -1.85295692961373, 54.883540698291803 ], [ -1.85305289637205, 54.883266719352399 ], [ -1.8522696078347, 54.883088786500402 ], [ -1.85326510875644, 54.880205397035297 ], [ -1.85776614627976, 54.879353444741199 ], [ -1.86004929900233, 54.878034230684101 ], [ -1.85990860093026, 54.872709674388297 ], [ -1.86082873984413, 54.871145324844498 ], [ -1.85977897052157, 54.869204898008299 ], [ -1.86127804135857, 54.866430750433999 ], [ -1.86493838011702, 54.864385984491598 ], [ -1.86645377080971, 54.864070444918603 ], [ -1.8696710885084, 54.861557806597403 ], [ -1.86972505280706, 54.860304291778597 ], [ -1.87055921730432, 54.859555768770697 ], [ -1.86872393555569, 54.857677495491501 ], [ -1.86741332142775, 54.856906819538402 ], [ -1.86660055632529, 54.8553855627597 ], [ -1.86690061494758, 54.853879902226097 ], [ -1.86947162427141, 54.852822162061301 ], [ -1.86945896072612, 54.851880404739198 ], [ -1.87040972077853, 54.850672863169301 ], [ -1.87701640039521, 54.8481104790418 ], [ -1.87798012998469, 54.847146336183599 ], [ -1.88138140121212, 54.846590731191903 ], [ -1.88185566102771, 54.846816157879303 ], [ -1.88453715595865, 54.8457691407814 ], [ -1.8875719655662, 54.843603251237397 ], [ -1.88944247933637, 54.843989388078803 ], [ -1.89405503775713, 54.843675996888201 ], [ -1.89521927128415, 54.844673656169903 ], [ -1.89449047796247, 54.845043977264801 ], [ -1.89499424380959, 54.845527956426501 ], [ -1.89599835082005, 54.845835333116 ], [ -1.89747349392318, 54.8457279373986 ], [ -1.89836735749744, 54.845161748076102 ], [ -1.89822174604142, 54.844100272613801 ], [ -1.89935251226522, 54.842920429523097 ], [ -1.9044001712031, 54.842171265064302 ], [ -1.90477448059347, 54.841645146027901 ], [ -1.90603726982117, 54.841449323213098 ], [ -1.90715272809916, 54.8403107125704 ], [ -1.90873885749662, 54.839492896544797 ], [ -1.91005887292667, 54.839359440828503 ], [ -1.91305092990377, 54.839811281058402 ], [ -1.91407298666824, 54.8395033253951 ], [ -1.91501223053262, 54.838360029307303 ], [ -1.91482039632554, 54.837922443579203 ], [ -1.91132789455327, 54.837477830751297 ], [ -1.91100134689685, 54.836653639724901 ], [ -1.91167932435728, 54.836033089910103 ], [ -1.91368202139548, 54.835768979392299 ], [ -1.91303699656015, 54.834832509107997 ], [ -1.91353514714746, 54.834043777590303 ], [ -1.91543304452764, 54.833963065289097 ], [ -1.91769172954947, 54.834915539993901 ], [ -1.91700046759677, 54.836760762147897 ], [ -1.92005130243717, 54.837427333104202 ], [ -1.92086882110867, 54.837999571420099 ], [ -1.91836590505713, 54.8393795625054 ], [ -1.91811262088859, 54.840751326047503 ], [ -1.91985178728707, 54.840942447465103 ], [ -1.92396715922401, 54.8401626414623 ], [ -1.92713424142272, 54.841165545062701 ], [ -1.92730373263933, 54.841731598678301 ], [ -1.92559264802516, 54.842156429901102 ], [ -1.92098661260565, 54.842451975454502 ], [ -1.92063383733407, 54.844105481555303 ], [ -1.92179940999628, 54.845971505086197 ], [ -1.92137639241641, 54.848441724832099 ], [ -1.92263249797511, 54.849870083627899 ], [ -1.92616700570013, 54.848839947148903 ], [ -1.9272800974584, 54.8491648433439 ], [ -1.92909038393367, 54.850334491982203 ], [ -1.92950411591338, 54.850107198651003 ], [ -1.93180662254452, 54.8508308410726 ], [ -1.93205510929924, 54.851531917937599 ], [ -1.93066774625659, 54.851791915553399 ], [ -1.93086839556356, 54.852773251842301 ], [ -1.93128933151789, 54.853454029441998 ], [ -1.93218519817518, 54.853470531244803 ], [ -1.93273428183661, 54.854192713502499 ], [ -1.93510804972638, 54.853873288694899 ], [ -1.93301396812807, 54.852710386716602 ], [ -1.93350732244836, 54.852463533650798 ], [ -1.93577016654713, 54.851997016987802 ], [ -1.93913651941704, 54.851772846612697 ], [ -1.94009496767198, 54.851996279058802 ], [ -1.94042272286443, 54.852911614173003 ], [ -1.94434744286623, 54.852266562385097 ], [ -1.94698043879098, 54.853413872066099 ], [ -1.94923085318561, 54.852963277408897 ], [ -1.95243801524408, 54.8542279744848 ], [ -1.9529505634521, 54.854845839857298 ], [ -1.95384109560409, 54.855153513897797 ], [ -1.95941170431469, 54.856158343574002 ], [ -1.96277467569513, 54.857780525929599 ], [ -1.96420166871994, 54.859438897512703 ], [ -1.96783274414995, 54.859473137829298 ], [ -1.96921428708718, 54.859746683549503 ], [ -1.97082139205955, 54.860565757632898 ], [ -1.97246515964282, 54.860242628066601 ], [ -1.97279007093271, 54.861091840460503 ], [ -1.97450803728367, 54.861677223613697 ], [ -1.97476636329544, 54.862063755852901 ], [ -1.97320047297297, 54.862439937090699 ], [ -1.97222557897342, 54.862012817271101 ], [ -1.97069318131533, 54.863488940636898 ], [ -1.97345579916843, 54.865282350649899 ], [ -1.9777722406211, 54.866706571659101 ], [ -1.98023634067633, 54.868183456799301 ], [ -1.98278828427607, 54.868617833802801 ], [ -1.98644692197943, 54.868255244600597 ], [ -1.98819941764906, 54.8693733513783 ], [ -1.99036361544886, 54.870035810076303 ], [ -1.99536223967265, 54.8700387727527 ], [ -1.99659638337584, 54.869562491191303 ], [ -1.99759048340851, 54.869818634970599 ], [ -2.00003838566988, 54.869294806163502 ], [ -2.00105113271725, 54.869653336367797 ], [ -2.00141876683805, 54.868563247166897 ], [ -2.00193763666088, 54.868340441341601 ], [ -2.00423589422075, 54.868110299018497 ], [ -2.00600122963703, 54.868555897483297 ], [ -2.00830244773565, 54.867812617035597 ], [ -2.00892241505017, 54.867217668963903 ], [ -2.01176889533945, 54.8667114491709 ], [ -2.01238232400942, 54.865569286127403 ], [ -2.01193824383435, 54.865162191324501 ], [ -2.01207509371228, 54.864473844821802 ], [ -2.01417656384905, 54.863956953111298 ], [ -2.01445810698827, 54.863449338020303 ], [ -2.01683013739312, 54.862561624533001 ], [ -2.01903105322993, 54.862405286589599 ], [ -2.02201698299342, 54.859760371562601 ], [ -2.02241831320654, 54.858741340274598 ], [ -2.02313726938525, 54.858571450717101 ], [ -2.02518331527068, 54.858990333977701 ], [ -2.02611661922102, 54.858833590923403 ], [ -2.02735251902972, 54.857902511312702 ], [ -2.02751408121531, 54.856368870115702 ], [ -2.0288092515524, 54.855482422443302 ], [ -2.03022242954183, 54.854799919980998 ], [ -2.03304614320474, 54.854176866127197 ], [ -2.03600130459035, 54.852777466725698 ], [ -2.03597134381482, 54.851160565606698 ], [ -2.03822718767431, 54.849725281886698 ], [ -2.03965493918131, 54.848240985598203 ], [ -2.04146732187245, 54.8480411400108 ], [ -2.04347869008093, 54.848249984800397 ], [ -2.04527519488373, 54.847797301551999 ], [ -2.04771765229277, 54.847885494320998 ], [ -2.04963675775187, 54.847516630027002 ], [ -2.05292476087687, 54.847433442086398 ], [ -2.05486616683847, 54.847023506292999 ], [ -2.0572489524223, 54.846019239656002 ], [ -2.05925174820247, 54.845813734163798 ], [ -2.06152630156225, 54.844618296761801 ], [ -2.06435961979265, 54.8443192681843 ], [ -2.06507062911055, 54.8439323798966 ], [ -2.06600937474877, 54.844170274864197 ], [ -2.06675299771453, 54.844866127316202 ], [ -2.06804471005933, 54.844776974842098 ], [ -2.06795453662348, 54.8441263224613 ], [ -2.06850966818697, 54.843484738491597 ], [ -2.07009718762582, 54.843036119268497 ], [ -2.07422590833777, 54.840737434353898 ], [ -2.07635022860023, 54.840262339065603 ], [ -2.07740294741673, 54.839538080711897 ], [ -2.07868229482557, 54.839196395214401 ], [ -2.07938530077693, 54.8395235762178 ], [ -2.0812333989905, 54.839258050512399 ], [ -2.08257516389669, 54.838169243087599 ], [ -2.08725090570528, 54.837905153822497 ], [ -2.08852162294569, 54.837098684591602 ], [ -2.09044732133559, 54.837700777403398 ], [ -2.09215700596932, 54.8375156446928 ], [ -2.09356299030432, 54.836865355224802 ], [ -2.09745115418501, 54.836780222687601 ], [ -2.09908230964898, 54.837408656987897 ], [ -2.10019563551555, 54.837145602197097 ], [ -2.10146609451914, 54.837707894737903 ], [ -2.10286500249064, 54.839840974704103 ], [ -2.10348865185215, 54.840168443267302 ], [ -2.10488916207547, 54.8399139947227 ], [ -2.10866876896639, 54.840698030048898 ], [ -2.11152147941206, 54.8400357315723 ], [ -2.11396794607053, 54.840334216125399 ], [ -2.11635277766346, 54.841221588807699 ], [ -2.11829812348634, 54.840882705143997 ], [ -2.11982536039782, 54.8413260223751 ], [ -2.12076585383852, 54.840812859602401 ], [ -2.12211899729426, 54.841360580568498 ], [ -2.12293738415219, 54.841134164295703 ], [ -2.12494920888919, 54.841659625379997 ], [ -2.12864480433255, 54.8418488913034 ], [ -2.12915284751327, 54.842498956725997 ], [ -2.13100650236088, 54.842703674778797 ], [ -2.13343690453918, 54.842136646761901 ], [ -2.13481737784631, 54.842852289668301 ], [ -2.13816199851342, 54.842369489140602 ], [ -2.13978896462199, 54.841870719851102 ], [ -2.13908720778805, 54.838407190043597 ], [ -2.1397399818639, 54.834481223890499 ], [ -2.1414697601362, 54.8331995507599 ], [ -2.1418308967133, 54.831869160228699 ], [ -2.14344205433642, 54.830088815771099 ], [ -2.14313048753368, 54.826959215822399 ], [ -2.1512913854885, 54.822814624246597 ], [ -2.15716064599637, 54.820476901153299 ], [ -2.16086931324176, 54.818532771935303 ], [ -2.16426480622105, 54.815827849811697 ], [ -2.16634979720445, 54.813889259700801 ], [ -2.16947003967283, 54.803609973355499 ], [ -2.17167463104608, 54.804035500184199 ], [ -2.17385176069084, 54.806027353898401 ], [ -2.17741628749138, 54.806821137679201 ], [ -2.18229672259984, 54.807170667189403 ], [ -2.18683067108592, 54.806249862082701 ], [ -2.19860065839177, 54.806736277385099 ], [ -2.19930972631973, 54.805716979629999 ], [ -2.19862418867373, 54.804555233456298 ], [ -2.20152108222517, 54.799926927365 ], [ -2.2037969229336, 54.797798667585802 ], [ -2.20685843851068, 54.793958017046599 ], [ -2.20940174314033, 54.792242632534297 ], [ -2.21243771624522, 54.788129580909498 ], [ -2.21446228911849, 54.786666557845201 ], [ -2.21505699191649, 54.783852702953901 ], [ -2.21890675191817, 54.782377382839798 ], [ -2.21953658542096, 54.782997208962698 ], [ -2.22669799419193, 54.7829507731307 ], [ -2.23406406973811, 54.7841652205937 ], [ -2.23552068865403, 54.786797294242099 ], [ -2.24866276990877, 54.787959858852197 ], [ -2.25097342908291, 54.789433392389697 ], [ -2.25043339079799, 54.789873014795504 ], [ -2.25071950705335, 54.790132146908498 ], [ -2.25129429731907, 54.789776001046199 ], [ -2.25628263138746, 54.791192644035803 ], [ -2.26058326605577, 54.791533034277698 ], [ -2.26021058193637, 54.792581635107702 ], [ -2.26317590681443, 54.792509646253997 ], [ -2.26691218006999, 54.794743597935501 ], [ -2.2687260442133, 54.794567094530798 ], [ -2.27219758372304, 54.795750882775899 ], [ -2.27708940486983, 54.796249357423697 ], [ -2.28067092701807, 54.797979050743201 ], [ -2.28267781083991, 54.798252075821701 ], [ -2.2859794964022, 54.7968730184813 ], [ -2.2860807526587, 54.796230249196 ], [ -2.29009457788549, 54.795934931007302 ], [ -2.29298604799158, 54.793165505441998 ], [ -2.29553970027931, 54.793581730311601 ], [ -2.29877029392035, 54.7930013537704 ], [ -2.30055498565146, 54.793329437291099 ], [ -2.30254922110575, 54.792335073879499 ], [ -2.30295813209366, 54.792539784762603 ], [ -2.30515168454491, 54.792211669643699 ], [ -2.30587317424611, 54.791782125048897 ], [ -2.30793948057172, 54.792130053746597 ], [ -2.3088008459038, 54.790878736571301 ], [ -2.31208952139602, 54.791015045936803 ], [ -2.31481062428078, 54.792575260041303 ], [ -2.31581513595286, 54.792555487686997 ], [ -2.31640725090708, 54.792894615443501 ], [ -2.3184468646586, 54.793188531667298 ], [ -2.32328426511762, 54.795008909546198 ], [ -2.32338833693298, 54.796750264693699 ], [ -2.32737551695938, 54.802996022369797 ], [ -2.32738520521004, 54.805332469550898 ], [ -2.32817460275411, 54.804846906185801 ], [ -2.32872769554436, 54.805320753178101 ], [ -2.3296963850259, 54.804881410631801 ], [ -2.3316218917566, 54.804642487439601 ], [ -2.33399969008949, 54.804921743636299 ], [ -2.3365552952531, 54.8063714381205 ], [ -2.33832769321223, 54.806793339030101 ], [ -2.34167817234728, 54.806898044125703 ], [ -2.34360924053398, 54.806208725999397 ], [ -2.34553135276165, 54.806294993011903 ], [ -2.34842858236683, 54.8070792752561 ], [ -2.34856868521599, 54.808346877004901 ], [ -2.3516500868039, 54.810591802867599 ], [ -2.35260948363269, 54.810704100406802 ], [ -2.35578833583145, 54.813902994966199 ], [ -2.3599258244343, 54.816692786770297 ], [ -2.3698307614979, 54.820966512768798 ], [ -2.36914470504167, 54.821843910228203 ], [ -2.37032717979791, 54.822488216917897 ], [ -2.37016054616871, 54.823320906760003 ], [ -2.3708768762222, 54.824553462900901 ], [ -2.37135161614861, 54.825061574880799 ], [ -2.37399874489169, 54.826037430827199 ], [ -2.37266952041961, 54.827379594730097 ], [ -2.38092609191034, 54.830094791302997 ], [ -2.38153924059988, 54.830071298858599 ], [ -2.38232615325118, 54.830656453374999 ], [ -2.38673774978814, 54.831634622542097 ], [ -2.38960366687838, 54.831948944312103 ], [ -2.39183166538729, 54.833436136210501 ], [ -2.39272641045161, 54.834515258293898 ], [ -2.39829845900459, 54.8441647194051 ], [ -2.4016226407963, 54.851483964419202 ], [ -2.41165834715293, 54.856454483224098 ], [ -2.41474303682539, 54.850676782969899 ], [ -2.4170953370018, 54.849131771274401 ], [ -2.41754746570808, 54.847702543553503 ], [ -2.41988649552224, 54.845821265875202 ], [ -2.42053154238545, 54.844537572571099 ], [ -2.42267613723548, 54.842870433536604 ], [ -2.42761511579992, 54.841164165225301 ], [ -2.4284528878549, 54.8411403676403 ], [ -2.4300096705166, 54.8401756604882 ], [ -2.43368651068754, 54.839641209466301 ], [ -2.43617493904505, 54.838789019521698 ], [ -2.438273058919, 54.837870958159499 ], [ -2.43852658796238, 54.837021105287199 ], [ -2.4403982532735, 54.836785724059602 ], [ -2.44080325078772, 54.836204452406598 ], [ -2.44173221724457, 54.836073113744 ], [ -2.44190440288547, 54.835645363620401 ], [ -2.44325511028955, 54.835797978067099 ], [ -2.44481920235627, 54.835123316871702 ], [ -2.44697131393358, 54.835101314916898 ], [ -2.44900608119769, 54.834242355931899 ], [ -2.45046373993564, 54.832706127654397 ], [ -2.45223878846862, 54.832013234843203 ], [ -2.45389126436653, 54.832097282568597 ], [ -2.45595267937683, 54.831475593268202 ], [ -2.45675077564539, 54.831776240452399 ], [ -2.45798566536688, 54.833213992608201 ], [ -2.46060153125164, 54.8341721848522 ], [ -2.46114791867049, 54.833853606653001 ], [ -2.46123853115479, 54.832899085574603 ], [ -2.46330946659712, 54.831728795793801 ], [ -2.46317532556941, 54.830550920397798 ], [ -2.46507515079538, 54.829649680171499 ], [ -2.46877109716544, 54.826106847772699 ], [ -2.47334875443463, 54.823765442779703 ], [ -2.47414641123377, 54.822464059257697 ], [ -2.47591542122548, 54.821833379159401 ], [ -2.47627470637488, 54.820901964476199 ], [ -2.47789986770774, 54.820407425072098 ], [ -2.47894692431906, 54.8192104353354 ], [ -2.48147399865376, 54.818012237897399 ], [ -2.48196017762627, 54.8169693186803 ], [ -2.48614929282587, 54.815074785413202 ], [ -2.48776729987797, 54.814932410093299 ], [ -2.48816027854592, 54.814409346425499 ], [ -2.4953568980919, 54.8103421039783 ], [ -2.4965325112848, 54.809997427842497 ], [ -2.49745018992736, 54.810264605665601 ], [ -2.49827970406994, 54.810029618772901 ], [ -2.50214752093581, 54.810596516567401 ], [ -2.50354960696751, 54.810137785607097 ], [ -2.50766202420839, 54.809718042606598 ], [ -2.51098307897562, 54.808709024519302 ], [ -2.51497479373568, 54.808639203766703 ], [ -2.51557007709989, 54.808298424538101 ], [ -2.51947345510222, 54.807846637803202 ], [ -2.52125401747896, 54.807406477579697 ], [ -2.52150182276433, 54.806896329032902 ], [ -2.52264490410544, 54.806623160951297 ], [ -2.5234414544492, 54.806045130128197 ], [ -2.53065218005093, 54.805999045922597 ], [ -2.53367975387336, 54.806703686111099 ], [ -2.53621664067435, 54.807671478778602 ], [ -2.54326536401288, 54.812124472885401 ], [ -2.5583066678318, 54.816724615766198 ], [ -2.56784860338401, 54.823574839471 ], [ -2.57259045880553, 54.831441875973603 ], [ -2.57795180487073, 54.836454339398401 ], [ -2.58267104737595, 54.845866781563103 ], [ -2.58178303088836, 54.847890374900899 ], [ -2.57335234214531, 54.853546196282501 ], [ -2.57584057647551, 54.856665337166 ], [ -2.57743055347193, 54.859573894234103 ], [ -2.58119898044889, 54.864236114402203 ], [ -2.58363038932682, 54.865593970776601 ], [ -2.58859573097628, 54.869535795558001 ], [ -2.59037156277359, 54.872913317989301 ], [ -2.59024719867254, 54.873783748807803 ], [ -2.59316440882755, 54.875272103629001 ], [ -2.59896135487492, 54.879861856109997 ], [ -2.60545400682068, 54.884305830378501 ], [ -2.6045499181121, 54.885449852634103 ], [ -2.59719006819525, 54.886975332032002 ], [ -2.59606320213669, 54.887624291422199 ], [ -2.59438602182551, 54.887739415096803 ], [ -2.59253177463871, 54.888960756766899 ], [ -2.59116972690313, 54.8889988339306 ], [ -2.58816550021366, 54.8911252524003 ], [ -2.5850725274762, 54.89220683373 ], [ -2.58190700329426, 54.894213382343203 ], [ -2.5796930492662, 54.894863789438098 ], [ -2.57641404338101, 54.896717109806197 ], [ -2.57480435355802, 54.898421412627698 ], [ -2.57486218941713, 54.899744810876001 ], [ -2.56756539676926, 54.909002636432803 ], [ -2.56660353643036, 54.913696191025799 ], [ -2.56622128211943, 54.919238062821897 ], [ -2.55984022010019, 54.920115045040099 ], [ -2.55809677462534, 54.9212983996145 ], [ -2.55719179666986, 54.921520944661403 ], [ -2.55859753445235, 54.922195640757799 ], [ -2.55897838740121, 54.9230997187287 ], [ -2.56007323502446, 54.9236329858171 ], [ -2.56025464391378, 54.923883784261498 ], [ -2.55940559440049, 54.924431298136298 ], [ -2.55358979620823, 54.924618811321402 ], [ -2.55165553404389, 54.925564872962802 ], [ -2.54761370843147, 54.9262193677665 ], [ -2.54624866051584, 54.927155590882897 ], [ -2.54527258594749, 54.929171962226697 ], [ -2.54608336384679, 54.930504559993999 ], [ -2.54683429615611, 54.930752819353401 ], [ -2.54829642296126, 54.929832323608302 ], [ -2.55036773587717, 54.929977576926703 ], [ -2.55083658718048, 54.929345817060899 ], [ -2.55154292596964, 54.9295352868062 ], [ -2.55121087799058, 54.930813106188097 ], [ -2.55198976310694, 54.932073939752399 ], [ -2.55441044692153, 54.933556379269803 ], [ -2.56019081406337, 54.9340960446278 ], [ -2.56344178935265, 54.9374428213792 ], [ -2.56493686724585, 54.940326753399503 ], [ -2.56764946010163, 54.940856021173801 ], [ -2.57128537510643, 54.948370378637001 ], [ -2.56842654921438, 54.958291060649898 ], [ -2.57143367369793, 54.960016735301203 ], [ -2.57842109107457, 54.960811345609102 ], [ -2.5865294269364, 54.963063045935002 ], [ -2.58884008807185, 54.962905348977102 ], [ -2.59556897269462, 54.963480931938001 ], [ -2.59686737239982, 54.964669746890401 ], [ -2.59673761910007, 54.9650900110165 ], [ -2.59783882241185, 54.964884263701002 ], [ -2.59879879696775, 54.965261432327097 ], [ -2.59811111313596, 54.965866902752197 ], [ -2.59821458485404, 54.966520583228501 ], [ -2.59908483514173, 54.966854171410802 ], [ -2.59888446621199, 54.967763676538603 ], [ -2.59997620154547, 54.9687063372184 ], [ -2.59980546884291, 54.969089074802497 ], [ -2.60142928961523, 54.971340169415598 ], [ -2.60034547654082, 54.973662231378 ], [ -2.59424310015836, 54.973634724862201 ], [ -2.5915917889623, 54.9741508325924 ], [ -2.59023081440959, 54.976475946458201 ], [ -2.59060914533466, 54.977450001019399 ], [ -2.58996604086813, 54.977701072501397 ], [ -2.58846755768753, 54.979711417252297 ], [ -2.58857139417802, 54.980187136529601 ], [ -2.58662963320378, 54.982034214853797 ], [ -2.58577233958814, 54.982393292406201 ], [ -2.58193608208729, 54.982276965713098 ], [ -2.58146366797797, 54.982019510273403 ], [ -2.5804358230116, 54.982472885560298 ], [ -2.58033018252516, 54.982839112903001 ], [ -2.57923715368299, 54.982892838776799 ], [ -2.57944083994415, 54.983259388011497 ], [ -2.57855861763709, 54.983414605428202 ], [ -2.576978534836, 54.984696353626802 ], [ -2.57578485472122, 54.9849230107111 ], [ -2.5733107670136, 54.9876377868719 ], [ -2.57285162466517, 54.989307760112197 ], [ -2.57350136568179, 54.989718121971798 ], [ -2.57303047272476, 54.990338505136002 ], [ -2.57443416542418, 54.991667294200397 ], [ -2.57286180220167, 54.992871691236303 ], [ -2.57196917926395, 54.995610325615701 ], [ -2.57048144074958, 54.996945452832101 ], [ -2.57047088360694, 54.998735574469201 ], [ -2.56861512821607, 54.999934056683202 ], [ -2.5690947328558, 55.001236590741499 ], [ -2.56771370256383, 55.002747350906603 ], [ -2.5684320304964, 55.003456572915297 ], [ -2.57019750366368, 55.003932700152902 ], [ -2.57294280123145, 55.003277287061799 ], [ -2.57418086683806, 55.003700053039303 ], [ -2.57349873534355, 55.004767200582599 ], [ -2.57080632580769, 55.005849277789402 ], [ -2.57024187450985, 55.006506111927997 ], [ -2.57080318685783, 55.007062435945301 ], [ -2.57264263152367, 55.006347406301302 ], [ -2.57365341074097, 55.0067264204705 ], [ -2.57346750167337, 55.007285268945601 ], [ -2.57186805749976, 55.008389159091003 ], [ -2.57397475716512, 55.009631005332999 ], [ -2.57481145675862, 55.011172677656198 ], [ -2.57178077766793, 55.014233300103299 ], [ -2.57318683747251, 55.016114667847098 ], [ -2.57139858854485, 55.017051357998 ], [ -2.56789839996105, 55.017252817720099 ], [ -2.56817501491075, 55.018348778794397 ], [ -2.56504221354808, 55.020111131953598 ], [ -2.56093288348494, 55.020403350047999 ], [ -2.55875309306523, 55.020891492597798 ], [ -2.55760034899272, 55.020325250136402 ], [ -2.55799468946375, 55.019777060459703 ], [ -2.55698110797376, 55.019655937955299 ], [ -2.55582856503919, 55.019892090483197 ], [ -2.5547491555328, 55.020896351376798 ], [ -2.5526193569179, 55.021041702217502 ], [ -2.55043026009486, 55.022225243795504 ], [ -2.54668836088166, 55.023565761450001 ], [ -2.54590137656991, 55.024351045693997 ], [ -2.54637018666396, 55.025243073023901 ], [ -2.54577377550737, 55.026131798727498 ], [ -2.54448309892588, 55.026805241240403 ], [ -2.54089838460126, 55.027317309633297 ], [ -2.53957241619426, 55.028876903765401 ], [ -2.53406082742585, 55.0282650191103 ], [ -2.53325605597568, 55.028688171548502 ], [ -2.53298810286746, 55.0299474009176 ], [ -2.5319752541615, 55.030372355162498 ], [ -2.52918614127594, 55.028962070178402 ], [ -2.52762196694228, 55.029100027014998 ], [ -2.52707719929933, 55.030264320492698 ], [ -2.52770910147942, 55.032276227954704 ], [ -2.52691211796141, 55.0329402425956 ], [ -2.52591103211624, 55.032363162312201 ], [ -2.52449798485698, 55.032932622000999 ], [ -2.52165918877428, 55.0325171262594 ], [ -2.51910514089193, 55.032820110258697 ], [ -2.51760787386953, 55.033429466755102 ], [ -2.51579202091444, 55.033593494256202 ], [ -2.51624071412662, 55.034660090714802 ], [ -2.51471628657874, 55.034497570927201 ], [ -2.51256228310049, 55.0337940934145 ], [ -2.5118788491566, 55.034553326500301 ], [ -2.51076436913658, 55.034884440178402 ], [ -2.51099158491001, 55.035901678525498 ], [ -2.51016799896435, 55.036347214361101 ], [ -2.50921187121143, 55.0363323552588 ], [ -2.50863029115023, 55.036005003426702 ], [ -2.50892317784058, 55.034420432452102 ], [ -2.50447837178623, 55.0331907777162 ], [ -2.50369075892559, 55.0336361207221 ], [ -2.50382548189754, 55.034267284201597 ], [ -2.50576165384925, 55.034831679417401 ], [ -2.50654699410171, 55.035595142616501 ], [ -2.50566603298274, 55.036748016656603 ], [ -2.5030441111554, 55.037087659197297 ], [ -2.49707218875677, 55.036881332795403 ], [ -2.49343947114307, 55.037166616470302 ], [ -2.48304985288842, 55.040019075840398 ], [ -2.48234309817336, 55.041491131934499 ], [ -2.48295647708036, 55.043701066860002 ], [ -2.48489415774766, 55.0451572208515 ], [ -2.48812156902966, 55.046218112663603 ], [ -2.48720021403609, 55.0472795234543 ], [ -2.48756566171338, 55.047863963981101 ], [ -2.49434160678426, 55.0507148431739 ], [ -2.49314741831731, 55.052116981042502 ], [ -2.49084625738656, 55.053377146628399 ], [ -2.49119440272796, 55.054205186706902 ], [ -2.49075228174841, 55.054525974897501 ], [ -2.49196450272368, 55.054961358857803 ], [ -2.49218533837626, 55.054203876844802 ], [ -2.49406972511062, 55.0531600840458 ], [ -2.49544556359635, 55.053331818960999 ], [ -2.49548407244702, 55.053882369779899 ], [ -2.49485301356853, 55.054462953492198 ], [ -2.49730500217276, 55.056304686085298 ], [ -2.49782551758974, 55.056625154738903 ], [ -2.49975137944043, 55.0561472429738 ], [ -2.50202056148823, 55.057725731093697 ], [ -2.50189067978341, 55.059848793962502 ], [ -2.50265947998884, 55.060486320953103 ], [ -2.50266742546224, 55.060996729976601 ], [ -2.50226546117567, 55.061275979116999 ], [ -2.50055192322619, 55.061221055243998 ], [ -2.50002763346041, 55.062116438712202 ], [ -2.50132057237936, 55.062466055505297 ], [ -2.5035092226726, 55.062078722474197 ], [ -2.503984940725, 55.062429893651597 ], [ -2.50347403918278, 55.063142781172502 ], [ -2.50074835051152, 55.064289002935503 ], [ -2.49788239298248, 55.0647347548516 ], [ -2.49759007826037, 55.065657924867303 ], [ -2.49379822384815, 55.0659591365811 ], [ -2.49219989938917, 55.068153713376098 ], [ -2.49326331702992, 55.069062395397602 ], [ -2.49335290385824, 55.070865549333597 ], [ -2.49403453385186, 55.071663389077699 ], [ -2.4992362644344, 55.073498681766203 ], [ -2.50104941190219, 55.074601045881302 ], [ -2.50123425186352, 55.075224813866903 ], [ -2.49947908006422, 55.076774932238898 ], [ -2.49705322355665, 55.077416575199102 ], [ -2.49631221534576, 55.080308570372097 ], [ -2.49473326225492, 55.081821959562902 ], [ -2.49351641672801, 55.0822213573433 ], [ -2.49110471363047, 55.082271530172001 ], [ -2.49012301787654, 55.080775710175402 ], [ -2.48663869675395, 55.0811023935156 ], [ -2.48608380686711, 55.081585398962801 ], [ -2.48634115497866, 55.083045514364898 ], [ -2.48817270995951, 55.083583598135903 ], [ -2.48970668155691, 55.083487582185299 ], [ -2.49089746039879, 55.083750569972402 ], [ -2.49092390155989, 55.083951748044903 ], [ -2.48970003139495, 55.084145827473698 ], [ -2.49069936520066, 55.085858655921797 ], [ -2.49188764797314, 55.086307024021202 ], [ -2.49334342403697, 55.086163473551998 ], [ -2.49532970149507, 55.086468877464299 ], [ -2.49487417777051, 55.0873792152166 ], [ -2.49519313412013, 55.087705003269299 ], [ -2.4957363300526, 55.086667553107802 ], [ -2.49829153119363, 55.0873005174318 ], [ -2.49904979414624, 55.087799763289702 ], [ -2.50062917423822, 55.090190762143003 ], [ -2.50225106323248, 55.090718686356603 ], [ -2.50370707153396, 55.0907504039263 ], [ -2.5048853172865, 55.090381608519898 ], [ -2.50601291032538, 55.089360640156499 ], [ -2.50693462649385, 55.089150099525 ], [ -2.50895987463093, 55.089720362352999 ], [ -2.51156687163911, 55.088867425684001 ], [ -2.51320686327041, 55.089208362546799 ], [ -2.51646761807834, 55.089115433510599 ], [ -2.51697040131566, 55.088618224247398 ], [ -2.51676955856628, 55.086050896475697 ], [ -2.51809484669951, 55.0849570115506 ], [ -2.52495064008156, 55.085482086030801 ], [ -2.5263891701286, 55.083961713053903 ], [ -2.5269286842919, 55.084246938394998 ], [ -2.52717294677819, 55.085071728006497 ], [ -2.53047048145917, 55.085186759418796 ], [ -2.53225697418384, 55.082760794774401 ], [ -2.53686024733338, 55.082943688534499 ], [ -2.54016822017071, 55.084302081040299 ], [ -2.54402816489053, 55.083386272461297 ], [ -2.5457660363365, 55.083777536164703 ], [ -2.54681252520352, 55.082976635487903 ], [ -2.54866169496068, 55.082686141449699 ], [ -2.55045581087089, 55.081700369866098 ], [ -2.54978584636653, 55.081499473934002 ], [ -2.54859737644411, 55.081875944410399 ], [ -2.54905357409905, 55.081218812393601 ], [ -2.55083767726804, 55.080880966662697 ], [ -2.55172874818646, 55.081316311064498 ], [ -2.55265368395588, 55.081256416456803 ], [ -2.55313195873386, 55.081856314887901 ], [ -2.55426962208673, 55.082234822023601 ], [ -2.55381612129115, 55.0826241643285 ], [ -2.55518862513175, 55.0827608363658 ], [ -2.5569717966782, 55.082122767265098 ], [ -2.55571575459111, 55.081573152307399 ], [ -2.55694728888574, 55.081039114017699 ], [ -2.55879175520092, 55.083781304609602 ], [ -2.56081666879085, 55.083970613613701 ], [ -2.56213639511458, 55.083462169153002 ], [ -2.56279310082448, 55.084375715969401 ], [ -2.56161359945016, 55.085388480258203 ], [ -2.55984206040555, 55.085182747101598 ], [ -2.55913530030322, 55.085388214508697 ], [ -2.56048429328003, 55.086300386831098 ], [ -2.55890165367141, 55.087395831011499 ], [ -2.55907072773485, 55.087718548493903 ], [ -2.55968582844219, 55.087901768644898 ], [ -2.56121431578827, 55.0875227251057 ], [ -2.56039643542083, 55.088410734961201 ], [ -2.55891407153675, 55.088053632551699 ], [ -2.55829477966243, 55.088810366375597 ], [ -2.55964516055121, 55.089251629100403 ], [ -2.56103251501577, 55.088743875184001 ], [ -2.56075084648134, 55.0894397739482 ], [ -2.56117969942475, 55.090304071126397 ], [ -2.56339615938864, 55.091265210484401 ], [ -2.56398621294968, 55.091893295266402 ], [ -2.56539128840594, 55.091640540192103 ], [ -2.56670570854325, 55.091966005635697 ], [ -2.56715532796119, 55.092734960242097 ], [ -2.5667819882786, 55.093702690095 ], [ -2.56830559450675, 55.093960596496302 ], [ -2.56897451676572, 55.094394246411902 ], [ -2.5684260078781, 55.096261413191101 ], [ -2.57020123512739, 55.097233472741102 ], [ -2.57245864627122, 55.097629915635103 ], [ -2.57667813780513, 55.095852385309399 ], [ -2.57777090505219, 55.095996328417698 ], [ -2.57743528417812, 55.096741930340102 ], [ -2.57940882293876, 55.096135061795501 ], [ -2.57930176186437, 55.096646819362903 ], [ -2.58066411935742, 55.096687041242298 ], [ -2.58189972743833, 55.097277820879803 ], [ -2.58349863526967, 55.096996080780301 ], [ -2.58399012274118, 55.097173482637203 ], [ -2.58281874136332, 55.098084899047201 ], [ -2.58332601101533, 55.099025101494398 ], [ -2.5826737707141, 55.099433468983698 ], [ -2.58263474219484, 55.100515622467903 ], [ -2.58333660031058, 55.101683970486199 ], [ -2.58541919250046, 55.102736174453099 ], [ -2.58549312220343, 55.103081771340598 ], [ -2.58691670370974, 55.102903242443801 ], [ -2.5875123378862, 55.103118756112302 ], [ -2.58755887032937, 55.1035156889495 ], [ -2.58860655248321, 55.103565426802298 ], [ -2.58934115852585, 55.103959119691197 ], [ -2.59043604495421, 55.103703984802401 ], [ -2.59208797139141, 55.104242333760702 ], [ -2.59248087487022, 55.105154307305803 ], [ -2.59355863569287, 55.105120219791303 ], [ -2.59229502428826, 55.106051938107903 ], [ -2.59243352623209, 55.1063028903015 ], [ -2.59315808474386, 55.1062221046232 ], [ -2.59290261592641, 55.106964662436503 ], [ -2.59432458783412, 55.107619088308397 ], [ -2.59377725254358, 55.108235507117399 ], [ -2.59408134491839, 55.109079634672803 ], [ -2.59327902422028, 55.110046841353203 ], [ -2.59426448668813, 55.110855305006098 ], [ -2.5934364083915, 55.112832645167401 ], [ -2.5948342859682, 55.114068591429202 ], [ -2.599613108563, 55.115680580986599 ], [ -2.60047101106972, 55.117161763345699 ], [ -2.60039853602848, 55.118913446649401 ], [ -2.60098536362585, 55.1196753125312 ], [ -2.60159388216761, 55.122608908888402 ], [ -2.60092638757084, 55.123787599292903 ], [ -2.59890282488408, 55.124575715874499 ], [ -2.60273237877352, 55.124696152614703 ], [ -2.60615389574271, 55.126146618456097 ], [ -2.6102390370302, 55.126355292666602 ], [ -2.61076495594691, 55.126707593678098 ], [ -2.61564004527877, 55.127495421416903 ], [ -2.62127305525501, 55.1292164410103 ], [ -2.62435077808305, 55.128967941021102 ], [ -2.62568980991596, 55.127543025737097 ], [ -2.63263878772644, 55.127756962827597 ], [ -2.63571060698905, 55.129613667638097 ], [ -2.64536953432753, 55.131054587829396 ], [ -2.64712454463657, 55.131062345793502 ], [ -2.64861732488942, 55.132394197588901 ], [ -2.65545001625082, 55.1356941815855 ], [ -2.65693941785208, 55.136131830278899 ], [ -2.6597737116523, 55.142108397997397 ], [ -2.65932521800275, 55.1429762086414 ], [ -2.65990526976509, 55.144287714845802 ], [ -2.66162461986021, 55.146364985276797 ], [ -2.66259058056717, 55.146990555101297 ], [ -2.66638907594395, 55.1474641008449 ], [ -2.66857834300575, 55.147310970857099 ], [ -2.67126685586268, 55.150534734312302 ], [ -2.67253222368587, 55.150854843457097 ], [ -2.67326495217676, 55.151780858237203 ], [ -2.6748901661639, 55.1554714555121 ], [ -2.67732441001798, 55.155487587737099 ], [ -2.67776827127078, 55.1565814657651 ], [ -2.67607835628833, 55.157895624576099 ], [ -2.67609651326848, 55.158410458666197 ], [ -2.68325394634211, 55.166630491851102 ], [ -2.68292339949764, 55.167494134389699 ], [ -2.67991850124157, 55.168859729310597 ], [ -2.67954739298754, 55.169649833473201 ], [ -2.67735776118546, 55.171248067355002 ], [ -2.67769242384557, 55.171724308018099 ], [ -2.67644297064244, 55.173035117428398 ], [ -2.67427044233138, 55.173709425842297 ], [ -2.67455532373979, 55.175891466226602 ], [ -2.67737809340788, 55.177720651253303 ], [ -2.68978916257996, 55.1889832482806 ], [ -2.6892704773848, 55.188897317989301 ], [ -2.68739390299162, 55.189649236618699 ], [ -2.68741416105075, 55.190088594004699 ], [ -2.68614919561114, 55.190790326014898 ], [ -2.68559995041459, 55.192553730070401 ], [ -2.68476513923475, 55.192879313492803 ], [ -2.68624911869293, 55.194040882394603 ], [ -2.68510793317944, 55.195556077456096 ], [ -2.68377958925433, 55.195776536134701 ], [ -2.68378882492722, 55.196224848881499 ], [ -2.6823190759139, 55.196812700385998 ], [ -2.68158457001036, 55.197860957844199 ], [ -2.68124994869992, 55.198601538924898 ], [ -2.68267370094943, 55.199726655583603 ], [ -2.68333135946458, 55.201890408233702 ], [ -2.66884212120329, 55.2196822326271 ], [ -2.666814789349, 55.221580389976602 ], [ -2.65999123708167, 55.219884071712997 ], [ -2.64807010402792, 55.219867153588602 ], [ -2.64321031595816, 55.221061083043303 ], [ -2.64129384659564, 55.221140348000098 ], [ -2.63896701552594, 55.2226819837337 ], [ -2.63141420722149, 55.223698084912201 ], [ -2.63465696900035, 55.225464903855404 ], [ -2.63580566220724, 55.2297659122301 ], [ -2.63490867523208, 55.230413075601497 ], [ -2.63492778822646, 55.231116554089098 ], [ -2.63421531056253, 55.2311004972291 ], [ -2.63402912291901, 55.2313593780069 ], [ -2.63467897477851, 55.231683981561197 ], [ -2.63399972479992, 55.232176389048703 ], [ -2.63324627129621, 55.234339635304401 ], [ -2.63355207494548, 55.235569127762197 ], [ -2.63317198049062, 55.236192031310601 ], [ -2.63221052249757, 55.236644479258899 ], [ -2.63253063610065, 55.237297886997801 ], [ -2.63191931558507, 55.237617359462398 ], [ -2.63152568772585, 55.238583582154703 ], [ -2.63297385989268, 55.239856563693799 ], [ -2.63141818179075, 55.240030908327299 ], [ -2.63130350834988, 55.241926630090397 ], [ -2.63006257824515, 55.244109442003001 ], [ -2.63022898081735, 55.244791495937399 ], [ -2.62614080921927, 55.245667134652898 ], [ -2.62562931085441, 55.246045353228801 ], [ -2.62466150578333, 55.246014379266498 ], [ -2.62423160018181, 55.246386783446802 ], [ -2.62215355745035, 55.246165539815401 ], [ -2.62020062726866, 55.247215126840103 ], [ -2.61783944178317, 55.247201955428501 ], [ -2.6176672191396, 55.2468425060149 ], [ -2.61694334898805, 55.246920820365602 ], [ -2.61483611071453, 55.245630222192901 ], [ -2.61145085823107, 55.247134429328 ], [ -2.61201298439389, 55.247686960123502 ], [ -2.61534391204593, 55.2482641813302 ], [ -2.61762226023091, 55.248309262885002 ], [ -2.62062346062113, 55.249116275597302 ], [ -2.62408848414405, 55.249494852713902 ], [ -2.62765266169981, 55.250572802667101 ], [ -2.62949695442616, 55.251317270619303 ], [ -2.63238612426426, 55.253362744443301 ], [ -2.63476469918499, 55.254541040759101 ], [ -2.63811862544173, 55.255905537296599 ], [ -2.64041671461218, 55.256463217192199 ], [ -2.64435004688175, 55.2582181485744 ], [ -2.64677118121333, 55.260043862941799 ], [ -2.64540749988265, 55.260070848769701 ], [ -2.64097258910043, 55.260985645930297 ], [ -2.64071178858252, 55.2607174266955 ], [ -2.63904261691718, 55.261127825810902 ], [ -2.63538601769084, 55.261141535717798 ], [ -2.62665606673464, 55.262220937636101 ], [ -2.6268401579701, 55.263316314649998 ], [ -2.62630713442154, 55.264542038601199 ], [ -2.62819070071847, 55.2679326241159 ], [ -2.62328094290923, 55.269761200942902 ], [ -2.62333270853791, 55.271964268266402 ], [ -2.62248929898756, 55.272376594990803 ], [ -2.62213679322898, 55.273087353807398 ], [ -2.620291695136, 55.273762588841102 ], [ -2.61842044646133, 55.274988782745702 ], [ -2.61702277834464, 55.2771264250161 ], [ -2.61370921707461, 55.278347254367297 ], [ -2.61337692605054, 55.279254619733798 ], [ -2.61101297695765, 55.280926229160997 ], [ -2.60923810323899, 55.2832480256194 ], [ -2.60519596396254, 55.285374443763303 ], [ -2.60247832146166, 55.285571149487801 ], [ -2.59849138790562, 55.287109385828799 ], [ -2.59419925662523, 55.289851294746398 ], [ -2.59029062974697, 55.291405947458699 ], [ -2.58298630769373, 55.293491570424798 ], [ -2.57864708864497, 55.294411710809101 ], [ -2.57578006304982, 55.296090311487802 ], [ -2.57336309653362, 55.296884397275399 ], [ -2.57370441690414, 55.3007861827898 ], [ -2.57075233778672, 55.301408365573202 ], [ -2.56634727939641, 55.303320389754703 ], [ -2.56521109640478, 55.305936984605701 ], [ -2.56330378552171, 55.307630600746101 ], [ -2.56009488977378, 55.308749760580497 ], [ -2.55966610793356, 55.309846149992602 ], [ -2.55841270357965, 55.310451248400703 ], [ -2.55709441727983, 55.3117125821814 ], [ -2.55727103268107, 55.313293265678503 ], [ -2.55918125186231, 55.315138301142198 ], [ -2.559426573491, 55.317227294102899 ], [ -2.55904121304847, 55.317834705487698 ], [ -2.55042519255057, 55.315785536031903 ], [ -2.54872791414219, 55.3172452176617 ], [ -2.54429987933858, 55.318263431774596 ], [ -2.5431048537426, 55.319592335249602 ], [ -2.53655373327858, 55.320952969115503 ], [ -2.53076860320092, 55.3227089539145 ], [ -2.52510871886631, 55.321808795280099 ], [ -2.52026965851612, 55.3230470911992 ], [ -2.51769839510514, 55.324664658648601 ], [ -2.51632227800291, 55.326830663882298 ], [ -2.51371229531026, 55.329625369327402 ], [ -2.50925859896512, 55.331646996609699 ], [ -2.50688594373126, 55.333955380622101 ], [ -2.5043561643294, 55.335345211642696 ], [ -2.50198819002922, 55.337199647040698 ], [ -2.50225347305097, 55.340219569656398 ], [ -2.49880855608176, 55.3421018055163 ], [ -2.49617706663065, 55.346514569003602 ], [ -2.49502083625244, 55.347491491257301 ], [ -2.48851919814903, 55.351834345747697 ], [ -2.48136576589197, 55.3536679524086 ], [ -2.47518560294758, 55.354767678043103 ], [ -2.47343930484473, 55.354734932675903 ], [ -2.47131621420985, 55.353787987394902 ], [ -2.46753783122303, 55.352757526463897 ], [ -2.46331343561765, 55.353623595764901 ], [ -2.46122362672151, 55.353209221791502 ], [ -2.45705410840312, 55.354610427887501 ], [ -2.45668017164845, 55.355281233042199 ], [ -2.45179025076071, 55.356480140886397 ], [ -2.44440604478806, 55.359183164397997 ], [ -2.44035490782867, 55.359139456921497 ], [ -2.43929675765999, 55.359453269746403 ], [ -2.43690384919683, 55.358305400895397 ], [ -2.42923050679737, 55.356434891391899 ], [ -2.42636716326444, 55.358137761061897 ], [ -2.42435001061793, 55.358592319881197 ], [ -2.42187539350554, 55.358617067701601 ], [ -2.41988286351414, 55.359033647220997 ], [ -2.41499664354287, 55.3589219030045 ], [ -2.41236632114925, 55.357770763801703 ], [ -2.41128738231533, 55.358066440248201 ], [ -2.40866721261198, 55.357430083850304 ], [ -2.40218396724691, 55.354406388020799 ], [ -2.40085609152281, 55.353487034526403 ], [ -2.39956998636255, 55.350749765557701 ], [ -2.40006178900309, 55.348694946413403 ], [ -2.39952139630221, 55.348274391461203 ], [ -2.39297842799072, 55.347447399295397 ], [ -2.39026937325143, 55.347929583277498 ], [ -2.38479020259737, 55.348302788797199 ], [ -2.38112877028826, 55.349140979642399 ], [ -2.37891180668306, 55.349169437130499 ], [ -2.37896111182305, 55.350533267630297 ], [ -2.37495938799797, 55.353784082525102 ], [ -2.37279818817936, 55.3550693402984 ], [ -2.36988642033861, 55.355705387859402 ], [ -2.36545625751033, 55.357620967349497 ], [ -2.36419863506197, 55.358761430481401 ], [ -2.36154231091895, 55.359101782327897 ], [ -2.35838937768691, 55.359987092995802 ], [ -2.35494356023003, 55.3625373977533 ], [ -2.35136850851569, 55.3631946973777 ], [ -2.34714844785338, 55.364611208465902 ], [ -2.34504827374117, 55.364560571866598 ], [ -2.34208980316593, 55.365222141743899 ], [ -2.34010154512986, 55.366090333121598 ], [ -2.33892735623522, 55.367140382045903 ], [ -2.33747713193072, 55.367280941546902 ], [ -2.33845813529612, 55.367807496786398 ], [ -2.33897326814253, 55.368827690453301 ], [ -2.34332851985787, 55.370721319844499 ], [ -2.34623321175053, 55.373061053381399 ], [ -2.33724043199092, 55.376733518997 ], [ -2.33647553265606, 55.377901006776497 ], [ -2.33230037282947, 55.380037578875097 ], [ -2.33057747471132, 55.380463654454601 ], [ -2.33002052064065, 55.3812415663335 ], [ -2.33254066253045, 55.381955346531598 ], [ -2.33474136434559, 55.383155218046397 ], [ -2.33486274978916, 55.385569337266297 ], [ -2.33583064982561, 55.386158834755399 ], [ -2.33493973053753, 55.390010677585998 ], [ -2.33551231386968, 55.392565480994101 ], [ -2.34337035282865, 55.397414652083398 ], [ -2.34472538354763, 55.399448800390097 ], [ -2.34319215311776, 55.400345394138 ], [ -2.34189783939165, 55.400407412499099 ], [ -2.34030396639987, 55.4012430542803 ], [ -2.33766664113941, 55.401191891665597 ], [ -2.33643769079728, 55.401887238632 ], [ -2.33405203188014, 55.402103086852598 ], [ -2.33353045561246, 55.402425292975899 ], [ -2.33299854990558, 55.404321785207003 ], [ -2.33562914471266, 55.408208063457899 ], [ -2.33382240569965, 55.408761151070202 ], [ -2.332366351754, 55.4099107139305 ], [ -2.33072350399806, 55.409677033890603 ], [ -2.32910138956726, 55.4085205487713 ], [ -2.32735009513468, 55.4079654362382 ], [ -2.32284781489651, 55.407609924111597 ], [ -2.32069521454058, 55.4081960694879 ], [ -2.31969512615894, 55.407561621047201 ], [ -2.31595669837415, 55.4073269188452 ], [ -2.31325356259942, 55.406789334226403 ], [ -2.31254495691562, 55.409855225693498 ], [ -2.31018939108053, 55.410166736738397 ], [ -2.30668690793001, 55.4112484090058 ], [ -2.30425175148663, 55.412725449557001 ], [ -2.30178532352623, 55.413660668722301 ], [ -2.30094952848293, 55.413613324292299 ], [ -2.29593485552453, 55.414922166948401 ], [ -2.29380381944671, 55.418518767712499 ], [ -2.29451344187619, 55.420465182727497 ], [ -2.28384986515287, 55.4228867901166 ], [ -2.28177252584466, 55.424908888138901 ], [ -2.27871014910097, 55.426199926147397 ], [ -2.27796584780856, 55.426396550331503 ], [ -2.27389283592815, 55.425980766858899 ], [ -2.27173799646267, 55.428786352101 ], [ -2.27064693671974, 55.429592921276303 ], [ -2.26829522211116, 55.430002516336103 ], [ -2.26447249405301, 55.428770852583902 ], [ -2.26224314618967, 55.428558181430198 ], [ -2.26061128927204, 55.432933998025 ], [ -2.25859151247201, 55.432185344347197 ], [ -2.2567162909763, 55.432257568641802 ], [ -2.25376206747233, 55.431897147372503 ], [ -2.24254394003349, 55.432146299185 ], [ -2.23663462064146, 55.430961998828899 ], [ -2.23381321345826, 55.429239488528303 ], [ -2.2312819124724, 55.428429292001702 ], [ -2.22995602943395, 55.4305766342422 ], [ -2.22820067678743, 55.430350863567803 ], [ -2.22335202829553, 55.431332940298503 ], [ -2.22308207106251, 55.432234684308398 ], [ -2.22113562764655, 55.433142079560497 ], [ -2.20562430053668, 55.4375387952811 ], [ -2.2037931581856, 55.438569861284897 ], [ -2.20174135108255, 55.440684777038904 ], [ -2.19834556268999, 55.442131636440301 ], [ -2.19421972116367, 55.445258008178698 ], [ -2.19329973247134, 55.447213774084403 ], [ -2.19352901597779, 55.449799390278102 ], [ -2.19226496765959, 55.452550942624697 ], [ -2.19003462930583, 55.454308419676501 ], [ -2.18842578222846, 55.456438583877301 ], [ -2.18963745609518, 55.4611658045878 ], [ -2.18441354380997, 55.464085043167103 ], [ -2.16653602350474, 55.467468494366003 ], [ -2.1655212321177, 55.468381898095302 ], [ -2.16849463882883, 55.469061693788497 ], [ -2.17372359874483, 55.472271110524503 ], [ -2.189471159146, 55.473961172507401 ], [ -2.19549226340657, 55.475321114171699 ], [ -2.20094377168936, 55.475015748372599 ], [ -2.20159170971667, 55.475516011399002 ], [ -2.20337318153992, 55.478604037414101 ], [ -2.20537481505853, 55.480174923932097 ], [ -2.20635508202906, 55.481559765189701 ], [ -2.20606288359057, 55.482888272713602 ], [ -2.2022327769025, 55.488242717000198 ], [ -2.2026492750732, 55.489541287690798 ], [ -2.20529437030854, 55.491492951584299 ], [ -2.20703138407308, 55.494070576201402 ], [ -2.20880412208401, 55.494676769430299 ], [ -2.20876061713285, 55.495727281304902 ], [ -2.21194123589253, 55.499423763655301 ], [ -2.21692086205004, 55.5028158851553 ], [ -2.21945257500416, 55.505732543592899 ], [ -2.22058156827043, 55.506315465009401 ], [ -2.22654049672128, 55.5070979233776 ], [ -2.22799434131404, 55.508005437864497 ], [ -2.22884551551699, 55.509518780022098 ], [ -2.22662766000877, 55.519513646893998 ], [ -2.22428330861648, 55.522787671544002 ], [ -2.22760235177472, 55.528408131043598 ], [ -2.23321721467388, 55.529613281967798 ], [ -2.23382398457345, 55.540827557427598 ], [ -2.23296274184519, 55.5417789377574 ], [ -2.23322286215491, 55.543145067854503 ], [ -2.23241484283417, 55.543716285972998 ], [ -2.23224867525345, 55.5448298240699 ], [ -2.2340925638699, 55.5465587118088 ], [ -2.23517283476594, 55.5483347624685 ], [ -2.24076882908782, 55.552683538010598 ], [ -2.2403065059112, 55.555627168387097 ], [ -2.24405177806879, 55.556817511479402 ], [ -2.24785419917448, 55.5567307376255 ], [ -2.25307584361907, 55.561391495741198 ], [ -2.25750524518977, 55.562567436046798 ], [ -2.25986712941073, 55.563692826461903 ], [ -2.25980476207912, 55.565057784500901 ], [ -2.26461838752263, 55.566919107616101 ], [ -2.27005529928607, 55.570108660093801 ], [ -2.27647882153221, 55.575689444921899 ], [ -2.28014772246902, 55.577319992983803 ], [ -2.28543225970106, 55.577720188411703 ], [ -2.28853587165619, 55.580050022350697 ], [ -2.29239181876654, 55.585798565558001 ], [ -2.2903734702637, 55.589609480782798 ], [ -2.2881140695755, 55.591537633530798 ], [ -2.28784776968951, 55.592865438884303 ], [ -2.28860715605682, 55.594941866244604 ], [ -2.28593560377129, 55.596543889385202 ], [ -2.28813558697168, 55.598144373039197 ], [ -2.28851041880591, 55.5979800085547 ], [ -2.28895443186214, 55.5983626079882 ], [ -2.28775217481956, 55.601048449130701 ], [ -2.29032055023064, 55.602838459254201 ], [ -2.2892322950467, 55.603773695914803 ], [ -2.29226855790154, 55.604621903099599 ], [ -2.29388526759472, 55.604555157578297 ], [ -2.29550409777363, 55.608334011012701 ], [ -2.2951348408593, 55.608622434879997 ], [ -2.30594934311451, 55.612083950455897 ], [ -2.30728628679041, 55.611103923351102 ], [ -2.3160941125707, 55.620458468115601 ], [ -2.30893463097413, 55.6224795020889 ], [ -2.30862602967662, 55.628875976357399 ], [ -2.31084018801667, 55.628912592613197 ], [ -2.31499922993861, 55.627883876003999 ], [ -2.31589479669722, 55.628250033953002 ], [ -2.31833924683165, 55.628107975232503 ], [ -2.31981628209869, 55.627722278660997 ], [ -2.32161434302072, 55.626199963627698 ], [ -2.3243105601635, 55.626165906939598 ], [ -2.32814978225793, 55.627409110726603 ], [ -2.32980478356356, 55.629145131740898 ], [ -2.33216220774662, 55.629764129936603 ], [ -2.33524658769254, 55.6320208662585 ], [ -2.33601244831487, 55.632054699420799 ], [ -2.33510939764211, 55.633238740476003 ], [ -2.33504701758708, 55.634491442888098 ], [ -2.33325439363171, 55.634571175306903 ], [ -2.33255958180725, 55.634919265651803 ], [ -2.32776709590447, 55.636041733417798 ], [ -2.32625221704594, 55.637021484233301 ], [ -2.32559453909093, 55.638327514421398 ], [ -2.32602657395878, 55.6398655295895 ], [ -2.32558313084578, 55.6421309441603 ], [ -2.32470201879721, 55.643166547049397 ], [ -2.32258903507201, 55.643557568877 ], [ -2.31936846583488, 55.643147326845401 ], [ -2.31603439636736, 55.643237716990697 ], [ -2.31477258657516, 55.643585089407502 ], [ -2.31315035156745, 55.6447645283125 ], [ -2.31033736430739, 55.646061945635402 ], [ -2.30578970416838, 55.647043773704198 ], [ -2.29895019257201, 55.647126327083299 ], [ -2.29287029406897, 55.645303550996204 ], [ -2.28917953153032, 55.643381435395298 ], [ -2.28297231021161, 55.642922380720997 ], [ -2.27309054712211, 55.642699511327102 ], [ -2.25981024555378, 55.644573974450097 ], [ -2.25601746893728, 55.6445262752435 ], [ -2.25144925261319, 55.643217646545999 ], [ -2.25233523882863, 55.642640759937898 ], [ -2.24976741101471, 55.641564257777297 ], [ -2.24862473332657, 55.639980708858303 ], [ -2.24572585608313, 55.639519287561697 ], [ -2.24279115857693, 55.639692309036597 ], [ -2.24242007148428, 55.640048844412902 ], [ -2.23719332718424, 55.640273768021501 ], [ -2.23479932643361, 55.6408121299553 ], [ -2.23255680225227, 55.642520852289501 ], [ -2.23158750279656, 55.643833692828402 ], [ -2.23191776303815, 55.645144880465601 ], [ -2.2353777781732, 55.646405178057996 ], [ -2.24022411380789, 55.646969027606403 ], [ -2.24249425124687, 55.647685130433103 ], [ -2.24782910474392, 55.650591884651597 ], [ -2.2484739590346, 55.6515429950691 ], [ -2.24817393761024, 55.652353198783501 ], [ -2.24642370279506, 55.653013536664098 ], [ -2.24444522020468, 55.653262816988999 ], [ -2.23700423693311, 55.656308067071599 ], [ -2.23392083934624, 55.658129905063099 ], [ -2.23214517868076, 55.661021067549498 ], [ -2.22997752831131, 55.662438551264799 ], [ -2.22692332434593, 55.6631243996545 ], [ -2.22089624762932, 55.663472347307 ], [ -2.21845272804607, 55.664260267457301 ], [ -2.21752530405868, 55.6652924712375 ], [ -2.21704124850536, 55.666871093220898 ], [ -2.21796603516262, 55.669643137354797 ], [ -2.21957196283083, 55.672228825987801 ], [ -2.21972504632311, 55.673742538222101 ], [ -2.21865916071879, 55.6759071372636 ], [ -2.20919748295381, 55.680857655167202 ], [ -2.20760570064868, 55.684395529319801 ], [ -2.20497148812618, 55.686360673151597 ], [ -2.20410515485434, 55.686763196188899 ], [ -2.19892469419781, 55.687678558067802 ], [ -2.19780503380867, 55.6883272732546 ], [ -2.19531287750344, 55.690909912356098 ], [ -2.1921703651853, 55.695572664005802 ], [ -2.19119565057109, 55.696318190903 ], [ -2.18981475128318, 55.695973518995601 ], [ -2.18918419793075, 55.696508131737502 ], [ -2.18823535493646, 55.696704593598398 ], [ -2.18675133281107, 55.698439101370901 ], [ -2.18690749646093, 55.699138859191301 ], [ -2.18640788042074, 55.699807184990199 ], [ -2.18405519461515, 55.7015932746475 ], [ -2.1805977008638, 55.703274143967803 ], [ -2.17057740478601, 55.704911997684199 ], [ -2.16723105928948, 55.706035164816697 ], [ -2.16656502388676, 55.706944455955401 ], [ -2.16699848106937, 55.707826205387803 ], [ -2.1725000824057, 55.710802580484597 ], [ -2.17574679044631, 55.714373081372102 ], [ -2.17705369801642, 55.716520428344403 ], [ -2.17699672355935, 55.718375035575001 ], [ -2.17353698108777, 55.720698089977702 ], [ -2.16885565876752, 55.722241075874003 ], [ -2.16158173234278, 55.722897789416898 ], [ -2.15881302012239, 55.722838527013302 ], [ -2.15614091633712, 55.722218392883804 ], [ -2.15357624568085, 55.722196479088701 ], [ -2.15175143053738, 55.722506040521303 ], [ -2.15050611551912, 55.723199405807897 ], [ -2.14915025975385, 55.724588406078297 ], [ -2.14774955139721, 55.727196637127001 ], [ -2.14806716088256, 55.729505380769503 ], [ -2.14985829765627, 55.733235604695203 ], [ -2.14988353018848, 55.7348196318192 ], [ -2.14874495560451, 55.736486814962099 ], [ -2.14605187781894, 55.738441915787 ], [ -2.14326530032162, 55.739585033135299 ], [ -2.13838306518755, 55.740473593920697 ], [ -2.13654976442903, 55.740383597568702 ], [ -2.13661787483719, 55.7401039580175 ], [ -2.13433659800298, 55.739927635803802 ], [ -2.13180542342185, 55.739314005541701 ], [ -2.13055917220541, 55.738575004066199 ], [ -2.12534973372637, 55.7370583599361 ], [ -2.11948465885375, 55.737627592301699 ], [ -2.11730684159624, 55.738425809097897 ], [ -2.11666449767143, 55.739313170197498 ], [ -2.11671664607848, 55.740772320266899 ], [ -2.11801113836712, 55.742766623513702 ], [ -2.11762610985547, 55.744518212088202 ], [ -2.1161237172952, 55.746559198699799 ], [ -2.11366737145182, 55.7481536362707 ], [ -2.10766581992042, 55.747282183310801 ], [ -2.10668845565105, 55.747543617630299 ], [ -2.10601162242728, 55.748158692739302 ], [ -2.10511976386582, 55.751219776170402 ], [ -2.1072109515072, 55.755078886051699 ], [ -2.10879942430751, 55.757396481387602 ], [ -2.10850412936277, 55.758354538961903 ], [ -2.10727863450125, 55.759448148807202 ], [ -2.10629242186505, 55.760048314171797 ], [ -2.10245539653489, 55.761290612351203 ], [ -2.09790313608518, 55.762074273077999 ], [ -2.0921108091154, 55.762154211073003 ], [ -2.08651267654939, 55.761589076090999 ], [ -2.07530484843556, 55.759939021504103 ], [ -2.06567504246121, 55.759309317904702 ], [ -2.0554292280807, 55.757221055719903 ], [ -2.05318484409398, 55.757569140986199 ], [ -2.04778926902662, 55.757718450753003 ], [ -2.04075562853534, 55.759070542796898 ], [ -2.03821256585702, 55.760097000796002 ], [ -2.03400488816351, 55.764369257626598 ], [ -2.03356731168685, 55.766465305394398 ], [ -2.03164328915034, 55.769760701903898 ], [ -2.02952939009845, 55.770687494247298 ], [ -2.02519648272361, 55.771275419205303 ], [ -2.0230821474882, 55.771742198708701 ], [ -2.02523569494036, 55.770880595732699 ], [ -2.02938571313103, 55.768877594680603 ], [ -2.02839852454532, 55.768253282790297 ], [ -2.02154354164456, 55.770617561851303 ], [ -2.01768823795749, 55.771464572133503 ], [ -2.01507662164622, 55.771692247850602 ], [ -2.01380056033721, 55.7714129682956 ], [ -2.01100906174026, 55.769495860922298 ], [ -2.01007563779643, 55.767169908127201 ], [ -2.00766230909312, 55.766053792953002 ], [ -2.00715036359759, 55.764864841339197 ], [ -2.00803920270498, 55.765932829981899 ], [ -2.00949244992949, 55.7656328936325 ], [ -2.00880772974586, 55.764586644244503 ], [ -2.00779890428801, 55.764398479279102 ], [ -2.00754477983484, 55.764757895405403 ], [ -2.00709375708681, 55.764678585890003 ], [ -2.00662666424022, 55.763718836221599 ], [ -2.0038073858897, 55.761838402966397 ], [ -2.00174993297105, 55.760964393453399 ], [ -2.00108878247859, 55.761076625476299 ], [ -2.00097484677085, 55.761498831876303 ], [ -2.00029361656182, 55.760813910750997 ], [ -1.99853358617131, 55.7606924300025 ], [ -1.99654088609809, 55.760827170613403 ], [ -1.99392576420979, 55.761709673318997 ], [ -1.99245358138054, 55.761255673497402 ], [ -1.98876930637672, 55.755708419910398 ], [ -1.98330799577615, 55.750956065462297 ], [ -1.98023225102108, 55.7495993544632 ], [ -1.9792687651039, 55.748431236013403 ], [ -1.97596869799844, 55.746138744588997 ], [ -1.97396282799943, 55.745552247745799 ], [ -1.97181088933774, 55.741785256812697 ], [ -1.97021072573552, 55.740891592373302 ], [ -1.96640159324491, 55.739847906806297 ], [ -1.96329260668661, 55.738305283862204 ], [ -1.96230575894682, 55.736746534324602 ], [ -1.96173663604932, 55.734435230295603 ], [ -1.96075263333922, 55.733213676186899 ], [ -1.95634664562226, 55.731255528629198 ], [ -1.95481906892896, 55.729954396648402 ], [ -1.95187631368511, 55.728895477751202 ], [ -1.94963639335963, 55.727423735043402 ], [ -1.94657125092349, 55.7264583519651 ], [ -1.94641747788049, 55.725398051120699 ], [ -1.9440402974882, 55.724199915364999 ], [ -1.94417741885226, 55.723774683733097 ], [ -1.94167337669935, 55.7222233587405 ], [ -1.9414339334854, 55.721683923053 ], [ -1.93685126658404, 55.719277824754599 ], [ -1.92865730520522, 55.715584390785502 ], [ -1.91727195723101, 55.711663328243802 ], [ -1.91286445897796, 55.709832383355597 ], [ -1.91177601483572, 55.709160997994999 ], [ -1.91226659212816, 55.708492710640499 ], [ -1.91165456006804, 55.707716981152998 ], [ -1.9119451195084, 55.708529956243702 ], [ -1.91147593480044, 55.708716133957502 ], [ -1.90406120573984, 55.707406959940897 ], [ -1.8928805115357, 55.7042573372728 ], [ -1.87958994127033, 55.701006026184899 ], [ -1.87592289962027, 55.699562094719802 ], [ -1.8750790744731, 55.698910305329498 ], [ -1.87611403718332, 55.698536598083997 ], [ -1.88080807212315, 55.698482063419199 ], [ -1.88069071381789, 55.697956062185398 ], [ -1.87768119028288, 55.697099432810298 ], [ -1.87540109199545, 55.696838269229602 ], [ -1.87343078822971, 55.696968777494 ], [ -1.87210701310239, 55.697959766014598 ], [ -1.87110790905395, 55.698109734874997 ], [ -1.87044305614358, 55.697840915180699 ], [ -1.86933332793489, 55.696801155865103 ], [ -1.86939586193645, 55.696049249161497 ], [ -1.87121924134291, 55.695786131663297 ], [ -1.87293664834925, 55.694542847370002 ], [ -1.87542059506008, 55.694141663664197 ], [ -1.8761819916043, 55.693205548035301 ], [ -1.87781938426321, 55.693037681731198 ], [ -1.87635506803487, 55.690234810099199 ], [ -1.87729813420364, 55.688747216015301 ], [ -1.87668892864193, 55.687967207849901 ], [ -1.87721590905421, 55.687459402699098 ], [ -1.87653626191938, 55.687843320910602 ], [ -1.87552386767181, 55.686924310822697 ], [ -1.87441280880543, 55.685051350585198 ], [ -1.87493384455087, 55.684733503089802 ], [ -1.87451071413316, 55.684788788853197 ], [ -1.87415903124864, 55.683931708537997 ], [ -1.87511678942662, 55.684020729617899 ], [ -1.87553125208985, 55.684517684687101 ], [ -1.8753702244123, 55.684088114373097 ], [ -1.87668038489323, 55.684430087057699 ], [ -1.87649787960448, 55.684660718802299 ], [ -1.87696161270184, 55.6847949034076 ], [ -1.87694622324831, 55.6851521987398 ], [ -1.87718439986341, 55.685250221641702 ], [ -1.87730388383592, 55.685657617722903 ], [ -1.87772756768127, 55.685472757665202 ], [ -1.87704462610062, 55.685166349829103 ], [ -1.87703897390748, 55.684712758040703 ], [ -1.87788833761612, 55.6847666700492 ], [ -1.87682078720223, 55.684661827834198 ], [ -1.87686693635461, 55.684496422272801 ], [ -1.8790362628301, 55.684669066718001 ], [ -1.87836300886911, 55.684762306276397 ], [ -1.8789864685484, 55.684802365709103 ], [ -1.87789130918274, 55.686464785981698 ], [ -1.8785119683289, 55.686273056274601 ], [ -1.87853540821017, 55.687006964692003 ], [ -1.87863192733683, 55.686266085417799 ], [ -1.87822219803203, 55.686130742269299 ], [ -1.87865397741278, 55.686125616080503 ], [ -1.87924090528445, 55.684636526024697 ], [ -1.88109421519436, 55.684909986791801 ], [ -1.88253954967038, 55.684630159280303 ], [ -1.88285718068941, 55.685370151837397 ], [ -1.88283639518763, 55.684583468179703 ], [ -1.88557370176714, 55.6847839769666 ], [ -1.88368329970485, 55.684481931376297 ], [ -1.88437006880918, 55.684271883375601 ], [ -1.88101660729969, 55.684715006860998 ], [ -1.87646693605943, 55.683926823689298 ], [ -1.87321239632999, 55.682880295411699 ], [ -1.87210231527869, 55.680954058985002 ], [ -1.87263032056872, 55.679680220174198 ], [ -1.87230408433923, 55.679004515693897 ], [ -1.87288984988548, 55.678496541400698 ], [ -1.87200299050679, 55.678271283162601 ], [ -1.87272304264725, 55.6780148034536 ], [ -1.87122995247073, 55.6763066276065 ], [ -1.87147098739418, 55.676330370399 ], [ -1.87277253926051, 55.676216617803 ], [ -1.87300825658849, 55.675957284831597 ], [ -1.87151430612302, 55.6762914507812 ], [ -1.87112678233542, 55.676076307287502 ], [ -1.87240315017513, 55.676034179571197 ], [ -1.87301340893376, 55.675650733088901 ], [ -1.87239704033505, 55.675995413218502 ], [ -1.87090445225449, 55.676053757805597 ], [ -1.87109504241878, 55.6756158494617 ], [ -1.87258888262246, 55.675167553156498 ], [ -1.87063538719581, 55.675706981894201 ], [ -1.86885781810857, 55.673344259432803 ], [ -1.87039732792109, 55.673523246863297 ], [ -1.86998294856702, 55.673757719207202 ], [ -1.87071736715967, 55.673534154603402 ], [ -1.87205571229573, 55.6746552257151 ], [ -1.87168921180134, 55.673795922048299 ], [ -1.8706827211935, 55.672693142933198 ], [ -1.86903271288913, 55.672627972354903 ], [ -1.86965850097429, 55.672567560044399 ], [ -1.86904547200711, 55.672541069606702 ], [ -1.86959366052684, 55.672064785606203 ], [ -1.86668270048058, 55.669992113149597 ], [ -1.86564359141965, 55.667692343253997 ], [ -1.86633242056542, 55.667733032644001 ], [ -1.86562492971261, 55.667617441090499 ], [ -1.86489039312315, 55.6664345581625 ], [ -1.86915353483836, 55.666451531312497 ], [ -1.86722129045471, 55.666202218688802 ], [ -1.86691282693062, 55.665878566998202 ], [ -1.86788807592993, 55.6660346197813 ], [ -1.8672346356138, 55.665736277089003 ], [ -1.8680107093991, 55.665584968553397 ], [ -1.86963052184827, 55.666444427431202 ], [ -1.86865361950851, 55.666775260673703 ], [ -1.86976197516792, 55.666501145568702 ], [ -1.87010091357348, 55.667164576275397 ], [ -1.86997242161175, 55.666533103415098 ], [ -1.86935667322473, 55.666020374745599 ], [ -1.87045817096896, 55.665904581235601 ], [ -1.87094566144215, 55.6657700572636 ], [ -1.8713566684131, 55.665870814907997 ], [ -1.8717160883801, 55.666214067128898 ], [ -1.87146426963117, 55.665890892182098 ], [ -1.87084446998981, 55.665739356943803 ], [ -1.86905618639183, 55.665956647697698 ], [ -1.86803498560469, 55.665441431377403 ], [ -1.86937857244194, 55.6648681544197 ], [ -1.86896466818398, 55.664754196963599 ], [ -1.86855405586003, 55.665214867468897 ], [ -1.86718599195376, 55.665391306217302 ], [ -1.86678107068142, 55.6657343848998 ], [ -1.86581786636958, 55.665747012912298 ], [ -1.86597904025654, 55.665456351378602 ], [ -1.86660096823935, 55.665559160759599 ], [ -1.86623170262703, 55.665407289539999 ], [ -1.86664458495486, 55.665197352875502 ], [ -1.86511275416683, 55.665089532654598 ], [ -1.86530264412492, 55.665706412222498 ], [ -1.8646061406976, 55.665526754834701 ], [ -1.8649761288045, 55.665256450867297 ], [ -1.8644465437074, 55.665456747143203 ], [ -1.86397609114262, 55.665282088241099 ], [ -1.86409558120176, 55.6649221621444 ], [ -1.86472312690518, 55.664972775099599 ], [ -1.86472271375482, 55.664480671996898 ], [ -1.86377438411588, 55.664457045600301 ], [ -1.86386327371521, 55.663682137758201 ], [ -1.86240070627844, 55.663993126959099 ], [ -1.86278606335584, 55.663842599601402 ], [ -1.86241217690018, 55.663479167405001 ], [ -1.86342743274092, 55.662891598075703 ], [ -1.86176277905757, 55.661949756574899 ], [ -1.86030553711843, 55.6601751137446 ], [ -1.86030336426696, 55.659337801930299 ], [ -1.85815243068286, 55.658088292653503 ], [ -1.85712264407464, 55.656214972338198 ], [ -1.8529861971341, 55.653521242359197 ], [ -1.84873789036928, 55.653037301738799 ], [ -1.84610784805018, 55.651442431885698 ], [ -1.84405949533243, 55.648574972302001 ], [ -1.84097998217141, 55.645588735097398 ], [ -1.84210681097999, 55.644341263066401 ], [ -1.84295432434578, 55.644125116011999 ], [ -1.84378371449245, 55.644631132617199 ], [ -1.84488396708317, 55.6451092724175 ], [ -1.84650415133251, 55.646678300156097 ], [ -1.84488417882192, 55.645055452144298 ], [ -1.84348433655101, 55.644324271536902 ], [ -1.84169328372669, 55.643582868486597 ], [ -1.84147671153596, 55.643021103987998 ], [ -1.8363711389973, 55.641614664097702 ], [ -1.83077028917322, 55.638564066235404 ], [ -1.82762717164393, 55.638300900444797 ], [ -1.81825357184666, 55.636508043118802 ], [ -1.81572532846865, 55.635016849072301 ], [ -1.81518518130582, 55.635064953734698 ], [ -1.81482962035877, 55.6345363590845 ], [ -1.81439558536073, 55.634694515991598 ], [ -1.81444587428496, 55.634421814764998 ], [ -1.81257734221895, 55.633904616265198 ], [ -1.81003125775154, 55.634083108787003 ], [ -1.80606042752391, 55.635012707656301 ], [ -1.80493441637431, 55.635782473957001 ], [ -1.8021388094502, 55.636666991145802 ], [ -1.80056436759999, 55.637664143698302 ], [ -1.79951384391531, 55.640725420117597 ], [ -1.79836712689887, 55.642253699063403 ], [ -1.79691621984608, 55.6432942067513 ], [ -1.79375553152877, 55.648184806097603 ], [ -1.79351579941845, 55.648329422461202 ], [ -1.79340371552931, 55.648012880303597 ], [ -1.79313788078417, 55.647945845593398 ], [ -1.79261044867265, 55.647993647640497 ], [ -1.79262111587433, 55.647842213901697 ], [ -1.79234547776947, 55.647663921744197 ], [ -1.79261040983323, 55.6480280602512 ], [ -1.79342079911884, 55.648114960989702 ], [ -1.79256941119838, 55.64881065934 ], [ -1.79211136728146, 55.648376268655198 ], [ -1.79148004117301, 55.650213321799697 ], [ -1.79119315112738, 55.650084457330102 ], [ -1.79082557652078, 55.650584972292002 ], [ -1.79048572762397, 55.650217176425599 ], [ -1.79012415946332, 55.650611667268898 ], [ -1.78993332821451, 55.653275811223303 ], [ -1.79152529507136, 55.656360791968403 ], [ -1.79211451832247, 55.656655383741899 ], [ -1.79288765846828, 55.656365475281603 ], [ -1.79356813608948, 55.656535061593999 ], [ -1.79510025910504, 55.657479837716302 ], [ -1.79514803999557, 55.6579934198027 ], [ -1.79449383814245, 55.658457797108298 ], [ -1.79501992128821, 55.659176617058201 ], [ -1.79392357366529, 55.658948944844902 ], [ -1.78802218953331, 55.656514115654304 ], [ -1.78530099237135, 55.650268698238101 ], [ -1.78197447748532, 55.644945204549899 ], [ -1.77873574745042, 55.641423378251098 ], [ -1.77495303307718, 55.638091862732502 ], [ -1.7678380921207, 55.6327604397434 ], [ -1.76063740865501, 55.629070570613997 ], [ -1.75769912399415, 55.627163532200498 ], [ -1.75550836637224, 55.625016514019201 ], [ -1.75451777297921, 55.623397440687903 ], [ -1.75483190179568, 55.619509848392298 ], [ -1.75578869368358, 55.6183159817015 ], [ -1.75641207150817, 55.619403649621098 ], [ -1.75806393205575, 55.620614598093802 ], [ -1.76247877149926, 55.620670795068797 ], [ -1.76590287125354, 55.6202966316607 ], [ -1.76886202862687, 55.619394199431802 ], [ -1.77002598759118, 55.618711531939901 ], [ -1.7702243117848, 55.618189349564503 ], [ -1.77070474732454, 55.6181508020005 ], [ -1.77032532312773, 55.617158996592998 ], [ -1.77143261028313, 55.617033040512901 ], [ -1.77115246502239, 55.617533239126097 ], [ -1.7716943083497, 55.616979751034201 ], [ -1.77256746001459, 55.616804120566002 ], [ -1.77252580564209, 55.6164522058899 ], [ -1.77413541407438, 55.6168101640732 ], [ -1.77656514160925, 55.6164405896277 ], [ -1.77822561498341, 55.616903846745799 ], [ -1.78173429215582, 55.616570254081701 ], [ -1.78582944976654, 55.617090250134403 ], [ -1.78502412107485, 55.616408045269203 ], [ -1.78622418756343, 55.6160073542218 ], [ -1.78500515459548, 55.616357722624997 ], [ -1.78395157380197, 55.616296278401201 ], [ -1.78299433951199, 55.615552326756202 ], [ -1.77881551143593, 55.614879734683001 ], [ -1.77816158495997, 55.614564600049803 ], [ -1.7781358343354, 55.613552617419302 ], [ -1.7769536685714, 55.613036082775501 ], [ -1.77745236047129, 55.612894975185 ], [ -1.77698916984633, 55.612461748517298 ], [ -1.77481681498533, 55.612088718199502 ], [ -1.77500060541681, 55.611648443826603 ], [ -1.77573280247869, 55.611848765163401 ], [ -1.77553663899973, 55.611277162223502 ], [ -1.77463611373922, 55.610885220741402 ], [ -1.77320296108521, 55.609272412257297 ], [ -1.77189398265937, 55.608713058742701 ], [ -1.77115004487952, 55.607097063144202 ], [ -1.76976667766036, 55.606275479525301 ], [ -1.76910086170658, 55.605095079967299 ], [ -1.77037695276508, 55.603407892913602 ], [ -1.76965092393389, 55.603240004818701 ], [ -1.76949592686874, 55.603532718615703 ], [ -1.76884064889405, 55.603033434893199 ], [ -1.76809339392683, 55.603533647129602 ], [ -1.76806252563726, 55.604259675026597 ], [ -1.76550282544994, 55.604262675352103 ], [ -1.76421921329444, 55.604536836797301 ], [ -1.75897638836011, 55.608209116840797 ], [ -1.75852505828263, 55.609043255297799 ], [ -1.75926446692903, 55.610270211653699 ], [ -1.75906968370431, 55.6108042424232 ], [ -1.75832271701813, 55.611525474968197 ], [ -1.75638814088435, 55.612393317037601 ], [ -1.7563242202319, 55.613220488957197 ], [ -1.74915914009695, 55.614262715017396 ], [ -1.74794274353474, 55.615360486272898 ], [ -1.74814712319348, 55.615620621240801 ], [ -1.74735980909132, 55.615592773437001 ], [ -1.74621836678981, 55.616311199374501 ], [ -1.74649664482392, 55.618504221516801 ], [ -1.74543953482732, 55.618960091784999 ], [ -1.74357505723035, 55.619185597160097 ], [ -1.74068320156598, 55.618815747211798 ], [ -1.73612632448553, 55.617432492379699 ], [ -1.73487659915289, 55.617444039901699 ], [ -1.73265938210871, 55.6168817301362 ], [ -1.7308680840829, 55.617158901119303 ], [ -1.72991353489176, 55.617616794640902 ], [ -1.72892135712544, 55.617077629895903 ], [ -1.72792151577864, 55.6176034416332 ], [ -1.72546491006548, 55.616570865610498 ], [ -1.72261701079078, 55.616791918215597 ], [ -1.72239212415863, 55.616556448105698 ], [ -1.7236285755938, 55.616593490892598 ], [ -1.72305044073845, 55.6163146312607 ], [ -1.7221113131851, 55.616462363977703 ], [ -1.72261086930695, 55.616221355486999 ], [ -1.72228133704898, 55.616192751525297 ], [ -1.72261004477003, 55.6155946481732 ], [ -1.72080849877539, 55.614769483255799 ], [ -1.71939145053027, 55.613440308614599 ], [ -1.71679172013592, 55.6124226715596 ], [ -1.70441658472883, 55.6098350781077 ], [ -1.69484523407905, 55.607189397876603 ], [ -1.69196397058807, 55.6061194932104 ], [ -1.68784050268193, 55.601381077733201 ], [ -1.68533048242808, 55.600717460214597 ], [ -1.68301181305582, 55.599295682194999 ], [ -1.67988240052326, 55.598132032310602 ], [ -1.67744888520385, 55.595717628126501 ], [ -1.67760550575367, 55.595191967361998 ], [ -1.67721978572397, 55.595287626440602 ], [ -1.67381007239389, 55.594040325842897 ], [ -1.66857038566287, 55.589752011353902 ], [ -1.6663372120087, 55.587158606869302 ], [ -1.66470912692666, 55.586011618869499 ], [ -1.6610773511605, 55.585318754588499 ], [ -1.65455824502745, 55.583125785128097 ], [ -1.65295932964853, 55.583067622040403 ], [ -1.64894067607762, 55.583861260993203 ], [ -1.64897170495921, 55.5836288647697 ], [ -1.65122709683046, 55.583284107841898 ], [ -1.65085003735993, 55.583100893875503 ], [ -1.65143139505884, 55.583233376733702 ], [ -1.65284230957153, 55.582864047357397 ], [ -1.65175666064754, 55.582541216578498 ], [ -1.65105603560378, 55.582592165265503 ], [ -1.65152704183174, 55.582426334018699 ], [ -1.65064057541346, 55.5819263373319 ], [ -1.64891418705357, 55.582156786306498 ], [ -1.64707532088717, 55.581747062032001 ], [ -1.6452763343684, 55.5821639638297 ], [ -1.64607787477511, 55.581587809077902 ], [ -1.64526253481155, 55.580399070014202 ], [ -1.64452826044982, 55.580204418180898 ], [ -1.64367062737332, 55.579266968280102 ], [ -1.63959889300321, 55.578405397387797 ], [ -1.63926957505072, 55.577835503064101 ], [ -1.64015564745424, 55.577500415428403 ], [ -1.63965170514697, 55.576738452846001 ], [ -1.64123253196743, 55.576273741304099 ], [ -1.64394120883807, 55.576193129759801 ], [ -1.64767951447382, 55.572652881730299 ], [ -1.65015568656476, 55.572525199399102 ], [ -1.65221904394939, 55.571795590637798 ], [ -1.65215380911896, 55.571352169257501 ], [ -1.65209861252244, 55.571785454399901 ], [ -1.65006049474085, 55.572439662273901 ], [ -1.64769424269028, 55.572459743502399 ], [ -1.64618907579537, 55.574010964907501 ], [ -1.64555061466209, 55.574144908061903 ], [ -1.64461292676299, 55.570889343851803 ], [ -1.64204463171236, 55.568522917684703 ], [ -1.6402108629964, 55.566151830126699 ], [ -1.6379612360445, 55.565062577801299 ], [ -1.63546587940973, 55.563140808143999 ], [ -1.63485777986962, 55.563127247582599 ], [ -1.63460009887657, 55.561605031617397 ], [ -1.63318879070199, 55.5596138678941 ], [ -1.63200724238233, 55.559283827014397 ], [ -1.63002622795986, 55.557648078924998 ], [ -1.62656192621521, 55.557700797467398 ], [ -1.62821394317618, 55.556411296461903 ], [ -1.62818817362992, 55.554400334403198 ], [ -1.6267430275964, 55.553603110340603 ], [ -1.62511696818005, 55.553919212831801 ], [ -1.62518242301167, 55.553052250143303 ], [ -1.62348057608078, 55.552257437971299 ], [ -1.62274408097251, 55.551499436918903 ], [ -1.61883866180572, 55.552206888734602 ], [ -1.61977715323065, 55.551610621224903 ], [ -1.62570431516136, 55.550002193089398 ], [ -1.62645140972886, 55.550199218860399 ], [ -1.62707406365214, 55.549953785836202 ], [ -1.62658938704443, 55.550237598208703 ], [ -1.62572662990612, 55.5500894174344 ], [ -1.62558360744842, 55.550412629525802 ], [ -1.62643977604657, 55.5503265227184 ], [ -1.6257534878975, 55.550449895651703 ], [ -1.62563489054289, 55.550771385024603 ], [ -1.6262359805751, 55.5512364885872 ], [ -1.62756176338648, 55.551553191371497 ], [ -1.63092104359731, 55.5510102698738 ], [ -1.63235948160128, 55.550279047806903 ], [ -1.63443952327256, 55.548052609960102 ], [ -1.63599395715683, 55.543209924048298 ], [ -1.63725584816351, 55.541405662470098 ], [ -1.63747395582771, 55.540254482725103 ], [ -1.63941164452198, 55.539633470463102 ], [ -1.63934281846412, 55.538354267378303 ], [ -1.64120193127157, 55.537967394286397 ], [ -1.6418899008601, 55.537452364216499 ], [ -1.63846784023929, 55.538124682379497 ], [ -1.63820714752921, 55.539672273521902 ], [ -1.63653798263869, 55.539268720548399 ], [ -1.63313238741454, 55.533939564599898 ], [ -1.63026264404366, 55.531073564122003 ], [ -1.62619834104813, 55.527845696362803 ], [ -1.6237395811922, 55.5266681129009 ], [ -1.61844485504217, 55.526432498640801 ], [ -1.62025858321014, 55.524622209997197 ], [ -1.62006756411101, 55.523731176894302 ], [ -1.61898776647346, 55.522565755638198 ], [ -1.61715758026581, 55.521960175081603 ], [ -1.61632918377842, 55.522290386988203 ], [ -1.61500837094026, 55.521804613456801 ], [ -1.61065620099406, 55.5217779492746 ], [ -1.61076346909956, 55.520207195433699 ], [ -1.61370739736672, 55.518293657382401 ], [ -1.61451102682116, 55.518213472517701 ], [ -1.61439629767111, 55.517817828756201 ], [ -1.6178453342773, 55.5153811895849 ], [ -1.61835621726442, 55.514544766176698 ], [ -1.61772395914796, 55.512984429934299 ], [ -1.61344158699486, 55.509823297776997 ], [ -1.61379410839909, 55.507830988174703 ], [ -1.61655375680577, 55.504476908519798 ], [ -1.6169016004101, 55.502513111243204 ], [ -1.61516448404568, 55.499166243547201 ], [ -1.61287383062077, 55.496780433413903 ], [ -1.61087509168315, 55.495400547135503 ], [ -1.60816753607635, 55.494461724206801 ], [ -1.60219849309729, 55.494463611829602 ], [ -1.59875182636943, 55.492286876569601 ], [ -1.59549525215857, 55.491275536256403 ], [ -1.59397483047314, 55.491353160514102 ], [ -1.59365309009198, 55.491743880861698 ], [ -1.59205888036206, 55.492431085270802 ], [ -1.59118435048404, 55.492411138223403 ], [ -1.59200783862049, 55.491395131927 ], [ -1.59233134750742, 55.489949212119299 ], [ -1.59303787504684, 55.489742118189 ], [ -1.59176027820444, 55.489450955880997 ], [ -1.59165522414808, 55.485200626419299 ], [ -1.59203265522948, 55.485488789052198 ], [ -1.59288263187482, 55.485281096666199 ], [ -1.59395665919707, 55.48427175146 ], [ -1.59396806691759, 55.482882204952098 ], [ -1.59268408739081, 55.481264072559597 ], [ -1.59212482678881, 55.479416524781598 ], [ -1.5922135799901, 55.478084816753302 ], [ -1.5923900548029, 55.4780599733757 ], [ -1.59221716170151, 55.478031074678498 ], [ -1.59227023159371, 55.477234735348098 ], [ -1.59281404379538, 55.476998077160097 ], [ -1.5923820455014, 55.477023233531099 ], [ -1.59287076483393, 55.474974672276097 ], [ -1.59238920261161, 55.474576452728797 ], [ -1.59292695489566, 55.473463880241503 ], [ -1.592462658369, 55.473298896767702 ], [ -1.59307620123469, 55.473441374833897 ], [ -1.59345286585368, 55.473085640018603 ], [ -1.59262620671039, 55.472574943796801 ], [ -1.59192877460543, 55.4726351546948 ], [ -1.59190291385488, 55.473146112081103 ], [ -1.59127766393616, 55.471364603505997 ], [ -1.59216140298033, 55.470184183062202 ], [ -1.59140145814835, 55.468258773874702 ], [ -1.5918471504271, 55.467985311075999 ], [ -1.59122632240639, 55.467910453985603 ], [ -1.59166852447041, 55.467668428967997 ], [ -1.59138264543929, 55.467476084662898 ], [ -1.59041343868116, 55.4675950404811 ], [ -1.59021464435574, 55.465560083895902 ], [ -1.59056455009712, 55.465370766921801 ], [ -1.58943978515589, 55.464328282030799 ], [ -1.58865124576083, 55.4619362356162 ], [ -1.58915930530887, 55.461372414798198 ], [ -1.59102459862848, 55.461407057506399 ], [ -1.59137871977358, 55.460345271075902 ], [ -1.59093782958608, 55.460008640505698 ], [ -1.59156916037015, 55.459973014286803 ], [ -1.59317531177061, 55.458175005994498 ], [ -1.59311248579413, 55.457209765617201 ], [ -1.59181202354523, 55.455433507016302 ], [ -1.59236698329048, 55.454991122278201 ], [ -1.59226844968911, 55.454517442695703 ], [ -1.58990923497746, 55.453676418569501 ], [ -1.588360518169, 55.452689104747201 ], [ -1.58825384587658, 55.451543106286003 ], [ -1.58716363040734, 55.450414453485401 ], [ -1.58770193352005, 55.449580629171002 ], [ -1.58644100597126, 55.449365209217703 ], [ -1.58750719061517, 55.448089293081999 ], [ -1.58716596804125, 55.447610116607301 ], [ -1.58654026341787, 55.447731100114702 ], [ -1.58635766717152, 55.446595624948799 ], [ -1.58695763732671, 55.446818696458003 ], [ -1.5877340581145, 55.446340600441303 ], [ -1.58726055763002, 55.445813714245503 ], [ -1.58852702412468, 55.445759223036298 ], [ -1.58952323224151, 55.444630413761899 ], [ -1.58949702371119, 55.443787853606302 ], [ -1.59032446868165, 55.442539413470598 ], [ -1.5918465715197, 55.442270544673597 ], [ -1.59336474091017, 55.440349136582398 ], [ -1.59106717708979, 55.438835868517302 ], [ -1.59124448794041, 55.437504463801098 ], [ -1.58802319908598, 55.436012841986702 ], [ -1.58732894141477, 55.434234978303202 ], [ -1.58475699733393, 55.433400499715802 ], [ -1.58290468667553, 55.433239640584198 ], [ -1.58216630425127, 55.433456362063303 ], [ -1.58205119702077, 55.432982436029803 ], [ -1.58079930924096, 55.432563019833502 ], [ -1.57899752632561, 55.432440912075201 ], [ -1.57832882613339, 55.432910341377003 ], [ -1.57841808335995, 55.432259025492897 ], [ -1.57685909093024, 55.432769579779702 ], [ -1.57569778760631, 55.431865211119899 ], [ -1.57538246055898, 55.4309125573565 ], [ -1.57571232665373, 55.430211041829502 ], [ -1.57754706717923, 55.428860598339398 ], [ -1.57833872792297, 55.426777811800498 ], [ -1.58036201732809, 55.424457548699699 ], [ -1.58006853267124, 55.4209890557009 ], [ -1.58188152785635, 55.418049844379397 ], [ -1.58175939191221, 55.415699729506699 ], [ -1.57994583112649, 55.413032011971701 ], [ -1.57873050945083, 55.409824507286501 ], [ -1.57881129445974, 55.408909166696802 ], [ -1.58039014272074, 55.406713161991597 ], [ -1.58291260216871, 55.405921198508899 ], [ -1.5854345216889, 55.406380857964102 ], [ -1.58810931809068, 55.405811249523097 ], [ -1.59260082820157, 55.402766304845699 ], [ -1.59403250876943, 55.400598855495801 ], [ -1.59417319369787, 55.398388743795401 ], [ -1.59555611450585, 55.3969232567419 ], [ -1.596762065064, 55.394394025033101 ], [ -1.60190150936972, 55.391927364628799 ], [ -1.60797271028262, 55.3869821216974 ], [ -1.61201077467944, 55.384922596488003 ], [ -1.61618676625288, 55.386756625776997 ], [ -1.61604072090445, 55.387291463337903 ], [ -1.61559904736473, 55.386959290373902 ], [ -1.61545947832421, 55.387360694136703 ], [ -1.61629443935543, 55.388010699528202 ], [ -1.61690901297447, 55.388217919916798 ], [ -1.61625685932208, 55.387541410109499 ], [ -1.61727192362166, 55.386995961355503 ], [ -1.61762139660698, 55.387567655514196 ], [ -1.61809823225051, 55.387505663134696 ], [ -1.61759157589248, 55.388017235221199 ], [ -1.61930993441657, 55.388051322413503 ], [ -1.61958523541597, 55.3876923161448 ], [ -1.61974961211082, 55.388057227282602 ], [ -1.62029811070677, 55.3879343458809 ], [ -1.62126810637397, 55.388356016101604 ], [ -1.62039793844548, 55.388634091223203 ], [ -1.6184492501714, 55.388603391673897 ], [ -1.61741521144009, 55.389220082251803 ], [ -1.61693341032729, 55.390953403879401 ], [ -1.617244463934, 55.391995087436399 ], [ -1.61884244771176, 55.3934368852169 ], [ -1.61846392871661, 55.394814462595001 ], [ -1.61653256216313, 55.395165590549503 ], [ -1.61497977514855, 55.394698931639503 ], [ -1.61388387256164, 55.394724224195997 ], [ -1.61365269539508, 55.394306561022603 ], [ -1.61407756252295, 55.3937993196135 ], [ -1.6149425829319, 55.393648396386702 ], [ -1.6143931031536, 55.393657445292298 ], [ -1.61393508965038, 55.393839304470497 ], [ -1.61349885492808, 55.394378857446704 ], [ -1.61366549568491, 55.394776548309402 ], [ -1.61322116078376, 55.394913788972801 ], [ -1.61133563669078, 55.394203690310903 ], [ -1.61003812334633, 55.394295159539602 ], [ -1.60880917274777, 55.395295632993097 ], [ -1.60925575600675, 55.395991646788602 ], [ -1.61181853565753, 55.397829379677603 ], [ -1.61845224123034, 55.399721124303802 ], [ -1.61975581007738, 55.399622746219897 ], [ -1.62213187456713, 55.398318204563502 ], [ -1.62528544419909, 55.397759112502897 ], [ -1.62264815182996, 55.3979873293558 ], [ -1.61957607619022, 55.399429894908302 ], [ -1.61823498137266, 55.399490413743301 ], [ -1.61150782170252, 55.397472831107898 ], [ -1.60970753283446, 55.395581643939401 ], [ -1.60992208176433, 55.394794296221697 ], [ -1.6108137464319, 55.394506009752199 ], [ -1.61228480289138, 55.395188203430799 ], [ -1.61402062771834, 55.395111037516699 ], [ -1.6140394936592, 55.3954282888797 ], [ -1.61497564383038, 55.395729118789603 ], [ -1.61567408653071, 55.395665635624802 ], [ -1.6141676235161, 55.395093531064497 ], [ -1.61625915138777, 55.395620392146299 ], [ -1.61876078952413, 55.395204106871098 ], [ -1.6195165667858, 55.394590943027303 ], [ -1.61963104916962, 55.393680154730397 ], [ -1.61904614534653, 55.391058846314003 ], [ -1.61854071324689, 55.3912522579542 ], [ -1.61787251433248, 55.390937653957401 ], [ -1.61804949352872, 55.390449932457599 ], [ -1.61847521673083, 55.390821735759999 ], [ -1.6189316161334, 55.390762883028302 ], [ -1.61872465417311, 55.389997549915599 ], [ -1.61963837368854, 55.389384317405799 ], [ -1.61959411008033, 55.389817894444498 ], [ -1.62330545301703, 55.391632876380001 ], [ -1.62147660227765, 55.390562785508799 ], [ -1.62329364886356, 55.389996741512398 ], [ -1.62246078387228, 55.390146227963001 ], [ -1.62258496924961, 55.389770907108399 ], [ -1.62372372657249, 55.389663685436297 ], [ -1.62294719302483, 55.389495619242503 ], [ -1.62312003030773, 55.388731876320499 ], [ -1.62234478386014, 55.387594017147798 ], [ -1.62051659547886, 55.3868035893761 ], [ -1.62063170145838, 55.385966725925698 ], [ -1.61885714368355, 55.384171180280397 ], [ -1.61807829360136, 55.383886173638601 ], [ -1.61858270199541, 55.384864998762701 ], [ -1.61761323268758, 55.385126605223199 ], [ -1.61742764483898, 55.384579532152799 ], [ -1.61623722857079, 55.384335393524204 ], [ -1.6147496710231, 55.383518718862597 ], [ -1.61480588559299, 55.3830731492667 ], [ -1.61640532761803, 55.3827197422506 ], [ -1.61649098381407, 55.383031747150198 ], [ -1.61758265309596, 55.383271315314502 ], [ -1.61736643939334, 55.382906094555999 ], [ -1.61661566394371, 55.382983157743404 ], [ -1.61657819661968, 55.382608476925199 ], [ -1.6146414547895, 55.382901114803602 ], [ -1.61520090297218, 55.382528519708202 ], [ -1.61526837477942, 55.382709041730898 ], [ -1.61592133000024, 55.382535591582801 ], [ -1.61533585966993, 55.382458524375501 ], [ -1.61605534336385, 55.382229883093999 ], [ -1.61544120592019, 55.382330002650797 ], [ -1.61562642157144, 55.381988306687802 ], [ -1.61650682754008, 55.381936321393397 ], [ -1.61565935167167, 55.381811268705398 ], [ -1.61584383440025, 55.381287001284598 ], [ -1.61540944597819, 55.381492403025597 ], [ -1.61432240532938, 55.381314057965596 ], [ -1.61506350370141, 55.3810519923586 ], [ -1.61528193586488, 55.380513231035899 ], [ -1.61508414843554, 55.3803512189535 ], [ -1.61440627219542, 55.380606547258402 ], [ -1.61474843007363, 55.380182697942203 ], [ -1.61423338659746, 55.379971980434902 ], [ -1.61389277536217, 55.380348344463997 ], [ -1.61333993634093, 55.379855482885098 ], [ -1.61359924121159, 55.379628563112298 ], [ -1.61314091537418, 55.379511703743297 ], [ -1.61327963751476, 55.379937905557497 ], [ -1.61375540497401, 55.380438206704802 ], [ -1.61303883395135, 55.3803389335758 ], [ -1.61309302215111, 55.380072161790899 ], [ -1.61278128138387, 55.380527740869802 ], [ -1.61317642992988, 55.3803881514567 ], [ -1.61443093669334, 55.381002061857401 ], [ -1.61389327780886, 55.380934959796697 ], [ -1.61369470123492, 55.381338260905501 ], [ -1.61419120938722, 55.381730026324398 ], [ -1.61335406536412, 55.381856523217103 ], [ -1.61435380245035, 55.381749220108297 ], [ -1.61445308911561, 55.381962329304599 ], [ -1.61484164118692, 55.381561404534203 ], [ -1.61529247528674, 55.381664423260403 ], [ -1.61478463321849, 55.381758628902602 ], [ -1.61528518676874, 55.381951021945 ], [ -1.61434065213928, 55.382456944660603 ], [ -1.61398522273485, 55.384292983198698 ], [ -1.61065386025466, 55.384677300304901 ], [ -1.60916575037465, 55.384255956695299 ], [ -1.60779024660311, 55.380979805946403 ], [ -1.60613787180877, 55.373867420193399 ], [ -1.6041903858709, 55.3679401631952 ], [ -1.60262315230434, 55.364970172048899 ], [ -1.60083775128346, 55.363879770042303 ], [ -1.60026148236067, 55.364001969335398 ], [ -1.60044694075726, 55.363357984851397 ], [ -1.60149524101226, 55.363241538278601 ], [ -1.60162124509529, 55.362477022810801 ], [ -1.60127537759068, 55.360932906125903 ], [ -1.59977486879219, 55.358293452870399 ], [ -1.59504802057578, 55.352128367939201 ], [ -1.58802623631987, 55.3454397207271 ], [ -1.57997286306935, 55.339611898974603 ], [ -1.57667348803978, 55.339910090386901 ], [ -1.57079762998991, 55.339786743588498 ], [ -1.58082674598688, 55.339258702326497 ], [ -1.58128647519395, 55.338856472381302 ], [ -1.58102577281321, 55.337612748648297 ], [ -1.58216677193317, 55.338313732723897 ], [ -1.58400161787386, 55.338801818434398 ], [ -1.58489920835907, 55.339561334801999 ], [ -1.58587473790618, 55.3396794240535 ], [ -1.58666908421922, 55.340313010456903 ], [ -1.58914568445506, 55.341078402831997 ], [ -1.5909984084732, 55.341197570059997 ], [ -1.5941826601471, 55.343366531996701 ], [ -1.59490245655304, 55.344021715552699 ], [ -1.5941538833242, 55.344096025438702 ], [ -1.59479208934905, 55.3440924982024 ], [ -1.59526183282827, 55.344476823053299 ], [ -1.5942915415492, 55.344342580418498 ], [ -1.59425929702875, 55.344537398663398 ], [ -1.59520269304885, 55.344601931921403 ], [ -1.59506537115459, 55.344868584138801 ], [ -1.59560507493952, 55.345075834831299 ], [ -1.59543195981505, 55.346375347480503 ], [ -1.59628126874726, 55.346498506867498 ], [ -1.596604868358, 55.347412828172601 ], [ -1.59603481024526, 55.347616546988398 ], [ -1.59687366426299, 55.348561088229502 ], [ -1.59661409546065, 55.347507459226797 ], [ -1.59761714916404, 55.348383410356099 ], [ -1.59743263025448, 55.349795720030002 ], [ -1.5969969778863, 55.3498470221624 ], [ -1.59685679030263, 55.349535307399201 ], [ -1.59645866111206, 55.349788188838602 ], [ -1.59748297836794, 55.349975391405501 ], [ -1.5974115051721, 55.350717064386899 ], [ -1.59789069527121, 55.348272708442401 ], [ -1.59650830679062, 55.3464902254048 ], [ -1.59525825840917, 55.342872050054702 ], [ -1.59424979916433, 55.342283627928303 ], [ -1.59410309716448, 55.342468415926497 ], [ -1.5941065962492, 55.342137756372701 ], [ -1.59196615190683, 55.340825948120802 ], [ -1.59177933072558, 55.340451746905501 ], [ -1.59248921063813, 55.339774089700803 ], [ -1.59848954213359, 55.3423193536985 ], [ -1.60226304343506, 55.343231690531702 ], [ -1.60342692848115, 55.343996623573503 ], [ -1.6042919364922, 55.344135098594698 ], [ -1.60278293703968, 55.343303710232597 ], [ -1.60799523422938, 55.344614812983103 ], [ -1.60734814140775, 55.348097362448698 ], [ -1.60810564481487, 55.349190016647199 ], [ -1.60982162398537, 55.349918754018198 ], [ -1.61261131354709, 55.349851241777202 ], [ -1.61421154699276, 55.349175817623198 ], [ -1.61458720496381, 55.348488882927001 ], [ -1.61342810542454, 55.345509097912398 ], [ -1.61473722297796, 55.344639465367401 ], [ -1.6165318032382, 55.344206874630402 ], [ -1.61934781040477, 55.344855895264303 ], [ -1.62036792911959, 55.346382128693101 ], [ -1.62245074500284, 55.347813694358997 ], [ -1.62424940917192, 55.348341117220599 ], [ -1.62717864620094, 55.348680750412797 ], [ -1.6265537391157, 55.348392203140598 ], [ -1.6267031490749, 55.3481655027812 ], [ -1.62452465058967, 55.348099620252398 ], [ -1.62279920967179, 55.347666866075997 ], [ -1.62098938127408, 55.346528724311703 ], [ -1.61964983889077, 55.3447158503336 ], [ -1.61756785825513, 55.343946749014599 ], [ -1.61647135905746, 55.343950774514497 ], [ -1.61436573440639, 55.344428300852599 ], [ -1.61302654630876, 55.345293071953002 ], [ -1.61360146899256, 55.349090415848899 ], [ -1.61266455705798, 55.349484617426398 ], [ -1.61009615612819, 55.349470078813297 ], [ -1.60854876953238, 55.348596587347402 ], [ -1.60805242693227, 55.347868960017799 ], [ -1.6093466298027, 55.345069225799499 ], [ -1.60886975777108, 55.3442244909754 ], [ -1.59938632270081, 55.341619060468297 ], [ -1.59346537867991, 55.338724157904302 ], [ -1.58882939921028, 55.337640323786303 ], [ -1.58697879441231, 55.336926460827002 ], [ -1.58585612687159, 55.337178926539501 ], [ -1.58484756333091, 55.337031153123696 ], [ -1.58693306244991, 55.336851932229798 ], [ -1.58685145847832, 55.336068944101797 ], [ -1.58325231704616, 55.335482863586797 ], [ -1.58266938476244, 55.336232614015501 ], [ -1.58178329684218, 55.336560437352297 ], [ -1.58025926850949, 55.336328955904698 ], [ -1.57990530828449, 55.335811065858998 ], [ -1.5796945924124, 55.336209304004498 ], [ -1.58005671233723, 55.336252780922401 ], [ -1.57615603347614, 55.337273117083299 ], [ -1.57465797160946, 55.336593542366202 ], [ -1.57335680391697, 55.336480479944299 ], [ -1.57206408893362, 55.337420351358602 ], [ -1.57214754684156, 55.338808904969703 ], [ -1.57107754508647, 55.338895704285697 ], [ -1.5719404135652, 55.338792095549103 ], [ -1.57208968243234, 55.338621051993002 ], [ -1.57190191105601, 55.337286059417899 ], [ -1.57026798701223, 55.336883611299299 ], [ -1.57071280995399, 55.335851018133198 ], [ -1.57018352394616, 55.335222392844898 ], [ -1.56753112045717, 55.334435016553897 ], [ -1.56736088352935, 55.3336801782389 ], [ -1.56643591799012, 55.333087873325503 ], [ -1.56369422681474, 55.332351679275902 ], [ -1.56315220357835, 55.3311244622464 ], [ -1.56095418347212, 55.3285789983223 ], [ -1.55175491845975, 55.324014425614699 ], [ -1.54927805930555, 55.3219654123411 ], [ -1.54940150071598, 55.319939714932197 ], [ -1.55073658620397, 55.3159757742267 ], [ -1.54992954772511, 55.312268287127701 ], [ -1.55015241137098, 55.311361324742897 ], [ -1.5521602775479, 55.310166232024102 ], [ -1.55592872408357, 55.3088515918555 ], [ -1.5580910695853, 55.307049455855903 ], [ -1.561374678608, 55.301669555554199 ], [ -1.56342302695326, 55.299080623969203 ], [ -1.56780707814609, 55.294888302352597 ], [ -1.56992650083828, 55.291552998863096 ], [ -1.57117586180178, 55.286023515255103 ], [ -1.57027633210487, 55.275527020311998 ], [ -1.56651650518794, 55.265304524414397 ], [ -1.56343614096439, 55.259138402461303 ], [ -1.5597703385897, 55.253729130500602 ], [ -1.55296001969839, 55.245799668877503 ], [ -1.54597388240614, 55.239709896792299 ], [ -1.54397977030085, 55.238684025610802 ], [ -1.54144205946868, 55.238031912197499 ], [ -1.53820823865666, 55.235736829452499 ], [ -1.5365637905599, 55.234853368508098 ], [ -1.53557849916685, 55.234686670749397 ], [ -1.53024709764548, 55.229908552177001 ], [ -1.52834541818367, 55.2288104999433 ], [ -1.52646488046601, 55.228632993911098 ], [ -1.52668162063726, 55.228197089769402 ], [ -1.52517966940002, 55.226931775366701 ], [ -1.52746245165821, 55.226431713535497 ], [ -1.52825839731289, 55.225549593463199 ], [ -1.52879403778203, 55.222068736697601 ], [ -1.52769434158189, 55.220157281415602 ], [ -1.52783044222082, 55.217428356252498 ], [ -1.52639393177399, 55.214402711671298 ], [ -1.52320376699458, 55.209957419719998 ], [ -1.52089717966692, 55.207376275499897 ], [ -1.51938619062645, 55.206826760457702 ], [ -1.51674916589937, 55.2049614503821 ], [ -1.51704826486686, 55.203935089719401 ], [ -1.51603252988231, 55.202862112693602 ], [ -1.51039745428034, 55.198787852208199 ], [ -1.50800293066487, 55.198556268820802 ], [ -1.50793820651635, 55.198227046006799 ], [ -1.50731601166443, 55.198558762192498 ], [ -1.50641966717119, 55.198371378888801 ], [ -1.50620867339665, 55.198032712201297 ], [ -1.50602154305175, 55.198300468790599 ], [ -1.50490504312602, 55.197941425162398 ], [ -1.50454530143265, 55.198107720865899 ], [ -1.50437711991062, 55.197543447172798 ], [ -1.50393176539698, 55.1976613730032 ], [ -1.50408014337461, 55.198134774097902 ], [ -1.50236124574462, 55.196963310954999 ], [ -1.50203637229382, 55.196241214605998 ], [ -1.5031556280436, 55.196285567527603 ], [ -1.50514143706783, 55.194294779161801 ], [ -1.505356345455, 55.192491063575801 ], [ -1.50344826098817, 55.188886651307101 ], [ -1.50216124379845, 55.187962496294901 ], [ -1.5021552701443, 55.187461035268001 ], [ -1.50091878326848, 55.186323828888597 ], [ -1.49899567638704, 55.185804899494698 ], [ -1.49895938174962, 55.1854227622811 ], [ -1.50014735856999, 55.185210099969801 ], [ -1.50141419998362, 55.185370723880403 ], [ -1.50254407794273, 55.184443594915201 ], [ -1.50370942405221, 55.184526248367803 ], [ -1.50407482933953, 55.184883843218998 ], [ -1.50475817060108, 55.184424926513401 ], [ -1.50604682010844, 55.185128800159099 ], [ -1.50821709144177, 55.185215565135103 ], [ -1.51010376161086, 55.184596033734302 ], [ -1.51181488068625, 55.183571227725899 ], [ -1.51280602313072, 55.181582576792799 ], [ -1.51474397481098, 55.179292976253699 ], [ -1.51400997521735, 55.177632163499801 ], [ -1.51463230259665, 55.175699805140503 ], [ -1.51319689327176, 55.1751080279736 ], [ -1.51319592490777, 55.174800707731599 ], [ -1.51441737165892, 55.174935690662899 ], [ -1.5146316077628, 55.174670651624801 ], [ -1.51390053678455, 55.174235521108898 ], [ -1.51516738546272, 55.174121050256403 ], [ -1.5151767581111, 55.173607096322101 ], [ -1.51698054816196, 55.172191699437398 ], [ -1.52103512350418, 55.170269966122397 ], [ -1.52134694810195, 55.168745389054301 ], [ -1.52403928757053, 55.165364917377801 ], [ -1.52515726180707, 55.162639361449799 ], [ -1.5280337972951, 55.161861826160099 ], [ -1.52927831473193, 55.162220693048802 ], [ -1.52735318314742, 55.162609513737003 ], [ -1.52749826311509, 55.163043913580601 ], [ -1.5321174834736, 55.163301178858397 ], [ -1.54029004201565, 55.162035657692499 ], [ -1.54026869998144, 55.161611233785599 ], [ -1.54000416469206, 55.161166994551799 ], [ -1.53678255014903, 55.161109073627202 ], [ -1.53335025945845, 55.161607207442302 ], [ -1.53025381523884, 55.161406807659503 ], [ -1.52951815056804, 55.1618081593843 ], [ -1.52614083542656, 55.159971411368502 ], [ -1.52467239976076, 55.157937947342099 ], [ -1.52098521609738, 55.149364558869699 ], [ -1.51604149961753, 55.143291698359299 ], [ -1.50634676071337, 55.134071502591901 ], [ -1.49866456731557, 55.1296056107116 ], [ -1.49739758166614, 55.1275902397037 ], [ -1.49248138400526, 55.1221306826599 ], [ -1.48892804349803, 55.118599803179201 ] ] ], [ [ [ -2.02585085365437, 55.802683111697903 ], [ -2.02412322516874, 55.801877068349299 ], [ -2.02058258840412, 55.798746015225802 ], [ -2.01901677469423, 55.796753137936399 ], [ -2.01670446261746, 55.795389923032197 ], [ -2.01635305987259, 55.794011677237002 ], [ -2.01382008712406, 55.793061386711003 ], [ -2.01302588126942, 55.793158513787702 ], [ -2.01381195549426, 55.7925519397633 ], [ -2.01328716893476, 55.792251901298499 ], [ -2.01364910685069, 55.791973326278203 ], [ -2.01296009452394, 55.791773038267998 ], [ -2.01366811423214, 55.791546537866701 ], [ -2.01262513461671, 55.791582592811103 ], [ -2.01080526456757, 55.790640248463497 ], [ -2.0095773531341, 55.790864080292302 ], [ -2.00845460269199, 55.790623818318601 ], [ -2.00633981735127, 55.789344042751402 ], [ -2.00630148234965, 55.788807641653896 ], [ -2.00498416990632, 55.787446482163197 ], [ -2.00413185013384, 55.787503571270697 ], [ -2.00235224531169, 55.786920948206202 ], [ -2.0008668960354, 55.786187977971899 ], [ -2.00108248866626, 55.785769544858901 ], [ -1.99994221780448, 55.785964887187703 ], [ -2.00010473467901, 55.785223984890202 ], [ -1.99946854513466, 55.784774377482101 ], [ -1.99972057240432, 55.7829612972047 ], [ -2.00135646665531, 55.7824805872635 ], [ -1.99943977561545, 55.7805658992445 ], [ -1.99471368753706, 55.779668562872203 ], [ -1.99634736258994, 55.778545222681103 ], [ -1.99581735014421, 55.778186808906199 ], [ -1.99624438660398, 55.778454651219697 ], [ -1.99685804763947, 55.778182061482902 ], [ -1.99743978498658, 55.776745372138699 ], [ -1.99620511088009, 55.775495711357799 ], [ -1.99304115020633, 55.773748811394299 ], [ -1.99364323330659, 55.772147715301699 ], [ -1.99098001036409, 55.768005471524503 ], [ -1.99114860692763, 55.766323041000398 ], [ -1.99162513145097, 55.766348680153598 ], [ -1.99124514228281, 55.765877391718 ], [ -1.98414989809126, 55.764768490843302 ], [ -1.99132708186959, 55.765790781891603 ], [ -1.99273681073999, 55.767594338536099 ], [ -1.99704537203749, 55.767267629444198 ], [ -1.99722754092282, 55.766917134396699 ], [ -1.99739521612814, 55.767195756218001 ], [ -1.99824550512943, 55.767139612334901 ], [ -2.00171514155732, 55.7655811546067 ], [ -2.00424227577983, 55.7654813536776 ], [ -2.00515773203347, 55.767246418365197 ], [ -2.00491550441178, 55.767540238385102 ], [ -2.01118118560602, 55.772540408787002 ], [ -2.01468071047375, 55.7745131329361 ], [ -2.01804093248873, 55.7746248978182 ], [ -2.02330988272894, 55.773873751760902 ], [ -2.02718052118763, 55.772436608354397 ], [ -2.03396913204954, 55.771314746138799 ], [ -2.03820359363984, 55.769377052863497 ], [ -2.03822585143639, 55.768991949777401 ], [ -2.03838574756214, 55.768875862262597 ], [ -2.03889386318247, 55.769189857749602 ], [ -2.03858958706512, 55.7688532871001 ], [ -2.0383924265681, 55.768849036411801 ], [ -2.03825400011842, 55.768928147627904 ], [ -2.03818238088669, 55.769034192762398 ], [ -2.03820261504355, 55.769354141478097 ], [ -2.03605153107122, 55.7701924644591 ], [ -2.03635848165324, 55.765853437546603 ], [ -2.03796833268482, 55.762284292330001 ], [ -2.0389939151987, 55.761291757367999 ], [ -2.04075544859225, 55.760583614981201 ], [ -2.04488501856893, 55.760069215945002 ], [ -2.04416862670834, 55.759954918153099 ], [ -2.04478913070805, 55.759824410163198 ], [ -2.04973758644181, 55.761562620866599 ], [ -2.05333410974236, 55.761287244841498 ], [ -2.05884476366231, 55.762023378523701 ], [ -2.0622623981618, 55.762009470693599 ], [ -2.06481634631977, 55.763445385515197 ], [ -2.06503589237553, 55.763222890860497 ], [ -2.06392518072276, 55.762453192109298 ], [ -2.06237882265314, 55.7618700543551 ], [ -2.05870089660463, 55.761724247453898 ], [ -2.05362854290283, 55.761020621634898 ], [ -2.04934349901124, 55.761176965124299 ], [ -2.0456227083257, 55.7591753858853 ], [ -2.05472209868744, 55.7582432374194 ], [ -2.06660902154326, 55.761223605373402 ], [ -2.07133525608883, 55.760988402988197 ], [ -2.08574472083765, 55.762744723808702 ], [ -2.08613240046123, 55.765331143691697 ], [ -2.0855122828665, 55.765972203355197 ], [ -2.0857256545845, 55.768059296786397 ], [ -2.08739409977153, 55.770801256139698 ], [ -2.08751191130413, 55.772179432006403 ], [ -2.08655696525027, 55.7749546823961 ], [ -2.08682376169858, 55.778099232762699 ], [ -2.08585154353002, 55.782572610827501 ], [ -2.0862677638007, 55.784085404337297 ], [ -2.08824187181647, 55.785589003978998 ], [ -2.08855214254112, 55.7867657448584 ], [ -2.08828086858385, 55.7902134751902 ], [ -2.0861230942702, 55.793045270611401 ], [ -2.08457099458194, 55.792875683340597 ], [ -2.08197192209628, 55.793887336980603 ], [ -2.07931142033938, 55.793706742751397 ], [ -2.07697411761812, 55.794117018642801 ], [ -2.0725283911378, 55.797074842844701 ], [ -2.06709673051449, 55.798513766670197 ], [ -2.06715397092463, 55.800246886362899 ], [ -2.06495047704306, 55.8018357106397 ], [ -2.06224170460584, 55.802732930796999 ], [ -2.06004155796314, 55.802576837910699 ], [ -2.05593764224916, 55.802923795664 ], [ -2.05263655975948, 55.802511082720301 ], [ -2.0456127476682, 55.805322521958701 ], [ -2.04185451061476, 55.807281761357501 ], [ -2.04221057628665, 55.807512485210196 ], [ -2.04173390075161, 55.807810055874597 ], [ -2.03441660416934, 55.811115067085602 ], [ -2.03189532363028, 55.809634498687998 ], [ -2.02968344484781, 55.807402390344997 ], [ -2.03175760028257, 55.8054462000825 ], [ -2.03114036490172, 55.804183793910298 ], [ -2.0283873448019, 55.803003217011302 ], [ -2.02585085365437, 55.802683111697903 ] ] ] ] } },
{ "type": "Feature", "properties": { "LAD24CD": "E08000021", "LAD24NM": "Newcastle upon Tyne" }, "geometry": { "type": "Polygon", "coordinates": [ [ [ -1.64180633756286, 55.070751357698001 ], [ -1.63975652587359, 55.069165584363503 ], [ -1.63789356936638, 55.064768597718597 ], [ -1.63938985272176, 55.064314781971802 ], [ -1.63968918315975, 55.063584143489301 ], [ -1.63705949393791, 55.061777326749201 ], [ -1.63220923884433, 55.048228950415101 ], [ -1.63423069722787, 55.047960934161701 ], [ -1.63833484509846, 55.045812982878601 ], [ -1.63971347687119, 55.044081803357201 ], [ -1.63850785874478, 55.041551346530397 ], [ -1.62620004239274, 55.041425295756497 ], [ -1.62606880897686, 55.040222529730698 ], [ -1.62384020030396, 55.039930806622799 ], [ -1.62367212575557, 55.040340028594898 ], [ -1.62243133391903, 55.040165505796097 ], [ -1.62293320098882, 55.039040159207502 ], [ -1.6223957523613, 55.038955847419203 ], [ -1.61946155938835, 55.040472585281201 ], [ -1.61658861226525, 55.041293866145899 ], [ -1.60215260488083, 55.039756174998203 ], [ -1.59396212338999, 55.039350009018101 ], [ -1.5937362988615, 55.038934132426398 ], [ -1.59263768532565, 55.038940364952701 ], [ -1.59210381259014, 55.034662162147001 ], [ -1.5907266602917, 55.030860816534499 ], [ -1.58738252090505, 55.025777771908999 ], [ -1.58777710073223, 55.025433138513897 ], [ -1.59246414445032, 55.024441468753999 ], [ -1.59385338403611, 55.023650745483202 ], [ -1.59416308304613, 55.023798298522998 ], [ -1.59906322952906, 55.017566217886703 ], [ -1.60113185847251, 55.011964694058399 ], [ -1.60026644234707, 55.009838412251298 ], [ -1.58796520626762, 55.008638316555903 ], [ -1.5839207986426, 55.008887003778803 ], [ -1.57921431988988, 55.009791898835402 ], [ -1.57713645401983, 55.005324793506098 ], [ -1.57444032939757, 55.005682049441297 ], [ -1.57470135831812, 55.006585205162402 ], [ -1.57261804512193, 55.006802613543996 ], [ -1.57198104286538, 55.003922943532899 ], [ -1.56748554431769, 55.004716711210101 ], [ -1.56160622797733, 55.006227012169497 ], [ -1.55850401184555, 55.005543643156003 ], [ -1.55893191385046, 55.000014086836103 ], [ -1.56059017548544, 54.9958791252674 ], [ -1.56298107729353, 54.992317494744597 ], [ -1.56257082397793, 54.992240561276098 ], [ -1.56125106637959, 54.991435105456603 ], [ -1.55863392661905, 54.992797028054902 ], [ -1.55635812622428, 54.993371007415803 ], [ -1.55228966691015, 54.989702393118399 ], [ -1.55020638584565, 54.990539375456201 ], [ -1.54995093143819, 54.990323723430102 ], [ -1.5493382177869, 54.990472387532002 ], [ -1.54791697311987, 54.992621144748597 ], [ -1.54697556521428, 54.992105403411003 ], [ -1.54578164273452, 54.989025045963999 ], [ -1.54044255090579, 54.989891111631103 ], [ -1.53838547625742, 54.9870409113406 ], [ -1.53902667009764, 54.986732410725203 ], [ -1.5388325657502, 54.985663248289001 ], [ -1.53978829118856, 54.984477957631697 ], [ -1.53998584190862, 54.983318640705299 ], [ -1.53789764324347, 54.982957510465901 ], [ -1.5336996396547, 54.985749744915999 ], [ -1.53089038404598, 54.984241784809001 ], [ -1.53084429541888, 54.984015278056198 ], [ -1.53252980412546, 54.982855307628199 ], [ -1.53230435203607, 54.982620778517898 ], [ -1.53493506806598, 54.978614952074302 ], [ -1.53692767576598, 54.965392988532699 ], [ -1.53751317292809, 54.964457942264602 ], [ -1.53783345391482, 54.964591216513298 ], [ -1.54075191010165, 54.963002697651397 ], [ -1.54341694050842, 54.9621320342616 ], [ -1.54408112123478, 54.962360099879199 ], [ -1.54568453603216, 54.9619976630051 ], [ -1.55162524960118, 54.960058785956001 ], [ -1.5540308474959, 54.960005626274302 ], [ -1.56082132680571, 54.963122451116298 ], [ -1.5672203141312, 54.9651294505964 ], [ -1.57021289082538, 54.965427604009498 ], [ -1.57718144370047, 54.965185978339797 ], [ -1.58065986428684, 54.966077750098798 ], [ -1.58804928018505, 54.970815285712497 ], [ -1.58850348145173, 54.972086561358701 ], [ -1.58952210355138, 54.972383849803499 ], [ -1.5901729939328, 54.973356537555603 ], [ -1.59148161696978, 54.974022302789201 ], [ -1.59166613841066, 54.974627696569698 ], [ -1.59083281925318, 54.975002390864198 ], [ -1.59086753802479, 54.975582045393097 ], [ -1.59281789893576, 54.9762976615173 ], [ -1.5910376949772, 54.975595193754103 ], [ -1.59097113675168, 54.975068435252098 ], [ -1.59182666164821, 54.974663269560502 ], [ -1.5916581801649, 54.973719159854298 ], [ -1.59026225000058, 54.973178963033398 ], [ -1.5896906035285, 54.972254154851598 ], [ -1.58874485623667, 54.972010116848999 ], [ -1.58843441681729, 54.970583822258902 ], [ -1.59178118614382, 54.971128885548403 ], [ -1.59436762509937, 54.971159982183103 ], [ -1.59682066489859, 54.970955212637797 ], [ -1.60016552717454, 54.970177179697302 ], [ -1.60817893925751, 54.968015994956303 ], [ -1.6155974546522, 54.965140715945999 ], [ -1.61544091508813, 54.964850866133197 ], [ -1.62039261607205, 54.962443714657198 ], [ -1.62388167592643, 54.961087769922997 ], [ -1.62757912460163, 54.960315474659097 ], [ -1.63404275978897, 54.960145467216002 ], [ -1.63945377452031, 54.960350220338803 ], [ -1.6474272960973, 54.9614635748758 ], [ -1.65881549589419, 54.964060641751701 ], [ -1.68395913634975, 54.965929494747698 ], [ -1.69134024622564, 54.968076465948599 ], [ -1.69285240608269, 54.968890816358297 ], [ -1.69349153356194, 54.9696877631795 ], [ -1.70679671659326, 54.973901937950203 ], [ -1.70837081275708, 54.973982092022702 ], [ -1.70980925534042, 54.974482520282898 ], [ -1.71200227391402, 54.974312470592103 ], [ -1.71259974819756, 54.973993077141898 ], [ -1.71022308734543, 54.9742875731175 ], [ -1.70262493683722, 54.972483587540701 ], [ -1.70318258860918, 54.971625027986498 ], [ -1.70257599572644, 54.971264102848103 ], [ -1.70591746044194, 54.970812995986101 ], [ -1.70764358719723, 54.969952659386003 ], [ -1.70934282349354, 54.968246683914401 ], [ -1.71100757101043, 54.9676261090667 ], [ -1.71488476592323, 54.967582275739503 ], [ -1.72023664093482, 54.968202210134898 ], [ -1.72325559747368, 54.969166166207799 ], [ -1.72543981555053, 54.970496583302797 ], [ -1.72582241002225, 54.971212731145997 ], [ -1.72493134086939, 54.973622665364601 ], [ -1.72611012196467, 54.975349750389398 ], [ -1.73884032655479, 54.979551011317902 ], [ -1.73881081097226, 54.980011896702301 ], [ -1.73911098127746, 54.979730365560897 ], [ -1.74617589508517, 54.9820134814996 ], [ -1.75048776234628, 54.982873318821198 ], [ -1.75068765069143, 54.983154104852801 ], [ -1.7510421651343, 54.982929252918403 ], [ -1.75215729504371, 54.982998095076297 ], [ -1.75245616701794, 54.983442580562397 ], [ -1.75296392680163, 54.983458882522697 ], [ -1.75332778225096, 54.982989689799403 ], [ -1.75709602509351, 54.982553290031298 ], [ -1.76343314204528, 54.981305902384896 ], [ -1.7666542360895, 54.981162986176301 ], [ -1.7696808262418, 54.981373055010899 ], [ -1.77262082818444, 54.9876127380873 ], [ -1.77426518831304, 54.988392236510499 ], [ -1.77568505202114, 54.989630444800703 ], [ -1.77502077453661, 54.994975916664899 ], [ -1.7735762041226, 54.996158431879998 ], [ -1.77417409578316, 55.002703186056898 ], [ -1.77366110709148, 55.0027471518341 ], [ -1.77384237281685, 55.004139475004798 ], [ -1.75956316905044, 55.003019409902997 ], [ -1.75774403106022, 55.002939449433903 ], [ -1.75656332387461, 55.0032632881598 ], [ -1.7569111853159, 55.010374656197001 ], [ -1.75634424903038, 55.015943978914898 ], [ -1.7510575477708, 55.015614300150702 ], [ -1.75024527652204, 55.024020779035098 ], [ -1.74267773883102, 55.024078801368702 ], [ -1.74003268047735, 55.024580845112403 ], [ -1.73969857506349, 55.025211847611303 ], [ -1.74009078157833, 55.025508329094301 ], [ -1.73928761718242, 55.026833826922001 ], [ -1.73798196418262, 55.026982938080202 ], [ -1.73917907644606, 55.0283764986549 ], [ -1.7393213030421, 55.029595315155802 ], [ -1.73510244909862, 55.029558376678402 ], [ -1.73232914250112, 55.029997989389997 ], [ -1.73190176746316, 55.031689169176197 ], [ -1.72869421263977, 55.032226651275103 ], [ -1.72692887273015, 55.033165483126801 ], [ -1.72498668262611, 55.033148717918102 ], [ -1.72162230102684, 55.033640435710403 ], [ -1.72160700616442, 55.034071683502397 ], [ -1.71444804278569, 55.034023605016301 ], [ -1.71694382619204, 55.038625787488598 ], [ -1.71115906315471, 55.0394892960622 ], [ -1.71157828769659, 55.041238912367497 ], [ -1.70862000449561, 55.041349666377499 ], [ -1.70865400348571, 55.042260939353298 ], [ -1.70735176295706, 55.042080762889803 ], [ -1.70372111376327, 55.042302977292501 ], [ -1.70079334011933, 55.042906000514499 ], [ -1.70021051635285, 55.0436261241734 ], [ -1.69502580327548, 55.042908660524702 ], [ -1.69512655053061, 55.0433720127564 ], [ -1.69431558188918, 55.044332751157299 ], [ -1.6944614261959, 55.045621982956803 ], [ -1.69398191797237, 55.046108724979298 ], [ -1.69509548091259, 55.048645569065499 ], [ -1.69468093209833, 55.049455253839099 ], [ -1.6955668271446, 55.050646495115899 ], [ -1.69687348073995, 55.0512252080566 ], [ -1.69802824849519, 55.052395082227697 ], [ -1.71057385902209, 55.052788198131502 ], [ -1.71377414645177, 55.0654631329407 ], [ -1.70406785930316, 55.065847362461497 ], [ -1.70471580122538, 55.068608889505803 ], [ -1.70457986894502, 55.070928566093201 ], [ -1.70101519365151, 55.070865985278303 ], [ -1.70093881496841, 55.071218049553899 ], [ -1.69681902072138, 55.070844959742203 ], [ -1.69672334997214, 55.070532458991302 ], [ -1.69129602857648, 55.069699622399597 ], [ -1.69056406619528, 55.070417820629302 ], [ -1.69103996399272, 55.0727187579635 ], [ -1.68583397408038, 55.073488286276501 ], [ -1.67971702289366, 55.075042269467403 ], [ -1.66184723836483, 55.078412427859 ], [ -1.64768125804879, 55.079388700635 ], [ -1.64557361723772, 55.076830585274998 ], [ -1.64180633756286, 55.070751357698001 ] ] ] } },
{ "type": "Feature", "properties": { "LAD24CD": "E08000022", "LAD24NM": "North Tyneside" }, "geometry": { "type": "MultiPolygon", "coordinates": [ [ [ [ -1.44923309690787, 55.072192819152598 ], [ -1.44961939450977, 55.071319306072397 ], [ -1.45039425037959, 55.071799110640796 ], [ -1.45024617472236, 55.072202787792897 ], [ -1.44923309690787, 55.072192819152598 ] ] ], [ [ [ -1.44907787153464, 55.072664736638501 ], [ -1.44848416459597, 55.071988109152798 ], [ -1.44947418460303, 55.072539862168099 ], [ -1.44907787153464, 55.072664736638501 ] ] ], [ [ [ -1.46737218720376, 55.074935132993097 ], [ -1.46664622387707, 55.074409926997902 ], [ -1.46407171647917, 55.074628600130097 ], [ -1.46218093809798, 55.074190765199603 ], [ -1.4618008527543, 55.0743237477894 ], [ -1.4604800446909, 55.073733046448801 ], [ -1.45890607019349, 55.073596753531803 ], [ -1.4590130190443, 55.072610113280902 ], [ -1.45792041283454, 55.071308749230397 ], [ -1.45593297420465, 55.070166116740097 ], [ -1.45324504132403, 55.069887011170103 ], [ -1.45147169682782, 55.070086253099902 ], [ -1.45213493897454, 55.068659020775698 ], [ -1.45203141900686, 55.066893066666097 ], [ -1.45427360705133, 55.065793451681202 ], [ -1.45504241059028, 55.064166558156799 ], [ -1.45493762492566, 55.062254308512102 ], [ -1.45356403548051, 55.060392981742098 ], [ -1.451864103665, 55.055496028795602 ], [ -1.44846378150575, 55.050785902446798 ], [ -1.44578438233635, 55.048255256487202 ], [ -1.44155710207694, 55.044775977435698 ], [ -1.43953112586715, 55.044223456466703 ], [ -1.4365447753073, 55.042412002331098 ], [ -1.43179027159203, 55.040890120391303 ], [ -1.43142780311645, 55.040296693687999 ], [ -1.43232724859362, 55.038601622823002 ], [ -1.42851748544138, 55.037915676809398 ], [ -1.42919395626494, 55.0377139685516 ], [ -1.42923129582605, 55.037288202829799 ], [ -1.43064311077716, 55.037165896980099 ], [ -1.43184823894012, 55.035903559725199 ], [ -1.43140193117179, 55.035527274531901 ], [ -1.43245690702639, 55.034350008018798 ], [ -1.43154400170611, 55.0337953486804 ], [ -1.43174537499778, 55.033439990363 ], [ -1.42978350855563, 55.033325676234099 ], [ -1.42998667668991, 55.033948575722803 ], [ -1.42965221168857, 55.033316973464302 ], [ -1.42855688282736, 55.033053035347997 ], [ -1.42933160130852, 55.031848300751903 ], [ -1.42933258474417, 55.030760591539298 ], [ -1.42716958023079, 55.0264349853583 ], [ -1.42393030050089, 55.023629504477299 ], [ -1.42240836357739, 55.0228139882364 ], [ -1.41986253247376, 55.022992382572603 ], [ -1.42008795146041, 55.020376249068597 ], [ -1.42071394421678, 55.0195786572015 ], [ -1.41958359319225, 55.018747804798302 ], [ -1.41848375689181, 55.018503072924403 ], [ -1.41718760303252, 55.018909783776401 ], [ -1.41539355778948, 55.018437492788799 ], [ -1.41585141611049, 55.016848248168799 ], [ -1.40397329312581, 55.014744153689598 ], [ -1.41524259232602, 55.016622467536301 ], [ -1.41737016178883, 55.016660980643898 ], [ -1.4172045052931, 55.015746297674802 ], [ -1.41628008650078, 55.0152741379028 ], [ -1.41677047099662, 55.014402588113803 ], [ -1.41767231142322, 55.014110814819297 ], [ -1.42228172283264, 55.013772445819598 ], [ -1.42585026341989, 55.0140118352153 ], [ -1.42973793927503, 55.013318777630801 ], [ -1.43232752305671, 55.010546985022501 ], [ -1.43185181899835, 55.009797118172301 ], [ -1.43262813041642, 55.009743229865897 ], [ -1.43270580665092, 55.009198077199699 ], [ -1.43285568730118, 55.009162708368002 ], [ -1.43272796107548, 55.0090425864989 ], [ -1.4360626271085, 55.008179872285403 ], [ -1.43495856138876, 55.008750324873702 ], [ -1.43503836260887, 55.009414320678502 ], [ -1.43669054919556, 55.008392154617397 ], [ -1.44264231068129, 55.006356690006797 ], [ -1.44524548789117, 55.002734563126403 ], [ -1.44546356924876, 55.001660744726898 ], [ -1.4475690153635, 55.002481796322002 ], [ -1.44553669966236, 55.001451756159497 ], [ -1.44585031023995, 55.001161120811801 ], [ -1.44547306050659, 55.000972455943398 ], [ -1.44633623735457, 54.997997461271197 ], [ -1.44749635456507, 54.997188525470001 ], [ -1.44951455646349, 54.996488655673801 ], [ -1.45077742335627, 54.996426838184199 ], [ -1.44963103341001, 54.996198899595001 ], [ -1.45042535156938, 54.9959508654525 ], [ -1.44742359339493, 54.995880702988003 ], [ -1.44871572485665, 54.993069341089203 ], [ -1.45324577360873, 54.989811490920502 ], [ -1.45357377506128, 54.989939723507199 ], [ -1.45650552441973, 54.988566197135903 ], [ -1.45857617195902, 54.988911498122803 ], [ -1.45869033799881, 54.988557058615001 ], [ -1.45924262961314, 54.9887464626173 ], [ -1.46078915993959, 54.988560975258899 ], [ -1.47181449435892, 54.989161952905 ], [ -1.47070849963944, 54.989840994636701 ], [ -1.47056595892133, 54.990577311455901 ], [ -1.46965867516347, 54.990869917993599 ], [ -1.47027379367607, 54.991040590202203 ], [ -1.47137223885326, 54.990821576125597 ], [ -1.47140850723321, 54.990562103948299 ], [ -1.47462429185202, 54.990128443313402 ], [ -1.4744073817182, 54.989618848975297 ], [ -1.47354114410128, 54.9896538291841 ], [ -1.47334389310248, 54.988962756753402 ], [ -1.48197690420807, 54.988224292974103 ], [ -1.48557158623433, 54.9882044861941 ], [ -1.48895074054871, 54.988538612895901 ], [ -1.50178143406318, 54.988527054784399 ], [ -1.50189041686937, 54.989572573690197 ], [ -1.50477830990194, 54.992521013137598 ], [ -1.50761969855411, 54.993688177342499 ], [ -1.5141013555162, 54.995649793954797 ], [ -1.51451251173566, 54.9959048591707 ], [ -1.51775031114523, 54.996346997436099 ], [ -1.51463420701942, 54.995794844274002 ], [ -1.50874499556202, 54.9939443478751 ], [ -1.50480783912272, 54.992277675871399 ], [ -1.50252097888871, 54.988492342735498 ], [ -1.50517583064173, 54.988394352131102 ], [ -1.50551049623426, 54.988633867370503 ], [ -1.50581560054989, 54.988352028840701 ], [ -1.50797006742483, 54.988277192577797 ], [ -1.50843961272574, 54.988605284004898 ], [ -1.50933381782014, 54.988196444916802 ], [ -1.51951585992666, 54.987776845063102 ], [ -1.52377691517095, 54.986900309260001 ], [ -1.52962205280423, 54.984718664284799 ], [ -1.53044896397572, 54.986306121220402 ], [ -1.53128496272977, 54.986180869856597 ], [ -1.53089038404598, 54.984241784809001 ], [ -1.5336996396547, 54.985749744915999 ], [ -1.53789764324347, 54.982957510465901 ], [ -1.53998584190862, 54.983318640705299 ], [ -1.53978829118856, 54.984477957631697 ], [ -1.5388325657502, 54.985663248289001 ], [ -1.53902667009764, 54.986732410725203 ], [ -1.53838547625742, 54.9870409113406 ], [ -1.54044255090579, 54.989891111631103 ], [ -1.54578164273452, 54.989025045963999 ], [ -1.54697556521428, 54.992105403411003 ], [ -1.54791697311987, 54.992621144748597 ], [ -1.5493382177869, 54.990472387532002 ], [ -1.54995093143819, 54.990323723430102 ], [ -1.55020638584565, 54.990539375456201 ], [ -1.55228966691015, 54.989702393118399 ], [ -1.55635812622428, 54.993371007415803 ], [ -1.55863392661905, 54.992797028054902 ], [ -1.56125106637959, 54.991435105456603 ], [ -1.56257082397793, 54.992240561276098 ], [ -1.56298107729353, 54.992317494744597 ], [ -1.56059017548544, 54.9958791252674 ], [ -1.55893191385046, 55.000014086836103 ], [ -1.55850401184555, 55.005543643156003 ], [ -1.56160622797733, 55.006227012169497 ], [ -1.56748554431769, 55.004716711210101 ], [ -1.57198104286538, 55.003922943532899 ], [ -1.57261804512193, 55.006802613543996 ], [ -1.57470135831812, 55.006585205162402 ], [ -1.57444032939757, 55.005682049441297 ], [ -1.57713645401983, 55.005324793506098 ], [ -1.57921431988988, 55.009791898835402 ], [ -1.5839207986426, 55.008887003778803 ], [ -1.58796520626762, 55.008638316555903 ], [ -1.60026644234707, 55.009838412251298 ], [ -1.60113185847251, 55.011964694058399 ], [ -1.59906322952906, 55.017566217886703 ], [ -1.59416308304613, 55.023798298522998 ], [ -1.59385338403611, 55.023650745483202 ], [ -1.59246414445032, 55.024441468753999 ], [ -1.58777710073223, 55.025433138513897 ], [ -1.58738252090505, 55.025777771908999 ], [ -1.5907266602917, 55.030860816534499 ], [ -1.59210381259014, 55.034662162147001 ], [ -1.59263768532565, 55.038940364952701 ], [ -1.5937362988615, 55.038934132426398 ], [ -1.59396212338999, 55.039350009018101 ], [ -1.60215260488083, 55.039756174998203 ], [ -1.61658861226525, 55.041293866145899 ], [ -1.61946155938835, 55.040472585281201 ], [ -1.6223957523613, 55.038955847419203 ], [ -1.62293320098882, 55.039040159207502 ], [ -1.62243133391903, 55.040165505796097 ], [ -1.62367212575557, 55.040340028594898 ], [ -1.62384020030396, 55.039930806622799 ], [ -1.62606880897686, 55.040222529730698 ], [ -1.62620004239274, 55.041425295756497 ], [ -1.63850785874478, 55.041551346530397 ], [ -1.63971347687119, 55.044081803357201 ], [ -1.63833484509846, 55.045812982878601 ], [ -1.63423069722787, 55.047960934161701 ], [ -1.63220923884433, 55.048228950415101 ], [ -1.63705949393791, 55.061777326749201 ], [ -1.63968918315975, 55.063584143489301 ], [ -1.63938985272176, 55.064314781971802 ], [ -1.63627062998127, 55.065205848143201 ], [ -1.63396043301975, 55.065120784901502 ], [ -1.63290182638717, 55.065901892968597 ], [ -1.63127377284229, 55.065525255964097 ], [ -1.6310689191167, 55.065137968983102 ], [ -1.62136325343986, 55.066452177791199 ], [ -1.61503537766359, 55.064689854529497 ], [ -1.61275303077691, 55.0643403814069 ], [ -1.61225574295873, 55.064535869796998 ], [ -1.61187516437369, 55.064221323013697 ], [ -1.61071669466118, 55.064428815241101 ], [ -1.60748096225037, 55.064261857677998 ], [ -1.60691431210217, 55.064710956310797 ], [ -1.60585781444657, 55.064750332743699 ], [ -1.60562141929407, 55.065113863489401 ], [ -1.60381431311028, 55.065133009781597 ], [ -1.60366233287377, 55.064745940274797 ], [ -1.60130008787383, 55.065137697052599 ], [ -1.60071849063163, 55.064782741018902 ], [ -1.59999351007164, 55.064944278472197 ], [ -1.59914058231092, 55.064275624803201 ], [ -1.59563914199128, 55.063623403260102 ], [ -1.59493460779839, 55.064086548792297 ], [ -1.59211496142992, 55.064225478623101 ], [ -1.58986066579345, 55.064027404430703 ], [ -1.58852518394264, 55.063410069812399 ], [ -1.58427510358504, 55.062435097919902 ], [ -1.5814306280997, 55.063005889688903 ], [ -1.57853962866581, 55.063081284539898 ], [ -1.57716604615438, 55.059260203723099 ], [ -1.57685429228315, 55.0566064973968 ], [ -1.5759886441131, 55.056457875999897 ], [ -1.57596356018686, 55.0560103245001 ], [ -1.57508009741004, 55.055619891188201 ], [ -1.5723462228428, 55.055836831095398 ], [ -1.57064939837701, 55.055244087973897 ], [ -1.56649718421771, 55.054558819755101 ], [ -1.55975439385853, 55.054477629562101 ], [ -1.55629686450042, 55.0541567146199 ], [ -1.55057702967758, 55.0560730870288 ], [ -1.54754836308282, 55.0566707317262 ], [ -1.54512956525253, 55.057872009096798 ], [ -1.54286201894198, 55.058427453798103 ], [ -1.54191507960207, 55.0596048113431 ], [ -1.54104735705159, 55.0598040793585 ], [ -1.54069051101542, 55.061178917524202 ], [ -1.53988095494966, 55.061582238228397 ], [ -1.53239349851521, 55.054125634288702 ], [ -1.5261618408774, 55.053950274772099 ], [ -1.52616962371381, 55.054511654040702 ], [ -1.51992961544148, 55.054770771921497 ], [ -1.51508513160795, 55.0541283011584 ], [ -1.51534039162566, 55.0550285406581 ], [ -1.5102739909997, 55.055052481013703 ], [ -1.50882546458879, 55.048040735720903 ], [ -1.50472610959108, 55.0492590503125 ], [ -1.50370116231463, 55.049924415972903 ], [ -1.50320438539312, 55.049872516313002 ], [ -1.50293153979783, 55.050343256400197 ], [ -1.50216412663955, 55.050241541808902 ], [ -1.49623656988478, 55.052104337203197 ], [ -1.49293784891547, 55.053827839343199 ], [ -1.49298024653319, 55.054399887714801 ], [ -1.49055307957056, 55.054451770062997 ], [ -1.4877669177721, 55.053586866157502 ], [ -1.48737165608641, 55.055867931469898 ], [ -1.49229699073633, 55.066018063710999 ], [ -1.48846091145636, 55.065571304325601 ], [ -1.48664164553937, 55.066041757368602 ], [ -1.48362904009468, 55.066160189297698 ], [ -1.48227198696869, 55.066974890737498 ], [ -1.47964449358979, 55.067209035907801 ], [ -1.47747440718723, 55.070328687663597 ], [ -1.47426353802431, 55.071324883992098 ], [ -1.47413729713298, 55.072356807546498 ], [ -1.47071716901509, 55.074486076995299 ], [ -1.46737218720376, 55.074935132993097 ] ] ] ] } },
{ "type": "Feature", "properties": { "LAD24CD": "E08000023", "LAD24NM": "South Tyneside" }, "geometry": { "type": "Polygon", "coordinates": [ [ [ -1.41438882701291, 55.003926783754203 ], [ -1.41089581598922, 54.998894357207597 ], [ -1.40746793682857, 54.995736074629299 ], [ -1.40388674943172, 54.993532693900697 ], [ -1.40297664720275, 54.9932465153191 ], [ -1.40175235650358, 54.993752264946998 ], [ -1.40176772924163, 54.993401430444599 ], [ -1.40076159580088, 54.993215406660298 ], [ -1.40124621211415, 54.992578426896799 ], [ -1.39978199371345, 54.991774585658902 ], [ -1.39703102565978, 54.991610279919399 ], [ -1.39568685505818, 54.9910138463976 ], [ -1.39430570820217, 54.990932391054997 ], [ -1.39434561762267, 54.990045653076002 ], [ -1.39338656055769, 54.989209096783199 ], [ -1.39374297294093, 54.988759422918797 ], [ -1.39343954927634, 54.9883086006257 ], [ -1.39235466786352, 54.988122113822698 ], [ -1.39132544868906, 54.988234237445504 ], [ -1.38860811194854, 54.988881093713999 ], [ -1.38782776077193, 54.987886890453503 ], [ -1.38643496156438, 54.987757660234799 ], [ -1.38632786003142, 54.987350944039598 ], [ -1.38576228582277, 54.987444241437501 ], [ -1.3856808177889, 54.986740660424999 ], [ -1.38508319151856, 54.986897184983498 ], [ -1.38553334472576, 54.986573670917501 ], [ -1.38502213652141, 54.9861774919775 ], [ -1.38292904814451, 54.985913030381397 ], [ -1.38209105287854, 54.9861424168704 ], [ -1.38119145686212, 54.985539272549502 ], [ -1.38076494006509, 54.985674267902901 ], [ -1.38101415725054, 54.985087802383603 ], [ -1.38003504034694, 54.984435359631703 ], [ -1.38052980139525, 54.984270737397601 ], [ -1.38043807427361, 54.983580130006303 ], [ -1.38150066528914, 54.983018958447502 ], [ -1.38144711069565, 54.982436380023003 ], [ -1.38195936682994, 54.982097059203198 ], [ -1.38084376894153, 54.980329283949501 ], [ -1.37752543886384, 54.977764210242398 ], [ -1.37579933546354, 54.976987491002902 ], [ -1.37488688456209, 54.976134505508398 ], [ -1.37340925032461, 54.975762959388803 ], [ -1.37266860709559, 54.9750681008721 ], [ -1.37095531056672, 54.974334960929497 ], [ -1.36819352184485, 54.973920308044697 ], [ -1.36718434565636, 54.972974202838103 ], [ -1.36548975392838, 54.9732475399503 ], [ -1.36361803711798, 54.971925320601898 ], [ -1.36178484083159, 54.971877072262103 ], [ -1.36079548082014, 54.970974600527597 ], [ -1.36153911208633, 54.970438075267197 ], [ -1.36154553770256, 54.969973430940101 ], [ -1.36020305411186, 54.968883982965302 ], [ -1.35950873935031, 54.968882150197999 ], [ -1.36010423945055, 54.968024378900402 ], [ -1.35947848357899, 54.967888087989003 ], [ -1.35963605830244, 54.967604952848298 ], [ -1.35854997952931, 54.966851573373603 ], [ -1.35786830100857, 54.966818610183999 ], [ -1.35738866017891, 54.966509356038898 ], [ -1.35785680026967, 54.965841185677398 ], [ -1.35661832192635, 54.965266438666497 ], [ -1.35681585024852, 54.964799929227603 ], [ -1.35589366104454, 54.962673484385803 ], [ -1.35493659174401, 54.961395508574398 ], [ -1.35565813959342, 54.960583292548002 ], [ -1.35508669076707, 54.958905764546202 ], [ -1.35425751170756, 54.957986113282999 ], [ -1.35328223157179, 54.957561271672397 ], [ -1.3554495563559, 54.955746048468001 ], [ -1.35541512390601, 54.954442676015702 ], [ -1.35705695332301, 54.953369956866197 ], [ -1.35616008042656, 54.950387607518003 ], [ -1.35808362043273, 54.948222090823002 ], [ -1.35984862839391, 54.947768321421101 ], [ -1.36056829544463, 54.946512486018797 ], [ -1.36323473607632, 54.945033285782102 ], [ -1.36396361637862, 54.944128664519297 ], [ -1.36571545197562, 54.944179818009097 ], [ -1.36615150563239, 54.9428637996728 ], [ -1.3743489082481, 54.943536069523397 ], [ -1.3756833106135, 54.936909973430403 ], [ -1.37699243685092, 54.937336301812799 ], [ -1.37882138416469, 54.936952033768598 ], [ -1.38108568004938, 54.938200084667898 ], [ -1.38429109433754, 54.938743829993498 ], [ -1.38721998716906, 54.938088180307801 ], [ -1.38932763794307, 54.938152641902299 ], [ -1.39166366370377, 54.938911944833002 ], [ -1.39201395333077, 54.939493334483799 ], [ -1.39713779890736, 54.939740728021 ], [ -1.40266850811474, 54.938660731529701 ], [ -1.40681359572685, 54.9370023289285 ], [ -1.41247174671161, 54.935806672289203 ], [ -1.41687778920546, 54.933976625296197 ], [ -1.4185038950318, 54.932684979638402 ], [ -1.41937079278914, 54.929923995746897 ], [ -1.42598919849441, 54.930461486494899 ], [ -1.42636562114599, 54.931207305119301 ], [ -1.4318299765061, 54.929820434399403 ], [ -1.43278472901411, 54.932836160912302 ], [ -1.44160148104204, 54.9328994489682 ], [ -1.44250993159702, 54.933560504752798 ], [ -1.44791058212203, 54.933510575092903 ], [ -1.44909347457985, 54.934088379568102 ], [ -1.45474852672051, 54.933461458115197 ], [ -1.45738708583879, 54.932684211150502 ], [ -1.46091884778312, 54.931979232806299 ], [ -1.46057604020929, 54.930191214839802 ], [ -1.4811129910257, 54.929795294288198 ], [ -1.48190053833638, 54.929355574545397 ], [ -1.48196656112355, 54.928823032171501 ], [ -1.4835874722974, 54.9283688779526 ], [ -1.48533102740823, 54.928574893222098 ], [ -1.48563658969672, 54.929090231310603 ], [ -1.48867267813655, 54.930610845147598 ], [ -1.49197006770624, 54.930118780437297 ], [ -1.49633567262286, 54.931059815256297 ], [ -1.50026401595381, 54.9305242285945 ], [ -1.50531523049138, 54.930923162234201 ], [ -1.50817450860726, 54.930383869594003 ], [ -1.51001154303861, 54.930484797516598 ], [ -1.51075623814871, 54.9308481276002 ], [ -1.51121751654077, 54.931665877563802 ], [ -1.51036490770694, 54.932103729617999 ], [ -1.51236626105291, 54.936821454188802 ], [ -1.51634353081355, 54.9453796238518 ], [ -1.51806264850378, 54.947047969963499 ], [ -1.51856657223439, 54.952174892146701 ], [ -1.51629377176596, 54.954975909807096 ], [ -1.51521741699993, 54.956058033392097 ], [ -1.51532982678574, 54.957349802470098 ], [ -1.51622458016722, 54.958137909369199 ], [ -1.51898295597991, 54.959264883085098 ], [ -1.51964370653959, 54.957554741100502 ], [ -1.52241276584994, 54.9573858632127 ], [ -1.52635380100929, 54.958084188866899 ], [ -1.527781517542, 54.957123712654997 ], [ -1.53069938878032, 54.957977926637902 ], [ -1.52934659554587, 54.963354576400398 ], [ -1.53150451596213, 54.964475430380702 ], [ -1.53421439844102, 54.964987271144302 ], [ -1.53270611186415, 54.969674049571999 ], [ -1.5326445980031, 54.9734812762742 ], [ -1.53183365099931, 54.9776721082984 ], [ -1.5300806865212, 54.980614621248598 ], [ -1.52838827497977, 54.982112407067298 ], [ -1.52786277080335, 54.982012451901802 ], [ -1.52754537470933, 54.982569199090001 ], [ -1.52672559374073, 54.982646066197297 ], [ -1.52692721583533, 54.983042219980803 ], [ -1.52620627016264, 54.982963060276099 ], [ -1.52633896491138, 54.983369728082202 ], [ -1.52452820014201, 54.984142645812497 ], [ -1.51927916286374, 54.985469174542501 ], [ -1.51849701607559, 54.985268358796802 ], [ -1.51806439486558, 54.985643155718897 ], [ -1.51704862341432, 54.985520552142198 ], [ -1.51673248054231, 54.985818546100099 ], [ -1.51103828278953, 54.986176841097198 ], [ -1.511038019964, 54.985943174834802 ], [ -1.50641247112896, 54.986103384138502 ], [ -1.50555341402795, 54.9858994951542 ], [ -1.50294355244972, 54.986166568686997 ], [ -1.49474665043983, 54.9859621724436 ], [ -1.49372033788893, 54.9861726242356 ], [ -1.4919912933442, 54.985861689545899 ], [ -1.47933496266369, 54.985753464933303 ], [ -1.47558548060478, 54.986526424913997 ], [ -1.47236770198151, 54.986181840038498 ], [ -1.47265806220855, 54.983934647132202 ], [ -1.47189119234711, 54.983318455144698 ], [ -1.47133287985648, 54.9818037098077 ], [ -1.46953007575256, 54.9808325460723 ], [ -1.47019439146067, 54.980102094257902 ], [ -1.47297040665617, 54.979779850209198 ], [ -1.47612337606194, 54.9788193432952 ], [ -1.47796618632229, 54.977555694901802 ], [ -1.47887803033114, 54.9757883633307 ], [ -1.48048609480626, 54.974901169527897 ], [ -1.4788084711245, 54.975728773102702 ], [ -1.47793415953567, 54.977373097657797 ], [ -1.47632922837085, 54.978611715274198 ], [ -1.47286953056093, 54.979603332256602 ], [ -1.47140381387912, 54.979502562704901 ], [ -1.47029910475933, 54.979858999741801 ], [ -1.46632487315504, 54.9795775319092 ], [ -1.46461801875553, 54.9790407187905 ], [ -1.46358317109502, 54.979081085006001 ], [ -1.46301734841909, 54.979566588785801 ], [ -1.45873237393069, 54.9791584473518 ], [ -1.45691373481264, 54.978694786995803 ], [ -1.45655418850596, 54.977435996197798 ], [ -1.45683229679115, 54.9787061024971 ], [ -1.45854777432506, 54.979177391440402 ], [ -1.46305838162649, 54.979648521833496 ], [ -1.4635927549979, 54.979183541630199 ], [ -1.46457277624788, 54.979149223871403 ], [ -1.46579734559709, 54.979538385539797 ], [ -1.46939835464004, 54.980035743339698 ], [ -1.46908209637573, 54.980914143887702 ], [ -1.47192262214853, 54.984015999273197 ], [ -1.47226172416434, 54.985086802783002 ], [ -1.47187843569643, 54.986077215969203 ], [ -1.4704625834661, 54.985488743776997 ], [ -1.46968333788107, 54.9854404361351 ], [ -1.46929499911063, 54.985861160063202 ], [ -1.46935859614815, 54.985190981048802 ], [ -1.46837413228625, 54.9847122576031 ], [ -1.46599497677246, 54.984187802155503 ], [ -1.46522448154987, 54.984666129983097 ], [ -1.46553638959605, 54.9841238025179 ], [ -1.46431405589544, 54.984040275026203 ], [ -1.46232707490725, 54.984101594646297 ], [ -1.46246558169233, 54.9843807916386 ], [ -1.46159637063318, 54.9846456574193 ], [ -1.45149952294882, 54.986417666538699 ], [ -1.44886334193075, 54.986623409663601 ], [ -1.44936783832798, 54.9872203608966 ], [ -1.44759558372173, 54.9891668461268 ], [ -1.44691391738487, 54.989411795913902 ], [ -1.4472182643269, 54.9895534141558 ], [ -1.44550241651988, 54.991468685387197 ], [ -1.4452175639428, 54.991389230415002 ], [ -1.44510409440089, 54.991908066061697 ], [ -1.44375419472419, 54.991305210781498 ], [ -1.44503065480994, 54.992019219687101 ], [ -1.44472940167414, 54.992334165596503 ], [ -1.44343951936146, 54.991230106812203 ], [ -1.44455001998273, 54.992530093222697 ], [ -1.44437557737161, 54.992713554822501 ], [ -1.44332217483222, 54.991468629606899 ], [ -1.44408228744781, 54.992899080318203 ], [ -1.44095712738773, 54.994257899032803 ], [ -1.44367280707176, 54.993464552625198 ], [ -1.44230752265006, 54.994761513072099 ], [ -1.44199709956291, 54.994649021704298 ], [ -1.44146379503067, 54.995481590332503 ], [ -1.44101560094521, 54.995497239620803 ], [ -1.44012150786525, 54.997219710361499 ], [ -1.44009810797878, 54.998537871961197 ], [ -1.43974364004165, 54.998645518215099 ], [ -1.44008138285682, 54.998739897935103 ], [ -1.44010941871273, 55.000352892237601 ], [ -1.43934030658351, 55.0000604513938 ], [ -1.43924017890592, 55.000368939074797 ], [ -1.4401260122495, 55.000811717117898 ], [ -1.44040190216902, 55.001735153318798 ], [ -1.43963651501135, 55.003967420584097 ], [ -1.43913825470311, 55.003967826058101 ], [ -1.43890336939851, 55.004555093623203 ], [ -1.43755426819268, 55.005082464397198 ], [ -1.43316262409979, 55.006266268274302 ], [ -1.43368692823791, 55.006394516629001 ], [ -1.43305377548952, 55.006301724080103 ], [ -1.42928864158186, 55.007236194595599 ], [ -1.42827847398526, 55.007355911057303 ], [ -1.42818047336958, 55.006814661065697 ], [ -1.4276051818011, 55.006732428365503 ], [ -1.42637658920091, 55.007675404643003 ], [ -1.4237768413293, 55.008138488401002 ], [ -1.42524745468625, 55.007748704953897 ], [ -1.42456050432683, 55.006093348777299 ], [ -1.42147880667753, 55.004251400844097 ], [ -1.41860375890732, 55.003230983709003 ], [ -1.40969558251084, 55.008240816526303 ], [ -1.40319647217725, 55.009765502491497 ], [ -1.40096694422976, 55.0112664141894 ], [ -1.40144665627925, 55.0106084038948 ], [ -1.40283241246188, 55.009797771731698 ], [ -1.40956290265179, 55.008065841391399 ], [ -1.41416158880389, 55.005199476450599 ], [ -1.41438882701291, 55.003926783754203 ] ] ] } },
{ "type": "Feature", "properties": { "LAD24CD": "E08000024", "LAD24NM": "Sunderland" }, "geometry": { "type": "MultiPolygon", "coordinates": [ [ [ [ -1.35570058668237, 54.914508533084103 ], [ -1.35837597443378, 54.913540561857097 ], [ -1.35873606761038, 54.912963251844801 ], [ -1.3572820111598, 54.910975426313797 ], [ -1.35452329102215, 54.9093801262432 ], [ -1.35391509876127, 54.909614872184001 ], [ -1.35467398641998, 54.909271286722202 ], [ -1.35359285850041, 54.907727959039498 ], [ -1.35070457927325, 54.905919638244796 ], [ -1.3514126537777, 54.906307293087501 ], [ -1.35304891061353, 54.906391016281198 ], [ -1.35535717984482, 54.905510412358304 ], [ -1.35486754745078, 54.904822596809502 ], [ -1.35368217586584, 54.904877882978397 ], [ -1.35289346849982, 54.905385939618498 ], [ -1.35228127397972, 54.9050722102129 ], [ -1.35729411481196, 54.9025810658433 ], [ -1.35820087205148, 54.901513945780103 ], [ -1.35972076541053, 54.9010157934893 ], [ -1.36093729409495, 54.899852590873699 ], [ -1.36066149325134, 54.898529329804099 ], [ -1.3616070236887, 54.898226824762503 ], [ -1.36020975047352, 54.894038998791103 ], [ -1.35998952585942, 54.893862069331 ], [ -1.36048112073741, 54.893802662518198 ], [ -1.36082350472873, 54.893103500601498 ], [ -1.35946414199507, 54.888964325583501 ], [ -1.35978850829175, 54.888908513620102 ], [ -1.35799799739148, 54.8856616240991 ], [ -1.35806049487995, 54.883916557673203 ], [ -1.35406262066019, 54.880031447740798 ], [ -1.35562444165681, 54.8788858143933 ], [ -1.35599883801267, 54.876011429571598 ], [ -1.35256765041212, 54.869121826310398 ], [ -1.35057891868566, 54.867059896956398 ], [ -1.34801374739981, 54.864720815589003 ], [ -1.34760832478565, 54.863003345298701 ], [ -1.34906487034038, 54.862172905005899 ], [ -1.34848592372822, 54.860496336531597 ], [ -1.34914153348784, 54.860425632071099 ], [ -1.34944006219974, 54.860073160777901 ], [ -1.35235702555936, 54.860618839047703 ], [ -1.35407760666171, 54.860278400802301 ], [ -1.35578695152623, 54.858980805203203 ], [ -1.35734350291936, 54.858473249428101 ], [ -1.35952325691149, 54.858253748093098 ], [ -1.36018096982618, 54.857832977880598 ], [ -1.36042032738815, 54.858063417236302 ], [ -1.36090766630495, 54.857881802449803 ], [ -1.36392748720364, 54.858224712909603 ], [ -1.36533785233631, 54.857685662398602 ], [ -1.36624625163674, 54.857876358994098 ], [ -1.3689605473239, 54.857655039806303 ], [ -1.37380875991471, 54.854070333325097 ], [ -1.37678074531449, 54.8510810385689 ], [ -1.37856873213472, 54.850015901939301 ], [ -1.38166346329554, 54.847159701635903 ], [ -1.38391897622999, 54.848146222493 ], [ -1.38715739553359, 54.846558647997199 ], [ -1.39253545797874, 54.845685398133703 ], [ -1.39341184901147, 54.846228109888997 ], [ -1.39646326540146, 54.845866003995603 ], [ -1.39729394180634, 54.846447086346402 ], [ -1.39949863072009, 54.846373540303503 ], [ -1.40000430600423, 54.846613313972497 ], [ -1.40475011352509, 54.845505398472604 ], [ -1.40750941636647, 54.845729270269899 ], [ -1.40918674258149, 54.845188400714399 ], [ -1.41354692818055, 54.844877651290098 ], [ -1.41355505106273, 54.8444818258669 ], [ -1.41195430475447, 54.843181275391501 ], [ -1.41201332727798, 54.841895710556997 ], [ -1.41371412013874, 54.841726758927699 ], [ -1.41391010951112, 54.8414293612596 ], [ -1.41672031453353, 54.840892172035602 ], [ -1.41756135147936, 54.840941966351402 ], [ -1.41919466046413, 54.839839440204997 ], [ -1.42157982749195, 54.839471059216699 ], [ -1.42163118258217, 54.838470752612501 ], [ -1.42074370288136, 54.833762115647801 ], [ -1.41659930151692, 54.830635541283002 ], [ -1.41613867433084, 54.829394894458503 ], [ -1.41693019744432, 54.828736755605902 ], [ -1.41558028487633, 54.827315784813301 ], [ -1.4156870651448, 54.826377299400903 ], [ -1.41427353902825, 54.825897886624197 ], [ -1.413121966701, 54.824558976359903 ], [ -1.41305942345934, 54.823329231772703 ], [ -1.41329516119854, 54.822157827666402 ], [ -1.4143940507373, 54.8212349142403 ], [ -1.41418399459164, 54.819542636506498 ], [ -1.41561556157198, 54.818486517184198 ], [ -1.41768874709234, 54.818289965212799 ], [ -1.41908839081351, 54.814317786045997 ], [ -1.42163453159902, 54.813173009688001 ], [ -1.42186318719093, 54.810474179288398 ], [ -1.42287259633863, 54.8082552001773 ], [ -1.42389415091933, 54.805410429365601 ], [ -1.42268027022626, 54.804020771066 ], [ -1.42254301700506, 54.803175353697497 ], [ -1.42433014917149, 54.803088608264297 ], [ -1.42932621501333, 54.801024580036902 ], [ -1.43022866110812, 54.8015590527475 ], [ -1.43753071909599, 54.800527319497903 ], [ -1.44070769119771, 54.799689137869201 ], [ -1.44131203447243, 54.800533986264803 ], [ -1.44025919813859, 54.801528428134503 ], [ -1.4428772901917, 54.801976274089597 ], [ -1.4440216233418, 54.802470423329602 ], [ -1.44826652056677, 54.801006971189103 ], [ -1.45460147505553, 54.800021897680999 ], [ -1.45506125437194, 54.800537930126403 ], [ -1.45642139737841, 54.800490111510697 ], [ -1.45603298213965, 54.800915292800298 ], [ -1.46017439654618, 54.801693962794097 ], [ -1.4680280367676, 54.8003069385869 ], [ -1.47234935943836, 54.799948255664397 ], [ -1.47787764849298, 54.800072821584699 ], [ -1.48004998900628, 54.799764005813103 ], [ -1.48190532547447, 54.799058330474402 ], [ -1.4850923799107, 54.799682051612898 ], [ -1.49072646804405, 54.799304135223103 ], [ -1.49350840589928, 54.799997826308903 ], [ -1.49433064872394, 54.801169520404599 ], [ -1.4910991531474, 54.804314767121497 ], [ -1.4850242075707, 54.808487610287401 ], [ -1.48185556201966, 54.809651413646598 ], [ -1.48222944236779, 54.809988196018701 ], [ -1.48433005084329, 54.810467153953098 ], [ -1.48533763687363, 54.811981170683801 ], [ -1.48750405747275, 54.812683168327602 ], [ -1.4943057956704, 54.816012353151798 ], [ -1.49230047772125, 54.8178309574892 ], [ -1.49200408965223, 54.818383307109599 ], [ -1.49239341257321, 54.818616807909301 ], [ -1.49028995528196, 54.820181535382901 ], [ -1.49373957553885, 54.823472374638897 ], [ -1.49750874509547, 54.822627983668497 ], [ -1.49781247190985, 54.823613241926999 ], [ -1.50427968057368, 54.831229809810303 ], [ -1.50289216980794, 54.834444853315297 ], [ -1.50331836895351, 54.836630301624901 ], [ -1.50622320213366, 54.846236887459298 ], [ -1.50705474545393, 54.847014939455399 ], [ -1.5078020381527, 54.851388963435902 ], [ -1.51026177268073, 54.860107048975003 ], [ -1.50978487299927, 54.8652419536932 ], [ -1.50823918754768, 54.868835436277301 ], [ -1.50653070203232, 54.8710801008353 ], [ -1.51354118527225, 54.8746964399175 ], [ -1.51506649366557, 54.875113297379798 ], [ -1.51667373521246, 54.8749247865223 ], [ -1.5170905463031, 54.875671050870999 ], [ -1.51919545479844, 54.875901609214303 ], [ -1.51819248413228, 54.8781226964905 ], [ -1.51275446801225, 54.880733117016398 ], [ -1.51049168767065, 54.8810951615351 ], [ -1.50740725833712, 54.8804509742139 ], [ -1.50633574071289, 54.880642571895898 ], [ -1.50432709427094, 54.8822600451767 ], [ -1.50076343587315, 54.886846576458403 ], [ -1.49822786194352, 54.887426572778203 ], [ -1.49620474718147, 54.888278151515202 ], [ -1.49371966736361, 54.890662751207898 ], [ -1.48694403396002, 54.892281559848001 ], [ -1.48075623685012, 54.895423881813699 ], [ -1.47692314932714, 54.898487089369603 ], [ -1.47385192288741, 54.902271450191897 ], [ -1.47233864976533, 54.903268649087202 ], [ -1.46921282389047, 54.9035543022596 ], [ -1.4669130942087, 54.903157862445397 ], [ -1.46478004271188, 54.901015138732397 ], [ -1.46404237101509, 54.898789589617401 ], [ -1.46315537614829, 54.898296877800099 ], [ -1.46199629594359, 54.8981084036621 ], [ -1.46079482908599, 54.898283752267801 ], [ -1.45929133341795, 54.899353604795401 ], [ -1.45846911199936, 54.9004391375422 ], [ -1.45831154463457, 54.903579146292103 ], [ -1.45180466560473, 54.9078777459371 ], [ -1.44934235959556, 54.909100443409798 ], [ -1.44905209843059, 54.908884417557204 ], [ -1.44911504281377, 54.909191137607003 ], [ -1.44579348865597, 54.910274122296201 ], [ -1.43927587579428, 54.911690169221202 ], [ -1.43877827171845, 54.911127110648899 ], [ -1.4349986340284, 54.911708101511799 ], [ -1.43383995186405, 54.9129140503318 ], [ -1.43171715224157, 54.9141163594172 ], [ -1.4280025728987, 54.9150370260855 ], [ -1.42492935217641, 54.915372913823298 ], [ -1.42356546664461, 54.9161661555856 ], [ -1.42146929121648, 54.916464384133597 ], [ -1.41670262796817, 54.916305875063301 ], [ -1.4144471064348, 54.915754917273503 ], [ -1.41099453387926, 54.913638974699197 ], [ -1.40868104102897, 54.9131191523147 ], [ -1.4079181604489, 54.913334638819599 ], [ -1.40748210777686, 54.912865261489003 ], [ -1.4058858934874, 54.913287649522502 ], [ -1.40187129029914, 54.913704955609496 ], [ -1.39827397811901, 54.916434439931002 ], [ -1.39683727098036, 54.916742768145099 ], [ -1.39531505451515, 54.916610264500001 ], [ -1.39366401167735, 54.915927193992999 ], [ -1.39364074727463, 54.9135303417955 ], [ -1.39203781936695, 54.911516600860203 ], [ -1.38737985882717, 54.909688752813501 ], [ -1.38288809840054, 54.909515218085403 ], [ -1.38208452560161, 54.909333598141799 ], [ -1.37931899180203, 54.9098996512719 ], [ -1.38021808542363, 54.909297176259798 ], [ -1.37894020191087, 54.909930283032097 ], [ -1.37716741576665, 54.910094934155403 ], [ -1.37206760349224, 54.9096046491103 ], [ -1.37083761904819, 54.910062921721099 ], [ -1.36648455790396, 54.913574828889402 ], [ -1.36405471214812, 54.913099384497301 ], [ -1.3639061221042, 54.913421677841001 ], [ -1.36382758234577, 54.912961604863597 ], [ -1.36201019293453, 54.912378325673998 ], [ -1.36156124419091, 54.912951568874298 ], [ -1.36376070433418, 54.9135921143071 ], [ -1.36441121243522, 54.915859680961702 ], [ -1.36330866002776, 54.915696660825098 ], [ -1.36339309847872, 54.916573741884903 ], [ -1.36256947369501, 54.916125506642899 ], [ -1.36186689475766, 54.917099125847599 ], [ -1.36132512702656, 54.917207955881402 ], [ -1.36061036559692, 54.915905463855303 ], [ -1.36052729290578, 54.915445773999501 ], [ -1.35956662940277, 54.914003333524199 ], [ -1.35856993358426, 54.913703339822803 ], [ -1.35747749175358, 54.913931245062201 ], [ -1.35534774437338, 54.914812395372103 ], [ -1.35397344908108, 54.915924418783497 ], [ -1.35281306185279, 54.919055261532897 ], [ -1.35316021276808, 54.917072289942801 ], [ -1.35404441664263, 54.915682371427998 ], [ -1.35570058668237, 54.914508533084103 ] ] ], [ [ [ -1.35498839629368, 54.922338085063998 ], [ -1.35253720048843, 54.921397325311197 ], [ -1.35506721724835, 54.922355106970002 ], [ -1.35498839629368, 54.922338085063998 ] ] ], [ [ [ -1.35748862191286, 54.922877995073002 ], [ -1.35596135713794, 54.922693576006402 ], [ -1.35511165217039, 54.922371737750602 ], [ -1.35667400388474, 54.922743738419697 ], [ -1.35748862191286, 54.922877995073002 ] ] ], [ [ [ -1.35748862191286, 54.922877995073002 ], [ -1.35751378148948, 54.922880222287802 ], [ -1.35749876458628, 54.922880185472202 ], [ -1.35748862191286, 54.922877995073002 ] ] ], [ [ [ -1.35751378148948, 54.922880222287802 ], [ -1.35759811949658, 54.922880431678998 ], [ -1.35772032754733, 54.9228985078908 ], [ -1.35751378148948, 54.922880222287802 ] ] ], [ [ [ -1.36396608281038, 54.944125603155904 ], [ -1.36463320659542, 54.942130704943303 ], [ -1.36634103898016, 54.939841307996801 ], [ -1.36752029023531, 54.937007698695403 ], [ -1.36788850866924, 54.934428232885303 ], [ -1.36748440609895, 54.932953354324901 ], [ -1.36542222012311, 54.931145913121497 ], [ -1.36547348274836, 54.929707648300102 ], [ -1.36652110648715, 54.929277694597602 ], [ -1.36712962238569, 54.928537215975602 ], [ -1.36568918954191, 54.926411608207303 ], [ -1.36613008670018, 54.926108356515201 ], [ -1.36331760730325, 54.922889110529397 ], [ -1.36033729785011, 54.923130156775201 ], [ -1.35861379889077, 54.922977602642099 ], [ -1.36043494405929, 54.923043769314702 ], [ -1.3634778749248, 54.922768627792998 ], [ -1.3634741025813, 54.920041633750202 ], [ -1.36281248083023, 54.9187158076343 ], [ -1.36224420474397, 54.918494466039398 ], [ -1.36074815013719, 54.918883846488399 ], [ -1.36010787432157, 54.918711540377799 ], [ -1.3634963316573, 54.9176935582109 ], [ -1.36459774754537, 54.918349241666903 ], [ -1.36559743571849, 54.917960164494502 ], [ -1.36585905181555, 54.917394920293397 ], [ -1.36679861199176, 54.919555227910401 ], [ -1.36753447439792, 54.919787301981003 ], [ -1.36854177426488, 54.918476882352898 ], [ -1.36728864623262, 54.918202593453003 ], [ -1.36708224318603, 54.9177534527078 ], [ -1.36802174609797, 54.916817066287798 ], [ -1.36944365599814, 54.916121669317 ], [ -1.36916111040538, 54.914018608814501 ], [ -1.37096831298611, 54.911704724741 ], [ -1.37326638905997, 54.910852036688802 ], [ -1.3772036374581, 54.911173957580999 ], [ -1.38199814531856, 54.910523253030199 ], [ -1.38299996317874, 54.910155188229801 ], [ -1.38700587597012, 54.910484919825798 ], [ -1.39056413396976, 54.912008030336203 ], [ -1.39162038825414, 54.912819348523499 ], [ -1.39165200124827, 54.915277336697102 ], [ -1.39214170527724, 54.916528907086402 ], [ -1.39349886142167, 54.917364252947998 ], [ -1.3958210723158, 54.9179319732377 ], [ -1.39948890780576, 54.917085651897601 ], [ -1.40265884570817, 54.914665886765803 ], [ -1.40501777086744, 54.914225401337703 ], [ -1.40588065853896, 54.914208066021502 ], [ -1.40627879954412, 54.914500281561097 ], [ -1.40976978395173, 54.914400513096503 ], [ -1.41388445239214, 54.917441604610801 ], [ -1.41500930674277, 54.917112740015597 ], [ -1.41732976710937, 54.917715203769497 ], [ -1.42077032556014, 54.9177748246953 ], [ -1.42104472380217, 54.918005313270903 ], [ -1.42473142404614, 54.917763173151897 ], [ -1.42657497983443, 54.917132999672297 ], [ -1.4271772496736, 54.917455762821803 ], [ -1.4269822400381, 54.917791819795298 ], [ -1.42762390041287, 54.917977315196097 ], [ -1.42711481752381, 54.917024157796803 ], [ -1.43281953349223, 54.915597915883303 ], [ -1.43666674800476, 54.913556244233597 ], [ -1.44215265571206, 54.912559728879302 ], [ -1.4488976600478, 54.910372677724901 ], [ -1.45190958988964, 54.908882956380701 ], [ -1.45522361196339, 54.906126446196403 ], [ -1.45840294213976, 54.904590755020799 ], [ -1.45963060606595, 54.903487893767803 ], [ -1.45948439487772, 54.900423884362702 ], [ -1.46060678828687, 54.899050308865 ], [ -1.46168712937475, 54.898607610904598 ], [ -1.46304052489768, 54.899083525271102 ], [ -1.46423590779166, 54.901713746158499 ], [ -1.46670934878533, 54.903708750428898 ], [ -1.47014206938878, 54.904045449957401 ], [ -1.47347105582327, 54.903614217749897 ], [ -1.47486279329117, 54.9028455644941 ], [ -1.47723036864789, 54.899564121039802 ], [ -1.48124577221119, 54.895914864299797 ], [ -1.48621919118276, 54.8931295324168 ], [ -1.49393428891037, 54.891076091289698 ], [ -1.49692936417014, 54.888425877342598 ], [ -1.50126777603397, 54.8871586764539 ], [ -1.50455175485671, 54.882875637293402 ], [ -1.50659748018442, 54.881033623453803 ], [ -1.51157350390044, 54.8814743123489 ], [ -1.51383598541183, 54.8808821703864 ], [ -1.5176950587221, 54.878928546116299 ], [ -1.51825459280431, 54.878925372696798 ], [ -1.51795881324483, 54.8787615951411 ], [ -1.51912060241492, 54.8779205534045 ], [ -1.51994924700806, 54.875973600272197 ], [ -1.52291231598288, 54.876217353396903 ], [ -1.52564045953082, 54.877605602991103 ], [ -1.52736967509097, 54.876989586978901 ], [ -1.52902180833995, 54.877379696922297 ], [ -1.53001295089759, 54.877122017357202 ], [ -1.53078932814659, 54.8778942942537 ], [ -1.531781773186, 54.878188386356101 ], [ -1.53285322265024, 54.877853732424398 ], [ -1.53294198397137, 54.877057846672798 ], [ -1.53337446562285, 54.876450232068699 ], [ -1.53615418843529, 54.874739141329101 ], [ -1.53748126958941, 54.874386553408598 ], [ -1.53895874522433, 54.875453410370497 ], [ -1.54156842930237, 54.873459365860398 ], [ -1.55311575024997, 54.875941773852503 ], [ -1.56191438267007, 54.875692832639999 ], [ -1.56199114079652, 54.877378038653497 ], [ -1.56242801213133, 54.877759724073499 ], [ -1.56036615050658, 54.879903619250399 ], [ -1.55859186591162, 54.884377730527397 ], [ -1.55612908447976, 54.884795674483698 ], [ -1.55626275785667, 54.885261608900599 ], [ -1.55815549523629, 54.885648599977799 ], [ -1.55865516214211, 54.886425977985603 ], [ -1.55852825268809, 54.888191265589697 ], [ -1.55721878182532, 54.888190998785397 ], [ -1.55706187834059, 54.890983373104604 ], [ -1.55830790762466, 54.8910922040332 ], [ -1.55852036609898, 54.8914811607712 ], [ -1.5581953311693, 54.902659783598999 ], [ -1.55978138483567, 54.902937830173798 ], [ -1.56161164811905, 54.904566456547101 ], [ -1.56278496954189, 54.9050892210904 ], [ -1.56009213535889, 54.906332205668903 ], [ -1.55867254421631, 54.906518506245803 ], [ -1.55706978468196, 54.907894737857703 ], [ -1.55708031451973, 54.909211252741102 ], [ -1.55982609795299, 54.914153832222198 ], [ -1.56033980206444, 54.914400138511503 ], [ -1.56003662753996, 54.914592191316999 ], [ -1.56313250168142, 54.917093469029503 ], [ -1.56554196895381, 54.920065840800703 ], [ -1.56715447296482, 54.923194340892103 ], [ -1.56889133560984, 54.924624797941398 ], [ -1.55670460347322, 54.9299780911334 ], [ -1.55326547311467, 54.927690187926103 ], [ -1.55217094660015, 54.928460824119497 ], [ -1.54713301852722, 54.930624950403399 ], [ -1.54305309163092, 54.931383375487698 ], [ -1.53568681842851, 54.932104011489699 ], [ -1.5325742444572, 54.931362447744903 ], [ -1.5307203184262, 54.932576559909698 ], [ -1.52857733975447, 54.933134433936402 ], [ -1.5246865176568, 54.9331552445882 ], [ -1.51902383327354, 54.9311255181291 ], [ -1.51724423250237, 54.930780599398901 ], [ -1.51566135198788, 54.931081553563402 ], [ -1.51451912899723, 54.931715114218001 ], [ -1.51208924460529, 54.932114246604101 ], [ -1.51121751654077, 54.931665877563802 ], [ -1.51075623814871, 54.9308481276002 ], [ -1.51001154303861, 54.930484797516598 ], [ -1.50817450860726, 54.930383869594003 ], [ -1.50531523049138, 54.930923162234201 ], [ -1.50026401595381, 54.9305242285945 ], [ -1.49633567262286, 54.931059815256297 ], [ -1.49197006770624, 54.930118780437297 ], [ -1.48867267813655, 54.930610845147598 ], [ -1.48563658969672, 54.929090231310603 ], [ -1.48533102740823, 54.928574893222098 ], [ -1.4835874722974, 54.9283688779526 ], [ -1.48196656112355, 54.928823032171501 ], [ -1.48190053833638, 54.929355574545397 ], [ -1.4811129910257, 54.929795294288198 ], [ -1.46057604020929, 54.930191214839802 ], [ -1.46091884778312, 54.931979232806299 ], [ -1.45738708583879, 54.932684211150502 ], [ -1.45474852672051, 54.933461458115197 ], [ -1.44909347457985, 54.934088379568102 ], [ -1.44791058212203, 54.933510575092903 ], [ -1.44250993159702, 54.933560504752798 ], [ -1.44160148104204, 54.9328994489682 ], [ -1.43278472901411, 54.932836160912302 ], [ -1.4318299765061, 54.929820434399403 ], [ -1.42636562114599, 54.931207305119301 ], [ -1.42598919849441, 54.930461486494899 ], [ -1.41937079278914, 54.929923995746897 ], [ -1.4185038950318, 54.932684979638402 ], [ -1.41687778920546, 54.933976625296197 ], [ -1.41247174671161, 54.935806672289203 ], [ -1.40681359572685, 54.9370023289285 ], [ -1.40266850811474, 54.938660731529701 ], [ -1.39713779890736, 54.939740728021 ], [ -1.39339320198165, 54.9396385459942 ], [ -1.39201395333077, 54.939493334483799 ], [ -1.39166366370377, 54.938911944833002 ], [ -1.38932763794307, 54.938152641902299 ], [ -1.38721998716906, 54.938088180307801 ], [ -1.38429109433754, 54.938743829993498 ], [ -1.38108568004938, 54.938200084667898 ], [ -1.37882138416469, 54.936952033768598 ], [ -1.37699243685092, 54.937336301812799 ], [ -1.3756833106135, 54.936909973430403 ], [ -1.3743489082481, 54.943536069523397 ], [ -1.36615150563239, 54.9428637996728 ], [ -1.36571545197562, 54.944179818009097 ], [ -1.36396608281038, 54.944125603155904 ] ] ] ] } },
{ "type": "Feature", "properties": { "LAD24CD": "E08000037", "LAD24NM": "Gateshead" }, "geometry": { "type": "Polygon", "coordinates": [ [ [ -1.77254049604224, 54.980522515863598 ], [ -1.76399573747642, 54.980200850262896 ], [ -1.75340109490048, 54.981975234302404 ], [ -1.75048800320803, 54.981832751867998 ], [ -1.74674282845798, 54.9810539578462 ], [ -1.72849334209317, 54.974985778623399 ], [ -1.72737820615334, 54.973780902811598 ], [ -1.72803069462662, 54.971281480705997 ], [ -1.72687467375174, 54.969659572181101 ], [ -1.72323438535569, 54.967927801052703 ], [ -1.71885792557087, 54.9667913086911 ], [ -1.70976346957737, 54.966197868039202 ], [ -1.70771136871887, 54.967034990269198 ], [ -1.7057514891137, 54.969788176374102 ], [ -1.70323142074885, 54.970277135171202 ], [ -1.70147080877636, 54.970290785886 ], [ -1.69742010728161, 54.969483716392801 ], [ -1.69030474291752, 54.966200177771398 ], [ -1.6833545146071, 54.964141416868799 ], [ -1.67988694619266, 54.963587733348199 ], [ -1.68280195565654, 54.961496244710197 ], [ -1.68422237584469, 54.959987535091997 ], [ -1.68675136986386, 54.959104424797097 ], [ -1.68645913979803, 54.9585123609425 ], [ -1.6852023088051, 54.958283530015301 ], [ -1.68499545547865, 54.9567715896615 ], [ -1.68590120451122, 54.956359610018801 ], [ -1.68944997293109, 54.956440602048197 ], [ -1.69182907633351, 54.955706227886402 ], [ -1.69419290316834, 54.953895164227703 ], [ -1.69649991276765, 54.952748072971303 ], [ -1.69886631342904, 54.950308778819299 ], [ -1.69934649070628, 54.948733797670002 ], [ -1.69852001756601, 54.948810806332801 ], [ -1.69853504161711, 54.950350180927899 ], [ -1.69752606899114, 54.951022529702101 ], [ -1.69647692185523, 54.952482906959297 ], [ -1.6941666895216, 54.953632685844198 ], [ -1.6918993010528, 54.955309238281302 ], [ -1.68923827361339, 54.956145397449397 ], [ -1.68580958930291, 54.956087078735202 ], [ -1.68403473148808, 54.957016144846399 ], [ -1.68357646451664, 54.9581068209867 ], [ -1.68629212484692, 54.9589153896314 ], [ -1.68421157003746, 54.959571380130598 ], [ -1.68165628705959, 54.961812259278503 ], [ -1.67908947311154, 54.963307044049799 ], [ -1.67631668067888, 54.963960259080203 ], [ -1.67073237098065, 54.963479712542899 ], [ -1.66144840512326, 54.962224904379603 ], [ -1.66066697044502, 54.961740216412203 ], [ -1.65956417907876, 54.96194376215 ], [ -1.64900525522555, 54.958866648535597 ], [ -1.64834037102874, 54.959369704665598 ], [ -1.642741822341, 54.958494357097898 ], [ -1.6416167293098, 54.958221555599202 ], [ -1.64234499721374, 54.958159816985003 ], [ -1.64173770128094, 54.957966688511 ], [ -1.63739294170497, 54.957833398764798 ], [ -1.63829038462006, 54.956837721366803 ], [ -1.63828949021872, 54.956074838314798 ], [ -1.6369149384537, 54.955420174257398 ], [ -1.63502600739032, 54.955374117876602 ], [ -1.63523535593769, 54.9536331979401 ], [ -1.63471837727023, 54.953130192870503 ], [ -1.63320451105235, 54.952880405705599 ], [ -1.63357146586614, 54.952362977982297 ], [ -1.63564571688134, 54.952797787661197 ], [ -1.63591732906003, 54.9519288126669 ], [ -1.63455071262392, 54.951284924773802 ], [ -1.63372101411152, 54.951529486219798 ], [ -1.633532827477, 54.950420084874899 ], [ -1.63236801496222, 54.949750725608197 ], [ -1.62793282971759, 54.947846622958501 ], [ -1.62944239498321, 54.9488756037169 ], [ -1.63167944779983, 54.949568436868503 ], [ -1.6333919101119, 54.950458291442999 ], [ -1.63364522261342, 54.951625472157801 ], [ -1.63460135002459, 54.951393776600902 ], [ -1.63568319802157, 54.951924520984697 ], [ -1.63559719334673, 54.9526395325435 ], [ -1.63333334084657, 54.952274224783501 ], [ -1.6329969342942, 54.953042383746499 ], [ -1.63461825407042, 54.953325824416901 ], [ -1.63505459308483, 54.953933695721297 ], [ -1.63454708042365, 54.9553168983456 ], [ -1.63500980850381, 54.955599556576203 ], [ -1.63645477566825, 54.955537387760401 ], [ -1.6376352704237, 54.955894037361901 ], [ -1.63803094600253, 54.956349956170598 ], [ -1.63772490096659, 54.957040061172599 ], [ -1.63668226448237, 54.957685754537401 ], [ -1.63493527288233, 54.956938326940403 ], [ -1.63197760823697, 54.956956400592198 ], [ -1.62967076356152, 54.957859727855997 ], [ -1.61955848950629, 54.9606322063863 ], [ -1.61520305200431, 54.962266653150301 ], [ -1.61432419015616, 54.963202020138297 ], [ -1.6100075036991, 54.9656270283118 ], [ -1.60455749398101, 54.967936924058399 ], [ -1.59814310710633, 54.9694400079687 ], [ -1.59408941723943, 54.9699279449922 ], [ -1.59103484120408, 54.969852150787503 ], [ -1.58805503707217, 54.969188825845102 ], [ -1.58275006872012, 54.965433442504398 ], [ -1.58041736701682, 54.964158402517398 ], [ -1.57644670319273, 54.963316113089803 ], [ -1.57480763703016, 54.963383259051199 ], [ -1.57469860773996, 54.963794414088497 ], [ -1.57207017066509, 54.964078162889301 ], [ -1.56825523821467, 54.963874159964099 ], [ -1.56721480199831, 54.963617134355701 ], [ -1.56739195717756, 54.963404762377202 ], [ -1.56635164688939, 54.963412744896203 ], [ -1.5628505184343, 54.9622203341738 ], [ -1.55851087565698, 54.959634348526002 ], [ -1.55601822250008, 54.958504979879699 ], [ -1.55401823549832, 54.9581804641643 ], [ -1.55280037768172, 54.958304554466402 ], [ -1.55243330178998, 54.958037202059202 ], [ -1.54953531473445, 54.958977265871802 ], [ -1.54783982544987, 54.959904662663099 ], [ -1.54471726597167, 54.960389931269198 ], [ -1.54213827031232, 54.960310201966699 ], [ -1.53822685561823, 54.960655787713499 ], [ -1.53654070679185, 54.961291005957698 ], [ -1.53532200740042, 54.962287510091301 ], [ -1.53393072328165, 54.964559294765202 ], [ -1.53434843762567, 54.964629166819698 ], [ -1.53421439844102, 54.964987271144302 ], [ -1.53150451596213, 54.964475430380702 ], [ -1.52934659554587, 54.963354576400398 ], [ -1.53069938878032, 54.957977926637902 ], [ -1.527781517542, 54.957123712654997 ], [ -1.52635380100929, 54.958084188866899 ], [ -1.52241276584994, 54.9573858632127 ], [ -1.51964370653959, 54.957554741100502 ], [ -1.51898295597991, 54.959264883085098 ], [ -1.51622458016722, 54.958137909369199 ], [ -1.51532982678574, 54.957349802470098 ], [ -1.51521741699993, 54.956058033392097 ], [ -1.51629377176596, 54.954975909807096 ], [ -1.51856657223439, 54.952174892146701 ], [ -1.51806264850378, 54.947047969963499 ], [ -1.51634353081355, 54.9453796238518 ], [ -1.51236626105291, 54.936821454188802 ], [ -1.51036490770694, 54.932103729617999 ], [ -1.51121751654077, 54.931665877563802 ], [ -1.51208924460529, 54.932114246604101 ], [ -1.51451912899723, 54.931715114218001 ], [ -1.51566135198788, 54.931081553563402 ], [ -1.51724423250237, 54.930780599398901 ], [ -1.51902383327354, 54.9311255181291 ], [ -1.5246865176568, 54.9331552445882 ], [ -1.52857733975447, 54.933134433936402 ], [ -1.5307203184262, 54.932576559909698 ], [ -1.5325742444572, 54.931362447744903 ], [ -1.53568681842851, 54.932104011489699 ], [ -1.54305309163092, 54.931383375487698 ], [ -1.54713301852722, 54.930624950403399 ], [ -1.55217094660015, 54.928460824119497 ], [ -1.55326547311467, 54.927690187926103 ], [ -1.55670460347322, 54.9299780911334 ], [ -1.56889133560984, 54.924624797941398 ], [ -1.56715447296482, 54.923194340892103 ], [ -1.56554196895381, 54.920065840800703 ], [ -1.56313250168142, 54.917093469029503 ], [ -1.56003662753996, 54.914592191316999 ], [ -1.56033980206444, 54.914400138511503 ], [ -1.55982609795299, 54.914153832222198 ], [ -1.55708031451973, 54.909211252741102 ], [ -1.55706978468196, 54.907894737857703 ], [ -1.55867254421631, 54.906518506245803 ], [ -1.56009213535889, 54.906332205668903 ], [ -1.56278496954189, 54.9050892210904 ], [ -1.56161164811905, 54.904566456547101 ], [ -1.55978138483567, 54.902937830173798 ], [ -1.5581953311693, 54.902659783598999 ], [ -1.55852036609898, 54.8914811607712 ], [ -1.55830790762466, 54.8910922040332 ], [ -1.55706187834059, 54.890983373104604 ], [ -1.55721878182532, 54.888190998785397 ], [ -1.55852825268809, 54.888191265589697 ], [ -1.55865516214211, 54.886425977985603 ], [ -1.55815549523629, 54.885648599977799 ], [ -1.55626275785667, 54.885261608900599 ], [ -1.55612908447976, 54.884795674483698 ], [ -1.55859186591162, 54.884377730527397 ], [ -1.55945762132909, 54.881992512494598 ], [ -1.56201124902173, 54.880839638744902 ], [ -1.56807032931337, 54.8804722225251 ], [ -1.57147976062799, 54.879371737431498 ], [ -1.57591200883812, 54.878954165157303 ], [ -1.5758767613831, 54.878298051822497 ], [ -1.57990946563576, 54.877770147902297 ], [ -1.58273329427822, 54.888934073287601 ], [ -1.58406484051805, 54.891631818451501 ], [ -1.58395455715722, 54.892877393775599 ], [ -1.58518524446908, 54.893883122193003 ], [ -1.5881939037349, 54.894457240345197 ], [ -1.58853597412679, 54.895466644677199 ], [ -1.58970686346105, 54.896237184375998 ], [ -1.59182114809813, 54.899793869297397 ], [ -1.59364884196426, 54.900859450953803 ], [ -1.59376939406093, 54.901746825203901 ], [ -1.59420813861949, 54.901999921652703 ], [ -1.59560985099372, 54.901944023657897 ], [ -1.59751726455936, 54.901584696878899 ], [ -1.60077143313976, 54.899733448936203 ], [ -1.60043991765889, 54.898977148386599 ], [ -1.60089946001845, 54.898707899307603 ], [ -1.60375839497526, 54.898200373053101 ], [ -1.60468650081573, 54.898743149503098 ], [ -1.60514705101496, 54.898225720582403 ], [ -1.60733372832234, 54.8983289554034 ], [ -1.60681775482812, 54.897064347072202 ], [ -1.60794213834772, 54.896886273363798 ], [ -1.60824075995459, 54.896369082857603 ], [ -1.61039303439313, 54.895276876428099 ], [ -1.61193269923008, 54.895247866667503 ], [ -1.61649011366749, 54.891076542802502 ], [ -1.61831840099895, 54.890134241592598 ], [ -1.61898504144513, 54.888714657424899 ], [ -1.61874349646244, 54.887058650224702 ], [ -1.62120124013015, 54.887475640094301 ], [ -1.62226038889706, 54.886714555994097 ], [ -1.62357169686084, 54.887368325492503 ], [ -1.62741064299423, 54.886447294123101 ], [ -1.6284937268421, 54.885429957670503 ], [ -1.62799658779895, 54.885252842255497 ], [ -1.62908241705601, 54.8847601005073 ], [ -1.63111618334315, 54.884833171968602 ], [ -1.63157508692544, 54.884584724449603 ], [ -1.63153581410883, 54.883996029057897 ], [ -1.63497303268152, 54.882539852763998 ], [ -1.63659843464057, 54.881018838849499 ], [ -1.63919493923299, 54.8806904877801 ], [ -1.63997278562802, 54.879799543520598 ], [ -1.64368946248493, 54.878804041535801 ], [ -1.64543021608241, 54.8788109248149 ], [ -1.64900993320954, 54.879559047500898 ], [ -1.65049730404661, 54.879314390867997 ], [ -1.65098204958232, 54.879667135300501 ], [ -1.65065480427559, 54.880743702091301 ], [ -1.64761994446176, 54.880951456201402 ], [ -1.64634587211327, 54.881395326608697 ], [ -1.64697820121183, 54.882151974375702 ], [ -1.64671908389838, 54.882728155228897 ], [ -1.64775254739386, 54.884161811314002 ], [ -1.64797941375382, 54.885485237236303 ], [ -1.64659275288121, 54.885590817717201 ], [ -1.64662115721683, 54.888395539057598 ], [ -1.64734890850671, 54.8886016726793 ], [ -1.64847996462413, 54.891735784622803 ], [ -1.65001165365389, 54.893626436807203 ], [ -1.65350940505664, 54.893005607828499 ], [ -1.65585386482181, 54.892143260875301 ], [ -1.65649699688694, 54.890764815368598 ], [ -1.65995094724449, 54.890664825332699 ], [ -1.65930784365351, 54.893168409298198 ], [ -1.66138002840774, 54.894275053650802 ], [ -1.66303591772849, 54.8959393843326 ], [ -1.66555856737507, 54.895211291522401 ], [ -1.66923149931739, 54.895650824747101 ], [ -1.67525481504589, 54.897942288725197 ], [ -1.67658965184382, 54.899103283056498 ], [ -1.67813374056093, 54.899845098912998 ], [ -1.67797333220096, 54.901774895766103 ], [ -1.67653545164706, 54.9033355886666 ], [ -1.6768434890945, 54.903437110920798 ], [ -1.6747777845835, 54.909560144331799 ], [ -1.67635256405183, 54.909422391662503 ], [ -1.68195068921758, 54.907797157584497 ], [ -1.68347656142048, 54.908538859679098 ], [ -1.68765496565448, 54.907917022855798 ], [ -1.68914393220041, 54.906968303765701 ], [ -1.68954988917938, 54.906517284801701 ], [ -1.68915797850986, 54.905761480666797 ], [ -1.69076844604048, 54.9046144242661 ], [ -1.69057275188007, 54.902665737287798 ], [ -1.69168984097383, 54.902597603273698 ], [ -1.69339119497115, 54.903221952757903 ], [ -1.69399734119646, 54.904118517756103 ], [ -1.69565673524629, 54.904727458865104 ], [ -1.69758765973529, 54.906243271921802 ], [ -1.696742659461, 54.906732266516599 ], [ -1.69847175526417, 54.908053940950197 ], [ -1.698904986211, 54.908938357165297 ], [ -1.69848150976366, 54.909045501998001 ], [ -1.69963928979617, 54.909189988899001 ], [ -1.71050452134005, 54.909140862445803 ], [ -1.71329845951977, 54.908848243591599 ], [ -1.71647245726485, 54.907732413804702 ], [ -1.71700660276103, 54.908449498397701 ], [ -1.71916380098943, 54.9080432930444 ], [ -1.72125048400189, 54.908288925674498 ], [ -1.72107968517324, 54.908630009212501 ], [ -1.72233919001262, 54.908960888602003 ], [ -1.72315635193091, 54.910115680795997 ], [ -1.72492282931812, 54.908844550082399 ], [ -1.72606839769346, 54.909905620433797 ], [ -1.72776029062247, 54.910545104176698 ], [ -1.72803498791878, 54.911537524719897 ], [ -1.72765142573272, 54.912672520162801 ], [ -1.72918939930063, 54.914536994793202 ], [ -1.73014522662095, 54.9150630146491 ], [ -1.73016466267835, 54.915656145818502 ], [ -1.73062180484513, 54.9156445789232 ], [ -1.73098344687744, 54.916433917071998 ], [ -1.73241106330689, 54.916586687506701 ], [ -1.73242098881427, 54.916972216276399 ], [ -1.73328891518175, 54.917595067791098 ], [ -1.73380740419477, 54.917509936869202 ], [ -1.73455271313876, 54.918279883917798 ], [ -1.73611952843859, 54.918557822760697 ], [ -1.73700106940984, 54.918421795660699 ], [ -1.7376067087798, 54.918688977425397 ], [ -1.7396259096003, 54.916838697423302 ], [ -1.74240240981536, 54.9173748251972 ], [ -1.7462174529346, 54.916507578606101 ], [ -1.74736470235188, 54.917400512389598 ], [ -1.74831149747985, 54.9176702778188 ], [ -1.75057195978431, 54.917419713239802 ], [ -1.75186129372399, 54.916539893196301 ], [ -1.75543218417348, 54.912657046949903 ], [ -1.75708578279239, 54.911575679512502 ], [ -1.75987475616596, 54.9107913794669 ], [ -1.76022023755999, 54.909070260241101 ], [ -1.76082563883465, 54.908511593653898 ], [ -1.76206986974847, 54.9083038163431 ], [ -1.76535929165465, 54.908554562598901 ], [ -1.76610914228833, 54.908886693609197 ], [ -1.76639534600949, 54.909563082012603 ], [ -1.76718732068159, 54.909641859507303 ], [ -1.76824431351968, 54.908923204145303 ], [ -1.76782635355173, 54.908172424080298 ], [ -1.7681074995457, 54.906920753068398 ], [ -1.76925184018507, 54.906715399433402 ], [ -1.77344209425639, 54.908182585298597 ], [ -1.77644998002859, 54.909999762974799 ], [ -1.78163702129734, 54.9115565985377 ], [ -1.7823500670847, 54.911225381983002 ], [ -1.78238388821769, 54.910157872980101 ], [ -1.78286907017344, 54.909847812739002 ], [ -1.78561012631588, 54.909140947614098 ], [ -1.79118285724646, 54.9086975217419 ], [ -1.79110621932021, 54.9080202093566 ], [ -1.79397809660136, 54.9052393956459 ], [ -1.79398047658141, 54.9039911998075 ], [ -1.79452230430584, 54.903574123416803 ], [ -1.79626247641493, 54.9037292148532 ], [ -1.79898879033526, 54.905764193999303 ], [ -1.80007173533966, 54.906145824196997 ], [ -1.8026015247812, 54.904643205073498 ], [ -1.80435989979278, 54.904477991596401 ], [ -1.80569605867146, 54.905003848419597 ], [ -1.80581524575611, 54.906233735102902 ], [ -1.80740599764171, 54.907249902831197 ], [ -1.81122540500484, 54.906501826266101 ], [ -1.81471792134484, 54.905349827741901 ], [ -1.816682343301, 54.9053454238786 ], [ -1.81936222304561, 54.905947639432902 ], [ -1.82063707341034, 54.905771086171299 ], [ -1.82207115350138, 54.906096302076598 ], [ -1.8236037928258, 54.908015940695897 ], [ -1.82435736303016, 54.9080631283611 ], [ -1.82492540074819, 54.908816280500901 ], [ -1.82679642857027, 54.909607143811101 ], [ -1.82663681542811, 54.910093077401697 ], [ -1.83118899660658, 54.910621571807198 ], [ -1.83396924533439, 54.911568955610598 ], [ -1.83437922423512, 54.912008945364697 ], [ -1.83636456220147, 54.912077231527597 ], [ -1.83757997359149, 54.912382599039098 ], [ -1.83754610202473, 54.912660231668298 ], [ -1.83810635696992, 54.9125899866536 ], [ -1.83967175774055, 54.913147415942603 ], [ -1.84237891487482, 54.913330681078598 ], [ -1.84498826238403, 54.914213796527399 ], [ -1.84890022048044, 54.914478244112402 ], [ -1.85044526220875, 54.915201755644603 ], [ -1.85066668535377, 54.915815883650502 ], [ -1.85272134451354, 54.917413538954797 ], [ -1.85195217366964, 54.9174503349075 ], [ -1.85142297592666, 54.918406727408502 ], [ -1.85208704756806, 54.918519026901699 ], [ -1.85189274135872, 54.918751469159503 ], [ -1.84853201994739, 54.920935502008199 ], [ -1.84674047386509, 54.922715273790203 ], [ -1.84436611857, 54.925902387085003 ], [ -1.84399660065406, 54.927045005473403 ], [ -1.84260169983011, 54.927815091984897 ], [ -1.84160392746599, 54.927990867046702 ], [ -1.84114925719419, 54.9297254834825 ], [ -1.83349672390284, 54.930499801680703 ], [ -1.82709551808576, 54.930201856651401 ], [ -1.82695652792383, 54.930700332977402 ], [ -1.82728828096187, 54.9312132794607 ], [ -1.82562588422581, 54.933668119254698 ], [ -1.82652303738952, 54.934190336275897 ], [ -1.82716540418151, 54.936569376609803 ], [ -1.82569112498213, 54.937588561131697 ], [ -1.82447684192906, 54.939392154199801 ], [ -1.82515140822032, 54.940955656828102 ], [ -1.82707607973684, 54.941669042906902 ], [ -1.82939171893951, 54.943598967331802 ], [ -1.83101719970326, 54.944309174471897 ], [ -1.8311995922718, 54.9448565107867 ], [ -1.8297819886615, 54.945826666644599 ], [ -1.8300312291488, 54.946326650764099 ], [ -1.8296066158877, 54.946696289767601 ], [ -1.82974556597874, 54.947065819192296 ], [ -1.8304409819964, 54.947232138042303 ], [ -1.83024459830803, 54.947491296910897 ], [ -1.83116847535427, 54.947794701049297 ], [ -1.83220142402245, 54.949133643847198 ], [ -1.83204528166439, 54.949741886763803 ], [ -1.8337736670115, 54.951243160060898 ], [ -1.83331505657271, 54.951522901248602 ], [ -1.83366868309618, 54.951715689734797 ], [ -1.833330225349, 54.9520108718079 ], [ -1.83365532552119, 54.953297239414802 ], [ -1.83289471694637, 54.953312102652198 ], [ -1.83125708722902, 54.954751136820803 ], [ -1.83071319201091, 54.9546877477866 ], [ -1.82875716633037, 54.9553948306393 ], [ -1.82715585833122, 54.955255707571098 ], [ -1.8252939801867, 54.955690587578601 ], [ -1.82436170849294, 54.955130933076603 ], [ -1.82292295445727, 54.955746560403597 ], [ -1.82253305088111, 54.9564964309644 ], [ -1.82346315039103, 54.957305283602402 ], [ -1.82298955886509, 54.957729463938499 ], [ -1.82407856319285, 54.959208726294797 ], [ -1.82285693118307, 54.959491366908203 ], [ -1.82364356861727, 54.959874238828903 ], [ -1.82277037900062, 54.960356605012201 ], [ -1.8235499893651, 54.960993954165303 ], [ -1.82409415780102, 54.961011365295903 ], [ -1.82392377563592, 54.961514971101202 ], [ -1.8244852462737, 54.961433468228101 ], [ -1.82461930266945, 54.961707378486203 ], [ -1.82442668704246, 54.962441087450301 ], [ -1.8232688876071, 54.962818987756698 ], [ -1.82245686577101, 54.963832250871299 ], [ -1.82251797314117, 54.9648204536742 ], [ -1.82126687389971, 54.964873531001999 ], [ -1.82200866065479, 54.965637987205902 ], [ -1.82163839464423, 54.966229361790802 ], [ -1.8207730391911, 54.966034531796403 ], [ -1.82005587402466, 54.966375577120601 ], [ -1.81899040632238, 54.966154828455302 ], [ -1.81902401967462, 54.966392022157301 ], [ -1.81855665423926, 54.966298500882402 ], [ -1.81768392758011, 54.966841757427296 ], [ -1.81734858184193, 54.967569757177401 ], [ -1.81674894490796, 54.967192969189902 ], [ -1.81544784130309, 54.9673018943027 ], [ -1.8150401361417, 54.9679267079512 ], [ -1.81596841309802, 54.968851073786198 ], [ -1.81394642137612, 54.969328670262897 ], [ -1.81425437252747, 54.969760139498199 ], [ -1.81339823070437, 54.970295633923399 ], [ -1.81380095792082, 54.970967060879701 ], [ -1.81234694013698, 54.971079044916699 ], [ -1.81255896786659, 54.972011228117601 ], [ -1.81166252133164, 54.972740056184698 ], [ -1.81212039066377, 54.973040897655402 ], [ -1.81293708500086, 54.972877330342101 ], [ -1.81321257533829, 54.973224184037598 ], [ -1.81304316765495, 54.973543739124203 ], [ -1.81246079555643, 54.973506289641598 ], [ -1.81238684468001, 54.974115638975597 ], [ -1.81194756850017, 54.974116867550102 ], [ -1.81304360674522, 54.974699529525701 ], [ -1.81280740471121, 54.976285568083398 ], [ -1.80783054687566, 54.977489600174103 ], [ -1.80371235661026, 54.978118447276103 ], [ -1.80266947970526, 54.978761874114397 ], [ -1.79932983542819, 54.979818666994099 ], [ -1.79629967295853, 54.981685529848903 ], [ -1.79275456822689, 54.983300103374802 ], [ -1.78851501661457, 54.984267362741399 ], [ -1.78489159463893, 54.984255507391701 ], [ -1.78477060160757, 54.983849868965002 ], [ -1.77620552419316, 54.981159338040797 ], [ -1.77254049604224, 54.980522515863598 ] ] ] } }
]
}
