{
"type": "FeatureCollection",
"name": "lad_boundaries_surrey_police",
"crs": { "type": "name", "properties": { "name": "urn:ogc:def:crs:OGC:1.3:CRS84" } },
"features": [
{ "type": "Feature", "properties": { "LAD24CD": "E07000207", "LAD24NM": "Elmbridge" }, "geometry": { "type": "Polygon", "coordinates": [ [ [ -0.355109148235357, 51.409807147165097 ], [ -0.349199086203049, 51.406620597348201 ], [ -0.346873940977662, 51.405846803696797 ], [ -0.343719389503046, 51.4038966608301 ], [ -0.340531005417365, 51.403087152805902 ], [ -0.338992682695845, 51.401875144957103 ], [ -0.338237922033318, 51.400763261288098 ], [ -0.33671089974836, 51.399221807415003 ], [ -0.332288104719694, 51.3959948210939 ], [ -0.32867176277269, 51.392308812077097 ], [ -0.327586908786079, 51.391744842944199 ], [ -0.325860279723407, 51.391439603439402 ], [ -0.319832885343762, 51.392593439199203 ], [ -0.317697879461912, 51.393667079332403 ], [ -0.314111593459175, 51.390217163315697 ], [ -0.316737320533465, 51.388772066883298 ], [ -0.31599322782127, 51.3875714291976 ], [ -0.31323073989252, 51.388722522324301 ], [ -0.310809252619536, 51.3862128496948 ], [ -0.311740205976356, 51.385764396368302 ], [ -0.310642202088745, 51.384815638347 ], [ -0.309500986998989, 51.382432417044001 ], [ -0.309253672384853, 51.380447702052798 ], [ -0.308494520730574, 51.380500579171397 ], [ -0.307365443633207, 51.378383545088603 ], [ -0.307869091759371, 51.378363846373198 ], [ -0.308434001890765, 51.375859425800797 ], [ -0.308671850631228, 51.375448321137704 ], [ -0.312651478126198, 51.374751135664802 ], [ -0.314318044952796, 51.374637567079397 ], [ -0.316670830797393, 51.373165976551903 ], [ -0.317481776739619, 51.371968981395902 ], [ -0.317897383198478, 51.369797794721798 ], [ -0.318481506558764, 51.365762189346 ], [ -0.318261315113004, 51.363504509151902 ], [ -0.319768281986379, 51.359928191664402 ], [ -0.321505261906821, 51.357208528642701 ], [ -0.323728750303053, 51.354411321165799 ], [ -0.327953895283763, 51.352210641715402 ], [ -0.330510146371957, 51.348419435144699 ], [ -0.328153711774205, 51.344039791473001 ], [ -0.327457063136016, 51.344005568495902 ], [ -0.327883030922136, 51.343741869572703 ], [ -0.328955585873479, 51.3402312948174 ], [ -0.329695128024568, 51.332764658178398 ], [ -0.329092769011158, 51.330262466266198 ], [ -0.332263357267657, 51.327502029459602 ], [ -0.335773072814273, 51.325313762810502 ], [ -0.338170049279465, 51.324357750338102 ], [ -0.345335883149778, 51.322413379785097 ], [ -0.352485688412401, 51.319177900209901 ], [ -0.357204541367635, 51.315297513853402 ], [ -0.358375733698465, 51.312999195453997 ], [ -0.359867328615236, 51.312455339465899 ], [ -0.360348989693545, 51.311784027638403 ], [ -0.363957243973161, 51.311875831807498 ], [ -0.363667163047143, 51.312890658583498 ], [ -0.365162151008561, 51.312854872687502 ], [ -0.365662938661775, 51.3139606813101 ], [ -0.367374989866351, 51.314828156767703 ], [ -0.368059771786547, 51.314415037643201 ], [ -0.368665997990279, 51.312939679035203 ], [ -0.371126106270932, 51.311367985456997 ], [ -0.371822160401776, 51.309985586324103 ], [ -0.373422311171577, 51.309245230187798 ], [ -0.373698865193518, 51.309620469075398 ], [ -0.377513035558287, 51.3104067091001 ], [ -0.378538200949858, 51.311566573246203 ], [ -0.378878406647672, 51.312946266289003 ], [ -0.38047297217849, 51.313570200001699 ], [ -0.384327031793839, 51.312894731226102 ], [ -0.386689473524737, 51.310708795690601 ], [ -0.386525572124577, 51.309859426208398 ], [ -0.387527303660318, 51.309647505327703 ], [ -0.390089204274614, 51.310443529579103 ], [ -0.391258463878583, 51.310159240225303 ], [ -0.39220047833479, 51.310752203238202 ], [ -0.391350504250098, 51.311096642380399 ], [ -0.391438389039811, 51.3115375913818 ], [ -0.392477349026288, 51.312190335351303 ], [ -0.396936407987768, 51.312771584345597 ], [ -0.397586960581455, 51.312014311483601 ], [ -0.397333865200573, 51.311132805098801 ], [ -0.395997339373254, 51.310194559491002 ], [ -0.395033756473949, 51.310136395864298 ], [ -0.39266669578901, 51.309071575980603 ], [ -0.392001254874408, 51.308283675977002 ], [ -0.393028048405143, 51.306613441553999 ], [ -0.392764597358195, 51.305083139786497 ], [ -0.3931764067483, 51.304382865777498 ], [ -0.392604279895367, 51.303512616368202 ], [ -0.39269377612799, 51.301566929463903 ], [ -0.393036763672453, 51.300983875150798 ], [ -0.393957750507561, 51.300900558537698 ], [ -0.394000160799998, 51.298643498605301 ], [ -0.394673936787088, 51.297970581461001 ], [ -0.397593636797615, 51.298073580073698 ], [ -0.399880007966166, 51.2974573781704 ], [ -0.402291308697454, 51.296545174321203 ], [ -0.403929878932674, 51.294876930938798 ], [ -0.405325653826221, 51.294905630740203 ], [ -0.405397951513902, 51.297006641496402 ], [ -0.408577410478131, 51.3023303170894 ], [ -0.409393239988242, 51.3030914437105 ], [ -0.411794022517203, 51.303566431460602 ], [ -0.415406775490333, 51.303886965641397 ], [ -0.416055899453366, 51.304491969177597 ], [ -0.422121133297958, 51.304206066213901 ], [ -0.426385386632542, 51.304481993284703 ], [ -0.428559990695725, 51.303901488258298 ], [ -0.432368608437378, 51.304368862502898 ], [ -0.436726236131922, 51.303967532812102 ], [ -0.440312035139234, 51.304836382345002 ], [ -0.442957125282474, 51.307942546983902 ], [ -0.443828248311099, 51.313072637949404 ], [ -0.44593173788119, 51.317492492686704 ], [ -0.445698682468252, 51.324141136012003 ], [ -0.445642747757275, 51.324392202014202 ], [ -0.443647490074514, 51.324104029616301 ], [ -0.442187096335232, 51.324421841945998 ], [ -0.440088432785826, 51.325065658310002 ], [ -0.439062688264813, 51.326111375773102 ], [ -0.437340944935095, 51.325964283843398 ], [ -0.436606619052883, 51.3263268550051 ], [ -0.437162905522467, 51.327446596297698 ], [ -0.445569616704935, 51.326770682507998 ], [ -0.451275084599432, 51.328645534408999 ], [ -0.449920841727829, 51.330369517789798 ], [ -0.451273530103928, 51.330611335952902 ], [ -0.451452008159039, 51.330938319518097 ], [ -0.456149899398828, 51.331036244228599 ], [ -0.462343997790484, 51.3299602975436 ], [ -0.46193486794578, 51.331333441058902 ], [ -0.462837973346227, 51.332791309970098 ], [ -0.462488926590712, 51.333956679760099 ], [ -0.460981025992111, 51.335089698573803 ], [ -0.462071082383582, 51.3367982861174 ], [ -0.461169825843916, 51.337088618025099 ], [ -0.461885865602364, 51.337531429322802 ], [ -0.461932486330275, 51.338024880149497 ], [ -0.462661951020589, 51.338065913665602 ], [ -0.463571341654459, 51.338607533538102 ], [ -0.463164041586111, 51.339412385552201 ], [ -0.463725472140581, 51.339668860622602 ], [ -0.46365364983465, 51.340615748495502 ], [ -0.465498288208325, 51.341314346274601 ], [ -0.466071717337122, 51.3428506233573 ], [ -0.472821267126586, 51.342164409888198 ], [ -0.47676917282771, 51.343263477946401 ], [ -0.479206607811718, 51.345238425145801 ], [ -0.479655017676276, 51.347750509763998 ], [ -0.48068251641897, 51.347726966103799 ], [ -0.481185717452966, 51.349383633547298 ], [ -0.478410211345656, 51.350785612793402 ], [ -0.47481759324323, 51.352076122999598 ], [ -0.472490698826593, 51.3537759630116 ], [ -0.466971498106567, 51.356575319197503 ], [ -0.468434473379189, 51.357542264031601 ], [ -0.470107530447665, 51.357118925088201 ], [ -0.470676506858517, 51.357283763194097 ], [ -0.47067920024831, 51.357633598053198 ], [ -0.469926607177044, 51.357851314997703 ], [ -0.470081031438643, 51.358086170940297 ], [ -0.472192401699291, 51.357825936418003 ], [ -0.473485840674391, 51.3581925857766 ], [ -0.474206534714296, 51.3580293598202 ], [ -0.474557459206672, 51.359052761807597 ], [ -0.475551167612811, 51.3591456978534 ], [ -0.476086628888854, 51.359547496818102 ], [ -0.475132555332771, 51.360290420310299 ], [ -0.475817089304936, 51.360614958781198 ], [ -0.476136335222851, 51.361816024347803 ], [ -0.474853789662985, 51.363065478348702 ], [ -0.474173405052374, 51.362918178262298 ], [ -0.475468301027784, 51.364112974156697 ], [ -0.474121366689124, 51.363967787815596 ], [ -0.473300874515119, 51.364062284088199 ], [ -0.472819011083924, 51.363561472691899 ], [ -0.472372114603153, 51.363868586254299 ], [ -0.473044769084294, 51.364808072960102 ], [ -0.473983567105792, 51.364960544234101 ], [ -0.473729618163904, 51.3652530939858 ], [ -0.472082054891823, 51.3650328579035 ], [ -0.471494587446837, 51.364381343193301 ], [ -0.469292369942825, 51.365807606034203 ], [ -0.467556705232494, 51.3656860295877 ], [ -0.467650415690963, 51.366019070833801 ], [ -0.470021425910423, 51.367292810004898 ], [ -0.468248306694021, 51.3701453984756 ], [ -0.466844982554151, 51.370736731455601 ], [ -0.466155503550747, 51.370475901277302 ], [ -0.465571299449354, 51.370932215407997 ], [ -0.466384634860357, 51.3728186811976 ], [ -0.467488107340158, 51.373638877629602 ], [ -0.467623459084868, 51.374619909170903 ], [ -0.465008844347883, 51.376239358839698 ], [ -0.461641199553578, 51.376912847200401 ], [ -0.460140469878769, 51.379113350038097 ], [ -0.459016317039479, 51.379254993050999 ], [ -0.458049275289417, 51.3798088095362 ], [ -0.457990747179475, 51.380566960106599 ], [ -0.459432786267796, 51.380973571210198 ], [ -0.459586215629037, 51.381499784945497 ], [ -0.457878719883284, 51.381848693866999 ], [ -0.455166652214469, 51.383225718635003 ], [ -0.453819002214185, 51.383255589039202 ], [ -0.451978269988256, 51.382823056040699 ], [ -0.450523070868226, 51.383659929544997 ], [ -0.450254929314405, 51.3849198250131 ], [ -0.451955451824485, 51.386910723981401 ], [ -0.451890803604447, 51.387632837496803 ], [ -0.450219154652337, 51.388021677819602 ], [ -0.447582816494127, 51.386846609068598 ], [ -0.445004035156298, 51.386900534582999 ], [ -0.443783178610235, 51.387556960904703 ], [ -0.443422427863937, 51.389252703745598 ], [ -0.442777279643616, 51.389798005690601 ], [ -0.441590447436608, 51.389704024147598 ], [ -0.439976610641112, 51.388722168566296 ], [ -0.438137106531556, 51.386900949154501 ], [ -0.437512796828013, 51.385186790131002 ], [ -0.43561553287452, 51.384267618317097 ], [ -0.43575826218759, 51.383917926338299 ], [ -0.432089354140983, 51.384041596629103 ], [ -0.428854876155507, 51.385371400697302 ], [ -0.427888577830195, 51.386266695701003 ], [ -0.430198624385549, 51.387009845741701 ], [ -0.43005228486597, 51.387172491551901 ], [ -0.427666538122979, 51.386414747896197 ], [ -0.426545978424388, 51.388749498985803 ], [ -0.426660476670135, 51.3899380677938 ], [ -0.426135262741022, 51.390414763924802 ], [ -0.422697581229252, 51.391701214062898 ], [ -0.421599412272351, 51.392412193177002 ], [ -0.421077695547657, 51.392285505059597 ], [ -0.420667995354626, 51.392705401056503 ], [ -0.421318662295872, 51.393093645237897 ], [ -0.42070761377666, 51.394101577193503 ], [ -0.420143244263582, 51.3945004185925 ], [ -0.41951971960162, 51.394448857580002 ], [ -0.419507795468781, 51.3950871826178 ], [ -0.418685707951272, 51.395541966714397 ], [ -0.418964736130781, 51.396373011892898 ], [ -0.419643059173518, 51.396709493883101 ], [ -0.418947532251918, 51.397164188948103 ], [ -0.417198206530237, 51.397659400872698 ], [ -0.417140359043438, 51.398834001319301 ], [ -0.415837158656168, 51.399149120001397 ], [ -0.414632237096397, 51.400693979252601 ], [ -0.412933454574961, 51.401469589616603 ], [ -0.411535892480602, 51.403254640318799 ], [ -0.410635123368153, 51.4041047734434 ], [ -0.408158264810042, 51.405170124870601 ], [ -0.406045012332757, 51.405659329782303 ], [ -0.402767953617379, 51.405916874809897 ], [ -0.400432012966316, 51.406601808465801 ], [ -0.399330017677871, 51.407072325958097 ], [ -0.399919578241894, 51.407811554455698 ], [ -0.39719328561754, 51.408596190823097 ], [ -0.39704653483062, 51.407982665478102 ], [ -0.390464591524806, 51.409643401061203 ], [ -0.385696669769336, 51.409150605320598 ], [ -0.383350026681253, 51.408538295089201 ], [ -0.379427940842277, 51.407833947399801 ], [ -0.373860205320599, 51.408493305839897 ], [ -0.364739828180263, 51.4115920902819 ], [ -0.361238189559091, 51.412040506708301 ], [ -0.359139332144209, 51.411903160417303 ], [ -0.355357024954818, 51.410752164924602 ], [ -0.355109148235357, 51.409807147165097 ] ] ] } },
{ "type": "Feature", "properties": { "LAD24CD": "E07000208", "LAD24NM": "Epsom and Ewell" }, "geometry": { "type": "Polygon", "coordinates": [ [ [ -0.245041240280716, 51.379960269474402 ], [ -0.244679372720784, 51.369061153644701 ], [ -0.245382434157475, 51.366889294327898 ], [ -0.241150340069487, 51.366261965632098 ], [ -0.24089087845287, 51.367036776408703 ], [ -0.238917446309639, 51.366834444855002 ], [ -0.237824768755512, 51.367006898988301 ], [ -0.236779812334742, 51.366796911255598 ], [ -0.233949400956512, 51.365384782706101 ], [ -0.233191345765746, 51.366010023716903 ], [ -0.226944751876078, 51.362625642304302 ], [ -0.224057875439187, 51.359274225888697 ], [ -0.222736428311044, 51.357086072360403 ], [ -0.221974866292256, 51.353530550384598 ], [ -0.222091853689523, 51.351324637740703 ], [ -0.221261964912739, 51.351170803779503 ], [ -0.220420862146078, 51.351419727875196 ], [ -0.22018551426333, 51.350079862383701 ], [ -0.21777747301199, 51.345631393493903 ], [ -0.217264425534208, 51.343387090802203 ], [ -0.221785936519717, 51.341345235756201 ], [ -0.222700381564937, 51.340829420844202 ], [ -0.222276761871338, 51.340460594040202 ], [ -0.223261121111112, 51.339881107601599 ], [ -0.224090565020614, 51.340041223493202 ], [ -0.226826853442208, 51.337888470377003 ], [ -0.229822682346971, 51.336522804565497 ], [ -0.220841625332819, 51.3298019706872 ], [ -0.2341698640323, 51.3271739585429 ], [ -0.236582902159705, 51.325914023956997 ], [ -0.242932303912426, 51.321285500438798 ], [ -0.240959063821267, 51.3171348673335 ], [ -0.241251588340181, 51.316145714052503 ], [ -0.243640196859323, 51.314380448692297 ], [ -0.24436821000732, 51.312995614913298 ], [ -0.24405486858861, 51.311355513462303 ], [ -0.241405255396956, 51.311583790875801 ], [ -0.240661648980328, 51.310579788136899 ], [ -0.241002058029569, 51.309782706300801 ], [ -0.242919875196425, 51.310322728362998 ], [ -0.242672181241796, 51.310008301581099 ], [ -0.244086995969201, 51.309404925743898 ], [ -0.243220280068404, 51.306908599005098 ], [ -0.246378535180407, 51.302231877837698 ], [ -0.247245376797808, 51.298721086754398 ], [ -0.247068628919528, 51.297994985047602 ], [ -0.249894289456995, 51.298660404096204 ], [ -0.251600501096776, 51.299624698834499 ], [ -0.253283347185178, 51.299203815841899 ], [ -0.253524870131283, 51.299418683728099 ], [ -0.260454249596236, 51.299247536011002 ], [ -0.264399318689037, 51.299545298187802 ], [ -0.2674556256272, 51.297580724745799 ], [ -0.269848647709795, 51.294100790130003 ], [ -0.272234355213241, 51.292330347943 ], [ -0.272902452466842, 51.293371647750597 ], [ -0.275314349988678, 51.298322679153003 ], [ -0.278206864317543, 51.302139561750202 ], [ -0.278781996574488, 51.306324303863803 ], [ -0.280545979950287, 51.310257672071302 ], [ -0.281947931662323, 51.311714449582297 ], [ -0.284183806247496, 51.312859688555903 ], [ -0.285246782424569, 51.316601075902 ], [ -0.287664091609856, 51.321091574920203 ], [ -0.2884601928813, 51.321623454072601 ], [ -0.28909934888493, 51.322998818031202 ], [ -0.290886153057372, 51.324815387975498 ], [ -0.292273210078418, 51.324916100255599 ], [ -0.292287763847127, 51.325277825689099 ], [ -0.293567164006878, 51.325185854101797 ], [ -0.297428983824354, 51.325859800741597 ], [ -0.305007851774892, 51.332975721891899 ], [ -0.30618917299884, 51.335075564703899 ], [ -0.305135065101119, 51.336350841008603 ], [ -0.305062772223965, 51.337814634487003 ], [ -0.305385030571139, 51.339558711136299 ], [ -0.304065646686288, 51.343171651372799 ], [ -0.301376941291102, 51.345302940835403 ], [ -0.299230749741224, 51.348369336476203 ], [ -0.292882670548092, 51.352350726946597 ], [ -0.292697986139606, 51.353657164062099 ], [ -0.291329995960083, 51.355086817816897 ], [ -0.291199885866217, 51.356577222703002 ], [ -0.289008414827386, 51.358744805016201 ], [ -0.287018686644174, 51.359397841058097 ], [ -0.285210052743086, 51.361191577958799 ], [ -0.288395626599499, 51.362159953041299 ], [ -0.287199548589013, 51.3625394047912 ], [ -0.284071129097295, 51.365150023548402 ], [ -0.282161781469282, 51.365999753470902 ], [ -0.279819388836289, 51.367825088816602 ], [ -0.276560062628712, 51.368807745961803 ], [ -0.275832391300465, 51.370013773384699 ], [ -0.274022551853225, 51.370655282187201 ], [ -0.273462254930149, 51.371609250663099 ], [ -0.27244582790641, 51.3722467417846 ], [ -0.269040310104722, 51.373537313356799 ], [ -0.264623840046074, 51.375616258276899 ], [ -0.262267173534486, 51.377410017972501 ], [ -0.260991332915542, 51.379595673917002 ], [ -0.258211975143256, 51.378918604648803 ], [ -0.253882339585554, 51.378748504085799 ], [ -0.251855991990156, 51.3789615474778 ], [ -0.248473134757924, 51.380059234210798 ], [ -0.245041240280716, 51.379960269474402 ] ] ] } },
{ "type": "Feature", "properties": { "LAD24CD": "E07000209", "LAD24NM": "Guildford" }, "geometry": { "type": "Polygon", "coordinates": [ [ [ -0.483217081051134, 51.330641362223403 ], [ -0.481912511277543, 51.330112858408398 ], [ -0.478895580088738, 51.330274225818002 ], [ -0.478409264112907, 51.329615965926997 ], [ -0.477024064086114, 51.329247300065902 ], [ -0.476779900570961, 51.328969856873996 ], [ -0.477261473551409, 51.328557962229198 ], [ -0.476646598407728, 51.328267868775697 ], [ -0.475288874592131, 51.328267930016501 ], [ -0.475129748664514, 51.328694858560901 ], [ -0.474622810900075, 51.328699951118203 ], [ -0.4746160115999, 51.327994783562801 ], [ -0.473949108133137, 51.327460105219103 ], [ -0.47448990430518, 51.327079498120298 ], [ -0.4739787180109, 51.326999127680097 ], [ -0.468299765884457, 51.327191622860497 ], [ -0.467471351857513, 51.328555653474702 ], [ -0.464659271060553, 51.328887315832397 ], [ -0.462343997790484, 51.3299602975436 ], [ -0.456149899398828, 51.331036244228599 ], [ -0.451452008159039, 51.330938319518097 ], [ -0.451273530103928, 51.330611335952902 ], [ -0.449920841727829, 51.330369517789798 ], [ -0.451275084599432, 51.328645534408999 ], [ -0.445569616704935, 51.326770682507998 ], [ -0.437162905522467, 51.327446596297698 ], [ -0.436606619052883, 51.3263268550051 ], [ -0.437340944935095, 51.325964283843398 ], [ -0.439062688264813, 51.326111375773102 ], [ -0.440088432785826, 51.325065658310002 ], [ -0.442187096335232, 51.324421841945998 ], [ -0.443647490074514, 51.324104029616301 ], [ -0.445642747757275, 51.324392202014202 ], [ -0.445698682468252, 51.324141136012003 ], [ -0.44593173788119, 51.317492492686704 ], [ -0.443828248311099, 51.313072637949404 ], [ -0.442957125282474, 51.307942546983902 ], [ -0.440312035139234, 51.304836382345002 ], [ -0.436726236131922, 51.303967532812102 ], [ -0.432368608437378, 51.304368862502898 ], [ -0.428559990695725, 51.303901488258298 ], [ -0.426385386632542, 51.304481993284703 ], [ -0.422121133297958, 51.304206066213901 ], [ -0.416055899453366, 51.304491969177597 ], [ -0.415406775490333, 51.303886965641397 ], [ -0.411794022517203, 51.303566431460602 ], [ -0.409393239988242, 51.3030914437105 ], [ -0.408577410478131, 51.3023303170894 ], [ -0.405397951513902, 51.297006641496402 ], [ -0.405325653826221, 51.294905630740203 ], [ -0.403929878932674, 51.294876930938798 ], [ -0.402291308697454, 51.296545174321203 ], [ -0.399880007966166, 51.2974573781704 ], [ -0.397593636797615, 51.298073580073698 ], [ -0.394673936787088, 51.297970581461001 ], [ -0.396119777460405, 51.296407771828001 ], [ -0.395730852034372, 51.296043635764697 ], [ -0.396103247506758, 51.295770863235802 ], [ -0.396028044195326, 51.294718587963303 ], [ -0.394560291702454, 51.291853214593701 ], [ -0.394506776151596, 51.290675315258198 ], [ -0.395446621816552, 51.286846963569303 ], [ -0.396099819376882, 51.286044772201201 ], [ -0.397085108167116, 51.285757459574697 ], [ -0.39737625212081, 51.279641942272598 ], [ -0.397214718814098, 51.278804278393899 ], [ -0.396041615165892, 51.278648866256297 ], [ -0.394810431307451, 51.276453053271403 ], [ -0.394665513553035, 51.276910552270898 ], [ -0.393474179989832, 51.276947252306101 ], [ -0.392615295105415, 51.276457997195998 ], [ -0.392945949496522, 51.276349170775703 ], [ -0.392047936109476, 51.275213703138 ], [ -0.393555495125252, 51.2745347864753 ], [ -0.392852530393277, 51.273724747100403 ], [ -0.393431813373475, 51.272533054648598 ], [ -0.392111609201094, 51.271253254502199 ], [ -0.390228762842348, 51.271474697920702 ], [ -0.390373901305227, 51.270399405166202 ], [ -0.389138964670695, 51.269145914183902 ], [ -0.388598098862973, 51.266950509657299 ], [ -0.38726988530786, 51.265336820886503 ], [ -0.387124037906654, 51.264876182759998 ], [ -0.389980149852514, 51.264729349188201 ], [ -0.390673270406119, 51.262445804096899 ], [ -0.390062375101734, 51.257406884500398 ], [ -0.389274244826868, 51.255928500339202 ], [ -0.391570118510397, 51.256462703917499 ], [ -0.392176904612083, 51.255089802095597 ], [ -0.394348567727645, 51.255319188724101 ], [ -0.394459712986442, 51.255089668182599 ], [ -0.394864777187763, 51.252184229739903 ], [ -0.395939890408513, 51.250565915315399 ], [ -0.395493293839371, 51.246969979828897 ], [ -0.39573118997939, 51.243795257755799 ], [ -0.396774558467077, 51.2436611259674 ], [ -0.396572850261862, 51.242126907044003 ], [ -0.397342528627006, 51.241005328144801 ], [ -0.396963682669025, 51.237888676106301 ], [ -0.402015654171769, 51.236001868758997 ], [ -0.410854390707787, 51.235163266453903 ], [ -0.415912236026192, 51.236633140376597 ], [ -0.41863741040856, 51.238489197262197 ], [ -0.421105747441286, 51.239567054021101 ], [ -0.425549157944665, 51.241144372193297 ], [ -0.427128612158509, 51.2410388453876 ], [ -0.429338971389474, 51.240411978790299 ], [ -0.432598903857584, 51.240855010876999 ], [ -0.433812746620553, 51.240714740354598 ], [ -0.434648247892369, 51.239905841590499 ], [ -0.433998794948388, 51.238695723034503 ], [ -0.430162000336321, 51.235128226137 ], [ -0.427269406828065, 51.233251282004602 ], [ -0.426070914106885, 51.231768426384399 ], [ -0.425676136085806, 51.230323340055797 ], [ -0.42654437987519, 51.229473574043404 ], [ -0.430612447367087, 51.227101912227099 ], [ -0.434340757396487, 51.217752525336699 ], [ -0.435255016868943, 51.2167171135766 ], [ -0.436776054178843, 51.212896613381602 ], [ -0.438305085217652, 51.211668815360497 ], [ -0.438436754321913, 51.209679496331198 ], [ -0.436957388438758, 51.208813788285703 ], [ -0.430679426070858, 51.207960195393802 ], [ -0.428131637404378, 51.2057285141032 ], [ -0.422335173348347, 51.203547145578597 ], [ -0.419601592065122, 51.201882678690602 ], [ -0.418938776102153, 51.201800883699399 ], [ -0.41799226061057, 51.200806969740803 ], [ -0.417688100159447, 51.199322632941303 ], [ -0.414305349742989, 51.195598635982599 ], [ -0.411633986019804, 51.194412278680304 ], [ -0.410237147609192, 51.1934112996409 ], [ -0.409878126861738, 51.192699513399702 ], [ -0.411363171687772, 51.189757472495401 ], [ -0.40936808412204, 51.184712074770097 ], [ -0.409964536532026, 51.181442019119203 ], [ -0.408129315527594, 51.177701220326902 ], [ -0.408446880586885, 51.175687545503997 ], [ -0.412391730069721, 51.175295281497 ], [ -0.415400640621529, 51.174058653858999 ], [ -0.416444205849264, 51.174176919726598 ], [ -0.416927282092234, 51.173521770986298 ], [ -0.418568646347191, 51.173293611284002 ], [ -0.419421880778864, 51.173534906111598 ], [ -0.422353991107652, 51.173550920554902 ], [ -0.42531198729461, 51.174651104473199 ], [ -0.425913537320694, 51.174466664857697 ], [ -0.427823944965538, 51.1758174343734 ], [ -0.429532957347438, 51.174032125461402 ], [ -0.4313067846205, 51.175907079857701 ], [ -0.431605101956703, 51.177917290044697 ], [ -0.432941006502527, 51.179092747550598 ], [ -0.434095526378892, 51.179606138155499 ], [ -0.435731977537485, 51.179535492728803 ], [ -0.437107412820752, 51.1798257272482 ], [ -0.437335382476706, 51.179532278877303 ], [ -0.442918686266278, 51.183338466607097 ], [ -0.443283456227756, 51.183171557697797 ], [ -0.443905881368202, 51.183553938423302 ], [ -0.447551160914823, 51.181888872403903 ], [ -0.447315476555928, 51.180663261997999 ], [ -0.456370840510915, 51.175631372462703 ], [ -0.457074965999099, 51.174886171761102 ], [ -0.45760015416695, 51.1763616720973 ], [ -0.459036987669521, 51.177936365676999 ], [ -0.459447503815887, 51.177422945267999 ], [ -0.460802843423919, 51.177193461653303 ], [ -0.464349287132154, 51.177112313138103 ], [ -0.466023045016894, 51.177893315437402 ], [ -0.467600011970996, 51.179520982721797 ], [ -0.475067089063896, 51.178567318366603 ], [ -0.475585692798809, 51.178458911276998 ], [ -0.475765675948058, 51.178034130996203 ], [ -0.479389749495173, 51.177423025437399 ], [ -0.481565645338878, 51.178604189811601 ], [ -0.483079966786552, 51.178887246064498 ], [ -0.485049390399548, 51.178994664196999 ], [ -0.487335311441851, 51.178219347372199 ], [ -0.488570935362873, 51.1781481112546 ], [ -0.489330004012467, 51.179613787918399 ], [ -0.490154075028328, 51.180008486863997 ], [ -0.490348652835107, 51.1817150907249 ], [ -0.491807205520043, 51.1821826017555 ], [ -0.491595433604796, 51.183588721560803 ], [ -0.493844132340875, 51.184314540670201 ], [ -0.494803632763547, 51.184421582169001 ], [ -0.495234270056435, 51.183149248017102 ], [ -0.498331113949569, 51.183825723166301 ], [ -0.501098458170885, 51.183537827828602 ], [ -0.505342574276898, 51.183602691365301 ], [ -0.504420701947323, 51.187637670672103 ], [ -0.504754427819806, 51.189396463020103 ], [ -0.504439326649324, 51.1903789301887 ], [ -0.504962212983764, 51.192571756961101 ], [ -0.507155591396372, 51.196202528026397 ], [ -0.505636899165713, 51.197843205613601 ], [ -0.503217628341391, 51.198737639709996 ], [ -0.502762495577598, 51.199314997151397 ], [ -0.503607358879582, 51.2000678858208 ], [ -0.506527399043709, 51.200907702878098 ], [ -0.505650492347259, 51.204964559138098 ], [ -0.508552807265061, 51.2054862936888 ], [ -0.511698060538193, 51.206621522469298 ], [ -0.516718280931978, 51.206765362540899 ], [ -0.519823510000061, 51.208014215154599 ], [ -0.524270175267528, 51.208414785255798 ], [ -0.524656447893981, 51.2094510949225 ], [ -0.526835302146564, 51.208961429395103 ], [ -0.527711412583976, 51.211388826058503 ], [ -0.529266643389259, 51.211689861791299 ], [ -0.530665475034383, 51.213355775062801 ], [ -0.532445111045568, 51.213448226791499 ], [ -0.533659209696371, 51.213134315993599 ], [ -0.535054036130505, 51.213169762909999 ], [ -0.537051595508393, 51.2125769414098 ], [ -0.542637219984847, 51.2120198227583 ], [ -0.543895981827152, 51.211603873752502 ], [ -0.544273325997744, 51.210351397013099 ], [ -0.547599840180778, 51.209603216730898 ], [ -0.550294372489106, 51.206178851254897 ], [ -0.552038866027579, 51.201403764994801 ], [ -0.552848653418623, 51.200456961512103 ], [ -0.553439532928206, 51.200831154079196 ], [ -0.55555854676358, 51.199258431946397 ], [ -0.557399836483229, 51.199650728134699 ], [ -0.558129996137771, 51.200149868609003 ], [ -0.559113121397976, 51.200110733096601 ], [ -0.560011209509072, 51.200826790731703 ], [ -0.560790081518842, 51.200680843237102 ], [ -0.562346527100891, 51.201677458267902 ], [ -0.565868858291762, 51.199942265445102 ], [ -0.569573066420406, 51.200451246315403 ], [ -0.57088365664275, 51.199368429130203 ], [ -0.57378899893572, 51.198316632480498 ], [ -0.574993153929072, 51.196851015851799 ], [ -0.574437824610008, 51.196248045821399 ], [ -0.574437200455048, 51.192975622302299 ], [ -0.577579345674683, 51.192694701847699 ], [ -0.578375458119227, 51.189868853355797 ], [ -0.576127262461692, 51.189730944213302 ], [ -0.576240370366911, 51.189031809556901 ], [ -0.57709690403849, 51.188168118783899 ], [ -0.581582141214101, 51.188714506388102 ], [ -0.582028010902388, 51.1890607247785 ], [ -0.581692379724897, 51.189735590119298 ], [ -0.582687332456901, 51.189726066800503 ], [ -0.583630845205747, 51.190782408595801 ], [ -0.584717496578891, 51.190815332846498 ], [ -0.584913892836894, 51.190428345666803 ], [ -0.587196983361373, 51.190739190576998 ], [ -0.586233412651657, 51.189865143822502 ], [ -0.586776125164075, 51.189527284941803 ], [ -0.588323293780542, 51.190177230082902 ], [ -0.591870860186362, 51.190553127969103 ], [ -0.592057835817841, 51.190874613258302 ], [ -0.593708701795467, 51.191336434944901 ], [ -0.593300970972543, 51.193781099024697 ], [ -0.592018446537503, 51.195008449169002 ], [ -0.589488126121177, 51.196272023561697 ], [ -0.588728664506203, 51.195458048099198 ], [ -0.587708453301414, 51.195871095948 ], [ -0.587118844892491, 51.1962902292587 ], [ -0.587341887472181, 51.197060788012102 ], [ -0.588924883969389, 51.197201267187403 ], [ -0.585964349720664, 51.197876871003103 ], [ -0.584926908961277, 51.198662875862297 ], [ -0.586958732646832, 51.199910471477402 ], [ -0.588323491710226, 51.199855885636197 ], [ -0.588719893320707, 51.200219461958902 ], [ -0.590093329314832, 51.200467017163199 ], [ -0.591405275080847, 51.201224766404103 ], [ -0.592525053002494, 51.202902277149803 ], [ -0.600185962875312, 51.204471077045703 ], [ -0.6034702476264, 51.204361093255699 ], [ -0.610122338290397, 51.206886257053199 ], [ -0.613352263252274, 51.207494757177699 ], [ -0.614114278544194, 51.208054157804199 ], [ -0.616495696062509, 51.207029377240602 ], [ -0.617677667910056, 51.205756540742598 ], [ -0.617452654065996, 51.2055254455422 ], [ -0.618722016824158, 51.204963117886201 ], [ -0.618366215334994, 51.2046100122691 ], [ -0.621259375962478, 51.202880712727001 ], [ -0.623645298940156, 51.2022649964333 ], [ -0.625830025274888, 51.203864845654103 ], [ -0.628296333594024, 51.20355615055 ], [ -0.628753678222179, 51.202085846407201 ], [ -0.629193880784094, 51.202340193234903 ], [ -0.633152469454056, 51.202520486691697 ], [ -0.635500955838864, 51.201615403507297 ], [ -0.634753713293512, 51.1984703254465 ], [ -0.636904040658162, 51.198123396323702 ], [ -0.63871635482769, 51.195164285071797 ], [ -0.637754759002919, 51.194818561936202 ], [ -0.637649207430806, 51.194466621893497 ], [ -0.632269673629511, 51.193562282142103 ], [ -0.629803019732213, 51.192815784260901 ], [ -0.630086440067483, 51.192220112716299 ], [ -0.629232200663948, 51.1914915868918 ], [ -0.629942044770917, 51.191027221642898 ], [ -0.631127227903381, 51.184074101073598 ], [ -0.633323296788454, 51.183508072322297 ], [ -0.632837718267591, 51.182823895378903 ], [ -0.638301308279404, 51.180368775692799 ], [ -0.640885338978632, 51.178852130677001 ], [ -0.648119784721682, 51.1758370136818 ], [ -0.650555872413511, 51.179133155587301 ], [ -0.651506996776669, 51.181205206221897 ], [ -0.652908612285114, 51.1810739185523 ], [ -0.653165283890989, 51.181646039545001 ], [ -0.650398731965995, 51.183144722657801 ], [ -0.652318441879736, 51.183455556696401 ], [ -0.656816078959818, 51.187334405325302 ], [ -0.65844158993096, 51.190680537385703 ], [ -0.660659870278979, 51.1932150056561 ], [ -0.660881626652978, 51.195819901680601 ], [ -0.663118213531337, 51.198756477579302 ], [ -0.663407226571203, 51.200246202034002 ], [ -0.666100816791183, 51.199260804453999 ], [ -0.667381228761943, 51.199180105284299 ], [ -0.669279906600376, 51.196868970266799 ], [ -0.670960241360836, 51.196022145889998 ], [ -0.676187338860263, 51.195211803393903 ], [ -0.679540298817639, 51.195574332344499 ], [ -0.679531729091955, 51.195271178934597 ], [ -0.681385480917947, 51.195310968672601 ], [ -0.682561852714263, 51.1945571876442 ], [ -0.682990180939548, 51.194644719967897 ], [ -0.684846858529166, 51.192480190227798 ], [ -0.684692626258458, 51.1916133608187 ], [ -0.685278722740621, 51.191535418402403 ], [ -0.685486610628368, 51.189910979711001 ], [ -0.688402367528846, 51.188653170832701 ], [ -0.688265668318996, 51.1895571643933 ], [ -0.691291599653208, 51.1901475602521 ], [ -0.69122743272644, 51.191004113593301 ], [ -0.693055860683681, 51.190907696820702 ], [ -0.693795097545058, 51.191257423388599 ], [ -0.693685993121592, 51.191707277185202 ], [ -0.694521125965425, 51.1920358759942 ], [ -0.694517053509387, 51.191235231514298 ], [ -0.695599191993737, 51.191188239646102 ], [ -0.696129778681935, 51.192651830014597 ], [ -0.696196137381422, 51.192067677678203 ], [ -0.696968268393547, 51.191938693428199 ], [ -0.698883046343369, 51.191939323795999 ], [ -0.699540861092772, 51.192745358039303 ], [ -0.700414945890679, 51.191931982762299 ], [ -0.700353337559209, 51.192718695775 ], [ -0.701940029900119, 51.192305025764 ], [ -0.702400424999023, 51.192472901241999 ], [ -0.703789863723296, 51.194612642510002 ], [ -0.70317878245622, 51.196407907730801 ], [ -0.70656060909044, 51.202710652290101 ], [ -0.708914672651133, 51.203039712897798 ], [ -0.713166796896589, 51.202084712411903 ], [ -0.718571475106671, 51.200752918579603 ], [ -0.718709066894235, 51.199612328539502 ], [ -0.719968624375146, 51.200387845809203 ], [ -0.731642049228366, 51.196861263238901 ], [ -0.742212626348339, 51.205663203770499 ], [ -0.745888264658602, 51.206841973408402 ], [ -0.747215200493024, 51.208923235128303 ], [ -0.74677484898515, 51.209178978601003 ], [ -0.748335859129155, 51.210717868638099 ], [ -0.747686885537034, 51.214347350536002 ], [ -0.746673226509335, 51.214087400457601 ], [ -0.74625520385579, 51.216486372472502 ], [ -0.74186353908996, 51.2195485912452 ], [ -0.742700054238766, 51.221579654001097 ], [ -0.746274047506875, 51.221274730466497 ], [ -0.746526208016372, 51.2219545583553 ], [ -0.747370284208213, 51.2218763958304 ], [ -0.747407745829262, 51.2231375529107 ], [ -0.748281267459733, 51.223189155048097 ], [ -0.748336015847959, 51.223495490654898 ], [ -0.744383145559525, 51.2236168433041 ], [ -0.741600976564765, 51.224179572329099 ], [ -0.742369136707753, 51.225477356115 ], [ -0.741583388090072, 51.225561504553603 ], [ -0.742278912437124, 51.228365654081699 ], [ -0.745651644712131, 51.227681589569798 ], [ -0.746303811215921, 51.229085072035197 ], [ -0.745540379663864, 51.230456389212698 ], [ -0.743846039337456, 51.230615312051597 ], [ -0.741758164081064, 51.231333915037403 ], [ -0.739188667617552, 51.233480551648803 ], [ -0.738848346492053, 51.235497515097997 ], [ -0.735786072535465, 51.237680163777 ], [ -0.735899696423158, 51.238863001476098 ], [ -0.736527366290403, 51.238961477622702 ], [ -0.738182969007738, 51.240124998363498 ], [ -0.738498191278421, 51.241117539161301 ], [ -0.737386905534515, 51.2424058224885 ], [ -0.736528162669726, 51.245090577536203 ], [ -0.735203490513086, 51.245587954308697 ], [ -0.734681823887734, 51.2465849313934 ], [ -0.736103986186831, 51.248745872721599 ], [ -0.735740616411589, 51.2494028672591 ], [ -0.734464183486071, 51.250590445419299 ], [ -0.732814131679466, 51.250881923017999 ], [ -0.730695469485681, 51.251956082417898 ], [ -0.731155216192888, 51.253474440805498 ], [ -0.730489797425043, 51.2548997693372 ], [ -0.730534588134592, 51.255354337800497 ], [ -0.729557137548888, 51.255722381516101 ], [ -0.729395983321254, 51.256421128174203 ], [ -0.730287285749707, 51.2569424260763 ], [ -0.73039864813878, 51.257378029806397 ], [ -0.732437254483127, 51.257660041086901 ], [ -0.733300634776546, 51.259721472229302 ], [ -0.733705216979199, 51.260126909082999 ], [ -0.733231130389057, 51.261161410304901 ], [ -0.731990515166247, 51.262133570798397 ], [ -0.7325818489935, 51.262727224345802 ], [ -0.732668909336577, 51.263628363954503 ], [ -0.73156193250115, 51.2642755318846 ], [ -0.731245692194439, 51.265978905745698 ], [ -0.731633239888027, 51.266790704319497 ], [ -0.731485651599116, 51.268304416679001 ], [ -0.730900663494478, 51.268518334539898 ], [ -0.730138181840618, 51.269973232211598 ], [ -0.730358388640343, 51.271507118378103 ], [ -0.731154201534102, 51.272435728048301 ], [ -0.73041363935339, 51.273460948512998 ], [ -0.731552495249318, 51.274480482974198 ], [ -0.731404888776457, 51.274948354943497 ], [ -0.732216917233626, 51.275659473163898 ], [ -0.732312649269605, 51.276450909058902 ], [ -0.733069747602906, 51.2767612626415 ], [ -0.732944385020429, 51.277357019799602 ], [ -0.733383053856487, 51.277357274036603 ], [ -0.733480153986168, 51.277790024505798 ], [ -0.732824647880948, 51.278165090648301 ], [ -0.732940468508429, 51.279168098258403 ], [ -0.731595944698618, 51.279885080945597 ], [ -0.73173532918931, 51.280238650207899 ], [ -0.731069933388112, 51.280346989034101 ], [ -0.729830769869969, 51.280021950372003 ], [ -0.728276551819889, 51.280489313691497 ], [ -0.723923020075765, 51.280088142280697 ], [ -0.720224350191838, 51.2792849969277 ], [ -0.719281441107449, 51.280504852181501 ], [ -0.718934173451174, 51.280412024341203 ], [ -0.715618125217476, 51.282071090238297 ], [ -0.709569509300034, 51.282444850677898 ], [ -0.703827080547256, 51.284038711373498 ], [ -0.697753757994484, 51.288775074168903 ], [ -0.700509260487376, 51.291444968892698 ], [ -0.699935276733495, 51.297842726948097 ], [ -0.698758042616529, 51.299310652137301 ], [ -0.697630273886549, 51.3000318692851 ], [ -0.694600016580688, 51.304638073646103 ], [ -0.687504413468527, 51.313813476896598 ], [ -0.675294670965659, 51.315521266153802 ], [ -0.672716725264428, 51.3164461748256 ], [ -0.67136139494148, 51.317365126661002 ], [ -0.646806837272302, 51.311885829894102 ], [ -0.649961674973826, 51.308571312134497 ], [ -0.648628929886173, 51.307202509068603 ], [ -0.647890639256157, 51.304355060557697 ], [ -0.642046510981718, 51.300026799939801 ], [ -0.641148313254652, 51.299595462545703 ], [ -0.640810007824081, 51.299733666165999 ], [ -0.633525804351002, 51.294366564336897 ], [ -0.624899398706897, 51.287224337012098 ], [ -0.622227374135529, 51.285844849740201 ], [ -0.618172659721204, 51.282709856693998 ], [ -0.616450307460951, 51.283335252689398 ], [ -0.615398031248814, 51.282803896880999 ], [ -0.614912363838752, 51.283310759186598 ], [ -0.613822935853383, 51.282725908201201 ], [ -0.612543072388327, 51.282753886548598 ], [ -0.611650484585673, 51.282155167688401 ], [ -0.609063290659003, 51.283639703225298 ], [ -0.607203518575775, 51.283970973518102 ], [ -0.606996323208099, 51.283753553579203 ], [ -0.605608410145298, 51.283795452242899 ], [ -0.604967156544672, 51.284184449315603 ], [ -0.603143248236796, 51.2839899837047 ], [ -0.603224763550072, 51.284752689134898 ], [ -0.602814082767238, 51.285007598569699 ], [ -0.603577891802793, 51.285308087759098 ], [ -0.603518432323113, 51.285662576974502 ], [ -0.602328300418858, 51.2862257084766 ], [ -0.60188797042771, 51.285945260066498 ], [ -0.601547330651788, 51.2862152487237 ], [ -0.60085183638255, 51.286077063747101 ], [ -0.59466085145695, 51.283993088698303 ], [ -0.589919211093409, 51.282013498884098 ], [ -0.582203727476826, 51.276969540917797 ], [ -0.569880385417316, 51.2733950667347 ], [ -0.568472852947213, 51.2732456724465 ], [ -0.566365983000704, 51.272377308308101 ], [ -0.563553586894198, 51.270495776106799 ], [ -0.561727473716867, 51.270257554382603 ], [ -0.559634290141691, 51.269482750350001 ], [ -0.559803550409451, 51.270260006159297 ], [ -0.559141639709304, 51.270384962962801 ], [ -0.558322400910122, 51.269947731320798 ], [ -0.557728761047049, 51.270823517652502 ], [ -0.558282277612578, 51.271231405498398 ], [ -0.554926672823931, 51.270851051867702 ], [ -0.554384360037108, 51.2705121692712 ], [ -0.554379425410965, 51.269388905480803 ], [ -0.553479431189844, 51.269138050384598 ], [ -0.553250018977009, 51.268316870415099 ], [ -0.550993560360722, 51.2688321441046 ], [ -0.550038369042171, 51.268282266228603 ], [ -0.550072267334994, 51.268033854511401 ], [ -0.551543324261506, 51.267713047493999 ], [ -0.550731194788179, 51.266952995921201 ], [ -0.547709745729172, 51.265674533227902 ], [ -0.544369609523115, 51.265503565355203 ], [ -0.541504798818833, 51.266300548567003 ], [ -0.537445766202498, 51.268414430550003 ], [ -0.536043109083941, 51.2688411773727 ], [ -0.537835671476248, 51.269181939443797 ], [ -0.539203690540268, 51.270116208633901 ], [ -0.538087978943863, 51.271485404365798 ], [ -0.538315878771334, 51.271939648388503 ], [ -0.53767077040699, 51.273156401295402 ], [ -0.534188063331163, 51.273845772154701 ], [ -0.535127890672599, 51.274812559687199 ], [ -0.535542596335695, 51.274306036831902 ], [ -0.536046624710165, 51.274324934797598 ], [ -0.535909627944017, 51.275072276550802 ], [ -0.537106141266536, 51.275796453084297 ], [ -0.536470235885825, 51.2765429848072 ], [ -0.537587492372047, 51.276757504037001 ], [ -0.539644409209374, 51.276502642583203 ], [ -0.541887623186407, 51.277446554290201 ], [ -0.541907804927931, 51.279255119217403 ], [ -0.543422328545706, 51.279880118821602 ], [ -0.543568258419446, 51.280705706962699 ], [ -0.544038990830124, 51.281010135345198 ], [ -0.546067105906921, 51.281311468632197 ], [ -0.546299288052135, 51.281949243972903 ], [ -0.545497830864771, 51.282855643989301 ], [ -0.546506429441557, 51.283520159249498 ], [ -0.546908649445552, 51.283044005301399 ], [ -0.547353819872554, 51.283069317673501 ], [ -0.547686771639567, 51.2837443932548 ], [ -0.547290041109375, 51.284365267853602 ], [ -0.547768767322366, 51.284463006803101 ], [ -0.548476548580555, 51.284026607153798 ], [ -0.549190828578912, 51.284660471036901 ], [ -0.547770303006375, 51.285915294629397 ], [ -0.546831133326201, 51.286005299173297 ], [ -0.545959816120163, 51.286575406343303 ], [ -0.547278374562169, 51.287237474958097 ], [ -0.546217242475678, 51.287826799637799 ], [ -0.545016511851818, 51.287702088041698 ], [ -0.545852073191347, 51.288809644263601 ], [ -0.544370737460631, 51.289485422347603 ], [ -0.545292888389566, 51.293394307254196 ], [ -0.546185728465706, 51.294642818582197 ], [ -0.545425158703246, 51.295108213623699 ], [ -0.545023447461979, 51.296134205645103 ], [ -0.544247481836886, 51.296133085735001 ], [ -0.543141329635503, 51.296617048048603 ], [ -0.542420719828247, 51.296520833811897 ], [ -0.542247759101967, 51.297748428152303 ], [ -0.541403012276873, 51.298106589022503 ], [ -0.541407229689691, 51.298834150864998 ], [ -0.542185519871246, 51.298717963868398 ], [ -0.542243011079257, 51.299077039938297 ], [ -0.539402240185954, 51.299726365731502 ], [ -0.539424267295286, 51.300253163329202 ], [ -0.540237221306566, 51.3009678981024 ], [ -0.539622229843164, 51.301293844200202 ], [ -0.537881551103175, 51.301266684874598 ], [ -0.536209251223525, 51.300324809362898 ], [ -0.535372421926355, 51.300521157296501 ], [ -0.534869189120885, 51.299880864693698 ], [ -0.535553058870473, 51.299378740584103 ], [ -0.535238684812058, 51.299069948501 ], [ -0.534489717402146, 51.298805168988501 ], [ -0.533724183054774, 51.299196646213801 ], [ -0.531169653523584, 51.297571079272899 ], [ -0.529911153637989, 51.2975432136544 ], [ -0.529311686388169, 51.297854376678202 ], [ -0.529244525960983, 51.298596508579301 ], [ -0.52828167939418, 51.298576120677602 ], [ -0.525789949667945, 51.299642740751899 ], [ -0.527194969752841, 51.3004419112279 ], [ -0.52585476822313, 51.301440298599303 ], [ -0.526083994453055, 51.302301091580603 ], [ -0.525337989668826, 51.302795276736099 ], [ -0.523768322615193, 51.30266935657 ], [ -0.523497266469297, 51.303069706227497 ], [ -0.522919731602862, 51.303140648590301 ], [ -0.52238481272413, 51.302285879012601 ], [ -0.521331660805862, 51.3032257915876 ], [ -0.521398398242133, 51.303917274406601 ], [ -0.520941073237262, 51.304398894520503 ], [ -0.520098909276805, 51.303507854229203 ], [ -0.518658836528083, 51.303812457114901 ], [ -0.518769289860433, 51.303143900687097 ], [ -0.518021671672997, 51.302927599641201 ], [ -0.515879155241934, 51.303662151796303 ], [ -0.516219840342578, 51.304615555364499 ], [ -0.512208285805895, 51.3053466640567 ], [ -0.511667296936681, 51.305971972648798 ], [ -0.510821140146528, 51.306096105118101 ], [ -0.510258510584566, 51.307166305443197 ], [ -0.510750332324205, 51.309208135128898 ], [ -0.512101810401787, 51.309216642709202 ], [ -0.513040298386314, 51.308900337236899 ], [ -0.513633287845891, 51.309465432302503 ], [ -0.512379520788622, 51.309946749741798 ], [ -0.512652818483925, 51.310550039965499 ], [ -0.5133642194667, 51.3105114284796 ], [ -0.512529053399307, 51.311136598357898 ], [ -0.513014988976189, 51.3115519096512 ], [ -0.512909341937127, 51.311980473822601 ], [ -0.510812716161491, 51.312567120544003 ], [ -0.51029827103137, 51.3131208347924 ], [ -0.509712592314654, 51.313038672069901 ], [ -0.509817680254095, 51.311700132628502 ], [ -0.50789748759929, 51.312332124792803 ], [ -0.506694952933848, 51.311805977014998 ], [ -0.507618118748665, 51.311344784045502 ], [ -0.507421627976766, 51.3111219340296 ], [ -0.504845426286946, 51.311277040014097 ], [ -0.505216045350538, 51.310111812444603 ], [ -0.504748781726815, 51.309965601714701 ], [ -0.503444403248257, 51.3104138080515 ], [ -0.501992581189771, 51.308862897013498 ], [ -0.503163664128334, 51.307089313897102 ], [ -0.500847942727971, 51.306564175350502 ], [ -0.499885193413045, 51.306875593712697 ], [ -0.498361613233737, 51.308455859203001 ], [ -0.493918169721336, 51.309682098756603 ], [ -0.491932568877832, 51.310940996601701 ], [ -0.491915302483475, 51.312072569102298 ], [ -0.491045381129265, 51.313441721817703 ], [ -0.491459343237707, 51.3145585201393 ], [ -0.490799031490024, 51.3149160146396 ], [ -0.488761196190941, 51.3149442547303 ], [ -0.487868732694772, 51.315706456472803 ], [ -0.488282866994704, 51.315986068157997 ], [ -0.488040231628338, 51.316164586249101 ], [ -0.486805538264119, 51.316488567715702 ], [ -0.484730108656664, 51.316117795375803 ], [ -0.482026719843681, 51.3163656343824 ], [ -0.482460472100515, 51.315396469258197 ], [ -0.481477198260668, 51.314992745194203 ], [ -0.47794256724415, 51.315524911482697 ], [ -0.475320035003946, 51.316452286758597 ], [ -0.474778639026673, 51.318890225735203 ], [ -0.476316545844311, 51.320421873771501 ], [ -0.476265591520115, 51.321006632524799 ], [ -0.477323054584542, 51.321190370347502 ], [ -0.478105226530694, 51.322098795802702 ], [ -0.479067626111555, 51.322073527270803 ], [ -0.478447544231234, 51.322553812350598 ], [ -0.480112871189172, 51.322581706163703 ], [ -0.481089299948683, 51.323088894121199 ], [ -0.48107389454694, 51.3222542531541 ], [ -0.482393854668667, 51.3223522553861 ], [ -0.482499283610618, 51.3233319891023 ], [ -0.483214678581275, 51.3236604767866 ], [ -0.483441705986495, 51.324480863426899 ], [ -0.485228916403074, 51.324209013618997 ], [ -0.486033555506201, 51.324573706074801 ], [ -0.487061192591067, 51.325754232222799 ], [ -0.488024361045613, 51.325531041285501 ], [ -0.48905479194936, 51.325709752374699 ], [ -0.489349949965387, 51.326120086583103 ], [ -0.487914152047353, 51.3265727250729 ], [ -0.48831064486573, 51.327435756048096 ], [ -0.489205433095613, 51.328074082326097 ], [ -0.489180693697941, 51.329742752659399 ], [ -0.487802765828722, 51.329871593443102 ], [ -0.487227308631911, 51.3291708555425 ], [ -0.486822254973234, 51.329176409992399 ], [ -0.486572411211551, 51.329662325601703 ], [ -0.487223487464613, 51.330334376163798 ], [ -0.486502085733162, 51.330706318693998 ], [ -0.485897441348344, 51.330500723238302 ], [ -0.483797280689399, 51.331505878354101 ], [ -0.483231738814045, 51.331241360234003 ], [ -0.483217081051134, 51.330641362223403 ] ] ] } },
{ "type": "Feature", "properties": { "LAD24CD": "E07000210", "LAD24NM": "Mole Valley" }, "geometry": { "type": "Polygon", "coordinates": [ [ [ -0.305007851774892, 51.332975721891899 ], [ -0.297428983824354, 51.325859800741597 ], [ -0.293567164006878, 51.325185854101797 ], [ -0.292287763847127, 51.325277825689099 ], [ -0.292273210078418, 51.324916100255599 ], [ -0.290886153057372, 51.324815387975498 ], [ -0.28909934888493, 51.322998818031202 ], [ -0.2884601928813, 51.321623454072601 ], [ -0.287664091609856, 51.321091574920203 ], [ -0.285246782424569, 51.316601075902 ], [ -0.284183806247496, 51.312859688555903 ], [ -0.281947931662323, 51.311714449582297 ], [ -0.280545979950287, 51.310257672071302 ], [ -0.278781996574488, 51.306324303863803 ], [ -0.278206864317543, 51.302139561750202 ], [ -0.275314349988678, 51.298322679153003 ], [ -0.272902452466842, 51.293371647750597 ], [ -0.270215376470834, 51.289076617508599 ], [ -0.270246718128508, 51.287364926408301 ], [ -0.26948003362475, 51.286546923514102 ], [ -0.268873281772131, 51.284111813658001 ], [ -0.26732396770623, 51.281534982946901 ], [ -0.266242875547351, 51.278638654238698 ], [ -0.267054598998661, 51.274406160834502 ], [ -0.266125456002861, 51.273150526089701 ], [ -0.266874257986172, 51.268644652228197 ], [ -0.265774992630709, 51.265745273255298 ], [ -0.266473805664677, 51.262756629183002 ], [ -0.265744188633882, 51.261387070525402 ], [ -0.264122108511187, 51.260994266858603 ], [ -0.261422134718927, 51.2594282439537 ], [ -0.260834540978885, 51.257829534161402 ], [ -0.259225116330517, 51.257981917917597 ], [ -0.258407127722874, 51.257744914511697 ], [ -0.254569746662293, 51.259010675730302 ], [ -0.253347704879429, 51.260548097071201 ], [ -0.25086532980901, 51.260619018996003 ], [ -0.248879155381696, 51.260233240449899 ], [ -0.248696587110077, 51.259493054667203 ], [ -0.247636669412831, 51.259136386211303 ], [ -0.243746926023333, 51.259508023785699 ], [ -0.243945489365216, 51.260090052048703 ], [ -0.24348582371093, 51.260154270721003 ], [ -0.240912817080385, 51.259862939044801 ], [ -0.24068646095894, 51.260647250929701 ], [ -0.232011806414615, 51.258117442369198 ], [ -0.226757138377764, 51.255913690807702 ], [ -0.225973989575801, 51.253809014810301 ], [ -0.227354052643037, 51.253492231370103 ], [ -0.22721599087397, 51.2532068716814 ], [ -0.22795392072822, 51.252836746853298 ], [ -0.227853457523129, 51.2514245410554 ], [ -0.231523088820487, 51.250834958544701 ], [ -0.231545290100814, 51.250065876369298 ], [ -0.227617646871082, 51.249209388912199 ], [ -0.226542495079375, 51.249220991317003 ], [ -0.226314005044898, 51.2489027845359 ], [ -0.226481567367153, 51.247489860921299 ], [ -0.228159403589426, 51.247350149978203 ], [ -0.229323684532162, 51.247721533662698 ], [ -0.229713510888592, 51.247320234953101 ], [ -0.229251033913431, 51.245170089646301 ], [ -0.229964886894418, 51.245087356784197 ], [ -0.231772848325476, 51.242228536296999 ], [ -0.230700590143342, 51.240095852270898 ], [ -0.233905591933281, 51.237970288072802 ], [ -0.237711847314754, 51.236984011465097 ], [ -0.239462683441489, 51.237266649247601 ], [ -0.244872819831002, 51.236305597743502 ], [ -0.245979929995044, 51.2348388119104 ], [ -0.247189982095752, 51.234208547366798 ], [ -0.246862682566633, 51.233585828760603 ], [ -0.247519306747151, 51.233306981567701 ], [ -0.247857808051195, 51.232615982783102 ], [ -0.248929816931879, 51.232299277783198 ], [ -0.249923640576221, 51.231097373181903 ], [ -0.248801787602837, 51.229141685360901 ], [ -0.250282837593544, 51.228536112911499 ], [ -0.249354208439353, 51.227831559522897 ], [ -0.250758180445622, 51.227142092036303 ], [ -0.25008518921155, 51.226759719549797 ], [ -0.250264540130965, 51.225881975902503 ], [ -0.249977842424069, 51.225473000707701 ], [ -0.249171208017416, 51.225371457764297 ], [ -0.249165411355518, 51.224240038400602 ], [ -0.247656181491848, 51.224346057116499 ], [ -0.246972408831299, 51.223419421480401 ], [ -0.246486225079874, 51.2235884045934 ], [ -0.246454337231489, 51.224013301052601 ], [ -0.245736296430702, 51.224438528724903 ], [ -0.245035962352455, 51.224555014207503 ], [ -0.244817852706953, 51.224151550637004 ], [ -0.244356449868449, 51.224120350126299 ], [ -0.24434766751787, 51.224690381755202 ], [ -0.242985746522336, 51.2247634764366 ], [ -0.242536198143894, 51.224495927787203 ], [ -0.243062844993614, 51.224167490817301 ], [ -0.242683662362768, 51.223409974625199 ], [ -0.240944834592252, 51.223900063063901 ], [ -0.240225582075419, 51.223382040707101 ], [ -0.239154855422083, 51.223526286676197 ], [ -0.237599927707532, 51.222795757217 ], [ -0.23542130303246, 51.222355547335198 ], [ -0.236094450833081, 51.2217541600861 ], [ -0.234851386373158, 51.221008777047601 ], [ -0.236068871965658, 51.219874210633797 ], [ -0.235640552485952, 51.219203162934498 ], [ -0.234650332420161, 51.219030403620799 ], [ -0.235279451004584, 51.218306050300697 ], [ -0.234577973007428, 51.218248528427701 ], [ -0.234176302541415, 51.217731444742597 ], [ -0.233810593524239, 51.216203334119399 ], [ -0.234375111644874, 51.215819749685103 ], [ -0.233793762936804, 51.215287848222999 ], [ -0.234872222889076, 51.214569376392497 ], [ -0.233012864156341, 51.213399823204099 ], [ -0.231510127310756, 51.213232338966897 ], [ -0.229948641656628, 51.213711642426802 ], [ -0.228668867739976, 51.213544606299003 ], [ -0.228202891484411, 51.2138887991796 ], [ -0.227288581984355, 51.213962045492899 ], [ -0.227334172784837, 51.213475837890002 ], [ -0.225972474384476, 51.213178218958497 ], [ -0.225097867349617, 51.212310967795901 ], [ -0.226458465848103, 51.210739427514397 ], [ -0.22863261876901, 51.209823574362098 ], [ -0.230397221670603, 51.210176713478702 ], [ -0.232427748480608, 51.209720014872801 ], [ -0.23355198352131, 51.209035451667802 ], [ -0.230723926750244, 51.207252612613402 ], [ -0.234868874584861, 51.206270219754899 ], [ -0.234758467871148, 51.206085956097802 ], [ -0.232671644304594, 51.2043160473809 ], [ -0.231556250468272, 51.204772284911499 ], [ -0.229548832329925, 51.206947955564502 ], [ -0.228287910217894, 51.206976525472697 ], [ -0.226553997958768, 51.205806531436998 ], [ -0.226279948668093, 51.204144311136801 ], [ -0.223145130758953, 51.203843426482401 ], [ -0.223419084038869, 51.202008843869898 ], [ -0.224777494525578, 51.202118487244199 ], [ -0.225116449533233, 51.201285269279097 ], [ -0.224142962842885, 51.199200330123602 ], [ -0.223584848830834, 51.195957854218499 ], [ -0.220989273682096, 51.196084846432498 ], [ -0.221205344127156, 51.197277945561098 ], [ -0.221705813576402, 51.197290945622498 ], [ -0.221176832013531, 51.197757713193397 ], [ -0.221569637051474, 51.198299675190199 ], [ -0.220733899403393, 51.198295067163599 ], [ -0.220507025990992, 51.198908549216 ], [ -0.219950185817786, 51.199095233453299 ], [ -0.2204844627724, 51.199494560543201 ], [ -0.220040271993736, 51.199766594312401 ], [ -0.220766659849999, 51.200232692944802 ], [ -0.220097975047319, 51.200647003290101 ], [ -0.220723667727222, 51.200977572641399 ], [ -0.219677105362448, 51.201242244913402 ], [ -0.21943893860776, 51.2019994435623 ], [ -0.218567525121292, 51.201852815046699 ], [ -0.217640479945172, 51.2007920786439 ], [ -0.214658122635196, 51.199473297470099 ], [ -0.215766103734591, 51.198097096878598 ], [ -0.215967842443773, 51.196802468650397 ], [ -0.21486075553958, 51.195003205185998 ], [ -0.21282050222531, 51.193319060929497 ], [ -0.215818871565665, 51.192911583562797 ], [ -0.215559897600478, 51.192280811487102 ], [ -0.218065731717655, 51.191613940230901 ], [ -0.218936233313672, 51.190936531813001 ], [ -0.220905427138602, 51.190827936968901 ], [ -0.221705996757189, 51.191368931355299 ], [ -0.221815660981119, 51.191867867132103 ], [ -0.22437432792009, 51.191912108193399 ], [ -0.227164926163557, 51.191579413653798 ], [ -0.227276673897287, 51.1892249414174 ], [ -0.228469441570387, 51.187451536077504 ], [ -0.232130844824089, 51.186717258008102 ], [ -0.233446932776216, 51.186616658051904 ], [ -0.234340515103636, 51.187798379433303 ], [ -0.235170402881794, 51.1871256353284 ], [ -0.236507795198488, 51.187255484214802 ], [ -0.236320358081066, 51.186879441518897 ], [ -0.236820890679104, 51.186437327409102 ], [ -0.237021659773649, 51.186876520417101 ], [ -0.238468991059923, 51.1871240463513 ], [ -0.237968891166084, 51.187329654089098 ], [ -0.23852041717717, 51.188629373513898 ], [ -0.237901346571281, 51.188539114380099 ], [ -0.238154804765705, 51.189361306967101 ], [ -0.239646604534764, 51.1889691748394 ], [ -0.239808342046845, 51.189269280725398 ], [ -0.241374999117531, 51.189059635336697 ], [ -0.24163860963944, 51.189459573384099 ], [ -0.242906064412439, 51.189472316731099 ], [ -0.243246902438396, 51.189202244491902 ], [ -0.243007407647901, 51.188801152536399 ], [ -0.243433521814556, 51.188772476689699 ], [ -0.243797845821239, 51.188109755943202 ], [ -0.244612040936916, 51.188300036811803 ], [ -0.24501255188431, 51.188078518420802 ], [ -0.245159489913529, 51.186732653159801 ], [ -0.243427218277889, 51.184190382798199 ], [ -0.243085189974928, 51.182797623268698 ], [ -0.241635386875372, 51.183295638960097 ], [ -0.239126459533765, 51.183423737364201 ], [ -0.239171733153927, 51.184034866507602 ], [ -0.237244774613237, 51.184424122027799 ], [ -0.236187637964165, 51.183417781227398 ], [ -0.236682768486288, 51.182654812824701 ], [ -0.234622134984399, 51.181235216520498 ], [ -0.228942385856449, 51.180259697440597 ], [ -0.229026661287016, 51.179238558940902 ], [ -0.227875196359442, 51.178185122464498 ], [ -0.225466639180816, 51.177056854264698 ], [ -0.223760288913065, 51.174872529985699 ], [ -0.221729368720235, 51.175021557221797 ], [ -0.221003181988092, 51.175899946236598 ], [ -0.219970422233598, 51.176265524782103 ], [ -0.218035314268796, 51.1739869079545 ], [ -0.214478172588448, 51.174335548710303 ], [ -0.213915404462718, 51.174683973177501 ], [ -0.212749245793268, 51.173616705189403 ], [ -0.211092760797487, 51.1729474895875 ], [ -0.210762448935068, 51.172387543743902 ], [ -0.209701098276684, 51.172309274505103 ], [ -0.206877463689109, 51.172562813905202 ], [ -0.202589294566656, 51.174238044309199 ], [ -0.201877281514018, 51.173638042894197 ], [ -0.20068435498065, 51.1737825278502 ], [ -0.200000446402561, 51.174262088966302 ], [ -0.197929785823495, 51.174534198356397 ], [ -0.196922079713413, 51.175355075099901 ], [ -0.198077206972824, 51.176370194325003 ], [ -0.19956962177431, 51.179010245386102 ], [ -0.200734137026742, 51.180115389209902 ], [ -0.200592338418756, 51.180633947827999 ], [ -0.199626798275436, 51.181105584379701 ], [ -0.198597243372692, 51.181384727378003 ], [ -0.195918511709235, 51.1807660939388 ], [ -0.192630451449466, 51.180732452580401 ], [ -0.191446989998704, 51.181287057556602 ], [ -0.18981943629061, 51.181413931769903 ], [ -0.189658277309245, 51.181070603563903 ], [ -0.18769584293826, 51.180323411627 ], [ -0.188010045876564, 51.179828305764502 ], [ -0.189839930177421, 51.178842605488803 ], [ -0.18984926732057, 51.178293263909502 ], [ -0.1888332614427, 51.1783346543424 ], [ -0.188782876245237, 51.177867575959603 ], [ -0.187512377323494, 51.177466596779801 ], [ -0.187389608613375, 51.176455655422103 ], [ -0.186276433050775, 51.1757288456892 ], [ -0.186640443172164, 51.1752200727909 ], [ -0.183315643806165, 51.1749288461316 ], [ -0.182743369468727, 51.174492333902897 ], [ -0.182898858685859, 51.173247834748203 ], [ -0.182006485940055, 51.172402969649603 ], [ -0.181096356166237, 51.172664933357602 ], [ -0.180182641233719, 51.1725446321351 ], [ -0.179173153747938, 51.171896257877599 ], [ -0.17901553923585, 51.170957608987699 ], [ -0.176755228023664, 51.170198465781098 ], [ -0.176597172909372, 51.169762529130999 ], [ -0.177356765557581, 51.1689276877174 ], [ -0.17670622529243, 51.166849971732098 ], [ -0.177616748586013, 51.167300288277197 ], [ -0.179157231251178, 51.167084211942203 ], [ -0.185297862155254, 51.164819719922598 ], [ -0.1867703858467, 51.163852414033897 ], [ -0.186271778691638, 51.162122442405497 ], [ -0.186866075364391, 51.1616658518995 ], [ -0.188884914485802, 51.162412956870902 ], [ -0.190509355141965, 51.162019942074302 ], [ -0.194926371951781, 51.162446994215301 ], [ -0.195921749409937, 51.162302316662299 ], [ -0.204109586928842, 51.155711316339698 ], [ -0.206517626574246, 51.155163703581202 ], [ -0.212142089174476, 51.155454885559301 ], [ -0.211188408505489, 51.152527475149697 ], [ -0.211574770416991, 51.150412795516701 ], [ -0.214307191678029, 51.150303415259998 ], [ -0.214235175126048, 51.148463309648498 ], [ -0.215883908479708, 51.148235748843398 ], [ -0.216981637948275, 51.149360388079202 ], [ -0.219940636046401, 51.149083519662803 ], [ -0.222792660071282, 51.148074923343302 ], [ -0.226577675837458, 51.148252903273999 ], [ -0.229041075140487, 51.145656900844699 ], [ -0.230147665248772, 51.145955149181397 ], [ -0.236272652345043, 51.145879501591899 ], [ -0.236066658519749, 51.146710080828598 ], [ -0.238697798818943, 51.146809994137399 ], [ -0.241924870772513, 51.146018598126901 ], [ -0.242289973043384, 51.146229161281099 ], [ -0.243253265910981, 51.145559288617797 ], [ -0.243351058012027, 51.144896491265001 ], [ -0.24420141625215, 51.144471881548697 ], [ -0.246615033633585, 51.145962289581099 ], [ -0.248512076606572, 51.144080292870498 ], [ -0.250044920028945, 51.144279832952698 ], [ -0.251157940777964, 51.144056017869701 ], [ -0.251525664774242, 51.143631651931898 ], [ -0.253246824116668, 51.144014409515002 ], [ -0.252740075600899, 51.144486164422297 ], [ -0.255184519970304, 51.144190836075701 ], [ -0.255495986554317, 51.140510473815503 ], [ -0.254625028845736, 51.139099443056203 ], [ -0.260503326256928, 51.138085934737397 ], [ -0.264671092348195, 51.135662206356798 ], [ -0.265928659579655, 51.133913795963103 ], [ -0.267189773609457, 51.132909115868102 ], [ -0.275290745685159, 51.130308520774499 ], [ -0.279396507655544, 51.129974269633401 ], [ -0.282161958276864, 51.130130928519499 ], [ -0.28464157645636, 51.130636742018403 ], [ -0.286390624996893, 51.130492474863601 ], [ -0.28763643690592, 51.129893264540797 ], [ -0.289316003885288, 51.128138652489902 ], [ -0.291597942562691, 51.126910312025203 ], [ -0.300346786136933, 51.124735695914502 ], [ -0.305593430789043, 51.124447653108398 ], [ -0.308866875994985, 51.125048133877698 ], [ -0.309184898682116, 51.124715413866497 ], [ -0.309627803213722, 51.1248738454237 ], [ -0.309627099652946, 51.1245411015868 ], [ -0.312551340178168, 51.1240194660623 ], [ -0.318215468010413, 51.124349299397302 ], [ -0.320609981741222, 51.125114801259102 ], [ -0.326367613352662, 51.125785580989401 ], [ -0.32950183130969, 51.124324626405503 ], [ -0.330569133299245, 51.123054137307001 ], [ -0.331619177350573, 51.122464794944101 ], [ -0.336249799210654, 51.120974098808297 ], [ -0.342015303761532, 51.119905825741 ], [ -0.344356036574081, 51.118925055044798 ], [ -0.348117792671843, 51.118790750597398 ], [ -0.350500518895872, 51.118221131065603 ], [ -0.352787194507198, 51.118279347342899 ], [ -0.353928376439878, 51.118699190577601 ], [ -0.355329926514412, 51.120048505764998 ], [ -0.358033355933323, 51.121030223849203 ], [ -0.3596640798184, 51.120577338585697 ], [ -0.359239614402006, 51.119774669368503 ], [ -0.360258497976365, 51.119610860097502 ], [ -0.360451961164816, 51.119190939578999 ], [ -0.360018265390543, 51.119008560786803 ], [ -0.361398986473177, 51.118996444946397 ], [ -0.361459688372235, 51.119302154853401 ], [ -0.361845140692133, 51.118906498687302 ], [ -0.363629657166167, 51.118789340636098 ], [ -0.36454508796605, 51.119492774489402 ], [ -0.365465452821993, 51.118517341024202 ], [ -0.365180043974359, 51.117978342200999 ], [ -0.367339650969464, 51.117435647268699 ], [ -0.370140990346213, 51.117409890660099 ], [ -0.37595525550594, 51.116709318758403 ], [ -0.379351942682795, 51.117108032071101 ], [ -0.383100814763155, 51.116993586757403 ], [ -0.384575048446726, 51.1147751620435 ], [ -0.386335143448848, 51.114959072062 ], [ -0.390345078845017, 51.114730134630499 ], [ -0.391524793518279, 51.1165107854723 ], [ -0.395500887334711, 51.113880093758503 ], [ -0.396504233776198, 51.112176267033902 ], [ -0.398094281410542, 51.112341895059899 ], [ -0.399651174347111, 51.1116087438321 ], [ -0.399161682459136, 51.110102925405002 ], [ -0.400922981737899, 51.109693596006402 ], [ -0.400218400447078, 51.108419574993803 ], [ -0.40193138050245, 51.1077936245525 ], [ -0.403850355880909, 51.107696659272698 ], [ -0.404014671111927, 51.108069389008598 ], [ -0.404381196121405, 51.107631979846801 ], [ -0.406847452475721, 51.107323877257002 ], [ -0.409481762232091, 51.107526944308702 ], [ -0.411178935514305, 51.1067766696737 ], [ -0.419197682354686, 51.105190618319199 ], [ -0.419797507032437, 51.106764771375502 ], [ -0.419521859906094, 51.108020039171997 ], [ -0.418935855740565, 51.109172499212399 ], [ -0.417419600773618, 51.108927441727502 ], [ -0.417286874324924, 51.109128337679302 ], [ -0.418207227210455, 51.109371027226103 ], [ -0.418584853947043, 51.110945381227801 ], [ -0.417880208081656, 51.121670551806098 ], [ -0.416991380033883, 51.124722396440902 ], [ -0.413304640752447, 51.125426002747403 ], [ -0.413236600134928, 51.126328867920698 ], [ -0.41372051288288, 51.128139410780101 ], [ -0.415820544810091, 51.131130959840597 ], [ -0.415931870214573, 51.131469691113303 ], [ -0.415108742720854, 51.1315898872909 ], [ -0.415309827152514, 51.132187944716001 ], [ -0.416324490227244, 51.132401270100402 ], [ -0.415708568263379, 51.137535962130002 ], [ -0.415949828584662, 51.139134542710302 ], [ -0.415331967233268, 51.140106375987301 ], [ -0.414836391571465, 51.142470109507002 ], [ -0.415114487356484, 51.145037705920998 ], [ -0.414561033572722, 51.150176827625103 ], [ -0.414839390522801, 51.152320895390197 ], [ -0.415969554288745, 51.1549800410912 ], [ -0.41549321440675, 51.156361135059903 ], [ -0.416338866627444, 51.157349280449303 ], [ -0.415637619868785, 51.157488123008598 ], [ -0.415140078305247, 51.158654063152198 ], [ -0.416623829359624, 51.167077005028503 ], [ -0.41619086587296, 51.168607026937401 ], [ -0.418441916813657, 51.172219347499002 ], [ -0.418568646347191, 51.173293611284002 ], [ -0.416927282092234, 51.173521770986298 ], [ -0.416444205849264, 51.174176919726598 ], [ -0.415400640621529, 51.174058653858999 ], [ -0.412391730069721, 51.175295281497 ], [ -0.408446880586885, 51.175687545503997 ], [ -0.408129315527594, 51.177701220326902 ], [ -0.409964536532026, 51.181442019119203 ], [ -0.40936808412204, 51.184712074770097 ], [ -0.411363171687772, 51.189757472495401 ], [ -0.409878126861738, 51.192699513399702 ], [ -0.410237147609192, 51.1934112996409 ], [ -0.411633986019804, 51.194412278680304 ], [ -0.414305349742989, 51.195598635982599 ], [ -0.417688100159447, 51.199322632941303 ], [ -0.41799226061057, 51.200806969740803 ], [ -0.418938776102153, 51.201800883699399 ], [ -0.419601592065122, 51.201882678690602 ], [ -0.422335173348347, 51.203547145578597 ], [ -0.428131637404378, 51.2057285141032 ], [ -0.430679426070858, 51.207960195393802 ], [ -0.436957388438758, 51.208813788285703 ], [ -0.438436754321913, 51.209679496331198 ], [ -0.438305085217652, 51.211668815360497 ], [ -0.436776054178843, 51.212896613381602 ], [ -0.435255016868943, 51.2167171135766 ], [ -0.434340757396487, 51.217752525336699 ], [ -0.430612447367087, 51.227101912227099 ], [ -0.42654437987519, 51.229473574043404 ], [ -0.425676136085806, 51.230323340055797 ], [ -0.426070914106885, 51.231768426384399 ], [ -0.427269406828065, 51.233251282004602 ], [ -0.430162000336321, 51.235128226137 ], [ -0.433998794948388, 51.238695723034503 ], [ -0.434648247892369, 51.239905841590499 ], [ -0.433812746620553, 51.240714740354598 ], [ -0.432598903857584, 51.240855010876999 ], [ -0.429338971389474, 51.240411978790299 ], [ -0.427128612158509, 51.2410388453876 ], [ -0.425549157944665, 51.241144372193297 ], [ -0.421105747441286, 51.239567054021101 ], [ -0.41863741040856, 51.238489197262197 ], [ -0.415912236026192, 51.236633140376597 ], [ -0.410854390707787, 51.235163266453903 ], [ -0.402015654171769, 51.236001868758997 ], [ -0.396963682669025, 51.237888676106301 ], [ -0.397342528627006, 51.241005328144801 ], [ -0.396572850261862, 51.242126907044003 ], [ -0.396774558467077, 51.2436611259674 ], [ -0.39573118997939, 51.243795257755799 ], [ -0.395493293839371, 51.246969979828897 ], [ -0.395939890408513, 51.250565915315399 ], [ -0.394864777187763, 51.252184229739903 ], [ -0.394459712986442, 51.255089668182599 ], [ -0.394348567727645, 51.255319188724101 ], [ -0.392176904612083, 51.255089802095597 ], [ -0.391570118510397, 51.256462703917499 ], [ -0.389274244826868, 51.255928500339202 ], [ -0.390062375101734, 51.257406884500398 ], [ -0.390673270406119, 51.262445804096899 ], [ -0.389980149852514, 51.264729349188201 ], [ -0.387124037906654, 51.264876182759998 ], [ -0.38726988530786, 51.265336820886503 ], [ -0.388598098862973, 51.266950509657299 ], [ -0.389138964670695, 51.269145914183902 ], [ -0.390373901305227, 51.270399405166202 ], [ -0.390228762842348, 51.271474697920702 ], [ -0.392111609201094, 51.271253254502199 ], [ -0.393431813373475, 51.272533054648598 ], [ -0.392852530393277, 51.273724747100403 ], [ -0.393555495125252, 51.2745347864753 ], [ -0.392047936109476, 51.275213703138 ], [ -0.392945949496522, 51.276349170775703 ], [ -0.392615295105415, 51.276457997195998 ], [ -0.393474179989832, 51.276947252306101 ], [ -0.394665513553035, 51.276910552270898 ], [ -0.394810431307451, 51.276453053271403 ], [ -0.396041615165892, 51.278648866256297 ], [ -0.397214718814098, 51.278804278393899 ], [ -0.39737625212081, 51.279641942272598 ], [ -0.397085108167116, 51.285757459574697 ], [ -0.396099819376882, 51.286044772201201 ], [ -0.395446621816552, 51.286846963569303 ], [ -0.394506776151596, 51.290675315258198 ], [ -0.394560291702454, 51.291853214593701 ], [ -0.396028044195326, 51.294718587963303 ], [ -0.396103247506758, 51.295770863235802 ], [ -0.395730852034372, 51.296043635764697 ], [ -0.396119777460405, 51.296407771828001 ], [ -0.394000160799998, 51.298643498605301 ], [ -0.393957750507561, 51.300900558537698 ], [ -0.393036763672453, 51.300983875150798 ], [ -0.39269377612799, 51.301566929463903 ], [ -0.392604279895367, 51.303512616368202 ], [ -0.3931764067483, 51.304382865777498 ], [ -0.392764597358195, 51.305083139786497 ], [ -0.393028048405143, 51.306613441553999 ], [ -0.392001254874408, 51.308283675977002 ], [ -0.39266669578901, 51.309071575980603 ], [ -0.395033756473949, 51.310136395864298 ], [ -0.395997339373254, 51.310194559491002 ], [ -0.397333865200573, 51.311132805098801 ], [ -0.397586960581455, 51.312014311483601 ], [ -0.396936407987768, 51.312771584345597 ], [ -0.392477349026288, 51.312190335351303 ], [ -0.391438389039811, 51.3115375913818 ], [ -0.391350504250098, 51.311096642380399 ], [ -0.39220047833479, 51.310752203238202 ], [ -0.391258463878583, 51.310159240225303 ], [ -0.390089204274614, 51.310443529579103 ], [ -0.387527303660318, 51.309647505327703 ], [ -0.386525572124577, 51.309859426208398 ], [ -0.386689473524737, 51.310708795690601 ], [ -0.384327031793839, 51.312894731226102 ], [ -0.38047297217849, 51.313570200001699 ], [ -0.378878406647672, 51.312946266289003 ], [ -0.378538200949858, 51.311566573246203 ], [ -0.377513035558287, 51.3104067091001 ], [ -0.373698865193518, 51.309620469075398 ], [ -0.373422311171577, 51.309245230187798 ], [ -0.371822160401776, 51.309985586324103 ], [ -0.371126106270932, 51.311367985456997 ], [ -0.368665997990279, 51.312939679035203 ], [ -0.368059771786547, 51.314415037643201 ], [ -0.367374989866351, 51.314828156767703 ], [ -0.365662938661775, 51.3139606813101 ], [ -0.365162151008561, 51.312854872687502 ], [ -0.363667163047143, 51.312890658583498 ], [ -0.363957243973161, 51.311875831807498 ], [ -0.360348989693545, 51.311784027638403 ], [ -0.359867328615236, 51.312455339465899 ], [ -0.358375733698465, 51.312999195453997 ], [ -0.357204541367635, 51.315297513853402 ], [ -0.352485688412401, 51.319177900209901 ], [ -0.345335883149778, 51.322413379785097 ], [ -0.338170049279465, 51.324357750338102 ], [ -0.335773072814273, 51.325313762810502 ], [ -0.332263357267657, 51.327502029459602 ], [ -0.330655551869037, 51.329009638114002 ], [ -0.330115429028617, 51.327517266349901 ], [ -0.328222223353321, 51.326468182661898 ], [ -0.327410431581052, 51.326294007689398 ], [ -0.327140919810089, 51.326695175619797 ], [ -0.323946901864069, 51.326716064817198 ], [ -0.318955380094986, 51.327956487282997 ], [ -0.316741565315754, 51.3291458801178 ], [ -0.313692682687823, 51.331414861886998 ], [ -0.310929454278381, 51.332389396017703 ], [ -0.30761218961433, 51.334607699042699 ], [ -0.30618917299884, 51.335075564703899 ], [ -0.305007851774892, 51.332975721891899 ] ] ] } },
{ "type": "Feature", "properties": { "LAD24CD": "E07000211", "LAD24NM": "Reigate and Banstead" }, "geometry": { "type": "Polygon", "coordinates": [ [ [ -0.196690325340346, 51.343158256036702 ], [ -0.196267143164344, 51.343039357441903 ], [ -0.196047487352986, 51.343330043120197 ], [ -0.193229272402731, 51.342625615805602 ], [ -0.187459116165297, 51.340812281438701 ], [ -0.175019793495567, 51.333809756014404 ], [ -0.174666244468829, 51.333168448492003 ], [ -0.174139125445574, 51.333211560533201 ], [ -0.172854635136869, 51.330013447582097 ], [ -0.16989442115201, 51.330245884325002 ], [ -0.170065836767003, 51.329474318084202 ], [ -0.163076717058335, 51.330264219194497 ], [ -0.162290500691429, 51.328889404128901 ], [ -0.163970646115068, 51.328583013060502 ], [ -0.163982170696406, 51.328187528816699 ], [ -0.164362156000791, 51.328126054910598 ], [ -0.163567228253123, 51.326213398889799 ], [ -0.164187029319929, 51.326040518397299 ], [ -0.160600116025925, 51.323241489883699 ], [ -0.158634513022564, 51.323975870980597 ], [ -0.156523624561657, 51.321485286251999 ], [ -0.161879752207213, 51.319625704102798 ], [ -0.161177375768629, 51.317522902886502 ], [ -0.160481487671816, 51.3168725879706 ], [ -0.159581019661147, 51.317104872743698 ], [ -0.159314119284191, 51.315955854353497 ], [ -0.157169626485771, 51.313389759404998 ], [ -0.158330470681896, 51.310985390491801 ], [ -0.156228082869366, 51.310420825124403 ], [ -0.154315337506222, 51.310317895593698 ], [ -0.157163054818694, 51.306708920835902 ], [ -0.156415768237732, 51.306452545272997 ], [ -0.154509145189696, 51.306448602153601 ], [ -0.15502334068093, 51.305791250980903 ], [ -0.157735020247375, 51.304427509459998 ], [ -0.156684009548237, 51.303589011613703 ], [ -0.155317700345265, 51.301274393746603 ], [ -0.1533605098568, 51.301677865749198 ], [ -0.149814608176425, 51.3002038176284 ], [ -0.149496204705973, 51.3007005254182 ], [ -0.148451766086654, 51.300703805648197 ], [ -0.145625132209915, 51.299828251066799 ], [ -0.144852109926054, 51.300712593652499 ], [ -0.144422911498295, 51.300541188296201 ], [ -0.143577997575923, 51.301244557503999 ], [ -0.142838994720194, 51.3000250195634 ], [ -0.140864570872737, 51.299575554244903 ], [ -0.137213219898507, 51.300741560264299 ], [ -0.136167490809853, 51.298278923529502 ], [ -0.134356098974276, 51.298375544896899 ], [ -0.131041131226239, 51.295475815896602 ], [ -0.131330311011781, 51.294624592738103 ], [ -0.130288175940541, 51.292888833846803 ], [ -0.126334941616266, 51.2896642336475 ], [ -0.126049064187005, 51.288403122056501 ], [ -0.124301850029936, 51.286790403161099 ], [ -0.127336386756229, 51.286437770329897 ], [ -0.126797496420222, 51.284916577903601 ], [ -0.130984952532663, 51.284815087561498 ], [ -0.130138485388299, 51.2817319142763 ], [ -0.130401016896675, 51.279546936255898 ], [ -0.131494394990482, 51.2768325806395 ], [ -0.130248617336281, 51.274359450419603 ], [ -0.129986344739722, 51.272556754093102 ], [ -0.132022630706421, 51.269682813671999 ], [ -0.132036623645061, 51.269020184663503 ], [ -0.129673619877977, 51.266524737373899 ], [ -0.130093627711753, 51.2656051613735 ], [ -0.128634772134555, 51.264147393632399 ], [ -0.127763335568241, 51.2643232375666 ], [ -0.126824921203647, 51.264099542136599 ], [ -0.126801913009311, 51.261736645902403 ], [ -0.127608012108721, 51.261652456409003 ], [ -0.129624490216328, 51.259890575446299 ], [ -0.131522416977364, 51.256559362116001 ], [ -0.131792694392072, 51.254169686690403 ], [ -0.135135436770187, 51.254716799256997 ], [ -0.139447486116212, 51.253337532171599 ], [ -0.142949081127479, 51.253323039153003 ], [ -0.144199463671864, 51.2518068533617 ], [ -0.145738015659367, 51.251214321138796 ], [ -0.144897770905814, 51.250228857737604 ], [ -0.14437279222094, 51.247927325085598 ], [ -0.142733746475244, 51.245786118574401 ], [ -0.143075731830949, 51.243876029836599 ], [ -0.145288055772246, 51.241591755439998 ], [ -0.14532833522704, 51.240589682574402 ], [ -0.146022832527933, 51.239565615129898 ], [ -0.145307474241173, 51.237297026748699 ], [ -0.148067173863109, 51.2341757930729 ], [ -0.149433607606406, 51.234593924753703 ], [ -0.150387575251587, 51.235996825997901 ], [ -0.151392963543181, 51.234937327151101 ], [ -0.152192488527812, 51.235039889993402 ], [ -0.153006841965876, 51.234378269479102 ], [ -0.155046597828194, 51.230725542381499 ], [ -0.153356764033541, 51.2271362671571 ], [ -0.152487684992043, 51.226770914221603 ], [ -0.152946696715199, 51.226324011944499 ], [ -0.149484090149733, 51.221915718315401 ], [ -0.147442203120559, 51.219945373746903 ], [ -0.145240721717068, 51.216216191753098 ], [ -0.144766118066079, 51.216232044787397 ], [ -0.144539142522399, 51.213573581579404 ], [ -0.145592687131481, 51.210727781026499 ], [ -0.143745105588362, 51.210744301160503 ], [ -0.135868326726258, 51.212074111155701 ], [ -0.135654392562246, 51.210527467962599 ], [ -0.136747019706528, 51.207540236240099 ], [ -0.137320558807565, 51.206595206575997 ], [ -0.137749534252437, 51.206609232552097 ], [ -0.137903696435838, 51.203991118002101 ], [ -0.137023909325045, 51.200568688270302 ], [ -0.137776084054179, 51.195970849821798 ], [ -0.139366202679056, 51.192986123399997 ], [ -0.14155522972563, 51.191473214529204 ], [ -0.141601734140565, 51.190671817067901 ], [ -0.142955312109978, 51.190392050271903 ], [ -0.143508138023478, 51.186534622818399 ], [ -0.141491295361821, 51.186443246271203 ], [ -0.140324033150394, 51.1859687767802 ], [ -0.141666864209652, 51.184852461185898 ], [ -0.139418705108256, 51.182545970836998 ], [ -0.13669540902798, 51.181204017044301 ], [ -0.135884572988557, 51.179311535265001 ], [ -0.136366658597356, 51.1779315312031 ], [ -0.135130736449696, 51.177358732177197 ], [ -0.134909354694882, 51.176498225070098 ], [ -0.132206571818165, 51.1759020024449 ], [ -0.13220690281866, 51.175540498435197 ], [ -0.128979609134812, 51.174791076219996 ], [ -0.127719191942197, 51.165040340594402 ], [ -0.128233779732238, 51.162841981554699 ], [ -0.135796446149622, 51.160741121436601 ], [ -0.140358974634288, 51.160416175781599 ], [ -0.140462480803131, 51.160047318194202 ], [ -0.146232496587232, 51.160278340742302 ], [ -0.153143241245867, 51.159843526068698 ], [ -0.154514096424726, 51.160039570067298 ], [ -0.156422428768693, 51.159596651511002 ], [ -0.160892192626889, 51.1597686493567 ], [ -0.163496320199338, 51.160270119816801 ], [ -0.166953584176529, 51.161536879396003 ], [ -0.17670622529243, 51.166849971732098 ], [ -0.177356765557581, 51.1689276877174 ], [ -0.176597172909372, 51.169762529130999 ], [ -0.176755228023664, 51.170198465781098 ], [ -0.17901553923585, 51.170957608987699 ], [ -0.179173153747938, 51.171896257877599 ], [ -0.180182641233719, 51.1725446321351 ], [ -0.181096356166237, 51.172664933357602 ], [ -0.182006485940055, 51.172402969649603 ], [ -0.182898858685859, 51.173247834748203 ], [ -0.182743369468727, 51.174492333902897 ], [ -0.183315643806165, 51.1749288461316 ], [ -0.186640443172164, 51.1752200727909 ], [ -0.186276433050775, 51.1757288456892 ], [ -0.187389608613375, 51.176455655422103 ], [ -0.187512377323494, 51.177466596779801 ], [ -0.188782876245237, 51.177867575959603 ], [ -0.1888332614427, 51.1783346543424 ], [ -0.18984926732057, 51.178293263909502 ], [ -0.189839930177421, 51.178842605488803 ], [ -0.188010045876564, 51.179828305764502 ], [ -0.18769584293826, 51.180323411627 ], [ -0.189658277309245, 51.181070603563903 ], [ -0.18981943629061, 51.181413931769903 ], [ -0.191446989998704, 51.181287057556602 ], [ -0.192630451449466, 51.180732452580401 ], [ -0.195918511709235, 51.1807660939388 ], [ -0.198597243372692, 51.181384727378003 ], [ -0.199626798275436, 51.181105584379701 ], [ -0.200592338418756, 51.180633947827999 ], [ -0.200734137026742, 51.180115389209902 ], [ -0.19956962177431, 51.179010245386102 ], [ -0.198077206972824, 51.176370194325003 ], [ -0.196922079713413, 51.175355075099901 ], [ -0.197929785823495, 51.174534198356397 ], [ -0.200000446402561, 51.174262088966302 ], [ -0.20068435498065, 51.1737825278502 ], [ -0.201877281514018, 51.173638042894197 ], [ -0.202589294566656, 51.174238044309199 ], [ -0.206877463689109, 51.172562813905202 ], [ -0.209701098276684, 51.172309274505103 ], [ -0.210762448935068, 51.172387543743902 ], [ -0.211092760797487, 51.1729474895875 ], [ -0.212749245793268, 51.173616705189403 ], [ -0.213915404462718, 51.174683973177501 ], [ -0.214478172588448, 51.174335548710303 ], [ -0.218035314268796, 51.1739869079545 ], [ -0.219970422233598, 51.176265524782103 ], [ -0.221003181988092, 51.175899946236598 ], [ -0.221729368720235, 51.175021557221797 ], [ -0.223760288913065, 51.174872529985699 ], [ -0.225466639180816, 51.177056854264698 ], [ -0.227875196359442, 51.178185122464498 ], [ -0.229026661287016, 51.179238558940902 ], [ -0.228942385856449, 51.180259697440597 ], [ -0.234622134984399, 51.181235216520498 ], [ -0.236682768486288, 51.182654812824701 ], [ -0.236187637964165, 51.183417781227398 ], [ -0.237244774613237, 51.184424122027799 ], [ -0.239171733153927, 51.184034866507602 ], [ -0.239126459533765, 51.183423737364201 ], [ -0.241635386875372, 51.183295638960097 ], [ -0.243085189974928, 51.182797623268698 ], [ -0.243427218277889, 51.184190382798199 ], [ -0.245159489913529, 51.186732653159801 ], [ -0.24501255188431, 51.188078518420802 ], [ -0.244612040936916, 51.188300036811803 ], [ -0.243797845821239, 51.188109755943202 ], [ -0.243433521814556, 51.188772476689699 ], [ -0.243007407647901, 51.188801152536399 ], [ -0.243246902438396, 51.189202244491902 ], [ -0.242906064412439, 51.189472316731099 ], [ -0.24163860963944, 51.189459573384099 ], [ -0.241374999117531, 51.189059635336697 ], [ -0.239808342046845, 51.189269280725398 ], [ -0.239646604534764, 51.1889691748394 ], [ -0.238154804765705, 51.189361306967101 ], [ -0.237901346571281, 51.188539114380099 ], [ -0.23852041717717, 51.188629373513898 ], [ -0.237968891166084, 51.187329654089098 ], [ -0.238468991059923, 51.1871240463513 ], [ -0.237021659773649, 51.186876520417101 ], [ -0.236820890679104, 51.186437327409102 ], [ -0.236320358081066, 51.186879441518897 ], [ -0.236507795198488, 51.187255484214802 ], [ -0.235170402881794, 51.1871256353284 ], [ -0.234340515103636, 51.187798379433303 ], [ -0.233446932776216, 51.186616658051904 ], [ -0.232130844824089, 51.186717258008102 ], [ -0.228469441570387, 51.187451536077504 ], [ -0.227276673897287, 51.1892249414174 ], [ -0.227164926163557, 51.191579413653798 ], [ -0.22437432792009, 51.191912108193399 ], [ -0.221815660981119, 51.191867867132103 ], [ -0.221705996757189, 51.191368931355299 ], [ -0.220905427138602, 51.190827936968901 ], [ -0.218936233313672, 51.190936531813001 ], [ -0.218065731717655, 51.191613940230901 ], [ -0.215559897600478, 51.192280811487102 ], [ -0.215818871565665, 51.192911583562797 ], [ -0.21282050222531, 51.193319060929497 ], [ -0.21486075553958, 51.195003205185998 ], [ -0.215967842443773, 51.196802468650397 ], [ -0.215766103734591, 51.198097096878598 ], [ -0.214658122635196, 51.199473297470099 ], [ -0.217640479945172, 51.2007920786439 ], [ -0.218567525121292, 51.201852815046699 ], [ -0.21943893860776, 51.2019994435623 ], [ -0.219677105362448, 51.201242244913402 ], [ -0.220723667727222, 51.200977572641399 ], [ -0.220097975047319, 51.200647003290101 ], [ -0.220766659849999, 51.200232692944802 ], [ -0.220040271993736, 51.199766594312401 ], [ -0.2204844627724, 51.199494560543201 ], [ -0.219950185817786, 51.199095233453299 ], [ -0.220507025990992, 51.198908549216 ], [ -0.220733899403393, 51.198295067163599 ], [ -0.221569637051474, 51.198299675190199 ], [ -0.221176832013531, 51.197757713193397 ], [ -0.221705813576402, 51.197290945622498 ], [ -0.221205344127156, 51.197277945561098 ], [ -0.220989273682096, 51.196084846432498 ], [ -0.223584848830834, 51.195957854218499 ], [ -0.224142962842885, 51.199200330123602 ], [ -0.225116449533233, 51.201285269279097 ], [ -0.224777494525578, 51.202118487244199 ], [ -0.223419084038869, 51.202008843869898 ], [ -0.223145130758953, 51.203843426482401 ], [ -0.226279948668093, 51.204144311136801 ], [ -0.226553997958768, 51.205806531436998 ], [ -0.228287910217894, 51.206976525472697 ], [ -0.229548832329925, 51.206947955564502 ], [ -0.231556250468272, 51.204772284911499 ], [ -0.232671644304594, 51.2043160473809 ], [ -0.234758467871148, 51.206085956097802 ], [ -0.234868874584861, 51.206270219754899 ], [ -0.230723926750244, 51.207252612613402 ], [ -0.23355198352131, 51.209035451667802 ], [ -0.232427748480608, 51.209720014872801 ], [ -0.230397221670603, 51.210176713478702 ], [ -0.22863261876901, 51.209823574362098 ], [ -0.226458465848103, 51.210739427514397 ], [ -0.225097867349617, 51.212310967795901 ], [ -0.225972474384476, 51.213178218958497 ], [ -0.227334172784837, 51.213475837890002 ], [ -0.227288581984355, 51.213962045492899 ], [ -0.228202891484411, 51.2138887991796 ], [ -0.228668867739976, 51.213544606299003 ], [ -0.229948641656628, 51.213711642426802 ], [ -0.231510127310756, 51.213232338966897 ], [ -0.233012864156341, 51.213399823204099 ], [ -0.234872222889076, 51.214569376392497 ], [ -0.233793762936804, 51.215287848222999 ], [ -0.234375111644874, 51.215819749685103 ], [ -0.233810593524239, 51.216203334119399 ], [ -0.234176302541415, 51.217731444742597 ], [ -0.234577973007428, 51.218248528427701 ], [ -0.235279451004584, 51.218306050300697 ], [ -0.234650332420161, 51.219030403620799 ], [ -0.235640552485952, 51.219203162934498 ], [ -0.236068871965658, 51.219874210633797 ], [ -0.234851386373158, 51.221008777047601 ], [ -0.236094450833081, 51.2217541600861 ], [ -0.23542130303246, 51.222355547335198 ], [ -0.237599927707532, 51.222795757217 ], [ -0.239154855422083, 51.223526286676197 ], [ -0.240225582075419, 51.223382040707101 ], [ -0.240944834592252, 51.223900063063901 ], [ -0.242683662362768, 51.223409974625199 ], [ -0.243062844993614, 51.224167490817301 ], [ -0.242536198143894, 51.224495927787203 ], [ -0.242985746522336, 51.2247634764366 ], [ -0.24434766751787, 51.224690381755202 ], [ -0.244356449868449, 51.224120350126299 ], [ -0.244817852706953, 51.224151550637004 ], [ -0.245035962352455, 51.224555014207503 ], [ -0.245736296430702, 51.224438528724903 ], [ -0.246454337231489, 51.224013301052601 ], [ -0.246486225079874, 51.2235884045934 ], [ -0.246972408831299, 51.223419421480401 ], [ -0.247656181491848, 51.224346057116499 ], [ -0.249165411355518, 51.224240038400602 ], [ -0.249171208017416, 51.225371457764297 ], [ -0.249977842424069, 51.225473000707701 ], [ -0.250264540130965, 51.225881975902503 ], [ -0.25008518921155, 51.226759719549797 ], [ -0.250758180445622, 51.227142092036303 ], [ -0.249354208439353, 51.227831559522897 ], [ -0.250282837593544, 51.228536112911499 ], [ -0.248801787602837, 51.229141685360901 ], [ -0.249923640576221, 51.231097373181903 ], [ -0.248929816931879, 51.232299277783198 ], [ -0.247857808051195, 51.232615982783102 ], [ -0.247519306747151, 51.233306981567701 ], [ -0.246862682566633, 51.233585828760603 ], [ -0.247189982095752, 51.234208547366798 ], [ -0.245979929995044, 51.2348388119104 ], [ -0.244872819831002, 51.236305597743502 ], [ -0.239462683441489, 51.237266649247601 ], [ -0.237711847314754, 51.236984011465097 ], [ -0.233905591933281, 51.237970288072802 ], [ -0.230700590143342, 51.240095852270898 ], [ -0.231772848325476, 51.242228536296999 ], [ -0.229964886894418, 51.245087356784197 ], [ -0.229251033913431, 51.245170089646301 ], [ -0.229713510888592, 51.247320234953101 ], [ -0.229323684532162, 51.247721533662698 ], [ -0.228159403589426, 51.247350149978203 ], [ -0.226481567367153, 51.247489860921299 ], [ -0.226314005044898, 51.2489027845359 ], [ -0.226542495079375, 51.249220991317003 ], [ -0.227617646871082, 51.249209388912199 ], [ -0.231545290100814, 51.250065876369298 ], [ -0.231523088820487, 51.250834958544701 ], [ -0.227853457523129, 51.2514245410554 ], [ -0.22795392072822, 51.252836746853298 ], [ -0.22721599087397, 51.2532068716814 ], [ -0.227354052643037, 51.253492231370103 ], [ -0.225973989575801, 51.253809014810301 ], [ -0.226757138377764, 51.255913690807702 ], [ -0.232011806414615, 51.258117442369198 ], [ -0.24068646095894, 51.260647250929701 ], [ -0.240912817080385, 51.259862939044801 ], [ -0.24348582371093, 51.260154270721003 ], [ -0.243945489365216, 51.260090052048703 ], [ -0.243746926023333, 51.259508023785699 ], [ -0.247636669412831, 51.259136386211303 ], [ -0.248696587110077, 51.259493054667203 ], [ -0.248879155381696, 51.260233240449899 ], [ -0.25086532980901, 51.260619018996003 ], [ -0.253347704879429, 51.260548097071201 ], [ -0.254569746662293, 51.259010675730302 ], [ -0.258407127722874, 51.257744914511697 ], [ -0.259225116330517, 51.257981917917597 ], [ -0.260834540978885, 51.257829534161402 ], [ -0.261422134718927, 51.2594282439537 ], [ -0.264122108511187, 51.260994266858603 ], [ -0.265744188633882, 51.261387070525402 ], [ -0.266473805664677, 51.262756629183002 ], [ -0.265774992630709, 51.265745273255298 ], [ -0.266874257986172, 51.268644652228197 ], [ -0.266125456002861, 51.273150526089701 ], [ -0.267054598998661, 51.274406160834502 ], [ -0.266242875547351, 51.278638654238698 ], [ -0.26732396770623, 51.281534982946901 ], [ -0.268873281772131, 51.284111813658001 ], [ -0.26948003362475, 51.286546923514102 ], [ -0.270246718128508, 51.287364926408301 ], [ -0.270215376470834, 51.289076617508599 ], [ -0.272234355213241, 51.292330347943 ], [ -0.269848647709795, 51.294100790130003 ], [ -0.2674556256272, 51.297580724745799 ], [ -0.264399318689037, 51.299545298187802 ], [ -0.260454249596236, 51.299247536011002 ], [ -0.253524870131283, 51.299418683728099 ], [ -0.253283347185178, 51.299203815841899 ], [ -0.251600501096776, 51.299624698834499 ], [ -0.249894289456995, 51.298660404096204 ], [ -0.247068628919528, 51.297994985047602 ], [ -0.247245376797808, 51.298721086754398 ], [ -0.246378535180407, 51.302231877837698 ], [ -0.243220280068404, 51.306908599005098 ], [ -0.244086995969201, 51.309404925743898 ], [ -0.242672181241796, 51.310008301581099 ], [ -0.242919875196425, 51.310322728362998 ], [ -0.241002058029569, 51.309782706300801 ], [ -0.240661648980328, 51.310579788136899 ], [ -0.241405255396956, 51.311583790875801 ], [ -0.24405486858861, 51.311355513462303 ], [ -0.24436821000732, 51.312995614913298 ], [ -0.243640196859323, 51.314380448692297 ], [ -0.241251588340181, 51.316145714052503 ], [ -0.240959063821267, 51.3171348673335 ], [ -0.242932303912426, 51.321285500438798 ], [ -0.236582902159705, 51.325914023956997 ], [ -0.2341698640323, 51.3271739585429 ], [ -0.220841625332819, 51.3298019706872 ], [ -0.216085272317037, 51.329799447942897 ], [ -0.214229603051396, 51.330252715745999 ], [ -0.211968448705917, 51.333326112087803 ], [ -0.213053983018457, 51.335553568244002 ], [ -0.20205494756804, 51.340140194763997 ], [ -0.201199296412049, 51.339884169594797 ], [ -0.199557392330879, 51.341884063797302 ], [ -0.198557576483129, 51.342299402707198 ], [ -0.197319340394251, 51.343595159866702 ], [ -0.196541212119756, 51.343446432238402 ], [ -0.196690325340346, 51.343158256036702 ] ] ] } },
{ "type": "Feature", "properties": { "LAD24CD": "E07000212", "LAD24NM": "Runnymede" }, "geometry": { "type": "Polygon", "coordinates": [ [ [ -0.556772721502173, 51.442049011661901 ], [ -0.555569197882219, 51.441478447276999 ], [ -0.554052267862139, 51.441514813566897 ], [ -0.55286064117689, 51.442889480116399 ], [ -0.551818163395553, 51.443499775215201 ], [ -0.550447869941052, 51.443467808767402 ], [ -0.548360005134621, 51.441921353741002 ], [ -0.537599385307791, 51.438777586960803 ], [ -0.53466054453087, 51.4373650501784 ], [ -0.527582202232675, 51.435691913070599 ], [ -0.522777872600698, 51.435303708297297 ], [ -0.518866876543403, 51.434444600346502 ], [ -0.511216358736807, 51.430625232150902 ], [ -0.510265959008769, 51.429344833416302 ], [ -0.50973475096613, 51.426762588962198 ], [ -0.509820656585471, 51.424476460859999 ], [ -0.512875153715052, 51.419002425982498 ], [ -0.512595809545317, 51.417376663594403 ], [ -0.511218058886716, 51.416888009481703 ], [ -0.507685372154619, 51.417392533258401 ], [ -0.506370640488364, 51.417310966246298 ], [ -0.502680977720826, 51.415886273397703 ], [ -0.501736344706764, 51.415044165963003 ], [ -0.501656862289535, 51.414396599548802 ], [ -0.50373652602079, 51.411396378124699 ], [ -0.503243971179363, 51.410802869357802 ], [ -0.500878606914761, 51.410603550636701 ], [ -0.500272218574669, 51.410919967582601 ], [ -0.500021069074866, 51.411387956032698 ], [ -0.500800477405092, 51.413276026876197 ], [ -0.499771924327363, 51.414079319973297 ], [ -0.498115391332002, 51.4140760777087 ], [ -0.494568378013195, 51.412915544776901 ], [ -0.493203011998266, 51.411887263229701 ], [ -0.492517272332422, 51.410308363684003 ], [ -0.493086861671075, 51.4059462248144 ], [ -0.491169445479281, 51.403250770741302 ], [ -0.491946737590459, 51.400469508149797 ], [ -0.491763228231223, 51.399494169862102 ], [ -0.491082268753176, 51.398738162251597 ], [ -0.487862905435743, 51.396755197661598 ], [ -0.486892834628717, 51.395525981030403 ], [ -0.486485868780938, 51.394087541767 ], [ -0.486389314993753, 51.3930582216625 ], [ -0.486875523215607, 51.392087030326302 ], [ -0.48642303385642, 51.388881417659697 ], [ -0.485103739753141, 51.3870706023678 ], [ -0.483754377521613, 51.386544139214898 ], [ -0.48286270824654, 51.386518212424598 ], [ -0.481841116938563, 51.3867729690079 ], [ -0.480636964903156, 51.3875909934969 ], [ -0.47866697214972, 51.3900887113208 ], [ -0.477736188250915, 51.390375175137002 ], [ -0.47647564283873, 51.390114175127202 ], [ -0.472260101000761, 51.387652871434703 ], [ -0.470136014179005, 51.385882469595799 ], [ -0.469832177150562, 51.384952275814904 ], [ -0.471020233397361, 51.382551495737999 ], [ -0.469954387638446, 51.381891935233902 ], [ -0.464775730159818, 51.3818340848145 ], [ -0.462508679976613, 51.382328175167402 ], [ -0.461773590202897, 51.3821359814986 ], [ -0.461307819088163, 51.381583577919798 ], [ -0.46168176930779, 51.380629863001303 ], [ -0.463500866268028, 51.379089953366503 ], [ -0.462795692319218, 51.3784350540883 ], [ -0.461464456194288, 51.378583982155902 ], [ -0.460732544969248, 51.3793278958046 ], [ -0.457990747179475, 51.380566960106599 ], [ -0.458049275289417, 51.3798088095362 ], [ -0.459016317039479, 51.379254993050999 ], [ -0.460140469878769, 51.379113350038097 ], [ -0.461641199553578, 51.376912847200401 ], [ -0.465008844347883, 51.376239358839698 ], [ -0.467623459084868, 51.374619909170903 ], [ -0.467488107340158, 51.373638877629602 ], [ -0.466384634860357, 51.3728186811976 ], [ -0.465571299449354, 51.370932215407997 ], [ -0.466155503550747, 51.370475901277302 ], [ -0.466844982554151, 51.370736731455601 ], [ -0.468248306694021, 51.3701453984756 ], [ -0.470021425910423, 51.367292810004898 ], [ -0.467650415690963, 51.366019070833801 ], [ -0.467556705232494, 51.3656860295877 ], [ -0.469292369942825, 51.365807606034203 ], [ -0.471494587446837, 51.364381343193301 ], [ -0.472082054891823, 51.3650328579035 ], [ -0.473729618163904, 51.3652530939858 ], [ -0.473983567105792, 51.364960544234101 ], [ -0.473044769084294, 51.364808072960102 ], [ -0.472372114603153, 51.363868586254299 ], [ -0.472819011083924, 51.363561472691899 ], [ -0.473300874515119, 51.364062284088199 ], [ -0.474121366689124, 51.363967787815596 ], [ -0.475468301027784, 51.364112974156697 ], [ -0.474173405052374, 51.362918178262298 ], [ -0.474853789662985, 51.363065478348702 ], [ -0.476136335222851, 51.361816024347803 ], [ -0.475817089304936, 51.360614958781198 ], [ -0.475132555332771, 51.360290420310299 ], [ -0.476086628888854, 51.359547496818102 ], [ -0.475551167612811, 51.3591456978534 ], [ -0.474557459206672, 51.359052761807597 ], [ -0.474206534714296, 51.3580293598202 ], [ -0.473485840674391, 51.3581925857766 ], [ -0.472192401699291, 51.357825936418003 ], [ -0.470081031438643, 51.358086170940297 ], [ -0.469926607177044, 51.357851314997703 ], [ -0.47067920024831, 51.357633598053198 ], [ -0.470676506858517, 51.357283763194097 ], [ -0.470107530447665, 51.357118925088201 ], [ -0.468434473379189, 51.357542264031601 ], [ -0.466971498106567, 51.356575319197503 ], [ -0.472490698826593, 51.3537759630116 ], [ -0.47481759324323, 51.352076122999598 ], [ -0.478410211345656, 51.350785612793402 ], [ -0.481185717452966, 51.349383633547298 ], [ -0.481396026475101, 51.349625113079 ], [ -0.481921044246182, 51.349555022757798 ], [ -0.486462355333697, 51.347328260762701 ], [ -0.499127497252216, 51.3436930051598 ], [ -0.502409031743222, 51.342519493463499 ], [ -0.507447394180347, 51.341364501057903 ], [ -0.511700336997779, 51.339871102967301 ], [ -0.515625226017991, 51.338857998564599 ], [ -0.517796743551925, 51.341018162161902 ], [ -0.518291655728455, 51.3406971015742 ], [ -0.519329555221767, 51.341704369662096 ], [ -0.517904484266448, 51.342574805675099 ], [ -0.518843729140386, 51.343772850018198 ], [ -0.520202399775845, 51.343178545698201 ], [ -0.520767109553058, 51.344951818471998 ], [ -0.523125297154651, 51.343819775458797 ], [ -0.524196094440256, 51.345100709960498 ], [ -0.530359276572866, 51.3455608622074 ], [ -0.533444900327759, 51.346559283268199 ], [ -0.534048721050098, 51.347483207353903 ], [ -0.534441481362089, 51.347682403945498 ], [ -0.535000162709464, 51.347363872420303 ], [ -0.535860876848112, 51.347394419330001 ], [ -0.535830933506672, 51.346888626015598 ], [ -0.537789686801056, 51.346433762629196 ], [ -0.541164041964199, 51.347253769249903 ], [ -0.541950315207437, 51.347182655883003 ], [ -0.542201505785435, 51.347456471512103 ], [ -0.543704911525906, 51.347142376060297 ], [ -0.544902588454874, 51.347864149196802 ], [ -0.546173257481401, 51.347597562703797 ], [ -0.548549357282802, 51.348020896169203 ], [ -0.548491682088978, 51.349164057790098 ], [ -0.551238415737779, 51.3532707680193 ], [ -0.550025089977257, 51.354263788211803 ], [ -0.550784851330011, 51.356540172415201 ], [ -0.555233930841177, 51.361935732230101 ], [ -0.560355001964915, 51.362014950990499 ], [ -0.569624549913198, 51.360337172636299 ], [ -0.571284840254953, 51.362373573935898 ], [ -0.572889420820523, 51.3655107943815 ], [ -0.573100461999716, 51.368102268306799 ], [ -0.574018233101861, 51.370838122964102 ], [ -0.579301191834975, 51.372173840595799 ], [ -0.587483890472701, 51.375047865240099 ], [ -0.594416053696384, 51.376526007152599 ], [ -0.598059804392752, 51.386279646841402 ], [ -0.603048952922012, 51.387251139987399 ], [ -0.604246347715553, 51.388095409958602 ], [ -0.605991380093752, 51.388371574117699 ], [ -0.607246734195927, 51.389676911064697 ], [ -0.608945935521765, 51.389841160195402 ], [ -0.616499481289591, 51.392407851901403 ], [ -0.618495201013367, 51.392388252515701 ], [ -0.619634818010671, 51.392824283804202 ], [ -0.615419668060326, 51.396375921917901 ], [ -0.615583992428196, 51.396739431278 ], [ -0.616586374887706, 51.397013777985798 ], [ -0.615608371875254, 51.397647860953299 ], [ -0.615017162931568, 51.397039367497698 ], [ -0.614520614965814, 51.397394071576599 ], [ -0.615792211525981, 51.398700393360699 ], [ -0.616474593152087, 51.398287559767397 ], [ -0.617212197200815, 51.398759423279998 ], [ -0.618099814213749, 51.398643148080602 ], [ -0.618368608441881, 51.399025774055303 ], [ -0.614384422252253, 51.403092666742701 ], [ -0.611295841418001, 51.408708645131298 ], [ -0.606682973914111, 51.4141112518965 ], [ -0.605154731170322, 51.4173600237797 ], [ -0.604956227393237, 51.4213807552077 ], [ -0.605124550506387, 51.4313121169629 ], [ -0.594188435611958, 51.439309112073801 ], [ -0.59393342175553, 51.440474330884001 ], [ -0.594557067600486, 51.4409189359043 ], [ -0.594222452497904, 51.441545459189697 ], [ -0.593008103851853, 51.441819254364397 ], [ -0.591167217110141, 51.441138428387099 ], [ -0.590507832670002, 51.441210246018798 ], [ -0.588480102174877, 51.442342255782002 ], [ -0.585378459190894, 51.442365948052398 ], [ -0.58450266043377, 51.443656541109704 ], [ -0.579675613649196, 51.444747343967897 ], [ -0.571690115615314, 51.450991600958503 ], [ -0.567819738420972, 51.4500801791919 ], [ -0.564944926864708, 51.448037930303897 ], [ -0.563141536532634, 51.445750656777697 ], [ -0.562019470084232, 51.445141580995397 ], [ -0.559713661483992, 51.444528450287201 ], [ -0.556772721502173, 51.442049011661901 ] ] ] } },
{ "type": "Feature", "properties": { "LAD24CD": "E07000213", "LAD24NM": "Spelthorne" }, "geometry": { "type": "Polygon", "coordinates": [ [ [ -0.515661238513089, 51.468268676564598 ], [ -0.513850542806183, 51.467984947497101 ], [ -0.513583163152313, 51.468417746017998 ], [ -0.511611536348915, 51.468921431372998 ], [ -0.511134762186751, 51.469301189995498 ], [ -0.509807321692741, 51.469207263698998 ], [ -0.510241120496709, 51.467500347787102 ], [ -0.508788421574085, 51.467103302221503 ], [ -0.507295325694769, 51.466943574090003 ], [ -0.506380359413811, 51.467751853391697 ], [ -0.504252974031127, 51.467766282422403 ], [ -0.501015709361946, 51.467314440703298 ], [ -0.498097277725186, 51.466440799177597 ], [ -0.496941186913499, 51.465849569335397 ], [ -0.493866101952904, 51.462763463434499 ], [ -0.492154235722143, 51.4629883034629 ], [ -0.489617451707073, 51.461795621418197 ], [ -0.48619975341885, 51.461366663662702 ], [ -0.477154075467776, 51.461375364489598 ], [ -0.475912440424056, 51.460792242322903 ], [ -0.476481138422562, 51.460595057229 ], [ -0.476054109765015, 51.460082324733698 ], [ -0.473617541485337, 51.458576728544102 ], [ -0.468764042358764, 51.457833558644602 ], [ -0.461113245329111, 51.457174399528299 ], [ -0.458723754309907, 51.456341740020797 ], [ -0.459294048144444, 51.4527153348849 ], [ -0.459838360775427, 51.452239547811402 ], [ -0.461319944712023, 51.452391262826701 ], [ -0.46148169282775, 51.448992376664599 ], [ -0.457461624027761, 51.449090629915098 ], [ -0.457443722592711, 51.442998787998597 ], [ -0.455391174524668, 51.442119225370398 ], [ -0.456475091199213, 51.4382245454754 ], [ -0.453660346816655, 51.438494075607203 ], [ -0.446288585067704, 51.4399964192609 ], [ -0.447716870984933, 51.435002982426603 ], [ -0.439752292782007, 51.434619596638598 ], [ -0.439983256299083, 51.430626450055399 ], [ -0.432639793866264, 51.429018074090699 ], [ -0.429534400842161, 51.428797616623299 ], [ -0.429424721185525, 51.429395042344098 ], [ -0.427831380170741, 51.429252368595201 ], [ -0.427485561864324, 51.430819578366702 ], [ -0.423498704137031, 51.430877601131201 ], [ -0.423579568058236, 51.431161049015302 ], [ -0.421153880112781, 51.432171519334801 ], [ -0.419078640341703, 51.432359435656899 ], [ -0.418356202174201, 51.4318667918754 ], [ -0.417294140034465, 51.431918177992301 ], [ -0.417900391369536, 51.431028039369401 ], [ -0.413806058184536, 51.430075297281803 ], [ -0.414352303011755, 51.429295831700799 ], [ -0.412452594196594, 51.428781897586603 ], [ -0.413086017775112, 51.427855290972097 ], [ -0.410868379205712, 51.427342325481099 ], [ -0.409006533109657, 51.425451180159598 ], [ -0.408441393437487, 51.423834747879603 ], [ -0.405361519526498, 51.422479981969303 ], [ -0.401759735010021, 51.4233122011115 ], [ -0.398112219660125, 51.423556450195598 ], [ -0.394511657485767, 51.423238278288899 ], [ -0.39131707100993, 51.422315411876703 ], [ -0.386641675154269, 51.4200808186377 ], [ -0.387693548658496, 51.419328280637501 ], [ -0.386761620321015, 51.417654491250303 ], [ -0.386594002397961, 51.415021833040001 ], [ -0.386122609992955, 51.414280658151803 ], [ -0.390292426772994, 51.414338002948703 ], [ -0.389649814820215, 51.410693330111101 ], [ -0.389176859552194, 51.4103199377059 ], [ -0.386635766084178, 51.410411747243302 ], [ -0.3837773443953, 51.410118835328298 ], [ -0.383350026681253, 51.408538295089201 ], [ -0.385696669769336, 51.409150605320598 ], [ -0.390464591524806, 51.409643401061203 ], [ -0.39704653483062, 51.407982665478102 ], [ -0.39719328561754, 51.408596190823097 ], [ -0.399919578241894, 51.407811554455698 ], [ -0.399330017677871, 51.407072325958097 ], [ -0.400432012966316, 51.406601808465801 ], [ -0.402767953617379, 51.405916874809897 ], [ -0.406045012332757, 51.405659329782303 ], [ -0.408158264810042, 51.405170124870601 ], [ -0.410635123368153, 51.4041047734434 ], [ -0.411535892480602, 51.403254640318799 ], [ -0.412933454574961, 51.401469589616603 ], [ -0.414632237096397, 51.400693979252601 ], [ -0.415837158656168, 51.399149120001397 ], [ -0.417140359043438, 51.398834001319301 ], [ -0.417198206530237, 51.397659400872698 ], [ -0.418947532251918, 51.397164188948103 ], [ -0.419643059173518, 51.396709493883101 ], [ -0.418964736130781, 51.396373011892898 ], [ -0.418685707951272, 51.395541966714397 ], [ -0.419507795468781, 51.3950871826178 ], [ -0.41951971960162, 51.394448857580002 ], [ -0.420143244263582, 51.3945004185925 ], [ -0.42070761377666, 51.394101577193503 ], [ -0.421318662295872, 51.393093645237897 ], [ -0.420667995354626, 51.392705401056503 ], [ -0.421077695547657, 51.392285505059597 ], [ -0.421599412272351, 51.392412193177002 ], [ -0.422697581229252, 51.391701214062898 ], [ -0.426135262741022, 51.390414763924802 ], [ -0.426660476670135, 51.3899380677938 ], [ -0.426545978424388, 51.388749498985803 ], [ -0.427666538122979, 51.386414747896197 ], [ -0.43005228486597, 51.387172491551901 ], [ -0.430198624385549, 51.387009845741701 ], [ -0.427888577830195, 51.386266695701003 ], [ -0.428854876155507, 51.385371400697302 ], [ -0.432089354140983, 51.384041596629103 ], [ -0.43575826218759, 51.383917926338299 ], [ -0.43561553287452, 51.384267618317097 ], [ -0.437512796828013, 51.385186790131002 ], [ -0.438137106531556, 51.386900949154501 ], [ -0.439976610641112, 51.388722168566296 ], [ -0.441590447436608, 51.389704024147598 ], [ -0.442777279643616, 51.389798005690601 ], [ -0.443422427863937, 51.389252703745598 ], [ -0.443783178610235, 51.387556960904703 ], [ -0.445004035156298, 51.386900534582999 ], [ -0.447582816494127, 51.386846609068598 ], [ -0.450219154652337, 51.388021677819602 ], [ -0.451890803604447, 51.387632837496803 ], [ -0.451955451824485, 51.386910723981401 ], [ -0.450254929314405, 51.3849198250131 ], [ -0.450523070868226, 51.383659929544997 ], [ -0.451978269988256, 51.382823056040699 ], [ -0.453819002214185, 51.383255589039202 ], [ -0.455166652214469, 51.383225718635003 ], [ -0.457878719883284, 51.381848693866999 ], [ -0.459586215629037, 51.381499784945497 ], [ -0.459432786267796, 51.380973571210198 ], [ -0.457990747179475, 51.380566960106599 ], [ -0.460732544969248, 51.3793278958046 ], [ -0.461464456194288, 51.378583982155902 ], [ -0.462795692319218, 51.3784350540883 ], [ -0.463500866268028, 51.379089953366503 ], [ -0.46168176930779, 51.380629863001303 ], [ -0.461307819088163, 51.381583577919798 ], [ -0.461773590202897, 51.3821359814986 ], [ -0.462508679976613, 51.382328175167402 ], [ -0.464775730159818, 51.3818340848145 ], [ -0.469954387638446, 51.381891935233902 ], [ -0.471020233397361, 51.382551495737999 ], [ -0.469832177150562, 51.384952275814904 ], [ -0.470136014179005, 51.385882469595799 ], [ -0.472260101000761, 51.387652871434703 ], [ -0.47647564283873, 51.390114175127202 ], [ -0.477736188250915, 51.390375175137002 ], [ -0.47866697214972, 51.3900887113208 ], [ -0.480636964903156, 51.3875909934969 ], [ -0.481841116938563, 51.3867729690079 ], [ -0.48286270824654, 51.386518212424598 ], [ -0.483754377521613, 51.386544139214898 ], [ -0.485103739753141, 51.3870706023678 ], [ -0.48642303385642, 51.388881417659697 ], [ -0.486875523215607, 51.392087030326302 ], [ -0.486389314993753, 51.3930582216625 ], [ -0.486485868780938, 51.394087541767 ], [ -0.486892834628717, 51.395525981030403 ], [ -0.487862905435743, 51.396755197661598 ], [ -0.491082268753176, 51.398738162251597 ], [ -0.491763228231223, 51.399494169862102 ], [ -0.491946737590459, 51.400469508149797 ], [ -0.491169445479281, 51.403250770741302 ], [ -0.493086861671075, 51.4059462248144 ], [ -0.492517272332422, 51.410308363684003 ], [ -0.493203011998266, 51.411887263229701 ], [ -0.494568378013195, 51.412915544776901 ], [ -0.498115391332002, 51.4140760777087 ], [ -0.499771924327363, 51.414079319973297 ], [ -0.500800477405092, 51.413276026876197 ], [ -0.500021069074866, 51.411387956032698 ], [ -0.500272218574669, 51.410919967582601 ], [ -0.500878606914761, 51.410603550636701 ], [ -0.503243971179363, 51.410802869357802 ], [ -0.50373652602079, 51.411396378124699 ], [ -0.501656862289535, 51.414396599548802 ], [ -0.501736344706764, 51.415044165963003 ], [ -0.502680977720826, 51.415886273397703 ], [ -0.506370640488364, 51.417310966246298 ], [ -0.507685372154619, 51.417392533258401 ], [ -0.511218058886716, 51.416888009481703 ], [ -0.512595809545317, 51.417376663594403 ], [ -0.512875153715052, 51.419002425982498 ], [ -0.509820656585471, 51.424476460859999 ], [ -0.50973475096613, 51.426762588962198 ], [ -0.510265959008769, 51.429344833416302 ], [ -0.511216358736807, 51.430625232150902 ], [ -0.518866876543403, 51.434444600346502 ], [ -0.522777872600698, 51.435303708297297 ], [ -0.523263769445667, 51.435806661434 ], [ -0.524531629866897, 51.435928745718101 ], [ -0.525159353005018, 51.436898828826301 ], [ -0.525231522333298, 51.437564268028197 ], [ -0.524068468487686, 51.438827453797998 ], [ -0.524539573086476, 51.439880072808002 ], [ -0.526083156877207, 51.440159381996899 ], [ -0.526491282632834, 51.440579123677999 ], [ -0.527728763298474, 51.440889624649103 ], [ -0.530563155378747, 51.441013529986002 ], [ -0.531494947756851, 51.441678682599502 ], [ -0.530640623323652, 51.443773149561501 ], [ -0.531062420526685, 51.4448898520643 ], [ -0.529405387555423, 51.445495856528602 ], [ -0.526731619433222, 51.447509918403199 ], [ -0.540576787524876, 51.457094548310998 ], [ -0.540601513682418, 51.458388289950399 ], [ -0.537060931869129, 51.459689069276401 ], [ -0.536591065115248, 51.459360237604599 ], [ -0.535301405586655, 51.460512416213497 ], [ -0.53207167158492, 51.464490672665697 ], [ -0.529645711198088, 51.469293760229696 ], [ -0.530377641103259, 51.469320914272402 ], [ -0.529960218464429, 51.470168189676301 ], [ -0.524358681535487, 51.471528483123002 ], [ -0.521221002380886, 51.471447606269699 ], [ -0.518728342727436, 51.470790274800699 ], [ -0.517136415685262, 51.469884386444903 ], [ -0.515661238513089, 51.468268676564598 ] ] ] } },
{ "type": "Feature", "properties": { "LAD24CD": "E07000214", "LAD24NM": "Surrey Heath" }, "geometry": { "type": "Polygon", "coordinates": [ [ [ -0.598059804392752, 51.386279646841402 ], [ -0.594416053696384, 51.376526007152599 ], [ -0.587483890472701, 51.375047865240099 ], [ -0.579301191834975, 51.372173840595799 ], [ -0.574018233101861, 51.370838122964102 ], [ -0.573100461999716, 51.368102268306799 ], [ -0.572889420820523, 51.3655107943815 ], [ -0.571284840254953, 51.362373573935898 ], [ -0.569624549913198, 51.360337172636299 ], [ -0.560355001964915, 51.362014950990499 ], [ -0.555233930841177, 51.361935732230101 ], [ -0.550784851330011, 51.356540172415201 ], [ -0.550025089977257, 51.354263788211803 ], [ -0.551238415737779, 51.3532707680193 ], [ -0.548491682088978, 51.349164057790098 ], [ -0.548549357282802, 51.348020896169203 ], [ -0.548956780329127, 51.347578158923199 ], [ -0.549417214300865, 51.347822098560599 ], [ -0.549993628292107, 51.347666521654098 ], [ -0.551715291883218, 51.346072798661702 ], [ -0.553526623386777, 51.345141981463598 ], [ -0.557484130550812, 51.344768077682303 ], [ -0.557968027990986, 51.344951226500399 ], [ -0.559901238026839, 51.343832036026797 ], [ -0.560814773115391, 51.344097766840399 ], [ -0.561577649072219, 51.343806784910001 ], [ -0.561935611215193, 51.343244638773498 ], [ -0.563952845695659, 51.3430635179731 ], [ -0.566219108192829, 51.343550751631 ], [ -0.567445330738003, 51.343182696302399 ], [ -0.568790197981777, 51.343333984293999 ], [ -0.569706313984285, 51.3428272689791 ], [ -0.57281556126288, 51.342298653661103 ], [ -0.573783202192556, 51.341514565137999 ], [ -0.573485797572493, 51.341290690943097 ], [ -0.57427752110458, 51.340993684031297 ], [ -0.573784920936766, 51.338270133971001 ], [ -0.576889334583661, 51.336309753771097 ], [ -0.57827208691117, 51.336093185714901 ], [ -0.582202450721223, 51.336501854890201 ], [ -0.587627185766484, 51.338243547678701 ], [ -0.589801217052858, 51.339865989898598 ], [ -0.594016403283823, 51.339960692808702 ], [ -0.59906284320814, 51.339636183314703 ], [ -0.608146138970539, 51.339695031593202 ], [ -0.615246712248096, 51.335942123506001 ], [ -0.613809356850644, 51.333480027965898 ], [ -0.613460213136962, 51.332157606733702 ], [ -0.616244371000727, 51.332035920276198 ], [ -0.620400085060676, 51.333180194218698 ], [ -0.622480825461149, 51.334450146281903 ], [ -0.623841728233372, 51.333631606924698 ], [ -0.624760336951938, 51.334787173146097 ], [ -0.625951969309794, 51.334782272174998 ], [ -0.625545828632041, 51.333482588170398 ], [ -0.626152416841215, 51.3304925940839 ], [ -0.625114477597506, 51.329010141588803 ], [ -0.625386960670596, 51.3284899758686 ], [ -0.624782469678749, 51.327537767840603 ], [ -0.626866034598489, 51.324478675725501 ], [ -0.626224026828859, 51.322125796132298 ], [ -0.625357194213861, 51.3211178994001 ], [ -0.625546182706874, 51.320781433929596 ], [ -0.624378133559986, 51.320698573212802 ], [ -0.62350625912094, 51.319906018821698 ], [ -0.624337509925363, 51.319224185171301 ], [ -0.627320023109358, 51.318775430398802 ], [ -0.627990838836967, 51.316445260598698 ], [ -0.633015155550602, 51.314399726679902 ], [ -0.634504381152223, 51.315276817554398 ], [ -0.637134182170106, 51.3144666115981 ], [ -0.636983396340695, 51.314181581970203 ], [ -0.646806837272302, 51.311885829894102 ], [ -0.67136139494148, 51.317365126661002 ], [ -0.672716725264428, 51.3164461748256 ], [ -0.675294670965659, 51.315521266153802 ], [ -0.687504413468527, 51.313813476896598 ], [ -0.694600016580688, 51.304638073646103 ], [ -0.697630273886549, 51.3000318692851 ], [ -0.698758042616529, 51.299310652137301 ], [ -0.699935276733495, 51.297842726948097 ], [ -0.700509260487376, 51.291444968892698 ], [ -0.697753757994484, 51.288775074168903 ], [ -0.703827080547256, 51.284038711373498 ], [ -0.709569509300034, 51.282444850677898 ], [ -0.715618125217476, 51.282071090238297 ], [ -0.718934173451174, 51.280412024341203 ], [ -0.719281441107449, 51.280504852181501 ], [ -0.720224350191838, 51.2792849969277 ], [ -0.723923020075765, 51.280088142280697 ], [ -0.728276551819889, 51.280489313691497 ], [ -0.729830769869969, 51.280021950372003 ], [ -0.731564738417943, 51.280601026654601 ], [ -0.731212673619367, 51.281361535376199 ], [ -0.731652253915949, 51.281536302591697 ], [ -0.732292927181288, 51.281337287241698 ], [ -0.733348692015766, 51.281791119957099 ], [ -0.733260022507351, 51.2824106474933 ], [ -0.733835537785812, 51.282806324003602 ], [ -0.73339334243054, 51.283401348744803 ], [ -0.733873025729907, 51.2837914022533 ], [ -0.733279831216694, 51.284034089430598 ], [ -0.733760664502673, 51.2844340386157 ], [ -0.734254194265775, 51.2843764514786 ], [ -0.735128432324547, 51.285433492091698 ], [ -0.735714770420583, 51.285440723789797 ], [ -0.735538021621998, 51.285767933646099 ], [ -0.735984816153412, 51.285944554048299 ], [ -0.735622209197425, 51.286254473632802 ], [ -0.736363052754113, 51.2875259048324 ], [ -0.736089468411504, 51.288352893359601 ], [ -0.737230525347901, 51.289674487892803 ], [ -0.736687597169774, 51.292423921712 ], [ -0.738237876293251, 51.292896603971002 ], [ -0.738471191349105, 51.293647245326099 ], [ -0.739347222199374, 51.294026252970497 ], [ -0.739307097903024, 51.295124726896198 ], [ -0.73997381691395, 51.296127342155501 ], [ -0.738946462958564, 51.297031700483103 ], [ -0.739653773645974, 51.297286628976799 ], [ -0.739811256236718, 51.298657822541401 ], [ -0.73940050358514, 51.298939361074197 ], [ -0.738836155799758, 51.2997506256145 ], [ -0.739223238914416, 51.299914905079099 ], [ -0.739393265729149, 51.3013545512297 ], [ -0.740483666333642, 51.301922939920601 ], [ -0.740287083539878, 51.302342619672501 ], [ -0.741605968217143, 51.303687653528101 ], [ -0.74173331244332, 51.304749180456803 ], [ -0.742421439988532, 51.305027263721499 ], [ -0.742321378669231, 51.305537881794798 ], [ -0.743570343275533, 51.305714922963197 ], [ -0.743620938929849, 51.3065436895792 ], [ -0.744698481157092, 51.306905055526499 ], [ -0.743590237177113, 51.307456085695499 ], [ -0.743682572384538, 51.307860806954203 ], [ -0.744424147937369, 51.308232948643102 ], [ -0.744167106040696, 51.3092949280881 ], [ -0.745653331661332, 51.310032939376498 ], [ -0.746154932107837, 51.310001464267899 ], [ -0.746389271536856, 51.310618153248598 ], [ -0.747364212031891, 51.310433440611497 ], [ -0.748124426328196, 51.311071045263702 ], [ -0.747969353224215, 51.311340063927602 ], [ -0.748638738054389, 51.311629599865903 ], [ -0.749623575807179, 51.311446773210697 ], [ -0.751267752125628, 51.312560559066 ], [ -0.752137701401783, 51.312439399540999 ], [ -0.753572842224338, 51.312795490888703 ], [ -0.754432163761011, 51.313490823636997 ], [ -0.755583801115382, 51.313509365947503 ], [ -0.7564107540966, 51.314020771236102 ], [ -0.756447835729099, 51.314666808702299 ], [ -0.758290665728951, 51.315925520598697 ], [ -0.758511873599669, 51.316768679040202 ], [ -0.759248866385504, 51.317162245258203 ], [ -0.761071408435434, 51.316944134800401 ], [ -0.761333225112122, 51.317344432643601 ], [ -0.762311488351188, 51.3174653567375 ], [ -0.763050994147229, 51.318352637444498 ], [ -0.76290312001552, 51.318730528734498 ], [ -0.763051666210506, 51.320410024819303 ], [ -0.763666176961389, 51.3208257316954 ], [ -0.763471252563744, 51.321404495297998 ], [ -0.764074287502393, 51.321767938661701 ], [ -0.764398732030317, 51.321551927872299 ], [ -0.765063522539226, 51.322661355407298 ], [ -0.766061682673304, 51.322901217654199 ], [ -0.765902646035722, 51.323479555412099 ], [ -0.764977656007461, 51.324097452833399 ], [ -0.764990988698127, 51.324667719911503 ], [ -0.766342974299357, 51.325950792116203 ], [ -0.768202368585965, 51.326676256411403 ], [ -0.768599520434247, 51.327600337392496 ], [ -0.769206727701604, 51.327865708267097 ], [ -0.7706510149114, 51.327531090116203 ], [ -0.772356376733601, 51.327896061759297 ], [ -0.772220810822144, 51.328457568413803 ], [ -0.773019732324846, 51.329017089275801 ], [ -0.772713737110954, 51.329352880670903 ], [ -0.773541978981645, 51.329456934340897 ], [ -0.773600479068472, 51.330170599448401 ], [ -0.774654898367507, 51.330621312510502 ], [ -0.775466206963731, 51.3319589023235 ], [ -0.77267997509833, 51.332843149539897 ], [ -0.768968484463276, 51.335485822984403 ], [ -0.764662030432324, 51.337030212178199 ], [ -0.76143156621821, 51.340409444871902 ], [ -0.76037594469622, 51.3402634133151 ], [ -0.758192612140745, 51.340568448835803 ], [ -0.75942849750956, 51.343521338300903 ], [ -0.756944323214992, 51.344296065670498 ], [ -0.755156692635497, 51.345480470913799 ], [ -0.752415873672162, 51.348541429094603 ], [ -0.749751689751427, 51.349933800608298 ], [ -0.748053035595279, 51.352348131614498 ], [ -0.744325730491651, 51.354563059316199 ], [ -0.741455383095175, 51.357117606669803 ], [ -0.735335360826244, 51.365009582350503 ], [ -0.731852843852571, 51.366431450955702 ], [ -0.724090511002717, 51.3684664188307 ], [ -0.710368815685801, 51.370653218922897 ], [ -0.697006879035952, 51.374394915407699 ], [ -0.664346748403329, 51.385738840494199 ], [ -0.658168501853214, 51.386281491484098 ], [ -0.655300457263153, 51.387245786356701 ], [ -0.652376319022536, 51.386790499777298 ], [ -0.650737977860579, 51.385662894606497 ], [ -0.647036686313343, 51.3859321665241 ], [ -0.646678885963734, 51.3853843196624 ], [ -0.64047343049334, 51.387380428532097 ], [ -0.63950052800104, 51.386631494505103 ], [ -0.638527627510111, 51.386659024836199 ], [ -0.636182701426563, 51.3851874646558 ], [ -0.634798542787315, 51.385098501336202 ], [ -0.634623381649991, 51.384752963757698 ], [ -0.632507043465893, 51.384303799614301 ], [ -0.628217958879968, 51.384234809939997 ], [ -0.62593068575818, 51.382872702732101 ], [ -0.624938795955919, 51.3828826463754 ], [ -0.620922516025549, 51.385171709135001 ], [ -0.619608085221258, 51.3848216401164 ], [ -0.619249393928978, 51.384991906979998 ], [ -0.618044765634433, 51.383379785053698 ], [ -0.616344267326498, 51.3835395914641 ], [ -0.617193957700195, 51.385817473034201 ], [ -0.618841767846729, 51.387462708233301 ], [ -0.620515792131769, 51.388475158107099 ], [ -0.623494691644589, 51.389543365026803 ], [ -0.621666646048886, 51.390046983144799 ], [ -0.618006397343643, 51.392056071997601 ], [ -0.618495201013367, 51.392388252515701 ], [ -0.616499481289591, 51.392407851901403 ], [ -0.608945935521765, 51.389841160195402 ], [ -0.607246734195927, 51.389676911064697 ], [ -0.605991380093752, 51.388371574117699 ], [ -0.604246347715553, 51.388095409958602 ], [ -0.603048952922012, 51.387251139987399 ], [ -0.598059804392752, 51.386279646841402 ] ] ] } },
{ "type": "Feature", "properties": { "LAD24CD": "E07000215", "LAD24NM": "Tandridge" }, "geometry": { "type": "Polygon", "coordinates": [ [ [ -0.022150177446984, 51.338130855342598 ], [ -0.020587677954189, 51.3372025650661 ], [ -0.017860241185599, 51.333017270367897 ], [ -0.017238445166242, 51.332987881959497 ], [ -0.016037002022286, 51.332051660321198 ], [ -0.014316511970413, 51.329772093777699 ], [ -0.013639783649025, 51.331531331649501 ], [ -0.011902236908005, 51.3329542582103 ], [ -0.010725759232045, 51.333083244843301 ], [ -0.010946568544375, 51.333675868910397 ], [ -0.009660684794607, 51.333928422357999 ], [ -0.007127736908091, 51.333739756888697 ], [ -0.007209099414617, 51.333387277100996 ], [ -0.001676611910694, 51.330307399688799 ], [ -0.000502893170894, 51.328778375227301 ], [ 0.002255311924003, 51.329134834114399 ], [ 0.004870266511679, 51.322076321090897 ], [ 0.005545593040138, 51.318444061379097 ], [ 0.006597585837326, 51.315684844091997 ], [ 0.010353751912436, 51.316146348173703 ], [ 0.008386374107149, 51.310561482480502 ], [ 0.015009378467909, 51.291786069142603 ], [ 0.019101246335563, 51.2916841001949 ], [ 0.020874148336987, 51.295571908373901 ], [ 0.020953080346769, 51.2967783788473 ], [ 0.023599255513794, 51.299704062233801 ], [ 0.024839136366892, 51.302154934152099 ], [ 0.027977808249625, 51.304685303782598 ], [ 0.030281651213951, 51.305558218107997 ], [ 0.032909417932232, 51.307520910580202 ], [ 0.036336788657453, 51.305863221341603 ], [ 0.04091758010957, 51.3027211628035 ], [ 0.041543105879997, 51.3029800731629 ], [ 0.042620201159846, 51.301328898470501 ], [ 0.043093126659108, 51.2990543143748 ], [ 0.044298495339116, 51.298580941055903 ], [ 0.043313107400155, 51.296581756873501 ], [ 0.042396497430127, 51.292673046721397 ], [ 0.042694921815368, 51.292062576322799 ], [ 0.044780206606005, 51.290735622094502 ], [ 0.046740134937882, 51.288592405639598 ], [ 0.048171074855135, 51.285652648696903 ], [ 0.04692582357591, 51.2810662833582 ], [ 0.045360706579335, 51.2779217370895 ], [ 0.045396379189194, 51.2766602748246 ], [ 0.04803180331053, 51.270121103500799 ], [ 0.049610425944724, 51.268032289975601 ], [ 0.049679844899115, 51.265693696904599 ], [ 0.051942392591165, 51.262682750866098 ], [ 0.053251878879606, 51.2581650202277 ], [ 0.054266411829001, 51.256585997722702 ], [ 0.053843595707861, 51.254078020905197 ], [ 0.055130736916454, 51.252379934940897 ], [ 0.057049818141972, 51.251291350827103 ], [ 0.057988423437497, 51.248917777317601 ], [ 0.058242830201613, 51.247778325801399 ], [ 0.057364776301756, 51.244062470527801 ], [ 0.056239193843038, 51.243175725066401 ], [ 0.055393126449549, 51.2405583072428 ], [ 0.053557310645933, 51.239325191457098 ], [ 0.053930252544887, 51.238143210013298 ], [ 0.052859695086069, 51.2365270444974 ], [ 0.048032758809392, 51.233755984047001 ], [ 0.046058727256995, 51.233318618654899 ], [ 0.04513559355212, 51.231947139918603 ], [ 0.043809439153699, 51.230887475838301 ], [ 0.043863598395954, 51.229783108377397 ], [ 0.043039097194984, 51.229083468530902 ], [ 0.042301826552518, 51.227376787862802 ], [ 0.04368547972163, 51.225827368599802 ], [ 0.042833771776774, 51.2246101601379 ], [ 0.042314170643117, 51.222576911217999 ], [ 0.042951152773301, 51.221794124372302 ], [ 0.04316674150006, 51.220161701315298 ], [ 0.041449601885555, 51.218250945160399 ], [ 0.041148588658467, 51.2166239392512 ], [ 0.036279521059888, 51.216581911036698 ], [ 0.033598951563527, 51.214337971837502 ], [ 0.034721035567054, 51.213482063321699 ], [ 0.034024205261498, 51.212031035360702 ], [ 0.03405140660578, 51.211740073286897 ], [ 0.03459483470804, 51.211660499045799 ], [ 0.033587775549999, 51.211323681528199 ], [ 0.033987843017991, 51.210881399813097 ], [ 0.033771565255453, 51.210554211786999 ], [ 0.035389877773256, 51.208486446763501 ], [ 0.036379318635324, 51.208165256680999 ], [ 0.036198344696458, 51.207956136248498 ], [ 0.037289900125101, 51.207060274177103 ], [ 0.036697323989951, 51.205181105625499 ], [ 0.035794329462562, 51.204213867273097 ], [ 0.039158397759436, 51.200872785015498 ], [ 0.038309316540279, 51.199765179667899 ], [ 0.038387026640036, 51.198833017888298 ], [ 0.038697035678401, 51.198463403271703 ], [ 0.039323782434272, 51.198459674041999 ], [ 0.039682138568135, 51.197822100081503 ], [ 0.040444871999656, 51.197883423974702 ], [ 0.040677617940658, 51.197611352444902 ], [ 0.040419622849772, 51.196662566373298 ], [ 0.041399512936587, 51.195840625260502 ], [ 0.04253401001062, 51.1940482159251 ], [ 0.042065292219496, 51.1937092664038 ], [ 0.042514425130703, 51.193605225426303 ], [ 0.042774961523821, 51.192990927172097 ], [ 0.044051035937412, 51.192622407713102 ], [ 0.044545045530945, 51.1918528910901 ], [ 0.046016975837382, 51.192159007404001 ], [ 0.046966291110982, 51.191684684944697 ], [ 0.047823257009324, 51.191741614419598 ], [ 0.047325262079617, 51.189999295265501 ], [ 0.04516744263272, 51.1886152416375 ], [ 0.04625514418071, 51.187843519329697 ], [ 0.046859307604993, 51.187783411291498 ], [ 0.046257302848829, 51.187340719889001 ], [ 0.047359047947168, 51.186335790260699 ], [ 0.047360409092205, 51.185559596294503 ], [ 0.048914322179185, 51.184879485552401 ], [ 0.049436950180728, 51.185016971066901 ], [ 0.049811200666875, 51.1829050528682 ], [ 0.052286537150584, 51.181226688710801 ], [ 0.052600364034076, 51.180624017499802 ], [ 0.051684875577925, 51.1786966368146 ], [ 0.051777571589961, 51.177755207933103 ], [ 0.050903631097875, 51.177179660279499 ], [ 0.050498952337777, 51.176282014960897 ], [ 0.048697159518457, 51.175591445921903 ], [ 0.048230801064426, 51.174330658690401 ], [ 0.047288978063228, 51.174062947583401 ], [ 0.046693710970823, 51.173477997272798 ], [ 0.046175915664107, 51.171831408883499 ], [ 0.046561782097584, 51.171467546580999 ], [ 0.046250827532118, 51.169193202590698 ], [ 0.047028626718263, 51.168925965376602 ], [ 0.046684198545114, 51.168448198939103 ], [ 0.047086724734431, 51.167718030018499 ], [ 0.046391900421233, 51.166205894455899 ], [ 0.046944958747637, 51.164869631021197 ], [ 0.048624139948766, 51.164418477852898 ], [ 0.047513797323874, 51.161242601087601 ], [ 0.048900910953608, 51.158817058109904 ], [ 0.0514942417773, 51.157245417429003 ], [ 0.051434159448016, 51.154374906166403 ], [ 0.050841167760133, 51.153514727679202 ], [ 0.05122337424716, 51.151684245458597 ], [ 0.052414267530986, 51.150746024206597 ], [ 0.054682514367125, 51.150433689705402 ], [ 0.054805363070837, 51.149528592049499 ], [ 0.054249618280758, 51.148315254493802 ], [ 0.053076462217032, 51.147461684510297 ], [ 0.051851604545844, 51.144925492876702 ], [ 0.050918047161025, 51.144700823641202 ], [ 0.049890909967078, 51.143912180275301 ], [ 0.050016528693635, 51.142650015855999 ], [ 0.042945105508128, 51.141636055942399 ], [ 0.041708155445246, 51.141013742263198 ], [ 0.04120546325101, 51.141188034796798 ], [ 0.038368012663107, 51.140285135780999 ], [ 0.03523585505679, 51.140383732287901 ], [ 0.031595980639781, 51.139794107753602 ], [ 0.029328190319467, 51.140011492528103 ], [ 0.027360061034493, 51.139847992055898 ], [ 0.023238719346085, 51.1390729026892 ], [ 0.020986371112998, 51.139348364852196 ], [ 0.019914847124357, 51.139952334508997 ], [ 0.017093637839773, 51.139149362713802 ], [ 0.010984409293226, 51.138949242868897 ], [ 0.007096992059256, 51.138986340789202 ], [ 0.001165518312722, 51.139605989537998 ], [ -0.001396656710612, 51.138933938010702 ], [ -0.003148524072393, 51.138105904939202 ], [ -0.005427004553447, 51.138208634975797 ], [ -0.005482536038089, 51.137948328088903 ], [ -0.006732434991602, 51.137640752633601 ], [ -0.006229688065828, 51.138473681980898 ], [ -0.006786368488898, 51.1391402168518 ], [ -0.010044075726452, 51.138313360827098 ], [ -0.010171524421489, 51.138740460263101 ], [ -0.011331597189442, 51.139072706076803 ], [ -0.0124462158174, 51.138899196920697 ], [ -0.012455489255471, 51.139265829514997 ], [ -0.014449992815635, 51.139625261423198 ], [ -0.01441392207094, 51.140066217742401 ], [ -0.016165217226708, 51.140381021746997 ], [ -0.016700713289896, 51.140995349281503 ], [ -0.01765328847127, 51.141184618405198 ], [ -0.018343799998262, 51.141184179024499 ], [ -0.018781134216619, 51.140719442622 ], [ -0.020368518749095, 51.140957214451703 ], [ -0.020048948119925, 51.139287602549501 ], [ -0.02113605474579, 51.1393891889863 ], [ -0.024654757818594, 51.138612550307698 ], [ -0.030705338946526, 51.1386172069029 ], [ -0.033241113275993, 51.139261119491202 ], [ -0.037381748568595, 51.139211012935398 ], [ -0.041780395211846, 51.139565802921702 ], [ -0.046249776505393, 51.138958412464 ], [ -0.046354011397987, 51.139130577143199 ], [ -0.053017100716245, 51.137839188958303 ], [ -0.056325694097903, 51.136765520371398 ], [ -0.063203483488358, 51.1412575843542 ], [ -0.067079723082653, 51.141106832426601 ], [ -0.073962430301794, 51.141777890505701 ], [ -0.076312601850275, 51.142295952782 ], [ -0.081065664885186, 51.1422040127242 ], [ -0.082613051363085, 51.142637746738899 ], [ -0.085389038856148, 51.142750650509598 ], [ -0.09369042917166, 51.138426478509999 ], [ -0.10916929592686, 51.139367506236503 ], [ -0.11176487956382, 51.140079424070699 ], [ -0.111644135278835, 51.140375157769597 ], [ -0.11496460158652, 51.140702125021399 ], [ -0.114586472769587, 51.141104298211403 ], [ -0.11725232095628, 51.141605944383301 ], [ -0.117828939122142, 51.140574640950099 ], [ -0.120810712075035, 51.140721715416703 ], [ -0.124558079590476, 51.140273022113597 ], [ -0.125142566702042, 51.140860119413901 ], [ -0.12757042959279, 51.1403020577457 ], [ -0.127401844777835, 51.139535767402599 ], [ -0.131084733881911, 51.139433916548903 ], [ -0.131748653221794, 51.141468544123299 ], [ -0.137571778320172, 51.142159609586798 ], [ -0.136330780216503, 51.14638290717 ], [ -0.135030192930538, 51.155981307840598 ], [ -0.134192041646016, 51.1577216618848 ], [ -0.132959635268358, 51.158883731155903 ], [ -0.133135889284447, 51.1592291761377 ], [ -0.135984287091781, 51.159737706500302 ], [ -0.140462480803131, 51.160047318194202 ], [ -0.140358974634288, 51.160416175781599 ], [ -0.135796446149622, 51.160741121436601 ], [ -0.128233779732238, 51.162841981554699 ], [ -0.127719191942197, 51.165040340594402 ], [ -0.128979609134812, 51.174791076219996 ], [ -0.13220690281866, 51.175540498435197 ], [ -0.132206571818165, 51.1759020024449 ], [ -0.134909354694882, 51.176498225070098 ], [ -0.135130736449696, 51.177358732177197 ], [ -0.136366658597356, 51.1779315312031 ], [ -0.135884572988557, 51.179311535265001 ], [ -0.13669540902798, 51.181204017044301 ], [ -0.139418705108256, 51.182545970836998 ], [ -0.141666864209652, 51.184852461185898 ], [ -0.140324033150394, 51.1859687767802 ], [ -0.141491295361821, 51.186443246271203 ], [ -0.143508138023478, 51.186534622818399 ], [ -0.142955312109978, 51.190392050271903 ], [ -0.141601734140565, 51.190671817067901 ], [ -0.14155522972563, 51.191473214529204 ], [ -0.139366202679056, 51.192986123399997 ], [ -0.137776084054179, 51.195970849821798 ], [ -0.137023909325045, 51.200568688270302 ], [ -0.137903696435838, 51.203991118002101 ], [ -0.137749534252437, 51.206609232552097 ], [ -0.137320558807565, 51.206595206575997 ], [ -0.136747019706528, 51.207540236240099 ], [ -0.135654392562246, 51.210527467962599 ], [ -0.135868326726258, 51.212074111155701 ], [ -0.143745105588362, 51.210744301160503 ], [ -0.145592687131481, 51.210727781026499 ], [ -0.144539142522399, 51.213573581579404 ], [ -0.144766118066079, 51.216232044787397 ], [ -0.145240721717068, 51.216216191753098 ], [ -0.147442203120559, 51.219945373746903 ], [ -0.149484090149733, 51.221915718315401 ], [ -0.152946696715199, 51.226324011944499 ], [ -0.152487684992043, 51.226770914221603 ], [ -0.153356764033541, 51.2271362671571 ], [ -0.155046597828194, 51.230725542381499 ], [ -0.153006841965876, 51.234378269479102 ], [ -0.152192488527812, 51.235039889993402 ], [ -0.151392963543181, 51.234937327151101 ], [ -0.150387575251587, 51.235996825997901 ], [ -0.149433607606406, 51.234593924753703 ], [ -0.148067173863109, 51.2341757930729 ], [ -0.145307474241173, 51.237297026748699 ], [ -0.146022832527933, 51.239565615129898 ], [ -0.14532833522704, 51.240589682574402 ], [ -0.145288055772246, 51.241591755439998 ], [ -0.143075731830949, 51.243876029836599 ], [ -0.142733746475244, 51.245786118574401 ], [ -0.14437279222094, 51.247927325085598 ], [ -0.144897770905814, 51.250228857737604 ], [ -0.145738015659367, 51.251214321138796 ], [ -0.144199463671864, 51.2518068533617 ], [ -0.142949081127479, 51.253323039153003 ], [ -0.139447486116212, 51.253337532171599 ], [ -0.135135436770187, 51.254716799256997 ], [ -0.131792694392072, 51.254169686690403 ], [ -0.131522416977364, 51.256559362116001 ], [ -0.129624490216328, 51.259890575446299 ], [ -0.127608012108721, 51.261652456409003 ], [ -0.126801913009311, 51.261736645902403 ], [ -0.126824921203647, 51.264099542136599 ], [ -0.127763335568241, 51.2643232375666 ], [ -0.128634772134555, 51.264147393632399 ], [ -0.130093627711753, 51.2656051613735 ], [ -0.129673619877977, 51.266524737373899 ], [ -0.132036623645061, 51.269020184663503 ], [ -0.132022630706421, 51.269682813671999 ], [ -0.129986344739722, 51.272556754093102 ], [ -0.130248617336281, 51.274359450419603 ], [ -0.131494394990482, 51.2768325806395 ], [ -0.130401016896675, 51.279546936255898 ], [ -0.130138485388299, 51.2817319142763 ], [ -0.130984952532663, 51.284815087561498 ], [ -0.126797496420222, 51.284916577903601 ], [ -0.127336386756229, 51.286437770329897 ], [ -0.124301850029936, 51.286790403161099 ], [ -0.117787425992582, 51.287182022292001 ], [ -0.116939969218837, 51.289487789761097 ], [ -0.115805363546077, 51.290644885701298 ], [ -0.1154942632089, 51.291165953256602 ], [ -0.114553242273446, 51.291553681937998 ], [ -0.114734430476013, 51.2924513742907 ], [ -0.111052160513274, 51.292252624163801 ], [ -0.102637380902686, 51.296006965491699 ], [ -0.100545018139535, 51.296447820854397 ], [ -0.094276222775321, 51.299438591008098 ], [ -0.095775630398362, 51.299601528406498 ], [ -0.097396361070515, 51.300384903281703 ], [ -0.097336203946918, 51.301101244191898 ], [ -0.095997897340935, 51.301514296007298 ], [ -0.09481825344748, 51.300621442212098 ], [ -0.09122374186729, 51.301475229057303 ], [ -0.091171623040073, 51.303391685063602 ], [ -0.090726245636363, 51.303944532867497 ], [ -0.089687467287181, 51.303963253577997 ], [ -0.088697645032424, 51.305146546035999 ], [ -0.088825065361474, 51.307218549744903 ], [ -0.086760987775482, 51.308794599428602 ], [ -0.08193167569138, 51.310647288536202 ], [ -0.081893019242152, 51.312609026885099 ], [ -0.08480233810149, 51.315867188922503 ], [ -0.083591305618743, 51.316382490579102 ], [ -0.083661900607565, 51.316650666440601 ], [ -0.082236628112553, 51.316946536835601 ], [ -0.081504185150613, 51.316722387388999 ], [ -0.080178864625196, 51.317841889493401 ], [ -0.078834989338555, 51.318097730373502 ], [ -0.07891302057719, 51.319769938729799 ], [ -0.074939654532971, 51.320237058881702 ], [ -0.071019782508098, 51.321223830445497 ], [ -0.070067351074045, 51.318900039456203 ], [ -0.063986142890024, 51.318640020938297 ], [ -0.062078883038192, 51.319200287518299 ], [ -0.060657578918395, 51.320064393801204 ], [ -0.05839242868016, 51.320382979343997 ], [ -0.056206526217262, 51.321682176040497 ], [ -0.054864023428037, 51.321280357922397 ], [ -0.052531033859988, 51.322419381995203 ], [ -0.051307224761096, 51.322452276556497 ], [ -0.051266737528513, 51.323438219247301 ], [ -0.049765431954347, 51.325266705404204 ], [ -0.047868739591303, 51.325245055609003 ], [ -0.047828029037527, 51.326509684964499 ], [ -0.04906986122656, 51.328607682790398 ], [ -0.048749277235619, 51.328718415472302 ], [ -0.051080881206983, 51.330845333081399 ], [ -0.051041957677755, 51.331593866075799 ], [ -0.050072201013776, 51.332052522667702 ], [ -0.050277134216505, 51.3326378099393 ], [ -0.048489358728551, 51.332801846244003 ], [ -0.046606219077459, 51.333538464123201 ], [ -0.041986458690276, 51.333860171934901 ], [ -0.039645197647037, 51.337476635336301 ], [ -0.03792008544979, 51.338724743293199 ], [ -0.034508889774446, 51.338083026853297 ], [ -0.032821632098463, 51.337415373989799 ], [ -0.030778935695828, 51.337471958002602 ], [ -0.026129713879683, 51.338545851866201 ], [ -0.022150177446984, 51.338130855342598 ] ] ] } },
{ "type": "Feature", "properties": { "LAD24CD": "E07000216", "LAD24NM": "Waverley" }, "geometry": { "type": "Polygon", "coordinates": [ [ [ -0.803457918041358, 51.2415112855209 ], [ -0.801740042684925, 51.2390387624338 ], [ -0.797410604409671, 51.239545604650601 ], [ -0.793047295362657, 51.241616621204798 ], [ -0.790231237024944, 51.242415682436103 ], [ -0.786900528289122, 51.241865098170599 ], [ -0.784424105826314, 51.242004811397202 ], [ -0.781933227211676, 51.241667426548098 ], [ -0.778057300734105, 51.242148912819196 ], [ -0.775904725480821, 51.241934871859002 ], [ -0.771474605028727, 51.2389969280581 ], [ -0.77141060987124, 51.238119945986902 ], [ -0.769723765419152, 51.236432780501701 ], [ -0.761176126663798, 51.234892547505503 ], [ -0.759662273223168, 51.234037580045097 ], [ -0.75210020932047, 51.231989555449601 ], [ -0.750254650960966, 51.231012162751298 ], [ -0.745540379663864, 51.230456389212698 ], [ -0.746303811215921, 51.229085072035197 ], [ -0.745651644712131, 51.227681589569798 ], [ -0.742278912437124, 51.228365654081699 ], [ -0.741583388090072, 51.225561504553603 ], [ -0.742369136707753, 51.225477356115 ], [ -0.741600976564765, 51.224179572329099 ], [ -0.744383145559525, 51.2236168433041 ], [ -0.748336015847959, 51.223495490654898 ], [ -0.748281267459733, 51.223189155048097 ], [ -0.747407745829262, 51.2231375529107 ], [ -0.747370284208213, 51.2218763958304 ], [ -0.746526208016372, 51.2219545583553 ], [ -0.746274047506875, 51.221274730466497 ], [ -0.742700054238766, 51.221579654001097 ], [ -0.74186353908996, 51.2195485912452 ], [ -0.74625520385579, 51.216486372472502 ], [ -0.746673226509335, 51.214087400457601 ], [ -0.747686885537034, 51.214347350536002 ], [ -0.748335859129155, 51.210717868638099 ], [ -0.74677484898515, 51.209178978601003 ], [ -0.747215200493024, 51.208923235128303 ], [ -0.745888264658602, 51.206841973408402 ], [ -0.742212626348339, 51.205663203770499 ], [ -0.731642049228366, 51.196861263238901 ], [ -0.719968624375146, 51.200387845809203 ], [ -0.718709066894235, 51.199612328539502 ], [ -0.718571475106671, 51.200752918579603 ], [ -0.713166796896589, 51.202084712411903 ], [ -0.708914672651133, 51.203039712897798 ], [ -0.70656060909044, 51.202710652290101 ], [ -0.70317878245622, 51.196407907730801 ], [ -0.703789863723296, 51.194612642510002 ], [ -0.702400424999023, 51.192472901241999 ], [ -0.701940029900119, 51.192305025764 ], [ -0.700353337559209, 51.192718695775 ], [ -0.700414945890679, 51.191931982762299 ], [ -0.699540861092772, 51.192745358039303 ], [ -0.698883046343369, 51.191939323795999 ], [ -0.696968268393547, 51.191938693428199 ], [ -0.696196137381422, 51.192067677678203 ], [ -0.696129778681935, 51.192651830014597 ], [ -0.695599191993737, 51.191188239646102 ], [ -0.694517053509387, 51.191235231514298 ], [ -0.694521125965425, 51.1920358759942 ], [ -0.693685993121592, 51.191707277185202 ], [ -0.693795097545058, 51.191257423388599 ], [ -0.693055860683681, 51.190907696820702 ], [ -0.69122743272644, 51.191004113593301 ], [ -0.691291599653208, 51.1901475602521 ], [ -0.688265668318996, 51.1895571643933 ], [ -0.688402367528846, 51.188653170832701 ], [ -0.685486610628368, 51.189910979711001 ], [ -0.685278722740621, 51.191535418402403 ], [ -0.684692626258458, 51.1916133608187 ], [ -0.684846858529166, 51.192480190227798 ], [ -0.682990180939548, 51.194644719967897 ], [ -0.682561852714263, 51.1945571876442 ], [ -0.681385480917947, 51.195310968672601 ], [ -0.679531729091955, 51.195271178934597 ], [ -0.679540298817639, 51.195574332344499 ], [ -0.676187338860263, 51.195211803393903 ], [ -0.670960241360836, 51.196022145889998 ], [ -0.669279906600376, 51.196868970266799 ], [ -0.667381228761943, 51.199180105284299 ], [ -0.666100816791183, 51.199260804453999 ], [ -0.663407226571203, 51.200246202034002 ], [ -0.663118213531337, 51.198756477579302 ], [ -0.660881626652978, 51.195819901680601 ], [ -0.660659870278979, 51.1932150056561 ], [ -0.65844158993096, 51.190680537385703 ], [ -0.656816078959818, 51.187334405325302 ], [ -0.652318441879736, 51.183455556696401 ], [ -0.650398731965995, 51.183144722657801 ], [ -0.653165283890989, 51.181646039545001 ], [ -0.652908612285114, 51.1810739185523 ], [ -0.651506996776669, 51.181205206221897 ], [ -0.650555872413511, 51.179133155587301 ], [ -0.648119784721682, 51.1758370136818 ], [ -0.640885338978632, 51.178852130677001 ], [ -0.638301308279404, 51.180368775692799 ], [ -0.632837718267591, 51.182823895378903 ], [ -0.633323296788454, 51.183508072322297 ], [ -0.631127227903381, 51.184074101073598 ], [ -0.629942044770917, 51.191027221642898 ], [ -0.629232200663948, 51.1914915868918 ], [ -0.630086440067483, 51.192220112716299 ], [ -0.629803019732213, 51.192815784260901 ], [ -0.632269673629511, 51.193562282142103 ], [ -0.637649207430806, 51.194466621893497 ], [ -0.637754759002919, 51.194818561936202 ], [ -0.63871635482769, 51.195164285071797 ], [ -0.636904040658162, 51.198123396323702 ], [ -0.634753713293512, 51.1984703254465 ], [ -0.635500955838864, 51.201615403507297 ], [ -0.633152469454056, 51.202520486691697 ], [ -0.629193880784094, 51.202340193234903 ], [ -0.628753678222179, 51.202085846407201 ], [ -0.628296333594024, 51.20355615055 ], [ -0.625830025274888, 51.203864845654103 ], [ -0.623645298940156, 51.2022649964333 ], [ -0.621259375962478, 51.202880712727001 ], [ -0.618366215334994, 51.2046100122691 ], [ -0.618722016824158, 51.204963117886201 ], [ -0.617452654065996, 51.2055254455422 ], [ -0.617677667910056, 51.205756540742598 ], [ -0.616495696062509, 51.207029377240602 ], [ -0.614114278544194, 51.208054157804199 ], [ -0.613352263252274, 51.207494757177699 ], [ -0.610122338290397, 51.206886257053199 ], [ -0.6034702476264, 51.204361093255699 ], [ -0.600185962875312, 51.204471077045703 ], [ -0.592525053002494, 51.202902277149803 ], [ -0.591405275080847, 51.201224766404103 ], [ -0.590093329314832, 51.200467017163199 ], [ -0.588719893320707, 51.200219461958902 ], [ -0.588323491710226, 51.199855885636197 ], [ -0.586958732646832, 51.199910471477402 ], [ -0.584926908961277, 51.198662875862297 ], [ -0.585964349720664, 51.197876871003103 ], [ -0.588924883969389, 51.197201267187403 ], [ -0.587341887472181, 51.197060788012102 ], [ -0.587118844892491, 51.1962902292587 ], [ -0.587708453301414, 51.195871095948 ], [ -0.588728664506203, 51.195458048099198 ], [ -0.589488126121177, 51.196272023561697 ], [ -0.592018446537503, 51.195008449169002 ], [ -0.593300970972543, 51.193781099024697 ], [ -0.593708701795467, 51.191336434944901 ], [ -0.592057835817841, 51.190874613258302 ], [ -0.591870860186362, 51.190553127969103 ], [ -0.588323293780542, 51.190177230082902 ], [ -0.586776125164075, 51.189527284941803 ], [ -0.586233412651657, 51.189865143822502 ], [ -0.587196983361373, 51.190739190576998 ], [ -0.584913892836894, 51.190428345666803 ], [ -0.584717496578891, 51.190815332846498 ], [ -0.583630845205747, 51.190782408595801 ], [ -0.582687332456901, 51.189726066800503 ], [ -0.581692379724897, 51.189735590119298 ], [ -0.582028010902388, 51.1890607247785 ], [ -0.581582141214101, 51.188714506388102 ], [ -0.57709690403849, 51.188168118783899 ], [ -0.576240370366911, 51.189031809556901 ], [ -0.576127262461692, 51.189730944213302 ], [ -0.578375458119227, 51.189868853355797 ], [ -0.577579345674683, 51.192694701847699 ], [ -0.574437200455048, 51.192975622302299 ], [ -0.574437824610008, 51.196248045821399 ], [ -0.574993153929072, 51.196851015851799 ], [ -0.57378899893572, 51.198316632480498 ], [ -0.57088365664275, 51.199368429130203 ], [ -0.569573066420406, 51.200451246315403 ], [ -0.565868858291762, 51.199942265445102 ], [ -0.562346527100891, 51.201677458267902 ], [ -0.560790081518842, 51.200680843237102 ], [ -0.560011209509072, 51.200826790731703 ], [ -0.559113121397976, 51.200110733096601 ], [ -0.558129996137771, 51.200149868609003 ], [ -0.557399836483229, 51.199650728134699 ], [ -0.55555854676358, 51.199258431946397 ], [ -0.553439532928206, 51.200831154079196 ], [ -0.552848653418623, 51.200456961512103 ], [ -0.552038866027579, 51.201403764994801 ], [ -0.550294372489106, 51.206178851254897 ], [ -0.547599840180778, 51.209603216730898 ], [ -0.544273325997744, 51.210351397013099 ], [ -0.543895981827152, 51.211603873752502 ], [ -0.542637219984847, 51.2120198227583 ], [ -0.537051595508393, 51.2125769414098 ], [ -0.535054036130505, 51.213169762909999 ], [ -0.533659209696371, 51.213134315993599 ], [ -0.532445111045568, 51.213448226791499 ], [ -0.530665475034383, 51.213355775062801 ], [ -0.529266643389259, 51.211689861791299 ], [ -0.527711412583976, 51.211388826058503 ], [ -0.526835302146564, 51.208961429395103 ], [ -0.524656447893981, 51.2094510949225 ], [ -0.524270175267528, 51.208414785255798 ], [ -0.519823510000061, 51.208014215154599 ], [ -0.516718280931978, 51.206765362540899 ], [ -0.511698060538193, 51.206621522469298 ], [ -0.508552807265061, 51.2054862936888 ], [ -0.505650492347259, 51.204964559138098 ], [ -0.506527399043709, 51.200907702878098 ], [ -0.503607358879582, 51.2000678858208 ], [ -0.502762495577598, 51.199314997151397 ], [ -0.503217628341391, 51.198737639709996 ], [ -0.505636899165713, 51.197843205613601 ], [ -0.507155591396372, 51.196202528026397 ], [ -0.504962212983764, 51.192571756961101 ], [ -0.504439326649324, 51.1903789301887 ], [ -0.504754427819806, 51.189396463020103 ], [ -0.504420701947323, 51.187637670672103 ], [ -0.505342574276898, 51.183602691365301 ], [ -0.501098458170885, 51.183537827828602 ], [ -0.498331113949569, 51.183825723166301 ], [ -0.495234270056435, 51.183149248017102 ], [ -0.494803632763547, 51.184421582169001 ], [ -0.493844132340875, 51.184314540670201 ], [ -0.491595433604796, 51.183588721560803 ], [ -0.491807205520043, 51.1821826017555 ], [ -0.490348652835107, 51.1817150907249 ], [ -0.490154075028328, 51.180008486863997 ], [ -0.489330004012467, 51.179613787918399 ], [ -0.488570935362873, 51.1781481112546 ], [ -0.487335311441851, 51.178219347372199 ], [ -0.485049390399548, 51.178994664196999 ], [ -0.483079966786552, 51.178887246064498 ], [ -0.481565645338878, 51.178604189811601 ], [ -0.479389749495173, 51.177423025437399 ], [ -0.475765675948058, 51.178034130996203 ], [ -0.475585692798809, 51.178458911276998 ], [ -0.475067089063896, 51.178567318366603 ], [ -0.467600011970996, 51.179520982721797 ], [ -0.466023045016894, 51.177893315437402 ], [ -0.464349287132154, 51.177112313138103 ], [ -0.460802843423919, 51.177193461653303 ], [ -0.459447503815887, 51.177422945267999 ], [ -0.459036987669521, 51.177936365676999 ], [ -0.45760015416695, 51.1763616720973 ], [ -0.457074965999099, 51.174886171761102 ], [ -0.456370840510915, 51.175631372462703 ], [ -0.447315476555928, 51.180663261997999 ], [ -0.447551160914823, 51.181888872403903 ], [ -0.443905881368202, 51.183553938423302 ], [ -0.443283456227756, 51.183171557697797 ], [ -0.442918686266278, 51.183338466607097 ], [ -0.437335382476706, 51.179532278877303 ], [ -0.437107412820752, 51.1798257272482 ], [ -0.435731977537485, 51.179535492728803 ], [ -0.434095526378892, 51.179606138155499 ], [ -0.432941006502527, 51.179092747550598 ], [ -0.431605101956703, 51.177917290044697 ], [ -0.4313067846205, 51.175907079857701 ], [ -0.429532957347438, 51.174032125461402 ], [ -0.427823944965538, 51.1758174343734 ], [ -0.425913537320694, 51.174466664857697 ], [ -0.42531198729461, 51.174651104473199 ], [ -0.422353991107652, 51.173550920554902 ], [ -0.419421880778864, 51.173534906111598 ], [ -0.418568646347191, 51.173293611284002 ], [ -0.418441916813657, 51.172219347499002 ], [ -0.41619086587296, 51.168607026937401 ], [ -0.416623829359624, 51.167077005028503 ], [ -0.415140078305247, 51.158654063152198 ], [ -0.415637619868785, 51.157488123008598 ], [ -0.416338866627444, 51.157349280449303 ], [ -0.41549321440675, 51.156361135059903 ], [ -0.415969554288745, 51.1549800410912 ], [ -0.414839390522801, 51.152320895390197 ], [ -0.414561033572722, 51.150176827625103 ], [ -0.415114487356484, 51.145037705920998 ], [ -0.414836391571465, 51.142470109507002 ], [ -0.415331967233268, 51.140106375987301 ], [ -0.415949828584662, 51.139134542710302 ], [ -0.415708568263379, 51.137535962130002 ], [ -0.416324490227244, 51.132401270100402 ], [ -0.415309827152514, 51.132187944716001 ], [ -0.415108742720854, 51.1315898872909 ], [ -0.415931870214573, 51.131469691113303 ], [ -0.415820544810091, 51.131130959840597 ], [ -0.41372051288288, 51.128139410780101 ], [ -0.413236600134928, 51.126328867920698 ], [ -0.413304640752447, 51.125426002747403 ], [ -0.416991380033883, 51.124722396440902 ], [ -0.417880208081656, 51.121670551806098 ], [ -0.418584853947043, 51.110945381227801 ], [ -0.418207227210455, 51.109371027226103 ], [ -0.417286874324924, 51.109128337679302 ], [ -0.417419600773618, 51.108927441727502 ], [ -0.418935855740565, 51.109172499212399 ], [ -0.419521859906094, 51.108020039171997 ], [ -0.419797507032437, 51.106764771375502 ], [ -0.419197682354686, 51.105190618319199 ], [ -0.421107216013212, 51.104249226884299 ], [ -0.42158070901142, 51.103561359261803 ], [ -0.426532268604946, 51.102487854735898 ], [ -0.428123262148561, 51.101399494571901 ], [ -0.433049188635358, 51.100693159246099 ], [ -0.435548374691235, 51.0996887859637 ], [ -0.437243694047118, 51.0982069383778 ], [ -0.438436290445316, 51.097908122792099 ], [ -0.441214075510823, 51.097740210160502 ], [ -0.441433326596922, 51.0980174246953 ], [ -0.442503690062925, 51.098127883257398 ], [ -0.44234269754934, 51.099092459654003 ], [ -0.438827121166527, 51.100297375442899 ], [ -0.439966304197015, 51.100827900570401 ], [ -0.439536933323944, 51.101065807335999 ], [ -0.43947148854798, 51.101992097823903 ], [ -0.440065261864854, 51.102045061232701 ], [ -0.440181903124709, 51.102782198920103 ], [ -0.441195905267579, 51.103251616110498 ], [ -0.441058418852935, 51.101736366407202 ], [ -0.443794187906565, 51.101082986863702 ], [ -0.444849660158165, 51.099592602398403 ], [ -0.446102426481211, 51.100614972651798 ], [ -0.450472087333825, 51.100267564450398 ], [ -0.451181049221141, 51.099644582718803 ], [ -0.452029331688643, 51.099476858853301 ], [ -0.454244643867739, 51.100319025528101 ], [ -0.456847205558173, 51.1005532212342 ], [ -0.460744826393996, 51.099036698785497 ], [ -0.470275141918642, 51.0984827204813 ], [ -0.474462928982629, 51.096917915760201 ], [ -0.475966966814597, 51.096826196635497 ], [ -0.478849854772596, 51.097263014622797 ], [ -0.483009206198784, 51.096162009649298 ], [ -0.488450158174447, 51.097310688759002 ], [ -0.489221985123776, 51.096072452318502 ], [ -0.490411324149568, 51.095963074525898 ], [ -0.490823189349194, 51.0944086672868 ], [ -0.492109150908277, 51.094442697917003 ], [ -0.495495796814569, 51.093389999425597 ], [ -0.496101951763703, 51.092353656410197 ], [ -0.500184063772288, 51.090291879060103 ], [ -0.501640696505333, 51.090243921538899 ], [ -0.502305431089421, 51.089381983505703 ], [ -0.503337727616484, 51.088939198790598 ], [ -0.50302196747733, 51.088548484463402 ], [ -0.50683530012716, 51.088297733457402 ], [ -0.506941780899357, 51.088761286499903 ], [ -0.508441305441129, 51.088710283105101 ], [ -0.511062389799528, 51.089704099693698 ], [ -0.512889714205439, 51.089851491365998 ], [ -0.513309070681639, 51.089465558937697 ], [ -0.515285468115336, 51.090264089404798 ], [ -0.515230844215187, 51.090588038112202 ], [ -0.517010686813396, 51.090749056841602 ], [ -0.517210299755937, 51.091024083194696 ], [ -0.518385700217377, 51.091019191282697 ], [ -0.518512958953391, 51.090746507152097 ], [ -0.519982417035333, 51.090836898650899 ], [ -0.520898517125349, 51.091014312594503 ], [ -0.521236496406833, 51.0914275819338 ], [ -0.523170681584605, 51.091606699085403 ], [ -0.524137322444859, 51.089902105750397 ], [ -0.525661439587987, 51.0899339083348 ], [ -0.526945499266467, 51.089605663202803 ], [ -0.527287745002856, 51.090927501046103 ], [ -0.526042980043258, 51.091363229474403 ], [ -0.526388223010758, 51.091866720700402 ], [ -0.528821072294015, 51.092018704090997 ], [ -0.531263704439512, 51.092807453247097 ], [ -0.531123644137651, 51.0922697823748 ], [ -0.531455708580137, 51.092242484428098 ], [ -0.532423153308618, 51.093170914868701 ], [ -0.53497929663322, 51.093578921413503 ], [ -0.535595296317322, 51.093065020631201 ], [ -0.53658143072477, 51.090729377292902 ], [ -0.535854587636734, 51.0897787274479 ], [ -0.536128979260979, 51.088775792788901 ], [ -0.534487690752933, 51.086939647572301 ], [ -0.532618410024846, 51.086090637716801 ], [ -0.535124238220014, 51.084095997430097 ], [ -0.535523150105076, 51.083175629037598 ], [ -0.537317420973872, 51.08354970509 ], [ -0.537548680989947, 51.082736913805803 ], [ -0.538610225709667, 51.083074828742099 ], [ -0.539181493590813, 51.0820280439358 ], [ -0.539485119823149, 51.082270169349201 ], [ -0.54124644557309, 51.082239032495998 ], [ -0.54134155564707, 51.0832096366385 ], [ -0.547640888390319, 51.083483256069499 ], [ -0.549991112759414, 51.083251628760003 ], [ -0.553113214683114, 51.084043069488402 ], [ -0.5561352805262, 51.084337562972699 ], [ -0.556550349666233, 51.084625971220902 ], [ -0.558474103170976, 51.082998665113799 ], [ -0.561675877315542, 51.0835291567289 ], [ -0.561712409067733, 51.083778635133001 ], [ -0.563057100122247, 51.083696283087399 ], [ -0.566509591958542, 51.084383456801199 ], [ -0.568124386068299, 51.084895195052702 ], [ -0.568570536992246, 51.0854762110949 ], [ -0.569757198466838, 51.085747858816198 ], [ -0.577592603888771, 51.086653765802801 ], [ -0.587125297687217, 51.084584870859203 ], [ -0.588264864276904, 51.084156467275101 ], [ -0.590545880440182, 51.081985445192203 ], [ -0.594137630140818, 51.080245886761602 ], [ -0.597757732738964, 51.079699449058502 ], [ -0.600994819125083, 51.079627809768702 ], [ -0.603893191135555, 51.080032788883202 ], [ -0.605218370314534, 51.080597259444502 ], [ -0.607594298656924, 51.082369630957501 ], [ -0.610698521024164, 51.083001630976398 ], [ -0.615193340968668, 51.0847150105757 ], [ -0.620947781550304, 51.088136020992799 ], [ -0.624663835522591, 51.088043602611499 ], [ -0.628685682631414, 51.088979265077697 ], [ -0.629623298284864, 51.088948007734203 ], [ -0.631138562035898, 51.088360546588497 ], [ -0.633793826252951, 51.086531140740803 ], [ -0.637872051324696, 51.085306895133797 ], [ -0.642634069445694, 51.084430824031003 ], [ -0.645938193400898, 51.084365370544099 ], [ -0.648159054761458, 51.083383439226402 ], [ -0.650253556564976, 51.0835379501004 ], [ -0.654268766307415, 51.083382987028401 ], [ -0.657617740933169, 51.0822139482121 ], [ -0.663974824970759, 51.081699465360501 ], [ -0.665757699946514, 51.080659314893197 ], [ -0.666366808997849, 51.079619487444198 ], [ -0.666761928283253, 51.079632985005098 ], [ -0.669060472312222, 51.077393022011599 ], [ -0.672542767059212, 51.077227542070801 ], [ -0.675571350761329, 51.076449891610203 ], [ -0.678807755149431, 51.0763434713473 ], [ -0.682472442492267, 51.075330001740902 ], [ -0.6874249802526, 51.075514230077701 ], [ -0.690566738558592, 51.073847126118302 ], [ -0.694350938742496, 51.072983817310103 ], [ -0.69461759235492, 51.072432815560603 ], [ -0.69593239543729, 51.072324305557601 ], [ -0.696752296390414, 51.071491685816497 ], [ -0.697227349950701, 51.0716022497786 ], [ -0.696906892553176, 51.072746099895397 ], [ -0.698626950410614, 51.073051214139099 ], [ -0.698128363945776, 51.073778640050897 ], [ -0.699989310698188, 51.074656267351003 ], [ -0.700549987007654, 51.0744849085279 ], [ -0.701836522385309, 51.075934338326299 ], [ -0.704495784221406, 51.076904064712799 ], [ -0.7066824348474, 51.078760977647597 ], [ -0.708839061543419, 51.078518589307997 ], [ -0.710605914592091, 51.077902489052597 ], [ -0.71080026540302, 51.078273594227198 ], [ -0.711866783098936, 51.077857734553 ], [ -0.712894601584675, 51.077935587327403 ], [ -0.713002320126456, 51.077551885661698 ], [ -0.714583919418682, 51.077401553028899 ], [ -0.718674915490288, 51.077904582501603 ], [ -0.720124150954044, 51.078775180102099 ], [ -0.722301010881513, 51.079415844826698 ], [ -0.722860964755437, 51.077811825683099 ], [ -0.725188212015235, 51.078190144005099 ], [ -0.725683298506549, 51.078590307801797 ], [ -0.727563660159376, 51.079025745602301 ], [ -0.729875084393929, 51.080061584260498 ], [ -0.729943644694167, 51.080532684798499 ], [ -0.730607398458352, 51.080847429014703 ], [ -0.730920286785035, 51.082509940310501 ], [ -0.732266492956376, 51.0837164841301 ], [ -0.735107103546211, 51.083842047270799 ], [ -0.735579162808658, 51.0847014733639 ], [ -0.73634180019132, 51.084483978202599 ], [ -0.737794547177138, 51.085139038214599 ], [ -0.738406214068117, 51.084962242360902 ], [ -0.739039882866176, 51.085236171013896 ], [ -0.740921185324981, 51.085150271300101 ], [ -0.743929805207236, 51.085507259087798 ], [ -0.744991851179826, 51.085304699599703 ], [ -0.745739629120688, 51.0844772776843 ], [ -0.746860801132427, 51.085148448820902 ], [ -0.74906888392268, 51.085547067453703 ], [ -0.749168158026198, 51.085890740772399 ], [ -0.753474893729619, 51.086453501147197 ], [ -0.753588491670859, 51.086691589564197 ], [ -0.75472876142903, 51.0866092579286 ], [ -0.757395349519025, 51.087789843595303 ], [ -0.757504790133454, 51.0888357032767 ], [ -0.758574347600566, 51.090165460181403 ], [ -0.758262689013643, 51.090341951082401 ], [ -0.758565519648024, 51.090816426792799 ], [ -0.758900251643686, 51.0908469512989 ], [ -0.75855297311622, 51.092033007459101 ], [ -0.75530028203224, 51.094805091241803 ], [ -0.755157067215712, 51.095333998870998 ], [ -0.754312848438548, 51.095876275450003 ], [ -0.755852215892578, 51.0985436561296 ], [ -0.756240767891023, 51.098325737244501 ], [ -0.75799565728026, 51.100630295589099 ], [ -0.75850540279936, 51.100583568629503 ], [ -0.75862272217777, 51.102337428954002 ], [ -0.759814788821551, 51.1039076117533 ], [ -0.761333875688553, 51.103824827731799 ], [ -0.763184088613762, 51.102900192784404 ], [ -0.765248479259245, 51.102504788713901 ], [ -0.767052628257245, 51.102390689160899 ], [ -0.768886626735593, 51.103249962108997 ], [ -0.767801043145772, 51.103413829356803 ], [ -0.765755105461346, 51.102845558458696 ], [ -0.764912075311451, 51.102909473678203 ], [ -0.759864834477471, 51.104867652041598 ], [ -0.75628587819875, 51.104577006927101 ], [ -0.749272690128818, 51.103245905715902 ], [ -0.744587902767519, 51.106456826885903 ], [ -0.745646829412224, 51.106440317365298 ], [ -0.747592574736677, 51.107759986823098 ], [ -0.746828823269943, 51.108476338316997 ], [ -0.74549512326378, 51.112204338144402 ], [ -0.748484770149645, 51.112380268642802 ], [ -0.749222655741541, 51.113094992071701 ], [ -0.750261753700703, 51.113480292135002 ], [ -0.753143452456453, 51.113158553010699 ], [ -0.754124851683473, 51.113746348196401 ], [ -0.756246126796022, 51.114183501691002 ], [ -0.758437851382024, 51.115320187112303 ], [ -0.760388287982798, 51.115386210915503 ], [ -0.761866097463134, 51.114896484407801 ], [ -0.764169158924667, 51.115180925215 ], [ -0.769171149731089, 51.117088266525599 ], [ -0.769514987443182, 51.118839617530597 ], [ -0.770671490931723, 51.120977389881503 ], [ -0.772420701370084, 51.121766357474598 ], [ -0.772631027895149, 51.122365500831897 ], [ -0.774115678283392, 51.123068122077797 ], [ -0.777733855813303, 51.126868279886097 ], [ -0.778888631628546, 51.1274668514491 ], [ -0.780659375393414, 51.127792547361601 ], [ -0.78087839586483, 51.1280965523124 ], [ -0.782380722374422, 51.128523048468601 ], [ -0.783007158258917, 51.129369667642202 ], [ -0.782716924240006, 51.130032103484503 ], [ -0.78056332783392, 51.131258110179097 ], [ -0.78089710864195, 51.1328032951727 ], [ -0.780556159257879, 51.1344833464928 ], [ -0.781052812702169, 51.135217651736497 ], [ -0.781892843120385, 51.1356192974661 ], [ -0.784809406166578, 51.136131748340297 ], [ -0.786945937551773, 51.1375533757667 ], [ -0.78956170059484, 51.138334622404898 ], [ -0.791102898718987, 51.139235438183398 ], [ -0.792534552360943, 51.143794038096502 ], [ -0.793785428066986, 51.144787957537801 ], [ -0.793497471325929, 51.145359615598899 ], [ -0.794533750822549, 51.148041476913001 ], [ -0.794395940028727, 51.149759086914301 ], [ -0.795260630585166, 51.149771597394299 ], [ -0.796929679978136, 51.150863672941497 ], [ -0.799101764262648, 51.151390579945499 ], [ -0.798374665057856, 51.152537662506298 ], [ -0.802296446935697, 51.152687069434997 ], [ -0.803417065696195, 51.153036658952701 ], [ -0.803381816863577, 51.154176595052498 ], [ -0.804287313877534, 51.155053817951803 ], [ -0.804775474923084, 51.155050261828301 ], [ -0.804700413985953, 51.155354344019997 ], [ -0.80548901424477, 51.1553273323089 ], [ -0.80537356937252, 51.154935873454498 ], [ -0.805949996539476, 51.1546081358481 ], [ -0.806848001725566, 51.154579444569499 ], [ -0.806921409120347, 51.153853554649899 ], [ -0.80716253665038, 51.1540659385156 ], [ -0.807838583573422, 51.153877784094 ], [ -0.80802691011877, 51.154116209920701 ], [ -0.808178391625308, 51.153775405447099 ], [ -0.809615836290496, 51.153515505076001 ], [ -0.811053736574067, 51.152686179552198 ], [ -0.810987368656513, 51.152425438285597 ], [ -0.81357579064574, 51.151886457758501 ], [ -0.812528861769341, 51.151234296200698 ], [ -0.815613238894298, 51.150157332772302 ], [ -0.816796777453076, 51.149515732946398 ], [ -0.816910074669074, 51.148981998500801 ], [ -0.817925602680857, 51.148831842200501 ], [ -0.817409635987285, 51.148511702768403 ], [ -0.817788379067897, 51.148063653991201 ], [ -0.817367734948183, 51.147756618204497 ], [ -0.8233300924384, 51.146394776243099 ], [ -0.824802770838446, 51.147567208784402 ], [ -0.825913854184312, 51.146313560556003 ], [ -0.825913990590582, 51.145738843670301 ], [ -0.828350704768299, 51.145280655614698 ], [ -0.832327071055372, 51.147752940654897 ], [ -0.833178927207485, 51.147989857947103 ], [ -0.834182386405469, 51.147600596622802 ], [ -0.833807352160526, 51.149758426039398 ], [ -0.830921555826142, 51.155721367994303 ], [ -0.831302430939952, 51.159099219727899 ], [ -0.830457911843748, 51.161223746962897 ], [ -0.831249575176358, 51.161247845183603 ], [ -0.830024172015479, 51.162484662282601 ], [ -0.830372917028831, 51.162720184457498 ], [ -0.829156869484535, 51.167820273457401 ], [ -0.827118573400791, 51.174591079002496 ], [ -0.827729333444503, 51.177024324314203 ], [ -0.827591958468967, 51.177590395967798 ], [ -0.826807781917411, 51.177539290109898 ], [ -0.826555765189442, 51.178564679059001 ], [ -0.825426514487194, 51.181232184146701 ], [ -0.827238587458908, 51.184665142925901 ], [ -0.828086163360991, 51.184849650265498 ], [ -0.828300148032185, 51.186005481307497 ], [ -0.830051608235311, 51.1882640409316 ], [ -0.834734195111835, 51.1914824527462 ], [ -0.835150618267636, 51.191481206930099 ], [ -0.83638355418211, 51.192759629151197 ], [ -0.83716276916509, 51.194323095103499 ], [ -0.838091618846699, 51.194718984928002 ], [ -0.838107364569851, 51.195233458952302 ], [ -0.842632686380077, 51.199349252850503 ], [ -0.843046574766431, 51.199400184806102 ], [ -0.843316503335447, 51.198908225630497 ], [ -0.843758599680951, 51.198911697996898 ], [ -0.845531498131086, 51.2001342235191 ], [ -0.845751450512665, 51.2007874476678 ], [ -0.843811729553658, 51.201708911998601 ], [ -0.845494113594384, 51.204381883541899 ], [ -0.847027432074871, 51.2059832845476 ], [ -0.846091333199228, 51.206551389802897 ], [ -0.847054664032564, 51.208852248659099 ], [ -0.84892972737272, 51.210732727430802 ], [ -0.846830205249435, 51.2123669689189 ], [ -0.843615484682734, 51.213573687810502 ], [ -0.842713353936506, 51.2135791553155 ], [ -0.842658518468925, 51.213876445316501 ], [ -0.84023338677254, 51.215127479621501 ], [ -0.839556086991418, 51.216897596340701 ], [ -0.836296160757958, 51.219469269518498 ], [ -0.834667010070049, 51.222025812027198 ], [ -0.833750621719964, 51.222005170444497 ], [ -0.833632788655051, 51.222957112217401 ], [ -0.832321891283937, 51.224051104497399 ], [ -0.829099799662045, 51.225404828780903 ], [ -0.828733158326911, 51.2260261343745 ], [ -0.82888583649353, 51.227175996646601 ], [ -0.828574787093766, 51.227243023842497 ], [ -0.828470054882975, 51.230681258519397 ], [ -0.827989362111472, 51.233085456752399 ], [ -0.826633225553006, 51.234366761730698 ], [ -0.823529904554623, 51.233949847800801 ], [ -0.823689934943211, 51.234301251222803 ], [ -0.820863635103588, 51.234477862707401 ], [ -0.820778172016609, 51.239270825760798 ], [ -0.816254753314458, 51.239363686429598 ], [ -0.813657948178051, 51.240348113837797 ], [ -0.81343270601061, 51.241531048864303 ], [ -0.807569059612662, 51.242966806729598 ], [ -0.80621141787428, 51.244773029329799 ], [ -0.804749572959298, 51.245064746677102 ], [ -0.803457918041358, 51.2415112855209 ] ] ] } },
{ "type": "Feature", "properties": { "LAD24CD": "E07000217", "LAD24NM": "Woking" }, "geometry": { "type": "Polygon", "coordinates": [ [ [ -0.481185717452966, 51.349383633547298 ], [ -0.48068251641897, 51.347726966103799 ], [ -0.479655017676276, 51.347750509763998 ], [ -0.479206607811718, 51.345238425145801 ], [ -0.47676917282771, 51.343263477946401 ], [ -0.472821267126586, 51.342164409888198 ], [ -0.466071717337122, 51.3428506233573 ], [ -0.465498288208325, 51.341314346274601 ], [ -0.46365364983465, 51.340615748495502 ], [ -0.463725472140581, 51.339668860622602 ], [ -0.463164041586111, 51.339412385552201 ], [ -0.463571341654459, 51.338607533538102 ], [ -0.462661951020589, 51.338065913665602 ], [ -0.461932486330275, 51.338024880149497 ], [ -0.461885865602364, 51.337531429322802 ], [ -0.461169825843916, 51.337088618025099 ], [ -0.462071082383582, 51.3367982861174 ], [ -0.460981025992111, 51.335089698573803 ], [ -0.462488926590712, 51.333956679760099 ], [ -0.462837973346227, 51.332791309970098 ], [ -0.46193486794578, 51.331333441058902 ], [ -0.462343997790484, 51.3299602975436 ], [ -0.464659271060553, 51.328887315832397 ], [ -0.467471351857513, 51.328555653474702 ], [ -0.468299765884457, 51.327191622860497 ], [ -0.4739787180109, 51.326999127680097 ], [ -0.47448990430518, 51.327079498120298 ], [ -0.473949108133137, 51.327460105219103 ], [ -0.4746160115999, 51.327994783562801 ], [ -0.474622810900075, 51.328699951118203 ], [ -0.475129748664514, 51.328694858560901 ], [ -0.475288874592131, 51.328267930016501 ], [ -0.476646598407728, 51.328267868775697 ], [ -0.477261473551409, 51.328557962229198 ], [ -0.476779900570961, 51.328969856873996 ], [ -0.477024064086114, 51.329247300065902 ], [ -0.478409264112907, 51.329615965926997 ], [ -0.478895580088738, 51.330274225818002 ], [ -0.481912511277543, 51.330112858408398 ], [ -0.483217081051134, 51.330641362223403 ], [ -0.483231738814045, 51.331241360234003 ], [ -0.483797280689399, 51.331505878354101 ], [ -0.485897441348344, 51.330500723238302 ], [ -0.486502085733162, 51.330706318693998 ], [ -0.487223487464613, 51.330334376163798 ], [ -0.486572411211551, 51.329662325601703 ], [ -0.486822254973234, 51.329176409992399 ], [ -0.487227308631911, 51.3291708555425 ], [ -0.487802765828722, 51.329871593443102 ], [ -0.489180693697941, 51.329742752659399 ], [ -0.489205433095613, 51.328074082326097 ], [ -0.48831064486573, 51.327435756048096 ], [ -0.487914152047353, 51.3265727250729 ], [ -0.489349949965387, 51.326120086583103 ], [ -0.48905479194936, 51.325709752374699 ], [ -0.488024361045613, 51.325531041285501 ], [ -0.487061192591067, 51.325754232222799 ], [ -0.486033555506201, 51.324573706074801 ], [ -0.485228916403074, 51.324209013618997 ], [ -0.483441705986495, 51.324480863426899 ], [ -0.483214678581275, 51.3236604767866 ], [ -0.482499283610618, 51.3233319891023 ], [ -0.482393854668667, 51.3223522553861 ], [ -0.48107389454694, 51.3222542531541 ], [ -0.481089299948683, 51.323088894121199 ], [ -0.480112871189172, 51.322581706163703 ], [ -0.478447544231234, 51.322553812350598 ], [ -0.479067626111555, 51.322073527270803 ], [ -0.478105226530694, 51.322098795802702 ], [ -0.477323054584542, 51.321190370347502 ], [ -0.476265591520115, 51.321006632524799 ], [ -0.476316545844311, 51.320421873771501 ], [ -0.474778639026673, 51.318890225735203 ], [ -0.475320035003946, 51.316452286758597 ], [ -0.47794256724415, 51.315524911482697 ], [ -0.481477198260668, 51.314992745194203 ], [ -0.482460472100515, 51.315396469258197 ], [ -0.482026719843681, 51.3163656343824 ], [ -0.484730108656664, 51.316117795375803 ], [ -0.486805538264119, 51.316488567715702 ], [ -0.488040231628338, 51.316164586249101 ], [ -0.488282866994704, 51.315986068157997 ], [ -0.487868732694772, 51.315706456472803 ], [ -0.488761196190941, 51.3149442547303 ], [ -0.490799031490024, 51.3149160146396 ], [ -0.491459343237707, 51.3145585201393 ], [ -0.491045381129265, 51.313441721817703 ], [ -0.491915302483475, 51.312072569102298 ], [ -0.491932568877832, 51.310940996601701 ], [ -0.493918169721336, 51.309682098756603 ], [ -0.498361613233737, 51.308455859203001 ], [ -0.499885193413045, 51.306875593712697 ], [ -0.500847942727971, 51.306564175350502 ], [ -0.503163664128334, 51.307089313897102 ], [ -0.501992581189771, 51.308862897013498 ], [ -0.503444403248257, 51.3104138080515 ], [ -0.504748781726815, 51.309965601714701 ], [ -0.505216045350538, 51.310111812444603 ], [ -0.504845426286946, 51.311277040014097 ], [ -0.507421627976766, 51.3111219340296 ], [ -0.507618118748665, 51.311344784045502 ], [ -0.506694952933848, 51.311805977014998 ], [ -0.50789748759929, 51.312332124792803 ], [ -0.509817680254095, 51.311700132628502 ], [ -0.509712592314654, 51.313038672069901 ], [ -0.51029827103137, 51.3131208347924 ], [ -0.510812716161491, 51.312567120544003 ], [ -0.512909341937127, 51.311980473822601 ], [ -0.513014988976189, 51.3115519096512 ], [ -0.512529053399307, 51.311136598357898 ], [ -0.5133642194667, 51.3105114284796 ], [ -0.512652818483925, 51.310550039965499 ], [ -0.512379520788622, 51.309946749741798 ], [ -0.513633287845891, 51.309465432302503 ], [ -0.513040298386314, 51.308900337236899 ], [ -0.512101810401787, 51.309216642709202 ], [ -0.510750332324205, 51.309208135128898 ], [ -0.510258510584566, 51.307166305443197 ], [ -0.510821140146528, 51.306096105118101 ], [ -0.511667296936681, 51.305971972648798 ], [ -0.512208285805895, 51.3053466640567 ], [ -0.516219840342578, 51.304615555364499 ], [ -0.515879155241934, 51.303662151796303 ], [ -0.518021671672997, 51.302927599641201 ], [ -0.518769289860433, 51.303143900687097 ], [ -0.518658836528083, 51.303812457114901 ], [ -0.520098909276805, 51.303507854229203 ], [ -0.520941073237262, 51.304398894520503 ], [ -0.521398398242133, 51.303917274406601 ], [ -0.521331660805862, 51.3032257915876 ], [ -0.52238481272413, 51.302285879012601 ], [ -0.522919731602862, 51.303140648590301 ], [ -0.523497266469297, 51.303069706227497 ], [ -0.523768322615193, 51.30266935657 ], [ -0.525337989668826, 51.302795276736099 ], [ -0.526083994453055, 51.302301091580603 ], [ -0.52585476822313, 51.301440298599303 ], [ -0.527194969752841, 51.3004419112279 ], [ -0.525789949667945, 51.299642740751899 ], [ -0.52828167939418, 51.298576120677602 ], [ -0.529244525960983, 51.298596508579301 ], [ -0.529311686388169, 51.297854376678202 ], [ -0.529911153637989, 51.2975432136544 ], [ -0.531169653523584, 51.297571079272899 ], [ -0.533724183054774, 51.299196646213801 ], [ -0.534489717402146, 51.298805168988501 ], [ -0.535238684812058, 51.299069948501 ], [ -0.535553058870473, 51.299378740584103 ], [ -0.534869189120885, 51.299880864693698 ], [ -0.535372421926355, 51.300521157296501 ], [ -0.536209251223525, 51.300324809362898 ], [ -0.537881551103175, 51.301266684874598 ], [ -0.539622229843164, 51.301293844200202 ], [ -0.540237221306566, 51.3009678981024 ], [ -0.539424267295286, 51.300253163329202 ], [ -0.539402240185954, 51.299726365731502 ], [ -0.542243011079257, 51.299077039938297 ], [ -0.542185519871246, 51.298717963868398 ], [ -0.541407229689691, 51.298834150864998 ], [ -0.541403012276873, 51.298106589022503 ], [ -0.542247759101967, 51.297748428152303 ], [ -0.542420719828247, 51.296520833811897 ], [ -0.543141329635503, 51.296617048048603 ], [ -0.544247481836886, 51.296133085735001 ], [ -0.545023447461979, 51.296134205645103 ], [ -0.545425158703246, 51.295108213623699 ], [ -0.546185728465706, 51.294642818582197 ], [ -0.545292888389566, 51.293394307254196 ], [ -0.544370737460631, 51.289485422347603 ], [ -0.545852073191347, 51.288809644263601 ], [ -0.545016511851818, 51.287702088041698 ], [ -0.546217242475678, 51.287826799637799 ], [ -0.547278374562169, 51.287237474958097 ], [ -0.545959816120163, 51.286575406343303 ], [ -0.546831133326201, 51.286005299173297 ], [ -0.547770303006375, 51.285915294629397 ], [ -0.549190828578912, 51.284660471036901 ], [ -0.548476548580555, 51.284026607153798 ], [ -0.547768767322366, 51.284463006803101 ], [ -0.547290041109375, 51.284365267853602 ], [ -0.547686771639567, 51.2837443932548 ], [ -0.547353819872554, 51.283069317673501 ], [ -0.546908649445552, 51.283044005301399 ], [ -0.546506429441557, 51.283520159249498 ], [ -0.545497830864771, 51.282855643989301 ], [ -0.546299288052135, 51.281949243972903 ], [ -0.546067105906921, 51.281311468632197 ], [ -0.544038990830124, 51.281010135345198 ], [ -0.543568258419446, 51.280705706962699 ], [ -0.543422328545706, 51.279880118821602 ], [ -0.541907804927931, 51.279255119217403 ], [ -0.541887623186407, 51.277446554290201 ], [ -0.539644409209374, 51.276502642583203 ], [ -0.537587492372047, 51.276757504037001 ], [ -0.536470235885825, 51.2765429848072 ], [ -0.537106141266536, 51.275796453084297 ], [ -0.535909627944017, 51.275072276550802 ], [ -0.536046624710165, 51.274324934797598 ], [ -0.535542596335695, 51.274306036831902 ], [ -0.535127890672599, 51.274812559687199 ], [ -0.534188063331163, 51.273845772154701 ], [ -0.53767077040699, 51.273156401295402 ], [ -0.538315878771334, 51.271939648388503 ], [ -0.538087978943863, 51.271485404365798 ], [ -0.539203690540268, 51.270116208633901 ], [ -0.537835671476248, 51.269181939443797 ], [ -0.536043109083941, 51.2688411773727 ], [ -0.537445766202498, 51.268414430550003 ], [ -0.541504798818833, 51.266300548567003 ], [ -0.544369609523115, 51.265503565355203 ], [ -0.547709745729172, 51.265674533227902 ], [ -0.550731194788179, 51.266952995921201 ], [ -0.551543324261506, 51.267713047493999 ], [ -0.550072267334994, 51.268033854511401 ], [ -0.550038369042171, 51.268282266228603 ], [ -0.550993560360722, 51.2688321441046 ], [ -0.553250018977009, 51.268316870415099 ], [ -0.553479431189844, 51.269138050384598 ], [ -0.554379425410965, 51.269388905480803 ], [ -0.554384360037108, 51.2705121692712 ], [ -0.554926672823931, 51.270851051867702 ], [ -0.558282277612578, 51.271231405498398 ], [ -0.557728761047049, 51.270823517652502 ], [ -0.558322400910122, 51.269947731320798 ], [ -0.559141639709304, 51.270384962962801 ], [ -0.559803550409451, 51.270260006159297 ], [ -0.559634290141691, 51.269482750350001 ], [ -0.561727473716867, 51.270257554382603 ], [ -0.563553586894198, 51.270495776106799 ], [ -0.566365983000704, 51.272377308308101 ], [ -0.568472852947213, 51.2732456724465 ], [ -0.569880385417316, 51.2733950667347 ], [ -0.582203727476826, 51.276969540917797 ], [ -0.589919211093409, 51.282013498884098 ], [ -0.59466085145695, 51.283993088698303 ], [ -0.60085183638255, 51.286077063747101 ], [ -0.601547330651788, 51.2862152487237 ], [ -0.60188797042771, 51.285945260066498 ], [ -0.602328300418858, 51.2862257084766 ], [ -0.603518432323113, 51.285662576974502 ], [ -0.603577891802793, 51.285308087759098 ], [ -0.602814082767238, 51.285007598569699 ], [ -0.603224763550072, 51.284752689134898 ], [ -0.603143248236796, 51.2839899837047 ], [ -0.604967156544672, 51.284184449315603 ], [ -0.605608410145298, 51.283795452242899 ], [ -0.606996323208099, 51.283753553579203 ], [ -0.607203518575775, 51.283970973518102 ], [ -0.609063290659003, 51.283639703225298 ], [ -0.611650484585673, 51.282155167688401 ], [ -0.612543072388327, 51.282753886548598 ], [ -0.613822935853383, 51.282725908201201 ], [ -0.614912363838752, 51.283310759186598 ], [ -0.615398031248814, 51.282803896880999 ], [ -0.616450307460951, 51.283335252689398 ], [ -0.618172659721204, 51.282709856693998 ], [ -0.622227374135529, 51.285844849740201 ], [ -0.624899398706897, 51.287224337012098 ], [ -0.633525804351002, 51.294366564336897 ], [ -0.640810007824081, 51.299733666165999 ], [ -0.641148313254652, 51.299595462545703 ], [ -0.642046510981718, 51.300026799939801 ], [ -0.647890639256157, 51.304355060557697 ], [ -0.648628929886173, 51.307202509068603 ], [ -0.649961674973826, 51.308571312134497 ], [ -0.646806837272302, 51.311885829894102 ], [ -0.636983396340695, 51.314181581970203 ], [ -0.637134182170106, 51.3144666115981 ], [ -0.634504381152223, 51.315276817554398 ], [ -0.633015155550602, 51.314399726679902 ], [ -0.627990838836967, 51.316445260598698 ], [ -0.627320023109358, 51.318775430398802 ], [ -0.624337509925363, 51.319224185171301 ], [ -0.62350625912094, 51.319906018821698 ], [ -0.624378133559986, 51.320698573212802 ], [ -0.625546182706874, 51.320781433929596 ], [ -0.625357194213861, 51.3211178994001 ], [ -0.626224026828859, 51.322125796132298 ], [ -0.626866034598489, 51.324478675725501 ], [ -0.624782469678749, 51.327537767840603 ], [ -0.625386960670596, 51.3284899758686 ], [ -0.625114477597506, 51.329010141588803 ], [ -0.626152416841215, 51.3304925940839 ], [ -0.625545828632041, 51.333482588170398 ], [ -0.625951969309794, 51.334782272174998 ], [ -0.624760336951938, 51.334787173146097 ], [ -0.623841728233372, 51.333631606924698 ], [ -0.622480825461149, 51.334450146281903 ], [ -0.620400085060676, 51.333180194218698 ], [ -0.616244371000727, 51.332035920276198 ], [ -0.613460213136962, 51.332157606733702 ], [ -0.613809356850644, 51.333480027965898 ], [ -0.615246712248096, 51.335942123506001 ], [ -0.608146138970539, 51.339695031593202 ], [ -0.59906284320814, 51.339636183314703 ], [ -0.594016403283823, 51.339960692808702 ], [ -0.589801217052858, 51.339865989898598 ], [ -0.587627185766484, 51.338243547678701 ], [ -0.582202450721223, 51.336501854890201 ], [ -0.57827208691117, 51.336093185714901 ], [ -0.576889334583661, 51.336309753771097 ], [ -0.573784920936766, 51.338270133971001 ], [ -0.57427752110458, 51.340993684031297 ], [ -0.573485797572493, 51.341290690943097 ], [ -0.573783202192556, 51.341514565137999 ], [ -0.57281556126288, 51.342298653661103 ], [ -0.569706313984285, 51.3428272689791 ], [ -0.568790197981777, 51.343333984293999 ], [ -0.567445330738003, 51.343182696302399 ], [ -0.566219108192829, 51.343550751631 ], [ -0.563952845695659, 51.3430635179731 ], [ -0.561935611215193, 51.343244638773498 ], [ -0.561577649072219, 51.343806784910001 ], [ -0.560814773115391, 51.344097766840399 ], [ -0.559901238026839, 51.343832036026797 ], [ -0.557968027990986, 51.344951226500399 ], [ -0.557484130550812, 51.344768077682303 ], [ -0.553526623386777, 51.345141981463598 ], [ -0.551715291883218, 51.346072798661702 ], [ -0.549993628292107, 51.347666521654098 ], [ -0.549417214300865, 51.347822098560599 ], [ -0.548956780329127, 51.347578158923199 ], [ -0.548549357282802, 51.348020896169203 ], [ -0.546173257481401, 51.347597562703797 ], [ -0.544902588454874, 51.347864149196802 ], [ -0.543704911525906, 51.347142376060297 ], [ -0.542201505785435, 51.347456471512103 ], [ -0.541950315207437, 51.347182655883003 ], [ -0.541164041964199, 51.347253769249903 ], [ -0.537789686801056, 51.346433762629196 ], [ -0.535830933506672, 51.346888626015598 ], [ -0.535860876848112, 51.347394419330001 ], [ -0.535000162709464, 51.347363872420303 ], [ -0.534441481362089, 51.347682403945498 ], [ -0.534048721050098, 51.347483207353903 ], [ -0.533444900327759, 51.346559283268199 ], [ -0.530359276572866, 51.3455608622074 ], [ -0.524196094440256, 51.345100709960498 ], [ -0.523125297154651, 51.343819775458797 ], [ -0.520767109553058, 51.344951818471998 ], [ -0.520202399775845, 51.343178545698201 ], [ -0.518843729140386, 51.343772850018198 ], [ -0.517904484266448, 51.342574805675099 ], [ -0.519329555221767, 51.341704369662096 ], [ -0.518291655728455, 51.3406971015742 ], [ -0.517796743551925, 51.341018162161902 ], [ -0.515625226017991, 51.338857998564599 ], [ -0.511700336997779, 51.339871102967301 ], [ -0.507447394180347, 51.341364501057903 ], [ -0.502409031743222, 51.342519493463499 ], [ -0.499127497252216, 51.3436930051598 ], [ -0.486462355333697, 51.347328260762701 ], [ -0.481921044246182, 51.349555022757798 ], [ -0.481396026475101, 51.349625113079 ], [ -0.481185717452966, 51.349383633547298 ] ] ] } }
]
}
