{
"type": "FeatureCollection",
"name": "lad_boundaries_metropolitan_police_service",
"crs": { "type": "name", "properties": { "name": "urn:ogc:def:crs:OGC:1.3:CRS84" } },
"features": [
{ "type": "Feature", "properties": { "LAD24CD": "E09000002", "LAD24NM": "Barking and Dagenham" }, "geometry": { "type": "MultiPolygon", "coordinates": [ [ [ [ 0.071025179348719, 51.537143038885198 ], [ 0.072940528422, 51.534512728898299 ], [ 0.072889083503736, 51.533491155029303 ], [ 0.075341686830692, 51.531203729747197 ], [ 0.075653172212307, 51.529822113362499 ], [ 0.07274547622173, 51.529274736874697 ], [ 0.072576977672917, 51.530751238575199 ], [ 0.071756237764852, 51.532897446487297 ], [ 0.069525361087501, 51.536262198029597 ], [ 0.067955091990852, 51.536196121061202 ], [ 0.068272939675622, 51.536989759423101 ], [ 0.068906113511104, 51.537193027049703 ], [ 0.06708434955537, 51.539466059415297 ], [ 0.066684410303725, 51.540648243036898 ], [ 0.066892728562933, 51.541865657810703 ], [ 0.068361694633867, 51.5443903891844 ], [ 0.069343818956674, 51.544154324161397 ], [ 0.068589865086419, 51.542091309554301 ], [ 0.06900884075124, 51.541404966040503 ], [ 0.068450804840348, 51.5407448414431 ], [ 0.069398963049228, 51.540279831552702 ], [ 0.069058164417264, 51.538838450478998 ], [ 0.070494532443228, 51.5384587960069 ], [ 0.071025179348719, 51.537143038885198 ] ] ], [ [ [ 0.148153093952352, 51.5967765483569 ], [ 0.148066115493633, 51.5963564131536 ], [ 0.149879933900273, 51.597011675621403 ], [ 0.151137669958092, 51.595451285407599 ], [ 0.150619253152612, 51.5913744331326 ], [ 0.151276598075538, 51.589883674660904 ], [ 0.150973634032508, 51.583828663049701 ], [ 0.14856379433479, 51.580775011088001 ], [ 0.147452002377933, 51.580812557477003 ], [ 0.147012279510983, 51.575707622107103 ], [ 0.148039018161371, 51.575792137196899 ], [ 0.147944569813229, 51.573124257535 ], [ 0.148988109531544, 51.5731491297406 ], [ 0.149736009898797, 51.569710281903902 ], [ 0.146674855399834, 51.569431005304097 ], [ 0.146703647684621, 51.568796633310299 ], [ 0.148736447411088, 51.568637674201803 ], [ 0.150414733712369, 51.5678417583525 ], [ 0.151310465967264, 51.568084296868001 ], [ 0.161893735700278, 51.561616872887903 ], [ 0.16636792610052, 51.563271822560402 ], [ 0.168540865226235, 51.563598883058297 ], [ 0.173401352116817, 51.565093068238802 ], [ 0.176117781458231, 51.564721990517299 ], [ 0.178743970957364, 51.564940833339797 ], [ 0.183481321442701, 51.564632825435403 ], [ 0.185180463309676, 51.565513081713803 ], [ 0.185179273154283, 51.564751491334398 ], [ 0.183994548015001, 51.563851932839498 ], [ 0.182665768712343, 51.561242706856099 ], [ 0.184791816200115, 51.559875525301003 ], [ 0.184413098077479, 51.557653283022198 ], [ 0.185039737914464, 51.556791580578398 ], [ 0.184758725100155, 51.556408925222797 ], [ 0.185865487146026, 51.556343215176597 ], [ 0.186936385277378, 51.555783164756797 ], [ 0.187881083994856, 51.554094001200397 ], [ 0.190169028841709, 51.552720860833503 ], [ 0.189598191738071, 51.551457072284002 ], [ 0.187493161398344, 51.550198140537603 ], [ 0.18601364212704, 51.547535921329803 ], [ 0.1826044479021, 51.545834488952401 ], [ 0.180377631779663, 51.544096650161698 ], [ 0.179232426985772, 51.5402908377716 ], [ 0.178075658693201, 51.539541418720802 ], [ 0.17657089623205, 51.539245344554303 ], [ 0.175073248709193, 51.538512941645102 ], [ 0.17249553690431, 51.535777322673901 ], [ 0.170789863690154, 51.532634101070599 ], [ 0.168696354883914, 51.531190839565298 ], [ 0.165962965775036, 51.528793373911299 ], [ 0.16444905840584, 51.527014303084499 ], [ 0.162329976802079, 51.522336270361997 ], [ 0.162282351387461, 51.521371089543202 ], [ 0.15961339949936, 51.515771082335903 ], [ 0.158756508323291, 51.512265208391099 ], [ 0.158080106685406, 51.5120053640739 ], [ 0.151713405958068, 51.512748505341797 ], [ 0.146565250750366, 51.514099085479302 ], [ 0.146485130465016, 51.514418455528798 ], [ 0.145847080846138, 51.514323823180497 ], [ 0.145074962590463, 51.514624544701199 ], [ 0.145767557547341, 51.514484184440803 ], [ 0.145506534900899, 51.515140953268798 ], [ 0.144264373105692, 51.515499992029397 ], [ 0.143744882208809, 51.515057129020803 ], [ 0.139287102995301, 51.517618296550097 ], [ 0.136279477465461, 51.5185566397572 ], [ 0.133204285226863, 51.519084709294901 ], [ 0.132432819757291, 51.5188316353549 ], [ 0.126741719891295, 51.519571283668903 ], [ 0.122647714879558, 51.519087030230097 ], [ 0.118992496740762, 51.518147296299098 ], [ 0.11428763492506, 51.515983075036097 ], [ 0.114463881127291, 51.515742474931699 ], [ 0.108826011133137, 51.514166365554402 ], [ 0.106635394286029, 51.513951702421203 ], [ 0.101794181634119, 51.514581803261301 ], [ 0.10106115183637, 51.514450875604503 ], [ 0.099055197055444, 51.514948344268802 ], [ 0.09757208902359, 51.515858911024601 ], [ 0.097184641657351, 51.515660797310801 ], [ 0.097513808092779, 51.515892328632603 ], [ 0.095620450019159, 51.516988261312697 ], [ 0.095313901749046, 51.518914182195303 ], [ 0.095742550454244, 51.520106630785598 ], [ 0.092828861829551, 51.522627208665 ], [ 0.093283194921671, 51.524688371781203 ], [ 0.092169961782995, 51.526726231065403 ], [ 0.090543538267339, 51.526092001931502 ], [ 0.089800131012843, 51.526669547841202 ], [ 0.088859433695735, 51.526858513807099 ], [ 0.08578229929668, 51.525993744012297 ], [ 0.083345886158633, 51.527114827190097 ], [ 0.081089893324517, 51.527719205174201 ], [ 0.078089765452411, 51.529670372150797 ], [ 0.076401878072598, 51.529815993915904 ], [ 0.075479046127894, 51.531912991956901 ], [ 0.073962201272609, 51.533197460385303 ], [ 0.074351435504685, 51.533782756538301 ], [ 0.07336581379091, 51.534257012768101 ], [ 0.071305154928711, 51.537228160507397 ], [ 0.070451372732791, 51.539096697673699 ], [ 0.069676436244762, 51.5387825820914 ], [ 0.069467397011134, 51.538974668450898 ], [ 0.069925780483308, 51.540846078057598 ], [ 0.068928163146352, 51.542061963597398 ], [ 0.06933780766371, 51.5425246128993 ], [ 0.069244274229044, 51.5435626809873 ], [ 0.069711436354359, 51.544066004797003 ], [ 0.071809841347655, 51.543561840514101 ], [ 0.071957090273782, 51.543810875449303 ], [ 0.075548908011019, 51.544011218307602 ], [ 0.076809971289619, 51.544584913370102 ], [ 0.077033061451772, 51.544379501966901 ], [ 0.077493984221171, 51.544573513570001 ], [ 0.077960041034707, 51.544052000750497 ], [ 0.081512527647245, 51.545169707414701 ], [ 0.081660029763233, 51.545584630036998 ], [ 0.085892009998172, 51.547344393162703 ], [ 0.091536762628964, 51.548302789757003 ], [ 0.091704325393476, 51.549109623379998 ], [ 0.092608263784322, 51.549649699568299 ], [ 0.092267712378569, 51.548637050455 ], [ 0.093519764473527, 51.545857893450098 ], [ 0.099768592382731, 51.548426662280797 ], [ 0.104316248210586, 51.5498418764059 ], [ 0.106131546667101, 51.550944912441501 ], [ 0.107456041875476, 51.552002312701802 ], [ 0.108318691080143, 51.552156848650597 ], [ 0.108418923121705, 51.552696257634402 ], [ 0.111139441785709, 51.552484571396299 ], [ 0.111946500144236, 51.552668956184498 ], [ 0.112354343080321, 51.553501643738102 ], [ 0.114742939156256, 51.555318016450599 ], [ 0.112737337980796, 51.5565250331288 ], [ 0.11327287260786, 51.557266754034799 ], [ 0.117084962182422, 51.556911878214599 ], [ 0.117085043058467, 51.557417649940099 ], [ 0.118901016628217, 51.557370990102903 ], [ 0.120491599554835, 51.558573466586502 ], [ 0.117486903589319, 51.559180308647001 ], [ 0.119745551654053, 51.5625073441525 ], [ 0.118877678684053, 51.562732732803397 ], [ 0.119051087716779, 51.563051821024501 ], [ 0.12502855734482, 51.564340978406499 ], [ 0.127680076814031, 51.566161181554897 ], [ 0.129324285273829, 51.566525443787498 ], [ 0.129659209964429, 51.568111200994302 ], [ 0.130459106946623, 51.570281750621099 ], [ 0.130423208865367, 51.570670055061498 ], [ 0.130026134177711, 51.570730149641001 ], [ 0.129906952553102, 51.5715383926836 ], [ 0.131578541181193, 51.571824371111902 ], [ 0.130909699401323, 51.5733421683491 ], [ 0.13009987732425, 51.573064432330497 ], [ 0.129443523032527, 51.573944442064601 ], [ 0.129191022343564, 51.576312337886399 ], [ 0.131643362720049, 51.577085304056702 ], [ 0.130823841436869, 51.579365455315603 ], [ 0.133567347777831, 51.579953650033403 ], [ 0.132555277913465, 51.5813066129801 ], [ 0.127759038931832, 51.581636383111302 ], [ 0.128092527625584, 51.582833359748498 ], [ 0.127662365447979, 51.583878518326699 ], [ 0.127258715353732, 51.583925850623402 ], [ 0.126386612488677, 51.586725220138398 ], [ 0.13102192079694, 51.587524238876902 ], [ 0.129573872052847, 51.590045578560499 ], [ 0.137595192673804, 51.593894059565002 ], [ 0.146599887190742, 51.599435939951903 ], [ 0.14820590165784, 51.598968464245701 ], [ 0.147649118923652, 51.596794328926698 ], [ 0.148153093952352, 51.5967765483569 ] ] ] ] } },
{ "type": "Feature", "properties": { "LAD24CD": "E09000003", "LAD24NM": "Barnet" }, "geometry": { "type": "Polygon", "coordinates": [ [ [ -0.199005120863848, 51.668206554281298 ], [ -0.196614117048089, 51.668146484136599 ], [ -0.1961592905036, 51.668529746167302 ], [ -0.194852198944838, 51.668305500520098 ], [ -0.196664873412981, 51.665481870222301 ], [ -0.192530834671873, 51.664749283206802 ], [ -0.191066699360921, 51.663896704406298 ], [ -0.187790359008672, 51.667879294081096 ], [ -0.185804286829366, 51.668509557170303 ], [ -0.181960815257973, 51.668683194697898 ], [ -0.185865830553031, 51.662836302474197 ], [ -0.165094435804148, 51.658259996845899 ], [ -0.163545248331555, 51.658206976063099 ], [ -0.160438298208452, 51.656763999597501 ], [ -0.154731838818758, 51.6555451442674 ], [ -0.154617002987458, 51.654978969065397 ], [ -0.153597680161817, 51.654540021978299 ], [ -0.153394151370422, 51.6533054966972 ], [ -0.154194094765218, 51.6529661048855 ], [ -0.154003874045977, 51.652589922403202 ], [ -0.153528050372264, 51.652706132855997 ], [ -0.152559219537259, 51.651458289701303 ], [ -0.152255166652095, 51.649824621597197 ], [ -0.150945059827264, 51.650086531400603 ], [ -0.149867893303145, 51.648810288447798 ], [ -0.152227734646964, 51.647966538089499 ], [ -0.152305333335256, 51.647636660105199 ], [ -0.151073662911712, 51.647243741304699 ], [ -0.152121725260164, 51.645800676043699 ], [ -0.151553768084585, 51.645631575438301 ], [ -0.151633768800624, 51.645323611420103 ], [ -0.149177112640303, 51.6453146079349 ], [ -0.147828669765554, 51.642066514049802 ], [ -0.145018211811139, 51.642631933473403 ], [ -0.142287195835033, 51.639310441893898 ], [ -0.140218565378925, 51.637491196243303 ], [ -0.134519087894358, 51.634694345324903 ], [ -0.134419873045012, 51.633968767917303 ], [ -0.133973004242258, 51.634039572184697 ], [ -0.133268988148714, 51.633267583402798 ], [ -0.131151513163669, 51.632555511492498 ], [ -0.129093931888576, 51.632265448032001 ], [ -0.129777355277638, 51.630963030394902 ], [ -0.130164336884496, 51.631021106547998 ], [ -0.131140467535019, 51.629686251489602 ], [ -0.130433723336039, 51.629316058093501 ], [ -0.132382695136261, 51.627192926238898 ], [ -0.133367605018605, 51.626382997817899 ], [ -0.135038624367985, 51.622352140278799 ], [ -0.13550408904142, 51.622399826070598 ], [ -0.135414260825638, 51.621773181345702 ], [ -0.140510959970912, 51.617812496502403 ], [ -0.141280141848118, 51.617536307827301 ], [ -0.142033436761903, 51.616280312232497 ], [ -0.144495116086128, 51.615509011622201 ], [ -0.13870599645949, 51.610185786251698 ], [ -0.143425303305972, 51.608831060380901 ], [ -0.143146734454601, 51.606718233625699 ], [ -0.141972983318121, 51.603708786083999 ], [ -0.144171947680585, 51.601096114421502 ], [ -0.144470072322305, 51.600121783746403 ], [ -0.151330701481231, 51.597471099047503 ], [ -0.15294554604048, 51.599188141802202 ], [ -0.15340602278781, 51.6028464360529 ], [ -0.154673213688396, 51.604230581712301 ], [ -0.156082676176402, 51.605116075906302 ], [ -0.155863177309527, 51.6054654944774 ], [ -0.156340779674966, 51.605368927929 ], [ -0.161761100843511, 51.597478858829 ], [ -0.159691068413208, 51.5922272401288 ], [ -0.158864204228314, 51.592318981714001 ], [ -0.158685868117782, 51.591998445891299 ], [ -0.159431936973187, 51.591573928530501 ], [ -0.159755919169429, 51.589720942942201 ], [ -0.160161454713532, 51.589697619597104 ], [ -0.160234507311411, 51.587989218458702 ], [ -0.158630009713532, 51.588001557988697 ], [ -0.158679520180216, 51.586633349339401 ], [ -0.157400641593501, 51.586558483306099 ], [ -0.157130981863992, 51.586191394333902 ], [ -0.157896820195769, 51.586209920497801 ], [ -0.157940622793892, 51.585735984615901 ], [ -0.159617383637859, 51.584462885529902 ], [ -0.161339671284794, 51.585284125747599 ], [ -0.163070347355115, 51.584369657853301 ], [ -0.164580203367314, 51.583958170719299 ], [ -0.165721240568509, 51.583223956756697 ], [ -0.166190268347306, 51.582044261278298 ], [ -0.167036148691484, 51.581755321348602 ], [ -0.166812967212486, 51.578656621416201 ], [ -0.168063030081805, 51.576928951691798 ], [ -0.16931434680921, 51.577416192671897 ], [ -0.169705073518353, 51.576369497318403 ], [ -0.169444153912888, 51.573965987289398 ], [ -0.171199017776056, 51.573573787753197 ], [ -0.17123183297214, 51.572418250553497 ], [ -0.173376244818278, 51.571087308843602 ], [ -0.17371380158551, 51.569902788325301 ], [ -0.174381521111108, 51.569256153588398 ], [ -0.178121993180716, 51.570512667590499 ], [ -0.178303613645725, 51.570016914014197 ], [ -0.180986768865558, 51.569672918771502 ], [ -0.180817586719776, 51.569404503648997 ], [ -0.183672475063841, 51.567956846088101 ], [ -0.183387915108403, 51.567767619128702 ], [ -0.183760636968241, 51.5674682840095 ], [ -0.18614246183503, 51.566923400450797 ], [ -0.187142764903119, 51.566155598059098 ], [ -0.189645232895486, 51.565216517605599 ], [ -0.190346428902951, 51.562871539250402 ], [ -0.19112299287364, 51.561656105180603 ], [ -0.192289418180666, 51.561556686923701 ], [ -0.194826941676313, 51.560483878851301 ], [ -0.196725787066427, 51.560697477000197 ], [ -0.196774850407015, 51.559154624678897 ], [ -0.197499322530845, 51.558865912973502 ], [ -0.197910579489715, 51.5591298797885 ], [ -0.198306945833702, 51.558857886197302 ], [ -0.199511261882767, 51.557075465409199 ], [ -0.199371628065116, 51.556190032156699 ], [ -0.205779562107332, 51.555318577745297 ], [ -0.205967497609692, 51.556430321754704 ], [ -0.208837483626681, 51.555725533925298 ], [ -0.210010591854248, 51.556751376640101 ], [ -0.213486677002519, 51.5551909320072 ], [ -0.218498233039517, 51.559336055202103 ], [ -0.220660399305213, 51.561664086000498 ], [ -0.225464942627918, 51.5658676174004 ], [ -0.228794004019311, 51.5679708755235 ], [ -0.233417227576263, 51.571982957502797 ], [ -0.234560992285474, 51.571773531420902 ], [ -0.235668614335251, 51.572309976551601 ], [ -0.235479758486623, 51.572547396193698 ], [ -0.235858759997574, 51.572297822461003 ], [ -0.23761156579389, 51.572466064385303 ], [ -0.238159982366927, 51.572071182246198 ], [ -0.237990483250151, 51.571777288369802 ], [ -0.238849228716783, 51.572237633685099 ], [ -0.240010090011367, 51.572094509887599 ], [ -0.240049870738549, 51.572382169472803 ], [ -0.241131123645669, 51.572129796547102 ], [ -0.241374431492776, 51.5727190298065 ], [ -0.242452565757022, 51.5728158281403 ], [ -0.242428363346831, 51.572500468996402 ], [ -0.243895903081476, 51.572306356654401 ], [ -0.244199171346344, 51.572584494929899 ], [ -0.245216880099671, 51.571916953956197 ], [ -0.245962667620594, 51.572216283006398 ], [ -0.246733635777421, 51.571588343726901 ], [ -0.245966343869141, 51.571008189904603 ], [ -0.2465495696977, 51.570024136386401 ], [ -0.246071573779433, 51.569807742580103 ], [ -0.246541017432054, 51.569034879922903 ], [ -0.247361599809296, 51.568957257014297 ], [ -0.247001614371345, 51.568618920694298 ], [ -0.248565277964657, 51.568511192702999 ], [ -0.249330575691951, 51.568870209229402 ], [ -0.252514167958524, 51.571518282014097 ], [ -0.253052793820057, 51.572395303757702 ], [ -0.251265214614301, 51.573153614389 ], [ -0.252679244398852, 51.575143531517803 ], [ -0.254544563548069, 51.579771979954103 ], [ -0.254264459518889, 51.581669012864701 ], [ -0.25172870822786, 51.5833759019946 ], [ -0.248234179694855, 51.584313731365 ], [ -0.252944572702507, 51.588900741845499 ], [ -0.257547662243722, 51.592175437978099 ], [ -0.259777012154832, 51.594193912384803 ], [ -0.278348902999475, 51.609785363346901 ], [ -0.281030197237065, 51.612272393914097 ], [ -0.287385119527708, 51.617015900749003 ], [ -0.304460793558934, 51.6320336641908 ], [ -0.305573663802058, 51.6341206594062 ], [ -0.304449971011893, 51.636348719248197 ], [ -0.303784689045184, 51.636485054948999 ], [ -0.302620968997866, 51.636207689702097 ], [ -0.296127205630224, 51.635446964445499 ], [ -0.294382597543803, 51.635650046285299 ], [ -0.291867558485993, 51.6364784653708 ], [ -0.287786832650225, 51.636512562340997 ], [ -0.285500176721203, 51.636948531616198 ], [ -0.28387424646369, 51.637795251699501 ], [ -0.281390928969936, 51.638346113778702 ], [ -0.278612807381389, 51.638323352716199 ], [ -0.276475033650898, 51.6388683953586 ], [ -0.273713530385737, 51.638673964625497 ], [ -0.274176434703741, 51.639307557875902 ], [ -0.27312203907596, 51.641193959251098 ], [ -0.272866445154397, 51.642099352053997 ], [ -0.270037138905131, 51.642087324903201 ], [ -0.268246627280267, 51.642386430565097 ], [ -0.268345972231187, 51.643833936330303 ], [ -0.266767227976553, 51.644110974866997 ], [ -0.265211082204105, 51.644020547074199 ], [ -0.264358899528236, 51.643627484901899 ], [ -0.263272164999239, 51.644833498708898 ], [ -0.261604602792804, 51.643992327655198 ], [ -0.260712732990821, 51.642673311042799 ], [ -0.257367655918304, 51.641822471542099 ], [ -0.256180728615635, 51.643505685015398 ], [ -0.255487528073978, 51.643245066388502 ], [ -0.254489449259822, 51.6436798082674 ], [ -0.251557001565979, 51.647952587495098 ], [ -0.249856145675694, 51.654614887117901 ], [ -0.250791240021856, 51.6548096194742 ], [ -0.251250273793045, 51.655539424873702 ], [ -0.250582589477333, 51.6560573513569 ], [ -0.249348030054731, 51.656057811800899 ], [ -0.247865582018048, 51.655247901012999 ], [ -0.243624611973949, 51.656688923210297 ], [ -0.241365239399911, 51.657204528924602 ], [ -0.240993549202101, 51.656835588228503 ], [ -0.239199189671191, 51.657399477413399 ], [ -0.237971197199423, 51.657789354728102 ], [ -0.238275671849752, 51.6582498008421 ], [ -0.236677988392643, 51.658775251322297 ], [ -0.234707346012114, 51.659001013636498 ], [ -0.234227502797294, 51.658252769014901 ], [ -0.228919311402986, 51.659975809388399 ], [ -0.228488873656063, 51.659965719457901 ], [ -0.2280579578421, 51.658591509021399 ], [ -0.226462691430813, 51.657161865775301 ], [ -0.226044059825656, 51.657625887492202 ], [ -0.219800914371436, 51.660660742204001 ], [ -0.219247443194306, 51.6607997816363 ], [ -0.218894639893316, 51.660061581707097 ], [ -0.213393268921577, 51.662378010238299 ], [ -0.212135030723747, 51.6613535274521 ], [ -0.207863695984533, 51.662861179843297 ], [ -0.211133866333014, 51.666954933400497 ], [ -0.209838804027539, 51.667562864944301 ], [ -0.207959490147344, 51.666594494235298 ], [ -0.205634457200867, 51.668601203206997 ], [ -0.202229936070325, 51.667805402500697 ], [ -0.202608428278622, 51.669314742157397 ], [ -0.203352928676407, 51.670126498057698 ], [ -0.199871677333062, 51.670170272785001 ], [ -0.199005120863848, 51.668206554281298 ] ] ] } },
{ "type": "Feature", "properties": { "LAD24CD": "E09000004", "LAD24NM": "Bexley" }, "geometry": { "type": "MultiPolygon", "coordinates": [ [ [ [ 0.199285347505183, 51.458423851185202 ], [ 0.199002217304782, 51.458118895486798 ], [ 0.198563202771134, 51.458299800314698 ], [ 0.199285347505183, 51.458423851185202 ] ] ], [ [ [ 0.201803030884304, 51.480026864341099 ], [ 0.202053018022505, 51.479016632570399 ], [ 0.201038183114076, 51.478833790530601 ], [ 0.200102010585482, 51.478415189703199 ], [ 0.198687291828232, 51.4783320125226 ], [ 0.2001293579888, 51.478907956272003 ], [ 0.200519936973716, 51.4797502185802 ], [ 0.20111593050303, 51.479520315088401 ], [ 0.200628211074068, 51.479809250564003 ], [ 0.201301089976841, 51.480164263430297 ], [ 0.201803030884304, 51.480026864341099 ] ] ], [ [ [ 0.132223291811855, 51.512271824093503 ], [ 0.137262637530488, 51.510007448594898 ], [ 0.137458566540524, 51.510206226287998 ], [ 0.146860333965117, 51.506670829698002 ], [ 0.147923719651649, 51.506821343184299 ], [ 0.14799544257594, 51.5064468211771 ], [ 0.148538190350211, 51.5064508272091 ], [ 0.149453089675089, 51.505865721172903 ], [ 0.149786613957745, 51.505864110462497 ], [ 0.149913934523662, 51.506395064519801 ], [ 0.152841070572804, 51.506371998336803 ], [ 0.153945575817153, 51.506050022022301 ], [ 0.160339028947168, 51.505477041404397 ], [ 0.164485707189892, 51.504537770662097 ], [ 0.1665770316036, 51.503454630620901 ], [ 0.170022250890149, 51.500059450321999 ], [ 0.171646211680811, 51.497717235558298 ], [ 0.172496430962688, 51.488826075820903 ], [ 0.173525734437001, 51.487360894495097 ], [ 0.174134939402031, 51.486784376528803 ], [ 0.174537109515027, 51.486926655179602 ], [ 0.175290726889736, 51.486101487029998 ], [ 0.174894939365419, 51.485972132966502 ], [ 0.175177863895034, 51.485259567280401 ], [ 0.176065315078163, 51.485248493916998 ], [ 0.178087645332059, 51.483544497209003 ], [ 0.177631115225784, 51.483182916632003 ], [ 0.177871976205974, 51.483023762400002 ], [ 0.178343971539201, 51.483377410614402 ], [ 0.183319585920666, 51.4811545860154 ], [ 0.190311123730561, 51.479729435280902 ], [ 0.19045351180747, 51.479034753446101 ], [ 0.190847989675224, 51.479752227869902 ], [ 0.192723230679277, 51.479767977471496 ], [ 0.193016906895343, 51.479375328158703 ], [ 0.19380723216261, 51.479322768519502 ], [ 0.195511420908914, 51.479675321097403 ], [ 0.195956081999442, 51.479457900142897 ], [ 0.197280193517514, 51.479648475222298 ], [ 0.197510035947757, 51.479471496850401 ], [ 0.197078378659678, 51.479255657038301 ], [ 0.198566378327607, 51.479679218737402 ], [ 0.198940360928118, 51.479429837428 ], [ 0.198276366506372, 51.479324478020899 ], [ 0.197441093597526, 51.478443065198299 ], [ 0.198920669717167, 51.4792602345115 ], [ 0.199293948668483, 51.4800905937254 ], [ 0.200582093141549, 51.480065614460599 ], [ 0.200115456379696, 51.4789482371107 ], [ 0.199166701059073, 51.478615121135398 ], [ 0.19936845371727, 51.478919534952297 ], [ 0.198585836285015, 51.478303787846002 ], [ 0.200090141115903, 51.478378090458698 ], [ 0.201037429761193, 51.478803227598803 ], [ 0.202149696683739, 51.478990534858298 ], [ 0.201858780930437, 51.480185357852299 ], [ 0.203216069166807, 51.480345571635802 ], [ 0.202087792680435, 51.480275036473401 ], [ 0.20226465086475, 51.480597270867101 ], [ 0.204786934387325, 51.480842149916697 ], [ 0.202860236065569, 51.479597722205597 ], [ 0.205067050150853, 51.480886345329303 ], [ 0.205551305438134, 51.4804455592162 ], [ 0.206309161983215, 51.480719086222201 ], [ 0.20634502437491, 51.4812822911097 ], [ 0.209216964815308, 51.481816377403099 ], [ 0.209605961975445, 51.481639973147303 ], [ 0.210346792245951, 51.482483074261097 ], [ 0.211681560041074, 51.4827115181021 ], [ 0.217665422548806, 51.480411315081497 ], [ 0.2167205942898, 51.480173768586504 ], [ 0.215988645990343, 51.479485221291597 ], [ 0.216418949825955, 51.477466891979503 ], [ 0.216244927669669, 51.478089014444897 ], [ 0.216274007540862, 51.4774716098756 ], [ 0.215661047859748, 51.476859952108498 ], [ 0.211902626923108, 51.475829238874503 ], [ 0.211266671151005, 51.475276466233503 ], [ 0.21135614048268, 51.473227984771498 ], [ 0.208856481808598, 51.471745425969701 ], [ 0.208160312797764, 51.470838571318701 ], [ 0.211014625901593, 51.468433995127398 ], [ 0.210950847274005, 51.467354246666098 ], [ 0.209979085597891, 51.465570489426497 ], [ 0.21023964061532, 51.4625018547938 ], [ 0.207503722914299, 51.461597522666999 ], [ 0.204436935833428, 51.459979044313897 ], [ 0.202613449259571, 51.458345177788502 ], [ 0.199071910696301, 51.458580740593597 ], [ 0.198376731334124, 51.458388733280103 ], [ 0.197252196423701, 51.457589153731902 ], [ 0.197562593227861, 51.457502852917102 ], [ 0.198373142123813, 51.458239062451497 ], [ 0.198894517887269, 51.457989614057901 ], [ 0.198016793007495, 51.457008711366797 ], [ 0.19958332788718, 51.4583786901092 ], [ 0.203048888119508, 51.457952132102101 ], [ 0.203235718959409, 51.457605025593303 ], [ 0.20260814849742, 51.456230114547097 ], [ 0.20387377151109, 51.455803430541103 ], [ 0.203235722037299, 51.454928697732697 ], [ 0.203385207576653, 51.4543260509137 ], [ 0.202486426218535, 51.453865390526197 ], [ 0.201971660664481, 51.454101228903497 ], [ 0.201337468621385, 51.453844232631099 ], [ 0.201261783111479, 51.453347880205399 ], [ 0.200635196123158, 51.453173921802801 ], [ 0.200237813875979, 51.4525576929829 ], [ 0.1997484454986, 51.452722897727597 ], [ 0.199107017348611, 51.452119778506699 ], [ 0.197409787918807, 51.451770708498998 ], [ 0.196289589365142, 51.452476927474301 ], [ 0.194192540851224, 51.451645669466402 ], [ 0.19385517836432, 51.4519195272863 ], [ 0.193053839014512, 51.451702486141201 ], [ 0.192083488328661, 51.450842032763703 ], [ 0.191012191202743, 51.448787715103499 ], [ 0.188830163584462, 51.449103232973002 ], [ 0.188460007046674, 51.4485862970798 ], [ 0.187641723429873, 51.4487207210733 ], [ 0.187390196804823, 51.446876450294198 ], [ 0.184150370525654, 51.444643184725301 ], [ 0.183567621087751, 51.4447812899841 ], [ 0.182685284892229, 51.444371453910797 ], [ 0.181019633009689, 51.444178529060203 ], [ 0.180844628632623, 51.4435261999107 ], [ 0.179579740300988, 51.443089735211601 ], [ 0.17871582408613, 51.4435181202129 ], [ 0.176037885170179, 51.441994542760099 ], [ 0.172844869107023, 51.443287150899202 ], [ 0.170894950733084, 51.4411972598933 ], [ 0.168714311257189, 51.437479934911003 ], [ 0.166689981205234, 51.435051447296203 ], [ 0.166851115352684, 51.432072035401298 ], [ 0.166095598445861, 51.431430137046299 ], [ 0.166693507747771, 51.431295828956401 ], [ 0.166209621321269, 51.430282261633202 ], [ 0.165589765298988, 51.430348553665503 ], [ 0.164216990841068, 51.428546464905402 ], [ 0.163831624947885, 51.4286094134048 ], [ 0.163923036810236, 51.4289323775863 ], [ 0.160695336663737, 51.429674500450197 ], [ 0.159837203058819, 51.429202845118603 ], [ 0.15908557108841, 51.430224816029103 ], [ 0.158632115920113, 51.430127079580899 ], [ 0.155875040956964, 51.430876582321801 ], [ 0.155300627712562, 51.428975196649397 ], [ 0.153763537931545, 51.427523234806202 ], [ 0.153134959839768, 51.422322278459802 ], [ 0.15285124322791, 51.421703360400699 ], [ 0.151158883829316, 51.420430434506301 ], [ 0.154636645664461, 51.418469875721897 ], [ 0.154094273164666, 51.417762122408 ], [ 0.151055532853955, 51.417615651549397 ], [ 0.151154246429671, 51.4150633705489 ], [ 0.149159930322975, 51.412435222594802 ], [ 0.149751903084588, 51.411658180097298 ], [ 0.153770119500224, 51.411265135052901 ], [ 0.152932433172376, 51.408708481376301 ], [ 0.15159501461189, 51.408677215374198 ], [ 0.149311804229133, 51.409140955493797 ], [ 0.148869410494427, 51.4084291280153 ], [ 0.139180024281577, 51.411596841301701 ], [ 0.132844787675707, 51.414246879635598 ], [ 0.128270322936996, 51.4149590715149 ], [ 0.126514242957538, 51.414675518590101 ], [ 0.125434543800877, 51.4147788314541 ], [ 0.119920305924758, 51.413399732949003 ], [ 0.11312430922989, 51.412906117812298 ], [ 0.107598215900694, 51.414093521598403 ], [ 0.104482870249408, 51.415224732504001 ], [ 0.095128288955898, 51.420083359364 ], [ 0.089223806373562, 51.423993877584799 ], [ 0.083213104438857, 51.429868644020601 ], [ 0.081162044772531, 51.430645513144299 ], [ 0.074668079800111, 51.432147240656803 ], [ 0.076105638823489, 51.433283546787401 ], [ 0.075692031387099, 51.433624896032299 ], [ 0.076400164765549, 51.434005682472304 ], [ 0.075901985748375, 51.434458307890601 ], [ 0.076530870048154, 51.434855678497797 ], [ 0.074973203195286, 51.435866716800099 ], [ 0.076569108653989, 51.436871709114698 ], [ 0.077839915020736, 51.436442425043303 ], [ 0.078457254223759, 51.437112932501599 ], [ 0.078824423634672, 51.438139210825597 ], [ 0.08088301283696, 51.4404039488604 ], [ 0.081812813904585, 51.4399683698716 ], [ 0.08446065688802, 51.441976762554702 ], [ 0.082993557261522, 51.442733599837901 ], [ 0.083018454057231, 51.443419992812601 ], [ 0.084734223703947, 51.442603476326603 ], [ 0.086306291750478, 51.443242482628598 ], [ 0.087426753747751, 51.443284342424398 ], [ 0.086369864884598, 51.445307187078697 ], [ 0.087414575108564, 51.445747100187603 ], [ 0.088112866834633, 51.447255452462798 ], [ 0.087871863448326, 51.448703554797397 ], [ 0.086855070136367, 51.450434621844501 ], [ 0.085732042739533, 51.456450645303498 ], [ 0.081504362061453, 51.457752797864401 ], [ 0.078671850601355, 51.459290123637103 ], [ 0.082942126220951, 51.459829503660501 ], [ 0.082255965297566, 51.461131272765201 ], [ 0.082628540143304, 51.463584433978497 ], [ 0.082133830391246, 51.464760712505402 ], [ 0.08231307420876, 51.466641314527202 ], [ 0.083238414138148, 51.466477000369601 ], [ 0.084808518065487, 51.4687299511682 ], [ 0.087053333042596, 51.469970237366198 ], [ 0.089125811165367, 51.470454303760697 ], [ 0.091314213734177, 51.472070951826602 ], [ 0.093199920624999, 51.4729540359995 ], [ 0.094484336193004, 51.473268144196901 ], [ 0.096575129628143, 51.4732538424674 ], [ 0.098244270803385, 51.475452420291603 ], [ 0.100257019805275, 51.475227884372799 ], [ 0.102005022359293, 51.474463798536704 ], [ 0.102507532877671, 51.474916515286097 ], [ 0.103352122161261, 51.474585941539203 ], [ 0.104903742646542, 51.475527678353103 ], [ 0.105202815614107, 51.475237694825402 ], [ 0.105654772306221, 51.475457351680198 ], [ 0.106176221247785, 51.4750163097372 ], [ 0.108189975969121, 51.476116805900801 ], [ 0.111985588823406, 51.473072433000802 ], [ 0.112477040296167, 51.4734210167884 ], [ 0.114011353800994, 51.475170335630402 ], [ 0.115509656416705, 51.476168150644902 ], [ 0.118471348826992, 51.4789031345707 ], [ 0.120899831917502, 51.478454299911398 ], [ 0.124191087369442, 51.476849018550801 ], [ 0.122044684713817, 51.482994743869199 ], [ 0.121296819006836, 51.491103218097898 ], [ 0.120527379275315, 51.511098712814103 ], [ 0.120216178431184, 51.511447379786702 ], [ 0.125051166702628, 51.512991998941303 ], [ 0.128940175238202, 51.513217306955099 ], [ 0.132223291811855, 51.512271824093503 ] ] ] ] } },
{ "type": "Feature", "properties": { "LAD24CD": "E09000005", "LAD24NM": "Brent" }, "geometry": { "type": "Polygon", "coordinates": [ [ [ -0.267113115479641, 51.600371967666298 ], [ -0.257547662243722, 51.592175437978099 ], [ -0.252944572702507, 51.588900741845499 ], [ -0.248234179694855, 51.584313731365 ], [ -0.25172870822786, 51.5833759019946 ], [ -0.254264459518889, 51.581669012864701 ], [ -0.254544563548069, 51.579771979954103 ], [ -0.252679244398852, 51.575143531517803 ], [ -0.251265214614301, 51.573153614389 ], [ -0.253052793820057, 51.572395303757702 ], [ -0.252514167958524, 51.571518282014097 ], [ -0.249330575691951, 51.568870209229402 ], [ -0.248565277964657, 51.568511192702999 ], [ -0.247001614371345, 51.568618920694298 ], [ -0.247361599809296, 51.568957257014297 ], [ -0.246541017432054, 51.569034879922903 ], [ -0.246071573779433, 51.569807742580103 ], [ -0.2465495696977, 51.570024136386401 ], [ -0.245966343869141, 51.571008189904603 ], [ -0.246733635777421, 51.571588343726901 ], [ -0.245962667620594, 51.572216283006398 ], [ -0.245216880099671, 51.571916953956197 ], [ -0.244199171346344, 51.572584494929899 ], [ -0.243895903081476, 51.572306356654401 ], [ -0.242428363346831, 51.572500468996402 ], [ -0.242452565757022, 51.5728158281403 ], [ -0.241374431492776, 51.5727190298065 ], [ -0.241131123645669, 51.572129796547102 ], [ -0.240049870738549, 51.572382169472803 ], [ -0.240010090011367, 51.572094509887599 ], [ -0.238849228716783, 51.572237633685099 ], [ -0.237990483250151, 51.571777288369802 ], [ -0.238159982366927, 51.572071182246198 ], [ -0.23761156579389, 51.572466064385303 ], [ -0.235858759997574, 51.572297822461003 ], [ -0.235479758486623, 51.572547396193698 ], [ -0.235668614335251, 51.572309976551601 ], [ -0.234560992285474, 51.571773531420902 ], [ -0.233417227576263, 51.571982957502797 ], [ -0.228794004019311, 51.5679708755235 ], [ -0.225464942627918, 51.5658676174004 ], [ -0.220660399305213, 51.561664086000498 ], [ -0.218498233039517, 51.559336055202103 ], [ -0.203700949695321, 51.546962393828998 ], [ -0.191467608561554, 51.536292358151599 ], [ -0.193016132577393, 51.533949842350097 ], [ -0.192347014575535, 51.533260856280798 ], [ -0.192997934912252, 51.531983560648399 ], [ -0.196479321959949, 51.527638635643697 ], [ -0.197801829405802, 51.527899609217101 ], [ -0.198174940299363, 51.530417966217698 ], [ -0.201079967472329, 51.531905855228104 ], [ -0.20167541569191, 51.532559995325201 ], [ -0.203013026994402, 51.532895554131898 ], [ -0.207814035554874, 51.532792006938401 ], [ -0.211186423402787, 51.531925441531897 ], [ -0.215266647764194, 51.531360559591697 ], [ -0.21510696879434, 51.530170176019503 ], [ -0.215855751894516, 51.529752389511302 ], [ -0.216020723983129, 51.527920360248999 ], [ -0.217791000545462, 51.528600424401503 ], [ -0.223728265491944, 51.529946791053902 ], [ -0.225433971441795, 51.5301603013706 ], [ -0.227659506765089, 51.529914322092203 ], [ -0.22756201378156, 51.530154599221099 ], [ -0.230717348005316, 51.5308699832446 ], [ -0.234409495958749, 51.532638274826603 ], [ -0.237528634817977, 51.532005019219199 ], [ -0.243236010560196, 51.531764840711197 ], [ -0.246281570983423, 51.532737509428699 ], [ -0.247265526070007, 51.5334898604141 ], [ -0.250752237107332, 51.534147432751297 ], [ -0.250877874536536, 51.533879503813502 ], [ -0.255985074110447, 51.533949884742597 ], [ -0.256545918476375, 51.534966293135 ], [ -0.257740996366156, 51.535367312994701 ], [ -0.260353373764622, 51.534492768354802 ], [ -0.263318394674117, 51.532668462385999 ], [ -0.264760943844658, 51.532158441108798 ], [ -0.264866861432509, 51.5315716347991 ], [ -0.266251288494755, 51.530687199515498 ], [ -0.26857417728811, 51.529822682424602 ], [ -0.269680388783758, 51.530001609578598 ], [ -0.270271216631839, 51.529766706137899 ], [ -0.27044563007722, 51.530046595047601 ], [ -0.274570643111017, 51.529558631228703 ], [ -0.279224530348024, 51.528780815838303 ], [ -0.280371852466567, 51.5283467926226 ], [ -0.285725746983936, 51.529171972738403 ], [ -0.289382581578878, 51.5316828392574 ], [ -0.284012385062602, 51.533531618032001 ], [ -0.283479177993753, 51.532807957271999 ], [ -0.281484072796813, 51.533230974588903 ], [ -0.280959450006156, 51.532588143272001 ], [ -0.278964094642898, 51.533227502427003 ], [ -0.278485381698495, 51.534583258592797 ], [ -0.278116622846963, 51.534550729007201 ], [ -0.277769393804216, 51.535071511548701 ], [ -0.282457376588103, 51.538648675970997 ], [ -0.28662990656124, 51.536784035219597 ], [ -0.293396270410537, 51.534928049459999 ], [ -0.295165606298529, 51.534877154110802 ], [ -0.295755469146931, 51.535291190673597 ], [ -0.29644758037209, 51.535258692218399 ], [ -0.299852310864077, 51.533082360718701 ], [ -0.302704988863715, 51.5319865304008 ], [ -0.307453582279767, 51.533087057954702 ], [ -0.306264604133883, 51.5341769899795 ], [ -0.305948608561015, 51.539366933799698 ], [ -0.30471803763841, 51.539858871777902 ], [ -0.308517711348242, 51.543198698786703 ], [ -0.30798663079506, 51.5444140809335 ], [ -0.308875232096934, 51.545207337974503 ], [ -0.30711297450527, 51.545329830657003 ], [ -0.308646363923526, 51.546467408267702 ], [ -0.311479130831358, 51.547566184304998 ], [ -0.312526297881848, 51.549028086018602 ], [ -0.317660624976379, 51.551568522548401 ], [ -0.327006121250583, 51.555030812137502 ], [ -0.335555531666752, 51.556556899124701 ], [ -0.334857082126507, 51.557866373665497 ], [ -0.333930197310544, 51.557698198350103 ], [ -0.334034842324087, 51.558754661511301 ], [ -0.331264837354128, 51.561414288358399 ], [ -0.330042382729355, 51.562231396359998 ], [ -0.328237078551993, 51.562540594430203 ], [ -0.328672097370254, 51.565974983287198 ], [ -0.329689402526453, 51.566192720184901 ], [ -0.329849338123979, 51.567128218005102 ], [ -0.325051402557729, 51.568259236474503 ], [ -0.325216392497237, 51.568457323394597 ], [ -0.322148244821014, 51.5696770562365 ], [ -0.324804688150537, 51.573314320982597 ], [ -0.325352451810086, 51.575935631770903 ], [ -0.326634185132864, 51.578600672996501 ], [ -0.320199754188027, 51.580374892141002 ], [ -0.31253249193528, 51.584452580096404 ], [ -0.30678464014985, 51.586515436619898 ], [ -0.304696795432772, 51.587052552390901 ], [ -0.301447504787293, 51.587271488435498 ], [ -0.28245801200774, 51.585051663901602 ], [ -0.282333959135817, 51.585839913105097 ], [ -0.284197440660582, 51.590495537600901 ], [ -0.28563943939032, 51.591896729556403 ], [ -0.288934236464643, 51.592821195592002 ], [ -0.290405901610672, 51.593543800845197 ], [ -0.286248533176676, 51.5949363412211 ], [ -0.285774999335346, 51.594728702117003 ], [ -0.285568620796434, 51.595210685902103 ], [ -0.283353330016794, 51.595742825537798 ], [ -0.276510294245565, 51.596509918742697 ], [ -0.276964355852371, 51.596937265770599 ], [ -0.273067314998928, 51.5983866996635 ], [ -0.270988838732912, 51.598384004518998 ], [ -0.267113115479641, 51.600371967666298 ] ] ] } },
{ "type": "Feature", "properties": { "LAD24CD": "E09000006", "LAD24NM": "Bromley" }, "geometry": { "type": "Polygon", "coordinates": [ [ [ 0.045137373854907, 51.436238141963202 ], [ 0.047998265279413, 51.4336000142751 ], [ 0.051057756949285, 51.4315251354327 ], [ 0.054432445306739, 51.427933101807497 ], [ 0.058207379616515, 51.424871507086003 ], [ 0.058599062055001, 51.424594650916298 ], [ 0.061006848212078, 51.425081893861197 ], [ 0.061705411141948, 51.423700369928802 ], [ 0.063138160633435, 51.424135047072497 ], [ 0.064461696456699, 51.4250338737452 ], [ 0.06415693293198, 51.4253335742102 ], [ 0.066581008507925, 51.426008501912001 ], [ 0.066619033298759, 51.426503495124301 ], [ 0.071700809037003, 51.429442637504302 ], [ 0.073476374936237, 51.431249236069299 ], [ 0.073079128724075, 51.4313550444841 ], [ 0.07335548443474, 51.431760749644603 ], [ 0.074374267706657, 51.4314615776957 ], [ 0.074860866927203, 51.430814414724999 ], [ 0.075360212261282, 51.431986651297201 ], [ 0.081162044772531, 51.430645513144299 ], [ 0.083213104438857, 51.429868644020601 ], [ 0.089223806373562, 51.423993877584799 ], [ 0.095128288955898, 51.420083359364 ], [ 0.104482870249408, 51.415224732504001 ], [ 0.107598215900694, 51.414093521598403 ], [ 0.11312430922989, 51.412906117812298 ], [ 0.119920305924758, 51.413399732949003 ], [ 0.125434543800877, 51.4147788314541 ], [ 0.126514242957538, 51.414675518590101 ], [ 0.128270322936996, 51.4149590715149 ], [ 0.132844787675707, 51.414246879635598 ], [ 0.139180024281577, 51.411596841301701 ], [ 0.148869410494427, 51.4084291280153 ], [ 0.148692037924609, 51.40813072609 ], [ 0.151099873547956, 51.406642220918897 ], [ 0.152822362211358, 51.406273349667003 ], [ 0.155249223060631, 51.403971471368003 ], [ 0.154967101370069, 51.403659204741203 ], [ 0.155513813492239, 51.4035753342718 ], [ 0.156434915160349, 51.402493627596101 ], [ 0.157360886960557, 51.400783200995299 ], [ 0.157728504821358, 51.398146940899402 ], [ 0.15898031715939, 51.395820922173399 ], [ 0.162384150043184, 51.392490302023297 ], [ 0.158274087234553, 51.392239571357997 ], [ 0.147741030714359, 51.392801001808799 ], [ 0.147534011759946, 51.392156437101697 ], [ 0.149835516801163, 51.390872339213203 ], [ 0.148654257106024, 51.388668344726597 ], [ 0.149416668543724, 51.387854869814298 ], [ 0.148901776858004, 51.387572051232702 ], [ 0.150458880089113, 51.386018305099299 ], [ 0.149992073003474, 51.3858407817212 ], [ 0.149800010647929, 51.384870413527999 ], [ 0.14978694337582, 51.383671014046001 ], [ 0.1504662276734, 51.383447177152497 ], [ 0.150373220455583, 51.381092799671897 ], [ 0.149608570969833, 51.381089674383702 ], [ 0.149613395331933, 51.3800895966097 ], [ 0.151133428458859, 51.379896245067201 ], [ 0.150974687631566, 51.379085271149798 ], [ 0.152353002831715, 51.378690334612898 ], [ 0.152189840663178, 51.378336330008601 ], [ 0.153236329516732, 51.3780364878942 ], [ 0.152537091460999, 51.375230067409497 ], [ 0.151736259913966, 51.375436390151897 ], [ 0.149600418363283, 51.373582616549299 ], [ 0.150833863953741, 51.372920535203001 ], [ 0.151206211688976, 51.372186982411598 ], [ 0.150126949996477, 51.370157348072297 ], [ 0.152057738933261, 51.369693704694498 ], [ 0.151619790687987, 51.368378895334303 ], [ 0.15102520620421, 51.368322404489099 ], [ 0.14943809752995, 51.369162803003299 ], [ 0.148876541579436, 51.368123569764698 ], [ 0.147280235929356, 51.367014412861799 ], [ 0.148347764670005, 51.366371585466801 ], [ 0.145048581649698, 51.362851002040898 ], [ 0.145391447302289, 51.362502980644102 ], [ 0.144501081888826, 51.361061488211803 ], [ 0.144562772120168, 51.360690754736297 ], [ 0.145389434623396, 51.360337456693898 ], [ 0.144848184887938, 51.358435446866402 ], [ 0.145895465831357, 51.358224642306503 ], [ 0.145114129801566, 51.355764135048702 ], [ 0.144046448987299, 51.354861910499402 ], [ 0.143631409872123, 51.353017815649302 ], [ 0.143140256627824, 51.353049295052998 ], [ 0.14287646719203, 51.352659352713097 ], [ 0.142620096764069, 51.3507349365536 ], [ 0.140984260727744, 51.350146168276403 ], [ 0.141287335694189, 51.349779104612601 ], [ 0.138713674263771, 51.347524877288599 ], [ 0.139493083928417, 51.347300146988204 ], [ 0.139441007864851, 51.3469827409982 ], [ 0.138268142466788, 51.347085201636602 ], [ 0.137196519337772, 51.345871817874198 ], [ 0.136200008773888, 51.3459367796655 ], [ 0.137109322020355, 51.3448013667075 ], [ 0.136958108456318, 51.344174604881204 ], [ 0.131777238907734, 51.345506650772997 ], [ 0.13166943231213, 51.345193853256902 ], [ 0.125212858821697, 51.345867999274397 ], [ 0.122239054316718, 51.344657521133499 ], [ 0.118456303441167, 51.344147782327603 ], [ 0.117586555709123, 51.343129321056601 ], [ 0.117232135018048, 51.343163605229897 ], [ 0.116681193882858, 51.341302956894502 ], [ 0.117283071789783, 51.339781169784203 ], [ 0.118471159205407, 51.339981831487798 ], [ 0.119014273423943, 51.338684162057397 ], [ 0.118299419628428, 51.338404813311101 ], [ 0.120011217788937, 51.334739570827097 ], [ 0.121684470163769, 51.3336363840804 ], [ 0.120245865693021, 51.332137167419198 ], [ 0.117892043251494, 51.330621229650802 ], [ 0.117900333226097, 51.329647100025099 ], [ 0.117335519577023, 51.329499137659703 ], [ 0.116642051900668, 51.330003516602901 ], [ 0.115743623115838, 51.329507104608702 ], [ 0.114211168787908, 51.327398042452401 ], [ 0.110153852634024, 51.328035962039401 ], [ 0.109758939055737, 51.326684212474902 ], [ 0.107238030363858, 51.327523776073001 ], [ 0.104901955924784, 51.327412871411802 ], [ 0.103240995455827, 51.325995660895003 ], [ 0.10079217321131, 51.325585509722998 ], [ 0.100176329752613, 51.324072171997301 ], [ 0.096180079853935, 51.321292909095497 ], [ 0.092777343369925, 51.319811420326801 ], [ 0.087785264492088, 51.318312335295801 ], [ 0.086821708064894, 51.317192719050603 ], [ 0.085029299988601, 51.316023204369401 ], [ 0.085641837414857, 51.314784673654003 ], [ 0.085070574120328, 51.312598640358203 ], [ 0.083571863369779, 51.310528012879601 ], [ 0.08474847314927, 51.3083459187934 ], [ 0.084086487454975, 51.308049225443298 ], [ 0.084877966544679, 51.3060448979735 ], [ 0.082816241205083, 51.3056336671468 ], [ 0.085432509917973, 51.302519471000402 ], [ 0.086210974996152, 51.3001738242831 ], [ 0.089395503300517, 51.297764056492198 ], [ 0.091184788845852, 51.296827366051197 ], [ 0.089261834971878, 51.296086411598203 ], [ 0.085693083414603, 51.293084226556502 ], [ 0.081580256367395, 51.291835321751101 ], [ 0.073368483798288, 51.291605144870303 ], [ 0.06756345970947, 51.290383112355698 ], [ 0.058510228376792, 51.289353712769298 ], [ 0.056050327541413, 51.292395375659702 ], [ 0.054389986021984, 51.292089076147001 ], [ 0.05078989348211, 51.293986882617801 ], [ 0.048496070001235, 51.293722162655399 ], [ 0.045731670558208, 51.294004265323601 ], [ 0.04476710255697, 51.2930866934677 ], [ 0.042396497430127, 51.292673046721397 ], [ 0.043313107400155, 51.296581756873501 ], [ 0.044298495339116, 51.298580941055903 ], [ 0.043093126659108, 51.2990543143748 ], [ 0.042620201159846, 51.301328898470501 ], [ 0.041543105879997, 51.3029800731629 ], [ 0.04091758010957, 51.3027211628035 ], [ 0.036336788657453, 51.305863221341603 ], [ 0.032909417932232, 51.307520910580202 ], [ 0.030281651213951, 51.305558218107997 ], [ 0.027977808249625, 51.304685303782598 ], [ 0.024839136366892, 51.302154934152099 ], [ 0.023599255513794, 51.299704062233801 ], [ 0.020953080346769, 51.2967783788473 ], [ 0.020874148336987, 51.295571908373901 ], [ 0.019101246335563, 51.2916841001949 ], [ 0.015009378467909, 51.291786069142603 ], [ 0.008386374107149, 51.310561482480502 ], [ 0.010353751912436, 51.316146348173703 ], [ 0.006597585837326, 51.315684844091997 ], [ 0.005545593040138, 51.318444061379097 ], [ 0.004870266511679, 51.322076321090897 ], [ 0.002255311924003, 51.329134834114399 ], [ 0.002173106225274, 51.329778273567797 ], [ 0.002939907001124, 51.330408905890202 ], [ 0.00331330491657, 51.332155041157399 ], [ 0.000863843200219, 51.333602270096002 ], [ -0.00296005106078, 51.345519347146499 ], [ -0.004616876397865, 51.349593100129702 ], [ -0.005308686410233, 51.352575183113998 ], [ -0.008560608617777, 51.355757881767801 ], [ -0.011768170370166, 51.357247408941902 ], [ -0.013145941722948, 51.357230638511197 ], [ -0.015558314453871, 51.358812747420998 ], [ -0.018288914449901, 51.361236385246698 ], [ -0.018876577946746, 51.3627413833701 ], [ -0.02227173696573, 51.365883474110902 ], [ -0.023567732215728, 51.365290920120202 ], [ -0.024460503421429, 51.366767947433402 ], [ -0.023103726904302, 51.367017023674201 ], [ -0.023591699075653, 51.372227422156797 ], [ -0.026113815619633, 51.376489291958897 ], [ -0.026766677936386, 51.379375933613296 ], [ -0.027973693923831, 51.3793630818639 ], [ -0.028346728272199, 51.378102714666397 ], [ -0.029815870667155, 51.3773380434953 ], [ -0.036778811309898, 51.3769964364228 ], [ -0.036359696688744, 51.3790103845526 ], [ -0.036957675105989, 51.378962493542502 ], [ -0.037841593035317, 51.383267036852303 ], [ -0.036523498687031, 51.388431536509998 ], [ -0.042816349478764, 51.389462604876798 ], [ -0.044920483856368, 51.3906984105557 ], [ -0.046168262035516, 51.392017479470297 ], [ -0.046815732084414, 51.391838969840002 ], [ -0.048056018265539, 51.393142735371697 ], [ -0.051247886020554, 51.3934711577797 ], [ -0.051702386523669, 51.393995864070597 ], [ -0.052425479088928, 51.3941540300181 ], [ -0.052588997640918, 51.394617521593197 ], [ -0.053472971445705, 51.394915071757403 ], [ -0.051018562463948, 51.3969865011452 ], [ -0.050418767609256, 51.398013082051001 ], [ -0.050816383196433, 51.397652117969201 ], [ -0.052107439613555, 51.3982590123017 ], [ -0.050608425184493, 51.399524182114597 ], [ -0.052930719590951, 51.401436531085899 ], [ -0.056786684889777, 51.400530105309898 ], [ -0.059415066545346, 51.399230613478501 ], [ -0.060529651305876, 51.399138506602903 ], [ -0.060140431594244, 51.399565192373203 ], [ -0.062219878291123, 51.401548268707302 ], [ -0.064617418414843, 51.401721887743903 ], [ -0.064479542059806, 51.402036834502603 ], [ -0.066502605048073, 51.402632251422403 ], [ -0.068570857212846, 51.403840582191201 ], [ -0.069961087262218, 51.4060023993515 ], [ -0.072835001981434, 51.408485696079303 ], [ -0.073522349864371, 51.410562279567799 ], [ -0.072742654981949, 51.412689433168097 ], [ -0.075149028283919, 51.4135416231045 ], [ -0.076483260638463, 51.414426925974396 ], [ -0.080367622539294, 51.415541085852901 ], [ -0.080760150463254, 51.4160442314055 ], [ -0.0810832477316, 51.417305077280801 ], [ -0.078557367172468, 51.4198742113104 ], [ -0.078287681880069, 51.4206047134332 ], [ -0.075041494918316, 51.425626955270197 ], [ -0.073907270099848, 51.426212923051899 ], [ -0.071841922858901, 51.426294897386803 ], [ -0.068901698592176, 51.425630036378799 ], [ -0.068657750218593, 51.425993412950497 ], [ -0.067885513510204, 51.425925117939201 ], [ -0.066022034512948, 51.425074901490802 ], [ -0.065808619537808, 51.425330919311897 ], [ -0.064552601502428, 51.425057581641397 ], [ -0.064408355402573, 51.425319446550802 ], [ -0.062404425023153, 51.4251548720109 ], [ -0.061426143396668, 51.424798273052403 ], [ -0.06140523705687, 51.424470896782303 ], [ -0.058099035098312, 51.423172425639002 ], [ -0.056754945213068, 51.422964975529702 ], [ -0.0551364357777, 51.422942735226798 ], [ -0.05473735901637, 51.4237258262227 ], [ -0.051801527006994, 51.423569890657397 ], [ -0.051747765242802, 51.422516584027498 ], [ -0.04599228710929, 51.422795366696299 ], [ -0.046250965091099, 51.422374927772701 ], [ -0.043675612608226, 51.422892694393902 ], [ -0.043810370041586, 51.423153741322302 ], [ -0.04157172918749, 51.423652266963103 ], [ -0.040997418554506, 51.4242626757284 ], [ -0.03989333456578, 51.424258741680902 ], [ -0.038453221804788, 51.423956802930597 ], [ -0.037469917601842, 51.424981577935903 ], [ -0.034195221237908, 51.425110316866103 ], [ -0.034212916624629, 51.424754368685299 ], [ -0.033349109439724, 51.424634709050601 ], [ -0.031793937454094, 51.4247101949598 ], [ -0.031971356040193, 51.4255360553977 ], [ -0.03008075136773, 51.425645457025702 ], [ -0.025963258388507, 51.423611627169599 ], [ -0.025769241367508, 51.423752821511002 ], [ -0.024339932274314, 51.423116804478298 ], [ -0.022574320029263, 51.421557060815303 ], [ -0.0222423203465, 51.421775678457898 ], [ -0.020997798625451, 51.420975844473901 ], [ -0.021649069036651, 51.420442309724599 ], [ -0.020758945125742, 51.4199461836916 ], [ -0.021396175911528, 51.418342242773498 ], [ -0.022558177388813, 51.417564350474102 ], [ -0.021697395980732, 51.417278696665299 ], [ -0.022173560797774, 51.416741523685303 ], [ -0.020999335432924, 51.416024245618601 ], [ -0.017797830639043, 51.415744160986399 ], [ -0.017966540008741, 51.415056158855002 ], [ -0.014274497579853, 51.415160611185399 ], [ -0.014537950086498, 51.413930885456899 ], [ -0.014239513349691, 51.413649583744203 ], [ -0.010312080263417, 51.413577793119202 ], [ -0.007663775341183, 51.4144768015084 ], [ -0.006591416803013, 51.414663478986903 ], [ -0.00655318395764, 51.415978623031499 ], [ -0.00558318053051, 51.415820045507402 ], [ -0.004966861307726, 51.4145997379512 ], [ -0.003280315144245, 51.415035639985099 ], [ -0.003391205274298, 51.415650787667303 ], [ -0.000728858659659, 51.415907104005697 ], [ -0.000118783814671, 51.417575243470203 ], [ 0.001743135951466, 51.4185857381133 ], [ 0.003533784491233, 51.417427399720502 ], [ 0.005671169669682, 51.418526324785503 ], [ 0.005216364631901, 51.419355776787498 ], [ 0.006308883682939, 51.421030454813497 ], [ 0.006728877220366, 51.420944813471202 ], [ 0.006863399624312, 51.421503311603303 ], [ 0.007388722446802, 51.421402454341802 ], [ 0.008106022892577, 51.423039533570098 ], [ 0.00998225862597, 51.4224818400034 ], [ 0.011882975678098, 51.424085756253298 ], [ 0.013365555279522, 51.4246818824287 ], [ 0.013538652529439, 51.425101516445999 ], [ 0.014418408662478, 51.425215430981197 ], [ 0.014120135419355, 51.4261747028362 ], [ 0.015981210553572, 51.426189523089199 ], [ 0.018747958647409, 51.427057810412201 ], [ 0.021218660097896, 51.426862525117798 ], [ 0.025458977328269, 51.4289732417637 ], [ 0.036230948428227, 51.422388514080801 ], [ 0.03905557875006, 51.424687940406201 ], [ 0.038474138216389, 51.427584007723901 ], [ 0.037844535071944, 51.427800773683998 ], [ 0.038364762484887, 51.428281141543799 ], [ 0.037539860800951, 51.431367589402697 ], [ 0.037708777408595, 51.433341038748203 ], [ 0.033736635099745, 51.431695166709702 ], [ 0.033255814321157, 51.4322311902895 ], [ 0.032494298593041, 51.431890541251803 ], [ 0.031607241042355, 51.432555315786999 ], [ 0.03115916363973, 51.432094199359298 ], [ 0.031405191625893, 51.432583461357801 ], [ 0.028592761273228, 51.4340338029563 ], [ 0.029086714993171, 51.434674398176902 ], [ 0.028687013496529, 51.436409692561 ], [ 0.027181483267427, 51.4365271656674 ], [ 0.025435831138825, 51.435666726084101 ], [ 0.024782236207963, 51.438207763134301 ], [ 0.028815917570129, 51.438772196700697 ], [ 0.028592962035554, 51.440403841814401 ], [ 0.02937881550058, 51.441705418829997 ], [ 0.030549450079116, 51.444327947477198 ], [ 0.033503113460359, 51.443581948135403 ], [ 0.035526458675555, 51.442469104127902 ], [ 0.039754857228725, 51.440980858828603 ], [ 0.04217060629937, 51.439489819610102 ], [ 0.043335982866143, 51.437749020276001 ], [ 0.045190742030838, 51.436601402195002 ], [ 0.045137373854907, 51.436238141963202 ] ] ] } },
{ "type": "Feature", "properties": { "LAD24CD": "E09000007", "LAD24NM": "Camden" }, "geometry": { "type": "Polygon", "coordinates": [ [ [ -0.167287288028304, 51.572962832775801 ], [ -0.164539988212205, 51.572500538332399 ], [ -0.160476747192304, 51.572779358856003 ], [ -0.157735978505448, 51.572050979822301 ], [ -0.150146318151361, 51.571553925010598 ], [ -0.148682546469594, 51.570935916688299 ], [ -0.144381825926643, 51.5700843782747 ], [ -0.14239561120072, 51.569106001966802 ], [ -0.140627152838409, 51.564459426870499 ], [ -0.141034701474325, 51.5605000342293 ], [ -0.138419158853717, 51.556868161754899 ], [ -0.136987309045876, 51.555261623210598 ], [ -0.135303748671231, 51.554638445045398 ], [ -0.134082277774744, 51.553389821638 ], [ -0.130991514299285, 51.551483259849803 ], [ -0.130127780258333, 51.549611730996901 ], [ -0.127079037829745, 51.547530197180997 ], [ -0.125064221994798, 51.541142977110503 ], [ -0.122399839076584, 51.537049579138802 ], [ -0.122563726204788, 51.530753113421198 ], [ -0.119838911111641, 51.530947183538899 ], [ -0.115925682086207, 51.529831559752402 ], [ -0.115451101817419, 51.527757860393002 ], [ -0.11291918547122, 51.5264088150684 ], [ -0.114229005936754, 51.525482558456197 ], [ -0.113627431450157, 51.524566389695202 ], [ -0.11236382231395, 51.523716118805602 ], [ -0.10896954375494, 51.523019892936397 ], [ -0.108238180531229, 51.522087023721298 ], [ -0.10700150504442, 51.522183751342602 ], [ -0.105290341558648, 51.518554857832299 ], [ -0.10781920575416, 51.517766037589404 ], [ -0.113803703413632, 51.518257935709499 ], [ -0.111567824442113, 51.515335029083097 ], [ -0.113825664039223, 51.514823672758503 ], [ -0.114694811598885, 51.516026474685702 ], [ -0.119451253170614, 51.514502255286203 ], [ -0.121796317287431, 51.514868898625799 ], [ -0.12206608989202, 51.514615206955 ], [ -0.122853761042668, 51.515140198845401 ], [ -0.127169746226547, 51.512705102455001 ], [ -0.127646380675082, 51.512678929283098 ], [ -0.128949099459364, 51.5134147753338 ], [ -0.129610815866559, 51.513998808735899 ], [ -0.130326509997426, 51.516419590622398 ], [ -0.130782502682123, 51.5170819805722 ], [ -0.132516418534426, 51.516673088583502 ], [ -0.132406111775616, 51.5171171634979 ], [ -0.133531598252919, 51.517697285827602 ], [ -0.134006210429943, 51.517547251207397 ], [ -0.13520781378243, 51.518929715322997 ], [ -0.135797668689083, 51.5186853550004 ], [ -0.136278097237986, 51.519157173386603 ], [ -0.136961309094795, 51.518886618979202 ], [ -0.142844961598762, 51.523867679706598 ], [ -0.143544818600121, 51.523965965406397 ], [ -0.143384543178008, 51.524548393034799 ], [ -0.143986909810925, 51.524678221652799 ], [ -0.14408751434632, 51.5239975294581 ], [ -0.145205616696418, 51.523988970252603 ], [ -0.145764043772245, 51.525266813218401 ], [ -0.147123640879697, 51.525034742172203 ], [ -0.152701824938766, 51.537509540373598 ], [ -0.159351924771759, 51.536339642373797 ], [ -0.160396596135671, 51.537298510137603 ], [ -0.164898867211156, 51.535784639530803 ], [ -0.169447390913976, 51.538593557513103 ], [ -0.170876388503664, 51.537778248057698 ], [ -0.171934140702352, 51.5384038512207 ], [ -0.173476990559195, 51.537646390317803 ], [ -0.174128478544183, 51.538261688594098 ], [ -0.173911770601983, 51.539473219280701 ], [ -0.178343045457858, 51.539808068738502 ], [ -0.180114010393227, 51.539564995793498 ], [ -0.184160670423868, 51.538228573375598 ], [ -0.187821656046345, 51.534963943500699 ], [ -0.188722649361543, 51.534530508369699 ], [ -0.191467608561554, 51.536292358151599 ], [ -0.203700949695321, 51.546962393828998 ], [ -0.213486677002519, 51.5551909320072 ], [ -0.210010591854248, 51.556751376640101 ], [ -0.208837483626681, 51.555725533925298 ], [ -0.205967497609692, 51.556430321754704 ], [ -0.205779562107332, 51.555318577745297 ], [ -0.199371628065116, 51.556190032156699 ], [ -0.199511261882767, 51.557075465409199 ], [ -0.198306945833702, 51.558857886197302 ], [ -0.197910579489715, 51.5591298797885 ], [ -0.197499322530845, 51.558865912973502 ], [ -0.196774850407015, 51.559154624678897 ], [ -0.196725787066427, 51.560697477000197 ], [ -0.194826941676313, 51.560483878851301 ], [ -0.192289418180666, 51.561556686923701 ], [ -0.19112299287364, 51.561656105180603 ], [ -0.190346428902951, 51.562871539250402 ], [ -0.189645232895486, 51.565216517605599 ], [ -0.187142764903119, 51.566155598059098 ], [ -0.18614246183503, 51.566923400450797 ], [ -0.183760636968241, 51.5674682840095 ], [ -0.183387915108403, 51.567767619128702 ], [ -0.183672475063841, 51.567956846088101 ], [ -0.180817586719776, 51.569404503648997 ], [ -0.180986768865558, 51.569672918771502 ], [ -0.178303613645725, 51.570016914014197 ], [ -0.178121993180716, 51.570512667590499 ], [ -0.174381521111108, 51.569256153588398 ], [ -0.17371380158551, 51.569902788325301 ], [ -0.173376244818278, 51.571087308843602 ], [ -0.17123183297214, 51.572418250553497 ], [ -0.167287288028304, 51.572962832775801 ] ] ] } },
{ "type": "Feature", "properties": { "LAD24CD": "E09000008", "LAD24NM": "Croydon" }, "geometry": { "type": "Polygon", "coordinates": [ [ [ -0.109259088108701, 51.4231778555421 ], [ -0.105962230700077, 51.422594331323999 ], [ -0.096883073011681, 51.422670080871001 ], [ -0.094862705879843, 51.422820207983698 ], [ -0.092701970567971, 51.422553813843003 ], [ -0.088337502305502, 51.420005496425397 ], [ -0.086283457047553, 51.419283730029697 ], [ -0.083218331775642, 51.419739839653097 ], [ -0.078557367172468, 51.4198742113104 ], [ -0.0810832477316, 51.417305077280801 ], [ -0.080760150463254, 51.4160442314055 ], [ -0.080367622539294, 51.415541085852901 ], [ -0.076483260638463, 51.414426925974396 ], [ -0.075149028283919, 51.4135416231045 ], [ -0.072742654981949, 51.412689433168097 ], [ -0.073522349864371, 51.410562279567799 ], [ -0.072835001981434, 51.408485696079303 ], [ -0.069961087262218, 51.4060023993515 ], [ -0.068570857212846, 51.403840582191201 ], [ -0.066502605048073, 51.402632251422403 ], [ -0.064479542059806, 51.402036834502603 ], [ -0.064617418414843, 51.401721887743903 ], [ -0.062219878291123, 51.401548268707302 ], [ -0.060140431594244, 51.399565192373203 ], [ -0.060529651305876, 51.399138506602903 ], [ -0.059415066545346, 51.399230613478501 ], [ -0.056786684889777, 51.400530105309898 ], [ -0.052930719590951, 51.401436531085899 ], [ -0.050608425184493, 51.399524182114597 ], [ -0.052107439613555, 51.3982590123017 ], [ -0.050816383196433, 51.397652117969201 ], [ -0.050418767609256, 51.398013082051001 ], [ -0.051018562463948, 51.3969865011452 ], [ -0.053472971445705, 51.394915071757403 ], [ -0.052588997640918, 51.394617521593197 ], [ -0.052425479088928, 51.3941540300181 ], [ -0.051702386523669, 51.393995864070597 ], [ -0.051247886020554, 51.3934711577797 ], [ -0.048056018265539, 51.393142735371697 ], [ -0.046815732084414, 51.391838969840002 ], [ -0.046168262035516, 51.392017479470297 ], [ -0.044920483856368, 51.3906984105557 ], [ -0.042816349478764, 51.389462604876798 ], [ -0.036523498687031, 51.388431536509998 ], [ -0.037841593035317, 51.383267036852303 ], [ -0.036957675105989, 51.378962493542502 ], [ -0.036359696688744, 51.3790103845526 ], [ -0.036778811309898, 51.3769964364228 ], [ -0.029815870667155, 51.3773380434953 ], [ -0.028346728272199, 51.378102714666397 ], [ -0.027973693923831, 51.3793630818639 ], [ -0.026766677936386, 51.379375933613296 ], [ -0.026113815619633, 51.376489291958897 ], [ -0.023591699075653, 51.372227422156797 ], [ -0.023103726904302, 51.367017023674201 ], [ -0.024460503421429, 51.366767947433402 ], [ -0.023567732215728, 51.365290920120202 ], [ -0.02227173696573, 51.365883474110902 ], [ -0.018876577946746, 51.3627413833701 ], [ -0.018288914449901, 51.361236385246698 ], [ -0.015558314453871, 51.358812747420998 ], [ -0.013145941722948, 51.357230638511197 ], [ -0.011768170370166, 51.357247408941902 ], [ -0.008560608617777, 51.355757881767801 ], [ -0.005308686410233, 51.352575183113998 ], [ -0.004616876397865, 51.349593100129702 ], [ -0.00296005106078, 51.345519347146499 ], [ 0.000863843200219, 51.333602270096002 ], [ 0.00331330491657, 51.332155041157399 ], [ 0.002939907001124, 51.330408905890202 ], [ 0.002173106225274, 51.329778273567797 ], [ 0.002255311924003, 51.329134834114399 ], [ -0.000502893170894, 51.328778375227301 ], [ -0.001676611910694, 51.330307399688799 ], [ -0.007209099414617, 51.333387277100996 ], [ -0.007127736908091, 51.333739756888697 ], [ -0.009660684794607, 51.333928422357999 ], [ -0.010946568544375, 51.333675868910397 ], [ -0.010725759232045, 51.333083244843301 ], [ -0.011902236908005, 51.3329542582103 ], [ -0.013639783649025, 51.331531331649501 ], [ -0.014316511970413, 51.329772093777699 ], [ -0.016037002022286, 51.332051660321198 ], [ -0.017238445166242, 51.332987881959497 ], [ -0.017860241185599, 51.333017270367897 ], [ -0.020587677954189, 51.3372025650661 ], [ -0.022150177446984, 51.338130855342598 ], [ -0.026129713879683, 51.338545851866201 ], [ -0.030778935695828, 51.337471958002602 ], [ -0.032821632098463, 51.337415373989799 ], [ -0.034508889774446, 51.338083026853297 ], [ -0.03792008544979, 51.338724743293199 ], [ -0.039645197647037, 51.337476635336301 ], [ -0.041986458690276, 51.333860171934901 ], [ -0.046606219077459, 51.333538464123201 ], [ -0.048489358728551, 51.332801846244003 ], [ -0.050277134216505, 51.3326378099393 ], [ -0.050072201013776, 51.332052522667702 ], [ -0.051041957677755, 51.331593866075799 ], [ -0.051080881206983, 51.330845333081399 ], [ -0.048749277235619, 51.328718415472302 ], [ -0.04906986122656, 51.328607682790398 ], [ -0.047828029037527, 51.326509684964499 ], [ -0.047868739591303, 51.325245055609003 ], [ -0.049765431954347, 51.325266705404204 ], [ -0.051266737528513, 51.323438219247301 ], [ -0.051307224761096, 51.322452276556497 ], [ -0.052531033859988, 51.322419381995203 ], [ -0.054864023428037, 51.321280357922397 ], [ -0.056206526217262, 51.321682176040497 ], [ -0.05839242868016, 51.320382979343997 ], [ -0.060657578918395, 51.320064393801204 ], [ -0.062078883038192, 51.319200287518299 ], [ -0.063986142890024, 51.318640020938297 ], [ -0.070067351074045, 51.318900039456203 ], [ -0.071019782508098, 51.321223830445497 ], [ -0.074939654532971, 51.320237058881702 ], [ -0.07891302057719, 51.319769938729799 ], [ -0.078834989338555, 51.318097730373502 ], [ -0.080178864625196, 51.317841889493401 ], [ -0.081504185150613, 51.316722387388999 ], [ -0.082236628112553, 51.316946536835601 ], [ -0.083661900607565, 51.316650666440601 ], [ -0.083591305618743, 51.316382490579102 ], [ -0.08480233810149, 51.315867188922503 ], [ -0.081893019242152, 51.312609026885099 ], [ -0.08193167569138, 51.310647288536202 ], [ -0.086760987775482, 51.308794599428602 ], [ -0.088825065361474, 51.307218549744903 ], [ -0.088697645032424, 51.305146546035999 ], [ -0.089687467287181, 51.303963253577997 ], [ -0.090726245636363, 51.303944532867497 ], [ -0.091171623040073, 51.303391685063602 ], [ -0.09122374186729, 51.301475229057303 ], [ -0.09481825344748, 51.300621442212098 ], [ -0.095997897340935, 51.301514296007298 ], [ -0.097336203946918, 51.301101244191898 ], [ -0.097396361070515, 51.300384903281703 ], [ -0.095775630398362, 51.299601528406498 ], [ -0.094276222775321, 51.299438591008098 ], [ -0.100545018139535, 51.296447820854397 ], [ -0.102637380902686, 51.296006965491699 ], [ -0.111052160513274, 51.292252624163801 ], [ -0.114734430476013, 51.2924513742907 ], [ -0.114553242273446, 51.291553681937998 ], [ -0.1154942632089, 51.291165953256602 ], [ -0.115805363546077, 51.290644885701298 ], [ -0.116939969218837, 51.289487789761097 ], [ -0.117787425992582, 51.287182022292001 ], [ -0.124301850029936, 51.286790403161099 ], [ -0.126049064187005, 51.288403122056501 ], [ -0.126334941616266, 51.2896642336475 ], [ -0.130288175940541, 51.292888833846803 ], [ -0.131330311011781, 51.294624592738103 ], [ -0.131041131226239, 51.295475815896602 ], [ -0.134356098974276, 51.298375544896899 ], [ -0.136167490809853, 51.298278923529502 ], [ -0.137213219898507, 51.300741560264299 ], [ -0.140864570872737, 51.299575554244903 ], [ -0.142838994720194, 51.3000250195634 ], [ -0.143577997575923, 51.301244557503999 ], [ -0.144422911498295, 51.300541188296201 ], [ -0.144852109926054, 51.300712593652499 ], [ -0.145625132209915, 51.299828251066799 ], [ -0.148451766086654, 51.300703805648197 ], [ -0.149496204705973, 51.3007005254182 ], [ -0.149814608176425, 51.3002038176284 ], [ -0.1533605098568, 51.301677865749198 ], [ -0.155317700345265, 51.301274393746603 ], [ -0.156684009548237, 51.303589011613703 ], [ -0.157735020247375, 51.304427509459998 ], [ -0.15502334068093, 51.305791250980903 ], [ -0.154509145189696, 51.306448602153601 ], [ -0.156415768237732, 51.306452545272997 ], [ -0.157163054818694, 51.306708920835902 ], [ -0.154315337506222, 51.310317895593698 ], [ -0.156228082869366, 51.310420825124403 ], [ -0.158330470681896, 51.310985390491801 ], [ -0.157169626485771, 51.313389759404998 ], [ -0.159314119284191, 51.315955854353497 ], [ -0.159581019661147, 51.317104872743698 ], [ -0.160481487671816, 51.3168725879706 ], [ -0.161177375768629, 51.317522902886502 ], [ -0.161879752207213, 51.319625704102798 ], [ -0.156523624561657, 51.321485286251999 ], [ -0.152720892895178, 51.323000342379899 ], [ -0.152070678446811, 51.322271335447297 ], [ -0.150677617675547, 51.322168381592697 ], [ -0.149003761414741, 51.322801559133602 ], [ -0.147930696732596, 51.322683041818301 ], [ -0.14557670392873, 51.323492954078297 ], [ -0.144232252932735, 51.325929032236601 ], [ -0.144411359169946, 51.326464767218901 ], [ -0.149188030596626, 51.328845910455499 ], [ -0.144071412377831, 51.330690768874902 ], [ -0.145594430642885, 51.332454959602998 ], [ -0.147483922501982, 51.338798016362198 ], [ -0.144463895734416, 51.339511392500597 ], [ -0.144280389204621, 51.340218944434298 ], [ -0.143458983799658, 51.340539018072 ], [ -0.144576133845834, 51.342087665178198 ], [ -0.14418241887013, 51.342291054010502 ], [ -0.141531530744641, 51.343413187442501 ], [ -0.136869320555868, 51.344720118496603 ], [ -0.136340896567951, 51.3447912595839 ], [ -0.136253021585845, 51.344407688392103 ], [ -0.132484895636453, 51.344272485300699 ], [ -0.132864027644778, 51.345434245412299 ], [ -0.131092308834141, 51.345470848465098 ], [ -0.131418656486028, 51.346024647070998 ], [ -0.128964281487169, 51.346582332898798 ], [ -0.128851811718693, 51.347270620687397 ], [ -0.128347393422096, 51.347450569124597 ], [ -0.127513725712915, 51.347446718489103 ], [ -0.127279014929812, 51.347091138987999 ], [ -0.126854880054177, 51.3448644246307 ], [ -0.125875453491107, 51.345232770351302 ], [ -0.118898161446538, 51.3455771500319 ], [ -0.118678553663495, 51.345847703586202 ], [ -0.117284836311771, 51.345666614167101 ], [ -0.116842029977448, 51.345762859090399 ], [ -0.116934258986665, 51.346680477822403 ], [ -0.117378055521415, 51.346649035252803 ], [ -0.118624594642974, 51.351842450233498 ], [ -0.11909473537565, 51.353137982546798 ], [ -0.120149031060929, 51.353027613514698 ], [ -0.121373975745096, 51.357740188887199 ], [ -0.124188829561267, 51.357414292455701 ], [ -0.124554967689601, 51.358363305136002 ], [ -0.124591346813467, 51.358872953467099 ], [ -0.123470691200314, 51.359154131306497 ], [ -0.123318616959913, 51.358903956497301 ], [ -0.121894540634818, 51.359071722504602 ], [ -0.12288486825092, 51.3599240264274 ], [ -0.121816937190466, 51.359977080633101 ], [ -0.122014136100827, 51.360963976333501 ], [ -0.121366806670331, 51.361039998028403 ], [ -0.12140265279712, 51.362343763107098 ], [ -0.120903500493868, 51.363307774440798 ], [ -0.12130137633784, 51.364726893777302 ], [ -0.122336988661194, 51.364521310803603 ], [ -0.124116081766397, 51.365350151446698 ], [ -0.122078281656429, 51.365754177639701 ], [ -0.123326780930294, 51.371198440633599 ], [ -0.124745912217793, 51.372936503381503 ], [ -0.124762057193566, 51.373686341326298 ], [ -0.127842352848183, 51.374741026951199 ], [ -0.126674514578054, 51.374915272206501 ], [ -0.126834723541615, 51.375466419500199 ], [ -0.125840985080286, 51.375599281102502 ], [ -0.126732898500071, 51.377068144853602 ], [ -0.128049150500356, 51.380475149433401 ], [ -0.130261888492008, 51.382214037713801 ], [ -0.128648796741574, 51.382493454356997 ], [ -0.129514898946542, 51.385300680309903 ], [ -0.128760011133675, 51.3856431179616 ], [ -0.130632294439637, 51.386268198318199 ], [ -0.129566505009285, 51.387230981890802 ], [ -0.133234752312872, 51.389552114099097 ], [ -0.13261288844745, 51.390124933912404 ], [ -0.134321993903791, 51.390847066178303 ], [ -0.128727428770065, 51.3935021006669 ], [ -0.129652233327207, 51.393652162289698 ], [ -0.124139637510634, 51.397609567957097 ], [ -0.12465030667513, 51.398097384539703 ], [ -0.125681408571826, 51.398324111595102 ], [ -0.125398398024585, 51.398826331711703 ], [ -0.127712992732134, 51.401468637176897 ], [ -0.130445542440792, 51.403274141403401 ], [ -0.131456540014508, 51.404934786065397 ], [ -0.132302969076169, 51.406808400849798 ], [ -0.132077065227153, 51.409202657970503 ], [ -0.129456084681713, 51.409574480486697 ], [ -0.128485181981585, 51.410991485870397 ], [ -0.128172719102879, 51.4109379441608 ], [ -0.127724902236922, 51.412316330601598 ], [ -0.126236483923793, 51.412929566950602 ], [ -0.12576501462844, 51.412631302421502 ], [ -0.124452089727923, 51.413365415215402 ], [ -0.124080514586188, 51.414596916338098 ], [ -0.122491042995267, 51.415026994044702 ], [ -0.119813449955782, 51.418801665657 ], [ -0.115592254616413, 51.420631424086302 ], [ -0.112632832695885, 51.423242374703499 ], [ -0.109259088108701, 51.4231778555421 ] ] ] } },
{ "type": "Feature", "properties": { "LAD24CD": "E09000009", "LAD24NM": "Ealing" }, "geometry": { "type": "Polygon", "coordinates": [ [ [ -0.327006121250583, 51.555030812137502 ], [ -0.317660624976379, 51.551568522548401 ], [ -0.312526297881848, 51.549028086018602 ], [ -0.311479130831358, 51.547566184304998 ], [ -0.308646363923526, 51.546467408267702 ], [ -0.30711297450527, 51.545329830657003 ], [ -0.308875232096934, 51.545207337974503 ], [ -0.30798663079506, 51.5444140809335 ], [ -0.308517711348242, 51.543198698786703 ], [ -0.30471803763841, 51.539858871777902 ], [ -0.305948608561015, 51.539366933799698 ], [ -0.306264604133883, 51.5341769899795 ], [ -0.307453582279767, 51.533087057954702 ], [ -0.302704988863715, 51.5319865304008 ], [ -0.299852310864077, 51.533082360718701 ], [ -0.29644758037209, 51.535258692218399 ], [ -0.295755469146931, 51.535291190673597 ], [ -0.295165606298529, 51.534877154110802 ], [ -0.293396270410537, 51.534928049459999 ], [ -0.28662990656124, 51.536784035219597 ], [ -0.282457376588103, 51.538648675970997 ], [ -0.277769393804216, 51.535071511548701 ], [ -0.278116622846963, 51.534550729007201 ], [ -0.278485381698495, 51.534583258592797 ], [ -0.278964094642898, 51.533227502427003 ], [ -0.280959450006156, 51.532588143272001 ], [ -0.281484072796813, 51.533230974588903 ], [ -0.283479177993753, 51.532807957271999 ], [ -0.284012385062602, 51.533531618032001 ], [ -0.289382581578878, 51.5316828392574 ], [ -0.285725746983936, 51.529171972738403 ], [ -0.280371852466567, 51.5283467926226 ], [ -0.279224530348024, 51.528780815838303 ], [ -0.274570643111017, 51.529558631228703 ], [ -0.27044563007722, 51.530046595047601 ], [ -0.270271216631839, 51.529766706137899 ], [ -0.269680388783758, 51.530001609578598 ], [ -0.26857417728811, 51.529822682424602 ], [ -0.266251288494755, 51.530687199515498 ], [ -0.264866861432509, 51.5315716347991 ], [ -0.264760943844658, 51.532158441108798 ], [ -0.263318394674117, 51.532668462385999 ], [ -0.260353373764622, 51.534492768354802 ], [ -0.257740996366156, 51.535367312994701 ], [ -0.256545918476375, 51.534966293135 ], [ -0.255985074110447, 51.533949884742597 ], [ -0.250877874536536, 51.533879503813502 ], [ -0.250752237107332, 51.534147432751297 ], [ -0.247265526070007, 51.5334898604141 ], [ -0.246281570983423, 51.532737509428699 ], [ -0.246975847906357, 51.531777588340901 ], [ -0.245256656076301, 51.5312182262753 ], [ -0.245390921561337, 51.531042058877503 ], [ -0.246999780702846, 51.530688875429298 ], [ -0.249870747418338, 51.528870058085801 ], [ -0.250555873501414, 51.527811547906701 ], [ -0.250331435289123, 51.527059904237298 ], [ -0.252538390202769, 51.524986821142001 ], [ -0.251768043195903, 51.522117085624998 ], [ -0.250319092816483, 51.520185237138598 ], [ -0.250690282885466, 51.519200603934699 ], [ -0.2489713522111, 51.5138906006 ], [ -0.246435348971348, 51.5108223006416 ], [ -0.245134655699555, 51.506769595826697 ], [ -0.246466730937967, 51.506743076516997 ], [ -0.245673763200907, 51.504628609727597 ], [ -0.247972376286306, 51.504361166131197 ], [ -0.248089807238703, 51.504609086178299 ], [ -0.249256438152769, 51.504442214478402 ], [ -0.249421747147641, 51.504677135586 ], [ -0.249917977859926, 51.504434606009497 ], [ -0.251079138134178, 51.504650876959097 ], [ -0.252483672614707, 51.5044966724953 ], [ -0.252525892049911, 51.504713612428397 ], [ -0.253751509949108, 51.504551288844098 ], [ -0.253670894390568, 51.504284500378702 ], [ -0.255064221072407, 51.504329249334504 ], [ -0.25336434429858, 51.502893310177697 ], [ -0.252771583657548, 51.499888497177899 ], [ -0.255606406879975, 51.496033357024999 ], [ -0.255422123395226, 51.494978343897699 ], [ -0.261483309223535, 51.494641320645997 ], [ -0.267676633366511, 51.4939192512037 ], [ -0.269061038858674, 51.494026320925698 ], [ -0.271303045031441, 51.494801356384798 ], [ -0.272401695976202, 51.496156208268502 ], [ -0.277402382334547, 51.4990864619229 ], [ -0.280772402092, 51.502847527375302 ], [ -0.285711510361579, 51.500783729505002 ], [ -0.288668716199761, 51.500832416983698 ], [ -0.293897823008893, 51.501577555220798 ], [ -0.300669386722828, 51.4993292247146 ], [ -0.299946959438523, 51.497856012673402 ], [ -0.297537161815247, 51.494884714354399 ], [ -0.301132918675038, 51.494405562344099 ], [ -0.301377122233943, 51.495194213917998 ], [ -0.305851829897637, 51.496182882505302 ], [ -0.305431203745424, 51.494537362144797 ], [ -0.308405375534104, 51.493574122326599 ], [ -0.311911168808834, 51.491971457659197 ], [ -0.313884658435713, 51.493608091701702 ], [ -0.314388695555614, 51.493457121635799 ], [ -0.315085314491169, 51.493964384847096 ], [ -0.31446791118935, 51.494357297270902 ], [ -0.315712070935597, 51.495348247441001 ], [ -0.31528026854231, 51.495554853935403 ], [ -0.315794343146763, 51.495907346294899 ], [ -0.31918147076384, 51.494217300145003 ], [ -0.323414300516202, 51.495896587876501 ], [ -0.323898551965763, 51.495716561475902 ], [ -0.324675743393902, 51.495993759239198 ], [ -0.326127384627688, 51.495003655658003 ], [ -0.327341220314482, 51.496002413072198 ], [ -0.329945002137216, 51.495020531531601 ], [ -0.331231243629166, 51.495509557754303 ], [ -0.335264555913964, 51.496157912716001 ], [ -0.342278725726975, 51.495987794708498 ], [ -0.349708960195708, 51.498981455050803 ], [ -0.350619148399036, 51.499106657078102 ], [ -0.358052570966066, 51.497767974406997 ], [ -0.36187789583015, 51.496087418317103 ], [ -0.363117893266542, 51.4958757777258 ], [ -0.363734025283402, 51.494695978448597 ], [ -0.365363324880322, 51.493313676823597 ], [ -0.365794059745001, 51.493653906613297 ], [ -0.366986978925952, 51.492803378534298 ], [ -0.368354836430718, 51.492298900671003 ], [ -0.367912694991677, 51.4917891591151 ], [ -0.371851047191365, 51.490476154912798 ], [ -0.371919091997922, 51.4909905553857 ], [ -0.37249726445803, 51.491027704152103 ], [ -0.373809044711411, 51.491960149243098 ], [ -0.375823922335663, 51.495391610845203 ], [ -0.377903011367198, 51.4954693003247 ], [ -0.377876677159829, 51.496606645479197 ], [ -0.381841111112896, 51.495223999971898 ], [ -0.384546938967056, 51.4946830551931 ], [ -0.386575408414563, 51.494685299047397 ], [ -0.389375031127265, 51.495157935021702 ], [ -0.406918399587474, 51.499666397135996 ], [ -0.403819232556505, 51.502933844238903 ], [ -0.402859076450413, 51.503581836406497 ], [ -0.40023371074684, 51.504292708369398 ], [ -0.393513489171671, 51.507011728887299 ], [ -0.390422060131917, 51.513204561725601 ], [ -0.38911607191857, 51.514665169005802 ], [ -0.384947709027511, 51.516373684175399 ], [ -0.381788639446717, 51.518620423968798 ], [ -0.376145316078738, 51.524945205379503 ], [ -0.376371680549651, 51.528884901986302 ], [ -0.380996722618005, 51.5294116942163 ], [ -0.386642781660345, 51.530399154371302 ], [ -0.387115192662479, 51.529574211357598 ], [ -0.389276233506824, 51.5308027094094 ], [ -0.392648908258066, 51.531448841276202 ], [ -0.405321733528102, 51.533220590038901 ], [ -0.411049520079079, 51.5342901849694 ], [ -0.411845422020108, 51.534072812822401 ], [ -0.41222056534672, 51.534494685086898 ], [ -0.413487345767395, 51.534712022521902 ], [ -0.413819749243935, 51.535743839881903 ], [ -0.414763950786028, 51.535975869528002 ], [ -0.415306149337927, 51.536556581834397 ], [ -0.417431210773785, 51.5366461544399 ], [ -0.417489782128102, 51.537838703078897 ], [ -0.419409329709237, 51.538291410259397 ], [ -0.419548090734817, 51.538706229010899 ], [ -0.418159934292837, 51.539154038194397 ], [ -0.419413609326482, 51.539933243780098 ], [ -0.419402613769689, 51.540390082850401 ], [ -0.418269884101982, 51.540093028809203 ], [ -0.416756112004966, 51.540159257573301 ], [ -0.405008718566556, 51.542490065919502 ], [ -0.397831391499307, 51.542329964418997 ], [ -0.395285532006663, 51.542551632821201 ], [ -0.39634437286305, 51.545704060688301 ], [ -0.396540579884704, 51.545967072956202 ], [ -0.397890417634814, 51.545666927035299 ], [ -0.398706173814887, 51.547897359714497 ], [ -0.394879242969686, 51.547646581309301 ], [ -0.394946979967999, 51.5487312776824 ], [ -0.394210632799448, 51.5486144950032 ], [ -0.392796401622069, 51.548968941370099 ], [ -0.385035861073688, 51.551258604203497 ], [ -0.377656412711582, 51.554699565733401 ], [ -0.377843376019978, 51.554977063510201 ], [ -0.375881513503431, 51.553084603996702 ], [ -0.373342930044203, 51.554096408480099 ], [ -0.372863810973885, 51.553748820778999 ], [ -0.362519599314103, 51.556043173906403 ], [ -0.362674841911475, 51.556328832037799 ], [ -0.362125241303673, 51.556610754483998 ], [ -0.362300315676161, 51.557248359315103 ], [ -0.347548976989506, 51.559657395404898 ], [ -0.345611192404932, 51.558450151510897 ], [ -0.343605546201471, 51.5577170258085 ], [ -0.338302842811169, 51.557225846161501 ], [ -0.335555531666752, 51.556556899124701 ], [ -0.327006121250583, 51.555030812137502 ] ] ] } },
{ "type": "Feature", "properties": { "LAD24CD": "E09000010", "LAD24NM": "Enfield" }, "geometry": { "type": "Polygon", "coordinates": [ [ [ -0.078958605823473, 51.688843493316597 ], [ -0.067149500841317, 51.684055532693698 ], [ -0.062088958613704, 51.682976679527798 ], [ -0.057013288148894, 51.682973289456001 ], [ -0.051704384247309, 51.683537003123902 ], [ -0.049308511292549, 51.684243874995097 ], [ -0.048935774245396, 51.684017009310701 ], [ -0.048319293589678, 51.6840770075409 ], [ -0.047059162780053, 51.6834391789465 ], [ -0.043657660992124, 51.683352005372299 ], [ -0.043671520466542, 51.6830968353187 ], [ -0.028376558494719, 51.682332132411403 ], [ -0.019771644886478, 51.6811515000282 ], [ -0.011065531663586, 51.680869679450502 ], [ -0.010328400630865, 51.676664669463001 ], [ -0.011350626156268, 51.6719184714444 ], [ -0.011370633866315, 51.670702068476402 ], [ -0.010558470016679, 51.669137060386497 ], [ -0.01121851043339, 51.667605947940302 ], [ -0.011493971903537, 51.663891246754098 ], [ -0.009085348924295, 51.661008747754899 ], [ -0.008940845944789, 51.660217583728397 ], [ -0.011779748543052, 51.653035375318701 ], [ -0.011837262569655, 51.648847509989899 ], [ -0.013308672804058, 51.639694938265301 ], [ -0.014780074497915, 51.636738786275799 ], [ -0.016809081916336, 51.633528897390299 ], [ -0.024024617370562, 51.624643964540397 ], [ -0.025937770522075, 51.621742821838701 ], [ -0.032099060686343, 51.616864748981101 ], [ -0.035322450190773, 51.612984249768303 ], [ -0.035493760635627, 51.611963930591401 ], [ -0.034056097371644, 51.610215409531698 ], [ -0.033946652048461, 51.609503859872902 ], [ -0.0352240727947, 51.608268207549003 ], [ -0.041390716789704, 51.605646784415903 ], [ -0.049738959161675, 51.607241661418897 ], [ -0.052870673643686, 51.608110622124997 ], [ -0.05287709551283, 51.608517232589897 ], [ -0.054510492480038, 51.608887323178799 ], [ -0.065227067297729, 51.608586899871703 ], [ -0.067099926897253, 51.608949128295002 ], [ -0.06747692770345, 51.608639891152102 ], [ -0.068012982597083, 51.608816882503099 ], [ -0.07645565528358, 51.6084141659043 ], [ -0.085601119391662, 51.608473287322703 ], [ -0.091420524193225, 51.608796134623901 ], [ -0.092466312943835, 51.6090909185383 ], [ -0.09245345325932, 51.608850277065599 ], [ -0.093531005183422, 51.608990881164601 ], [ -0.095158867573564, 51.608658070777203 ], [ -0.095764753366309, 51.6092991522207 ], [ -0.09766249221828, 51.608918556044202 ], [ -0.097466237451938, 51.6085174702093 ], [ -0.101758394146256, 51.6084924945173 ], [ -0.10251433515093, 51.608044165332998 ], [ -0.103909387864823, 51.608440467859701 ], [ -0.109874618404933, 51.608255613339502 ], [ -0.110810160840815, 51.608614681903198 ], [ -0.114451348824525, 51.608402544894503 ], [ -0.117261438661317, 51.608437323445301 ], [ -0.117473531407303, 51.608206084916098 ], [ -0.118730148124378, 51.6086541303684 ], [ -0.119177944677202, 51.608366620681302 ], [ -0.123486921645039, 51.608675845124402 ], [ -0.124952382805924, 51.609948303150603 ], [ -0.125367280948487, 51.610020555898302 ], [ -0.126319947661221, 51.6093069401904 ], [ -0.127655039084833, 51.6094114527409 ], [ -0.135201500406691, 51.611218345371 ], [ -0.13870599645949, 51.610185786251698 ], [ -0.144495116086128, 51.615509011622201 ], [ -0.142033436761903, 51.616280312232497 ], [ -0.141280141848118, 51.617536307827301 ], [ -0.140510959970912, 51.617812496502403 ], [ -0.135414260825638, 51.621773181345702 ], [ -0.13550408904142, 51.622399826070598 ], [ -0.135038624367985, 51.622352140278799 ], [ -0.133367605018605, 51.626382997817899 ], [ -0.132382695136261, 51.627192926238898 ], [ -0.130433723336039, 51.629316058093501 ], [ -0.131140467535019, 51.629686251489602 ], [ -0.130164336884496, 51.631021106547998 ], [ -0.129777355277638, 51.630963030394902 ], [ -0.129093931888576, 51.632265448032001 ], [ -0.131151513163669, 51.632555511492498 ], [ -0.133268988148714, 51.633267583402798 ], [ -0.133973004242258, 51.634039572184697 ], [ -0.134419873045012, 51.633968767917303 ], [ -0.134519087894358, 51.634694345324903 ], [ -0.140218565378925, 51.637491196243303 ], [ -0.142287195835033, 51.639310441893898 ], [ -0.145018211811139, 51.642631933473403 ], [ -0.147828669765554, 51.642066514049802 ], [ -0.149177112640303, 51.6453146079349 ], [ -0.151633768800624, 51.645323611420103 ], [ -0.151553768084585, 51.645631575438301 ], [ -0.152121725260164, 51.645800676043699 ], [ -0.151073662911712, 51.647243741304699 ], [ -0.152305333335256, 51.647636660105199 ], [ -0.152227734646964, 51.647966538089499 ], [ -0.149867893303145, 51.648810288447798 ], [ -0.150945059827264, 51.650086531400603 ], [ -0.152255166652095, 51.649824621597197 ], [ -0.152559219537259, 51.651458289701303 ], [ -0.153528050372264, 51.652706132855997 ], [ -0.154003874045977, 51.652589922403202 ], [ -0.154194094765218, 51.6529661048855 ], [ -0.153394151370422, 51.6533054966972 ], [ -0.153597680161817, 51.654540021978299 ], [ -0.154617002987458, 51.654978969065397 ], [ -0.154731838818758, 51.6555451442674 ], [ -0.160438298208452, 51.656763999597501 ], [ -0.163545248331555, 51.658206976063099 ], [ -0.165094435804148, 51.658259996845899 ], [ -0.185865830553031, 51.662836302474197 ], [ -0.181960815257973, 51.668683194697898 ], [ -0.176711532649631, 51.672099679959302 ], [ -0.177006406653406, 51.672679786806199 ], [ -0.17544074776966, 51.672592540582798 ], [ -0.175657873385423, 51.673163353175802 ], [ -0.175329656841394, 51.673449613746499 ], [ -0.174958661652237, 51.673215416705403 ], [ -0.172473163038003, 51.673091356108102 ], [ -0.163607105701444, 51.6824031356769 ], [ -0.163493271974568, 51.688115078747799 ], [ -0.158620017540002, 51.687397569392203 ], [ -0.152879933233878, 51.685799377323299 ], [ -0.149431383149735, 51.685509368477 ], [ -0.14550724181459, 51.6861359704438 ], [ -0.139113366868024, 51.687999317827703 ], [ -0.134649024825922, 51.688785325941602 ], [ -0.128764138745384, 51.688855935687798 ], [ -0.12206916750972, 51.688520595784198 ], [ -0.118204562432587, 51.689066129721198 ], [ -0.10976351970916, 51.691632501161202 ], [ -0.105779139838692, 51.691875644200699 ], [ -0.098400973597601, 51.690911031253002 ], [ -0.094829447384721, 51.690097848125497 ], [ -0.083889094799295, 51.689913386805102 ], [ -0.078958605823473, 51.688843493316597 ] ] ] } },
{ "type": "Feature", "properties": { "LAD24CD": "E09000011", "LAD24NM": "Greenwich" }, "geometry": { "type": "MultiPolygon", "coordinates": [ [ [ [ -0.020594270939253, 51.4766962058495 ], [ -0.020594628159673, 51.476708767767398 ], [ -0.020556106758494, 51.476722741353697 ], [ -0.020594270939253, 51.4766962058495 ] ] ], [ [ [ -0.0163906749291, 51.4814645397378 ], [ -0.01709003681281, 51.480412096045498 ], [ -0.017801137969378, 51.4808732462131 ], [ -0.020400856411995, 51.480218968485197 ], [ -0.020308184536145, 51.479913798374398 ], [ -0.023040156598423, 51.479665192953803 ], [ -0.023281438657874, 51.480780825797197 ], [ -0.026365298265196, 51.4815068251661 ], [ -0.02576214354767, 51.482150795929002 ], [ -0.025167112582495, 51.485023274317697 ], [ -0.024713189485506, 51.4854828066224 ], [ -0.022701095103504, 51.484557258212902 ], [ -0.018825805489673, 51.483479653212903 ], [ -0.018134273466566, 51.481963810662201 ], [ -0.0163906749291, 51.4814645397378 ] ] ], [ [ [ 0.120527379275315, 51.511098712814103 ], [ 0.121296819006836, 51.491103218097898 ], [ 0.122044684713817, 51.482994743869199 ], [ 0.124191087369442, 51.476849018550801 ], [ 0.120899831917502, 51.478454299911398 ], [ 0.118471348826992, 51.4789031345707 ], [ 0.115509656416705, 51.476168150644902 ], [ 0.114011353800994, 51.475170335630402 ], [ 0.112477040296167, 51.4734210167884 ], [ 0.111985588823406, 51.473072433000802 ], [ 0.108189975969121, 51.476116805900801 ], [ 0.106176221247785, 51.4750163097372 ], [ 0.105654772306221, 51.475457351680198 ], [ 0.105202815614107, 51.475237694825402 ], [ 0.104903742646542, 51.475527678353103 ], [ 0.103352122161261, 51.474585941539203 ], [ 0.102507532877671, 51.474916515286097 ], [ 0.102005022359293, 51.474463798536704 ], [ 0.100257019805275, 51.475227884372799 ], [ 0.098244270803385, 51.475452420291603 ], [ 0.096575129628143, 51.4732538424674 ], [ 0.094484336193004, 51.473268144196901 ], [ 0.093199920624999, 51.4729540359995 ], [ 0.091314213734177, 51.472070951826602 ], [ 0.089125811165367, 51.470454303760697 ], [ 0.087053333042596, 51.469970237366198 ], [ 0.084808518065487, 51.4687299511682 ], [ 0.083238414138148, 51.466477000369601 ], [ 0.08231307420876, 51.466641314527202 ], [ 0.082133830391246, 51.464760712505402 ], [ 0.082628540143304, 51.463584433978497 ], [ 0.082255965297566, 51.461131272765201 ], [ 0.082942126220951, 51.459829503660501 ], [ 0.078671850601355, 51.459290123637103 ], [ 0.081504362061453, 51.457752797864401 ], [ 0.085732042739533, 51.456450645303498 ], [ 0.086855070136367, 51.450434621844501 ], [ 0.087871863448326, 51.448703554797397 ], [ 0.088112866834633, 51.447255452462798 ], [ 0.087414575108564, 51.445747100187603 ], [ 0.086369864884598, 51.445307187078697 ], [ 0.087426753747751, 51.443284342424398 ], [ 0.086306291750478, 51.443242482628598 ], [ 0.084734223703947, 51.442603476326603 ], [ 0.083018454057231, 51.443419992812601 ], [ 0.082993557261522, 51.442733599837901 ], [ 0.08446065688802, 51.441976762554702 ], [ 0.081812813904585, 51.4399683698716 ], [ 0.08088301283696, 51.4404039488604 ], [ 0.078824423634672, 51.438139210825597 ], [ 0.078457254223759, 51.437112932501599 ], [ 0.077839915020736, 51.436442425043303 ], [ 0.076569108653989, 51.436871709114698 ], [ 0.074973203195286, 51.435866716800099 ], [ 0.076530870048154, 51.434855678497797 ], [ 0.075901985748375, 51.434458307890601 ], [ 0.076400164765549, 51.434005682472304 ], [ 0.075692031387099, 51.433624896032299 ], [ 0.076105638823489, 51.433283546787401 ], [ 0.074668079800111, 51.432147240656803 ], [ 0.075360212261282, 51.431986651297201 ], [ 0.074860866927203, 51.430814414724999 ], [ 0.074374267706657, 51.4314615776957 ], [ 0.07335548443474, 51.431760749644603 ], [ 0.073079128724075, 51.4313550444841 ], [ 0.073476374936237, 51.431249236069299 ], [ 0.071700809037003, 51.429442637504302 ], [ 0.066619033298759, 51.426503495124301 ], [ 0.066581008507925, 51.426008501912001 ], [ 0.06415693293198, 51.4253335742102 ], [ 0.064461696456699, 51.4250338737452 ], [ 0.063138160633435, 51.424135047072497 ], [ 0.061705411141948, 51.423700369928802 ], [ 0.061006848212078, 51.425081893861197 ], [ 0.058599062055001, 51.424594650916298 ], [ 0.058207379616515, 51.424871507086003 ], [ 0.054432445306739, 51.427933101807497 ], [ 0.051057756949285, 51.4315251354327 ], [ 0.047998265279413, 51.4336000142751 ], [ 0.045137373854907, 51.436238141963202 ], [ 0.045190742030838, 51.436601402195002 ], [ 0.043335982866143, 51.437749020276001 ], [ 0.04217060629937, 51.439489819610102 ], [ 0.039754857228725, 51.440980858828603 ], [ 0.035526458675555, 51.442469104127902 ], [ 0.033503113460359, 51.443581948135403 ], [ 0.030549450079116, 51.444327947477198 ], [ 0.02937881550058, 51.441705418829997 ], [ 0.027886712143873, 51.441515390285403 ], [ 0.025580070341721, 51.441716423612398 ], [ 0.021505758619613, 51.442728261822801 ], [ 0.020622087486996, 51.444206166210499 ], [ 0.021521011968616, 51.4444392423515 ], [ 0.021242988028852, 51.446697722878 ], [ 0.0229540613875, 51.447202581502196 ], [ 0.021979768529555, 51.448942641904402 ], [ 0.015100185138924, 51.450006786131198 ], [ 0.014932778810046, 51.450611241724303 ], [ 0.015131002164847, 51.450208204122397 ], [ 0.019885304897905, 51.450729716467897 ], [ 0.019559623229345, 51.451709750518098 ], [ 0.018350144785329, 51.451575240304201 ], [ 0.017548728810565, 51.455031930780102 ], [ 0.014035667057387, 51.455728149202301 ], [ 0.011510524862774, 51.456685203888199 ], [ 0.009903309947229, 51.459631402846 ], [ 0.00909476022385, 51.465872998079 ], [ 0.011536900815007, 51.466236009674098 ], [ 0.013265504975698, 51.466839070093698 ], [ 0.012700822773954, 51.467397275633701 ], [ 0.013088248700867, 51.468146676056698 ], [ 0.01261018328187, 51.469808512151999 ], [ 0.014364286694229, 51.469746581796798 ], [ 0.016357826077867, 51.468974620100497 ], [ 0.016543598888604, 51.469128995378199 ], [ 0.016703228587896, 51.469504459175802 ], [ 0.015529747155912, 51.471316142622697 ], [ 0.015001240868124, 51.473080943273999 ], [ 0.017962965802973, 51.473830033351803 ], [ -0.000897906415909, 51.471803078372098 ], [ -0.00822948292332, 51.472760059677597 ], [ -0.012563312715011, 51.4723431829755 ], [ -0.014045390672563, 51.472670919075199 ], [ -0.014527606774103, 51.471903084066199 ], [ -0.015146623896796, 51.471749467953899 ], [ -0.013105950650346, 51.4689394334913 ], [ -0.015061544957288, 51.468044431914798 ], [ -0.01656170945901, 51.469260270797299 ], [ -0.016890630245839, 51.469072339546003 ], [ -0.017161299778418, 51.469327664221602 ], [ -0.019113782379194, 51.470008693152799 ], [ -0.019244583388524, 51.470506579769904 ], [ -0.01865868051687, 51.470686281153597 ], [ -0.019301366576188, 51.472036124810003 ], [ -0.020311854638684, 51.472305491693803 ], [ -0.019972964912654, 51.4730017788618 ], [ -0.021274720772263, 51.473775666781698 ], [ -0.022582174966601, 51.474112005457798 ], [ -0.022791955976765, 51.474466302148201 ], [ -0.022860801086087, 51.475312024336397 ], [ -0.021167233244782, 51.475262839501099 ], [ -0.020558952083838, 51.4756585958702 ], [ -0.020475421153782, 51.476582734047398 ], [ -0.0190008699189, 51.4770489189495 ], [ -0.019075935886213, 51.478210451123601 ], [ -0.01837125732817, 51.479366264117999 ], [ -0.01683168525822, 51.480097436316498 ], [ -0.015714293021139, 51.481637998552898 ], [ -0.014987899024091, 51.481746559495001 ], [ -0.017909272276251, 51.482547827611803 ], [ -0.017898863574545, 51.483195238373902 ], [ -0.016329235353942, 51.483227454839998 ], [ -0.016344805723233, 51.482964784292697 ], [ -0.015685219327671, 51.482928156402899 ], [ -0.015266318056778, 51.483131410313902 ], [ -0.013540607907524, 51.482896071098502 ], [ -0.011133825329247, 51.483021192036702 ], [ -0.011036564969555, 51.483323141946698 ], [ -0.009934061137254, 51.483603628855803 ], [ -0.007256184364094, 51.483774608639898 ], [ -0.003267935656618, 51.484864144502801 ], [ -0.00118027605593, 51.486320134838401 ], [ -0.000022564704655, 51.486730169148899 ], [ 0.001376035288817, 51.487814682557897 ], [ 0.002402572739559, 51.489528285807097 ], [ 0.00268731688451, 51.491865611515401 ], [ 0.00236993449316, 51.492987937846003 ], [ 0.001953951945309, 51.492913654537404 ], [ 0.001586084551416, 51.494035040584201 ], [ 0.000991058142618, 51.494411651188301 ], [ 0.001026831466499, 51.495154628486397 ], [ 0.00074893264659, 51.495070206319397 ], [ 0.000720387373359, 51.495442401749003 ], [ -0.00021422439767, 51.495228972501103 ], [ -0.000977942005944, 51.496277515019003 ], [ -0.002186248711071, 51.499841725878802 ], [ -0.002228878766234, 51.501270530887197 ], [ -0.001888561716114, 51.501266294879699 ], [ -0.001520136857013, 51.502030233155402 ], [ -0.002052967232815, 51.502115937048202 ], [ -0.001741908719012, 51.502842489087598 ], [ -0.000738490796792, 51.503798968636801 ], [ 0.000821016780407, 51.504531554568899 ], [ 0.00325826259684, 51.5049389523925 ], [ 0.005146723334778, 51.504396403273503 ], [ 0.013881670613625, 51.496995117494997 ], [ 0.017960670046253, 51.495048563951499 ], [ 0.021497439732131, 51.494472266146403 ], [ 0.021572335482926, 51.4939516435443 ], [ 0.022005360875884, 51.493889320929497 ], [ 0.022156810086163, 51.494282893675802 ], [ 0.024292854919741, 51.493819724422103 ], [ 0.029043781619353, 51.493847485857003 ], [ 0.040298185291576, 51.495428053780202 ], [ 0.057568822922039, 51.494441851325803 ], [ 0.057781584058542, 51.49403847504 ], [ 0.058017731940769, 51.494422551006402 ], [ 0.058890843844468, 51.494430332530698 ], [ 0.059155178518339, 51.494129375636 ], [ 0.059311349322695, 51.494458468735502 ], [ 0.063928660117288, 51.494680332804897 ], [ 0.064165327182349, 51.494449995460201 ], [ 0.064104243186259, 51.494676342307798 ], [ 0.070332323687088, 51.495127956592498 ], [ 0.075745228158648, 51.496045473998699 ], [ 0.076245259048697, 51.495846214055099 ], [ 0.082315042881432, 51.498941211638197 ], [ 0.086663566500923, 51.503546894061799 ], [ 0.086862481685832, 51.503390471009503 ], [ 0.087645291535946, 51.503918815534298 ], [ 0.088032449832269, 51.505500995844201 ], [ 0.091984716988729, 51.508983691776301 ], [ 0.094567488081438, 51.508954388914198 ], [ 0.099459083407667, 51.509639208509398 ], [ 0.106885907869927, 51.5094132894151 ], [ 0.11348803527867, 51.5101474108681 ], [ 0.120216178431184, 51.511447379786702 ], [ 0.120527379275315, 51.511098712814103 ] ] ] ] } },
{ "type": "Feature", "properties": { "LAD24CD": "E09000012", "LAD24NM": "Hackney" }, "geometry": { "type": "Polygon", "coordinates": [ [ [ -0.061158572066501, 51.577786036197502 ], [ -0.058432109016743, 51.572564912793197 ], [ -0.056316166816922, 51.570711273431002 ], [ -0.054355280667889, 51.570285159770798 ], [ -0.053287507628187, 51.568659012206197 ], [ -0.051144958641868, 51.567729394347701 ], [ -0.046656294641543, 51.564376749283198 ], [ -0.047248094983294, 51.562706112046698 ], [ -0.045129708597706, 51.5617899453013 ], [ -0.042362666008864, 51.561368174988097 ], [ -0.040175862242425, 51.561782985268103 ], [ -0.038819721111305, 51.561158693309899 ], [ -0.036286593314691, 51.561475293684197 ], [ -0.033285271928068, 51.560619992489997 ], [ -0.03003958890447, 51.561358910699397 ], [ -0.028390534944039, 51.561020250037103 ], [ -0.025778224931497, 51.5598757347937 ], [ -0.024338691573958, 51.558638979727199 ], [ -0.023940773714459, 51.557369777592903 ], [ -0.02300628180468, 51.557272391380103 ], [ -0.018464154139737, 51.555184624382399 ], [ -0.017481172276085, 51.553340904280802 ], [ -0.017174335251558, 51.551577283719801 ], [ -0.018983206844693, 51.551596232414802 ], [ -0.018935593886592, 51.550534912348901 ], [ -0.017463145883719, 51.547598272684702 ], [ -0.016549676137034, 51.543329866782997 ], [ -0.019852897161567, 51.543582851156998 ], [ -0.025584556064175, 51.543338960576897 ], [ -0.028991068823779, 51.542272975585497 ], [ -0.02955352757103, 51.5430909967655 ], [ -0.033191114631596, 51.544685716368299 ], [ -0.037733618928663, 51.541798507812501 ], [ -0.037143713678451, 51.541416610877498 ], [ -0.041493593393847, 51.537442561469597 ], [ -0.044963262877795, 51.535781476252303 ], [ -0.047159776852271, 51.535448775251702 ], [ -0.04970075760856, 51.536346609226797 ], [ -0.05091293600747, 51.536461704863598 ], [ -0.052376904539379, 51.535931031829698 ], [ -0.052856451084132, 51.534938715867 ], [ -0.054674106710224, 51.535155469202799 ], [ -0.058757935746739, 51.534104763488003 ], [ -0.060073346419153, 51.534196022876401 ], [ -0.062434445954616, 51.535532497537197 ], [ -0.062860231027885, 51.534918721595503 ], [ -0.06219016861956, 51.533259176743201 ], [ -0.065008609485811, 51.532904457235603 ], [ -0.065162284380672, 51.533155165922402 ], [ -0.066253448951339, 51.531220072023999 ], [ -0.072828447246596, 51.53065700874 ], [ -0.074575388460412, 51.529852105862403 ], [ -0.075715309555896, 51.528358194279697 ], [ -0.077273487135776, 51.527305353539703 ], [ -0.076297109586629, 51.527142208398701 ], [ -0.076641044443924, 51.526346752108303 ], [ -0.076459965151695, 51.524318294083699 ], [ -0.075927390451861, 51.524339072179998 ], [ -0.0757417110885, 51.523681358418003 ], [ -0.076119965722006, 51.522368978201001 ], [ -0.076458320543827, 51.522046471204703 ], [ -0.078252104074425, 51.521902581891403 ], [ -0.078529105704302, 51.521511917961497 ], [ -0.081040817353568, 51.521973057215 ], [ -0.081773135901755, 51.520745401283499 ], [ -0.083123309892571, 51.519851612843098 ], [ -0.085232645096576, 51.520348396265902 ], [ -0.084214160827147, 51.5239300155637 ], [ -0.085201496858163, 51.523944518854996 ], [ -0.085119040764848, 51.524457307972099 ], [ -0.08546359587602, 51.524538665899101 ], [ -0.084745306316308, 51.525429221260801 ], [ -0.085009792427472, 51.5262376352971 ], [ -0.086976774251228, 51.525767762694997 ], [ -0.087832062724355, 51.526241789087102 ], [ -0.088731377645233, 51.527452512851397 ], [ -0.095373128319278, 51.5292060090243 ], [ -0.095104053620339, 51.530084104748497 ], [ -0.097032336919264, 51.533003339418102 ], [ -0.093147286859681, 51.534398806264399 ], [ -0.089688991217803, 51.536043227345999 ], [ -0.086563398371577, 51.537302271638701 ], [ -0.083576321534458, 51.545172984552501 ], [ -0.083789524422233, 51.546585234698703 ], [ -0.076685252779043, 51.546086594584203 ], [ -0.076326084702188, 51.5472035730605 ], [ -0.077677391125827, 51.549483009182701 ], [ -0.079399001200161, 51.551672691120402 ], [ -0.081942657095435, 51.552063310094901 ], [ -0.085398519589809, 51.552134202345798 ], [ -0.087564941247415, 51.552844718594798 ], [ -0.088554181142665, 51.553940527597298 ], [ -0.08928633113383, 51.553740870237299 ], [ -0.09035614157729, 51.554151425660699 ], [ -0.090396922359362, 51.557574174198798 ], [ -0.091716867631208, 51.560201485892399 ], [ -0.096016917118238, 51.5612154561409 ], [ -0.09858579502073, 51.560813933077 ], [ -0.104373934561655, 51.564766657584897 ], [ -0.096023376744274, 51.570655344065798 ], [ -0.097634983140173, 51.573645590819197 ], [ -0.096600983253777, 51.573828964805003 ], [ -0.094694831194709, 51.5735893456716 ], [ -0.093481173931274, 51.573984688470802 ], [ -0.09144145258289, 51.573991784564797 ], [ -0.089810749438028, 51.5743959732118 ], [ -0.086858516976828, 51.574300160463203 ], [ -0.087243356759803, 51.574697585854203 ], [ -0.085658829059638, 51.575040101078301 ], [ -0.080838426173645, 51.575639466224303 ], [ -0.076242674597295, 51.574935195673099 ], [ -0.075783686066235, 51.575493398539599 ], [ -0.075182453531123, 51.575330093508903 ], [ -0.07442609664371, 51.575677480310901 ], [ -0.072392069247649, 51.575633460950797 ], [ -0.06672956558001, 51.5763428102021 ], [ -0.066748822722587, 51.576643291536399 ], [ -0.061158572066501, 51.577786036197502 ] ] ] } },
{ "type": "Feature", "properties": { "LAD24CD": "E09000013", "LAD24NM": "Hammersmith and Fulham" }, "geometry": { "type": "Polygon", "coordinates": [ [ [ -0.234409495958749, 51.532638274826603 ], [ -0.230717348005316, 51.5308699832446 ], [ -0.228440758153743, 51.530319156284797 ], [ -0.228730175524929, 51.529905645165698 ], [ -0.227429972121213, 51.527996359870599 ], [ -0.227229453930617, 51.524777239070097 ], [ -0.22656793126906, 51.5246259086028 ], [ -0.226696960668858, 51.521939247595803 ], [ -0.228276943623204, 51.521095181262403 ], [ -0.22654329333555, 51.519577077927401 ], [ -0.222464368050734, 51.515407012367497 ], [ -0.220235964075799, 51.511732797587499 ], [ -0.219315925780897, 51.509554297564101 ], [ -0.217847732543837, 51.509752699201798 ], [ -0.218043289167948, 51.5102242389612 ], [ -0.217190220202911, 51.510399243876797 ], [ -0.216452382074861, 51.509112649900104 ], [ -0.215813858155986, 51.509153452649997 ], [ -0.215197890345675, 51.507651352093603 ], [ -0.21611922117336, 51.507521202192699 ], [ -0.215938670705129, 51.506400335938999 ], [ -0.217975379717538, 51.506143110520398 ], [ -0.216976653096357, 51.504466149606003 ], [ -0.213440028889613, 51.500177466591502 ], [ -0.210504590283717, 51.498346851101502 ], [ -0.207951410590124, 51.496031566821401 ], [ -0.20733489853243, 51.496152794218297 ], [ -0.203085508305625, 51.493371467080102 ], [ -0.201833011307257, 51.491845295347098 ], [ -0.202364641392252, 51.4916615386255 ], [ -0.197966108552929, 51.487907184182703 ], [ -0.196405191810415, 51.487186901836402 ], [ -0.195906065404788, 51.487370710514597 ], [ -0.193630274569299, 51.485890501914803 ], [ -0.188262412705968, 51.480966676265403 ], [ -0.186521019063067, 51.479868845147898 ], [ -0.183805527855666, 51.477433605990903 ], [ -0.184170020760942, 51.477178919898897 ], [ -0.182467545555604, 51.477113878017803 ], [ -0.180414164393764, 51.477707021669197 ], [ -0.179362623599558, 51.477623256574098 ], [ -0.18098872191042, 51.472600036522401 ], [ -0.183063337415531, 51.4692172506088 ], [ -0.184471881774165, 51.467682892779401 ], [ -0.186285001094092, 51.466527954531799 ], [ -0.1904362013183, 51.465262487936698 ], [ -0.194158689488193, 51.4648405383887 ], [ -0.197143620812638, 51.464975928736202 ], [ -0.197375571482652, 51.465210948677701 ], [ -0.197547491532176, 51.4649933759448 ], [ -0.199528076954256, 51.465004906628103 ], [ -0.202757174305121, 51.465339043281297 ], [ -0.210531863519603, 51.467137287643403 ], [ -0.210505558181644, 51.4677362508058 ], [ -0.210985780371417, 51.467311475085303 ], [ -0.211307445646197, 51.467406756648799 ], [ -0.216783617128213, 51.469605660671 ], [ -0.221501731748251, 51.473482105133698 ], [ -0.222554214129561, 51.4747453454141 ], [ -0.223547941429191, 51.477393453103097 ], [ -0.224024493505577, 51.481699160660099 ], [ -0.223616529824783, 51.481894418935298 ], [ -0.224077293967389, 51.482433758228701 ], [ -0.225005632658715, 51.484306144253999 ], [ -0.228668819635466, 51.488826816311601 ], [ -0.232784836460965, 51.490187436961101 ], [ -0.234368475894577, 51.490411090725502 ], [ -0.240493936129523, 51.490099627503298 ], [ -0.243059991888701, 51.489433058856001 ], [ -0.24451713921975, 51.488702205231 ], [ -0.244942229294421, 51.489001698547803 ], [ -0.245565857109029, 51.490052646094298 ], [ -0.244419991253253, 51.497938912448603 ], [ -0.24498272220723, 51.4978967460234 ], [ -0.245238856675817, 51.498306355371902 ], [ -0.249203165323049, 51.496949899369703 ], [ -0.251290048414711, 51.499858360162499 ], [ -0.253040909966186, 51.501422334223903 ], [ -0.25336434429858, 51.502893310177697 ], [ -0.255064221072407, 51.504329249334504 ], [ -0.253670894390568, 51.504284500378702 ], [ -0.253751509949108, 51.504551288844098 ], [ -0.252525892049911, 51.504713612428397 ], [ -0.252483672614707, 51.5044966724953 ], [ -0.251079138134178, 51.504650876959097 ], [ -0.249917977859926, 51.504434606009497 ], [ -0.249421747147641, 51.504677135586 ], [ -0.249256438152769, 51.504442214478402 ], [ -0.248089807238703, 51.504609086178299 ], [ -0.247972376286306, 51.504361166131197 ], [ -0.245673763200907, 51.504628609727597 ], [ -0.246466730937967, 51.506743076516997 ], [ -0.245134655699555, 51.506769595826697 ], [ -0.246435348971348, 51.5108223006416 ], [ -0.2489713522111, 51.5138906006 ], [ -0.250690282885466, 51.519200603934699 ], [ -0.250319092816483, 51.520185237138598 ], [ -0.251768043195903, 51.522117085624998 ], [ -0.252538390202769, 51.524986821142001 ], [ -0.250331435289123, 51.527059904237298 ], [ -0.250555873501414, 51.527811547906701 ], [ -0.249870747418338, 51.528870058085801 ], [ -0.246999780702846, 51.530688875429298 ], [ -0.245390921561337, 51.531042058877503 ], [ -0.245256656076301, 51.5312182262753 ], [ -0.246975847906357, 51.531777588340901 ], [ -0.246281570983423, 51.532737509428699 ], [ -0.243236010560196, 51.531764840711197 ], [ -0.237528634817977, 51.532005019219199 ], [ -0.234409495958749, 51.532638274826603 ] ] ] } },
{ "type": "Feature", "properties": { "LAD24CD": "E09000014", "LAD24NM": "Haringey" }, "geometry": { "type": "Polygon", "coordinates": [ [ [ -0.127655039084833, 51.6094114527409 ], [ -0.126319947661221, 51.6093069401904 ], [ -0.125367280948487, 51.610020555898302 ], [ -0.124952382805924, 51.609948303150603 ], [ -0.123486921645039, 51.608675845124402 ], [ -0.119177944677202, 51.608366620681302 ], [ -0.118730148124378, 51.6086541303684 ], [ -0.117473531407303, 51.608206084916098 ], [ -0.117261438661317, 51.608437323445301 ], [ -0.114451348824525, 51.608402544894503 ], [ -0.110810160840815, 51.608614681903198 ], [ -0.109874618404933, 51.608255613339502 ], [ -0.103909387864823, 51.608440467859701 ], [ -0.10251433515093, 51.608044165332998 ], [ -0.101758394146256, 51.6084924945173 ], [ -0.097466237451938, 51.6085174702093 ], [ -0.09766249221828, 51.608918556044202 ], [ -0.095764753366309, 51.6092991522207 ], [ -0.095158867573564, 51.608658070777203 ], [ -0.093531005183422, 51.608990881164601 ], [ -0.09245345325932, 51.608850277065599 ], [ -0.092466312943835, 51.6090909185383 ], [ -0.091420524193225, 51.608796134623901 ], [ -0.085601119391662, 51.608473287322703 ], [ -0.07645565528358, 51.6084141659043 ], [ -0.068012982597083, 51.608816882503099 ], [ -0.06747692770345, 51.608639891152102 ], [ -0.067099926897253, 51.608949128295002 ], [ -0.065227067297729, 51.608586899871703 ], [ -0.054510492480038, 51.608887323178799 ], [ -0.05287709551283, 51.608517232589897 ], [ -0.052870673643686, 51.608110622124997 ], [ -0.049738959161675, 51.607241661418897 ], [ -0.041390716789704, 51.605646784415903 ], [ -0.04351863482237, 51.6027101538997 ], [ -0.046032406471264, 51.600121840094801 ], [ -0.050402861891792, 51.596664070137599 ], [ -0.052288932083511, 51.593541036868601 ], [ -0.053532686308443, 51.590005930130197 ], [ -0.052157397688485, 51.587661650305897 ], [ -0.054839837210415, 51.585780599779802 ], [ -0.055736336724138, 51.584255157205 ], [ -0.057832346395549, 51.582514605802999 ], [ -0.061000701093672, 51.580850219960297 ], [ -0.061943503550975, 51.580029609721699 ], [ -0.062184586349229, 51.579192064028099 ], [ -0.061158572066501, 51.577786036197502 ], [ -0.066748822722587, 51.576643291536399 ], [ -0.06672956558001, 51.5763428102021 ], [ -0.072392069247649, 51.575633460950797 ], [ -0.07442609664371, 51.575677480310901 ], [ -0.075182453531123, 51.575330093508903 ], [ -0.075783686066235, 51.575493398539599 ], [ -0.076242674597295, 51.574935195673099 ], [ -0.080838426173645, 51.575639466224303 ], [ -0.085658829059638, 51.575040101078301 ], [ -0.087243356759803, 51.574697585854203 ], [ -0.086858516976828, 51.574300160463203 ], [ -0.089810749438028, 51.5743959732118 ], [ -0.09144145258289, 51.573991784564797 ], [ -0.093481173931274, 51.573984688470802 ], [ -0.094694831194709, 51.5735893456716 ], [ -0.096600983253777, 51.573828964805003 ], [ -0.097634983140173, 51.573645590819197 ], [ -0.096023376744274, 51.570655344065798 ], [ -0.104373934561655, 51.564766657584897 ], [ -0.104884456446495, 51.564671305914899 ], [ -0.110690523650188, 51.568612868029 ], [ -0.115019872269648, 51.5705899253403 ], [ -0.115701333599976, 51.572016488298701 ], [ -0.116080307943225, 51.572184358567597 ], [ -0.115550981531812, 51.572581254371002 ], [ -0.117551176826914, 51.574141983641098 ], [ -0.119554521778125, 51.574380449895997 ], [ -0.118876825460692, 51.5747308220161 ], [ -0.119534587269282, 51.575506765325997 ], [ -0.123784663310148, 51.574646940441298 ], [ -0.124861081757225, 51.5740921504472 ], [ -0.127566925850632, 51.574146941145401 ], [ -0.131138788998908, 51.5735929930079 ], [ -0.133385080843479, 51.572875184525401 ], [ -0.140631972825196, 51.569428405316899 ], [ -0.14239561120072, 51.569106001966802 ], [ -0.144381825926643, 51.5700843782747 ], [ -0.148682546469594, 51.570935916688299 ], [ -0.150146318151361, 51.571553925010598 ], [ -0.157735978505448, 51.572050979822301 ], [ -0.160476747192304, 51.572779358856003 ], [ -0.164539988212205, 51.572500538332399 ], [ -0.167287288028304, 51.572962832775801 ], [ -0.17123183297214, 51.572418250553497 ], [ -0.171199017776056, 51.573573787753197 ], [ -0.169444153912888, 51.573965987289398 ], [ -0.169705073518353, 51.576369497318403 ], [ -0.16931434680921, 51.577416192671897 ], [ -0.168063030081805, 51.576928951691798 ], [ -0.166812967212486, 51.578656621416201 ], [ -0.167036148691484, 51.581755321348602 ], [ -0.166190268347306, 51.582044261278298 ], [ -0.165721240568509, 51.583223956756697 ], [ -0.164580203367314, 51.583958170719299 ], [ -0.163070347355115, 51.584369657853301 ], [ -0.161339671284794, 51.585284125747599 ], [ -0.159617383637859, 51.584462885529902 ], [ -0.157940622793892, 51.585735984615901 ], [ -0.157896820195769, 51.586209920497801 ], [ -0.157130981863992, 51.586191394333902 ], [ -0.157400641593501, 51.586558483306099 ], [ -0.158679520180216, 51.586633349339401 ], [ -0.158630009713532, 51.588001557988697 ], [ -0.160234507311411, 51.587989218458702 ], [ -0.160161454713532, 51.589697619597104 ], [ -0.159755919169429, 51.589720942942201 ], [ -0.159431936973187, 51.591573928530501 ], [ -0.158685868117782, 51.591998445891299 ], [ -0.158864204228314, 51.592318981714001 ], [ -0.159691068413208, 51.5922272401288 ], [ -0.161761100843511, 51.597478858829 ], [ -0.156340779674966, 51.605368927929 ], [ -0.155863177309527, 51.6054654944774 ], [ -0.156082676176402, 51.605116075906302 ], [ -0.154673213688396, 51.604230581712301 ], [ -0.15340602278781, 51.6028464360529 ], [ -0.15294554604048, 51.599188141802202 ], [ -0.151330701481231, 51.597471099047503 ], [ -0.144470072322305, 51.600121783746403 ], [ -0.144171947680585, 51.601096114421502 ], [ -0.141972983318121, 51.603708786083999 ], [ -0.143146734454601, 51.606718233625699 ], [ -0.143425303305972, 51.608831060380901 ], [ -0.135201500406691, 51.611218345371 ], [ -0.127655039084833, 51.6094114527409 ] ] ] } },
{ "type": "Feature", "properties": { "LAD24CD": "E09000015", "LAD24NM": "Harrow" }, "geometry": { "type": "Polygon", "coordinates": [ [ [ -0.305573663802058, 51.6341206594062 ], [ -0.304460793558934, 51.6320336641908 ], [ -0.287385119527708, 51.617015900749003 ], [ -0.281030197237065, 51.612272393914097 ], [ -0.278348902999475, 51.609785363346901 ], [ -0.267113115479641, 51.600371967666298 ], [ -0.270988838732912, 51.598384004518998 ], [ -0.273067314998928, 51.5983866996635 ], [ -0.276964355852371, 51.596937265770599 ], [ -0.276510294245565, 51.596509918742697 ], [ -0.283353330016794, 51.595742825537798 ], [ -0.285568620796434, 51.595210685902103 ], [ -0.285774999335346, 51.594728702117003 ], [ -0.286248533176676, 51.5949363412211 ], [ -0.290405901610672, 51.593543800845197 ], [ -0.288934236464643, 51.592821195592002 ], [ -0.28563943939032, 51.591896729556403 ], [ -0.284197440660582, 51.590495537600901 ], [ -0.282333959135817, 51.585839913105097 ], [ -0.28245801200774, 51.585051663901602 ], [ -0.301447504787293, 51.587271488435498 ], [ -0.304696795432772, 51.587052552390901 ], [ -0.30678464014985, 51.586515436619898 ], [ -0.31253249193528, 51.584452580096404 ], [ -0.320199754188027, 51.580374892141002 ], [ -0.326634185132864, 51.578600672996501 ], [ -0.325352451810086, 51.575935631770903 ], [ -0.324804688150537, 51.573314320982597 ], [ -0.322148244821014, 51.5696770562365 ], [ -0.325216392497237, 51.568457323394597 ], [ -0.325051402557729, 51.568259236474503 ], [ -0.329849338123979, 51.567128218005102 ], [ -0.329689402526453, 51.566192720184901 ], [ -0.328672097370254, 51.565974983287198 ], [ -0.328237078551993, 51.562540594430203 ], [ -0.330042382729355, 51.562231396359998 ], [ -0.331264837354128, 51.561414288358399 ], [ -0.334034842324087, 51.558754661511301 ], [ -0.333930197310544, 51.557698198350103 ], [ -0.334857082126507, 51.557866373665497 ], [ -0.335555531666752, 51.556556899124701 ], [ -0.338302842811169, 51.557225846161501 ], [ -0.343605546201471, 51.5577170258085 ], [ -0.345611192404932, 51.558450151510897 ], [ -0.347548976989506, 51.559657395404898 ], [ -0.362300315676161, 51.557248359315103 ], [ -0.362125241303673, 51.556610754483998 ], [ -0.362674841911475, 51.556328832037799 ], [ -0.362519599314103, 51.556043173906403 ], [ -0.372863810973885, 51.553748820778999 ], [ -0.373342930044203, 51.554096408480099 ], [ -0.375881513503431, 51.553084603996702 ], [ -0.377843376019978, 51.554977063510201 ], [ -0.380241090382526, 51.559047685923197 ], [ -0.380088715629006, 51.559585800167298 ], [ -0.380422439051526, 51.560856822989599 ], [ -0.38233243396987, 51.562879699063402 ], [ -0.381892290346184, 51.563076687067102 ], [ -0.382399541453545, 51.563601082235898 ], [ -0.382358611270806, 51.564830869081298 ], [ -0.383296018626681, 51.567279948654601 ], [ -0.386475786941669, 51.571553431303201 ], [ -0.385651517379384, 51.5721336223829 ], [ -0.388075351840062, 51.5749917997125 ], [ -0.387536201348649, 51.575252721250401 ], [ -0.388544818560857, 51.577685703365702 ], [ -0.391563901542468, 51.581559051105003 ], [ -0.390978402327779, 51.581697763433802 ], [ -0.391044193673723, 51.583048317295898 ], [ -0.391984929059064, 51.588274363537501 ], [ -0.394459472115783, 51.590420406584002 ], [ -0.395490674494017, 51.590193816756901 ], [ -0.395532851232754, 51.591884486537602 ], [ -0.396366445066841, 51.593615962500699 ], [ -0.396501870140447, 51.595052723430697 ], [ -0.39769618244992, 51.5968808155259 ], [ -0.400334603316673, 51.597416196294397 ], [ -0.39992651454445, 51.598178951395901 ], [ -0.401172349725285, 51.599560507100897 ], [ -0.402337877317186, 51.601939805743598 ], [ -0.402478037533898, 51.605190346288097 ], [ -0.401760469398902, 51.606619739351501 ], [ -0.403215759027032, 51.609098996739199 ], [ -0.404003977890064, 51.613183972624697 ], [ -0.39946517299048, 51.613407467300597 ], [ -0.392678947906904, 51.615182433892798 ], [ -0.385871935681355, 51.6158200428467 ], [ -0.384571611905012, 51.616169751588799 ], [ -0.382026147813927, 51.617422651804397 ], [ -0.375839482692173, 51.618187799123397 ], [ -0.368174515273729, 51.620652378420502 ], [ -0.365536766081543, 51.621334224354598 ], [ -0.363431878763862, 51.622537755992397 ], [ -0.362621257698241, 51.623504816580201 ], [ -0.361792560366205, 51.623729772557297 ], [ -0.359678561696669, 51.625262228468799 ], [ -0.349222330428968, 51.626909498589299 ], [ -0.345106261842187, 51.628330796197503 ], [ -0.339889641971043, 51.630723743061402 ], [ -0.338283831127965, 51.629472634266001 ], [ -0.333089080327958, 51.633384436691301 ], [ -0.332971366752564, 51.633835943973502 ], [ -0.332583185685678, 51.633742328015998 ], [ -0.329982905777533, 51.635335669578701 ], [ -0.326546234454703, 51.6367191621095 ], [ -0.319792791191692, 51.638220707369001 ], [ -0.317549393191407, 51.6402163102182 ], [ -0.316672244970353, 51.640535566650399 ], [ -0.312318486481636, 51.638961383176301 ], [ -0.305377121152003, 51.637107869001802 ], [ -0.304449971011893, 51.636348719248197 ], [ -0.305573663802058, 51.6341206594062 ] ] ] } },
{ "type": "Feature", "properties": { "LAD24CD": "E09000016", "LAD24NM": "Havering" }, "geometry": { "type": "Polygon", "coordinates": [ [ [ 0.224087730411796, 51.631737761450097 ], [ 0.237351087365519, 51.6240734054185 ], [ 0.252794278466979, 51.617428741039703 ], [ 0.257692020085517, 51.614182519898399 ], [ 0.259049364253879, 51.612284013856197 ], [ 0.26456196557058, 51.608320660874902 ], [ 0.264325351656562, 51.607832370075997 ], [ 0.263115428229239, 51.607319687327902 ], [ 0.261676730277116, 51.607460776722299 ], [ 0.258079242397805, 51.606507443553397 ], [ 0.25799868440234, 51.604911842301497 ], [ 0.257155907644333, 51.604925348173097 ], [ 0.256625410169394, 51.603606397868397 ], [ 0.255165202713557, 51.602669505122201 ], [ 0.254696024786328, 51.602731557896398 ], [ 0.253916398804966, 51.601920122188602 ], [ 0.254008700235285, 51.601598200767398 ], [ 0.254816062670065, 51.601337172275201 ], [ 0.257913605156736, 51.601274959356203 ], [ 0.258251335331151, 51.6009204457213 ], [ 0.26464627109217, 51.599740596476103 ], [ 0.269866485133475, 51.599554449812103 ], [ 0.270315447605978, 51.597549590660499 ], [ 0.26933354467737, 51.595297930727902 ], [ 0.269879114681079, 51.592466928991598 ], [ 0.272096329396185, 51.587658138190697 ], [ 0.273810691930359, 51.586813670259197 ], [ 0.281966271452787, 51.578896015769203 ], [ 0.285025157678298, 51.574183711179401 ], [ 0.286668922498019, 51.573566773524703 ], [ 0.287123868086035, 51.572709988549498 ], [ 0.286687112960368, 51.571553398231103 ], [ 0.290289733913774, 51.564299392320201 ], [ 0.313035079940716, 51.565818131885003 ], [ 0.315294829915934, 51.557835293970697 ], [ 0.31650054707161, 51.557685621963799 ], [ 0.31843531652389, 51.556780433913801 ], [ 0.318896899598589, 51.555191207769603 ], [ 0.322053394624536, 51.554198866728498 ], [ 0.32230582154122, 51.552781890185599 ], [ 0.3251574685972, 51.5530582337204 ], [ 0.327816067967104, 51.550994568518803 ], [ 0.327978840374596, 51.5485613465803 ], [ 0.329467856349486, 51.546564091164797 ], [ 0.328899973021285, 51.545837055116003 ], [ 0.331445324595911, 51.545942927862598 ], [ 0.333902598356895, 51.5424937022607 ], [ 0.333333266905913, 51.541262158796201 ], [ 0.333841742552962, 51.5411648330399 ], [ 0.334024218329939, 51.540503803766697 ], [ 0.331429400596117, 51.540045460161501 ], [ 0.331590398372512, 51.540796846179603 ], [ 0.322441491335513, 51.540517852447302 ], [ 0.310527026405698, 51.539651534429602 ], [ 0.310510176148717, 51.5393469939279 ], [ 0.310040116575702, 51.539292418799199 ], [ 0.300722930734955, 51.538756028592303 ], [ 0.300858888257756, 51.538134627158399 ], [ 0.297205278558138, 51.537662219126602 ], [ 0.29775498943779, 51.535318565984802 ], [ 0.290439810515161, 51.534660402583803 ], [ 0.290524699212002, 51.534485135890101 ], [ 0.288075396198257, 51.534553620623797 ], [ 0.2817620835633, 51.533941899099297 ], [ 0.276340186976989, 51.532928461384003 ], [ 0.276224401767285, 51.5331789393611 ], [ 0.274959586472331, 51.532943560715204 ], [ 0.270706243597923, 51.533093502188002 ], [ 0.265347272043956, 51.532150265061098 ], [ 0.265386704436751, 51.524955848919802 ], [ 0.265670883202163, 51.524610424778103 ], [ 0.2667515314686, 51.524513122887598 ], [ 0.266638180028104, 51.522955889801402 ], [ 0.265009318694286, 51.522901049647103 ], [ 0.264035473598582, 51.521084327841599 ], [ 0.263682923643184, 51.517869792103397 ], [ 0.262307889224424, 51.517930489763202 ], [ 0.260303107596572, 51.518371116812403 ], [ 0.258928148628116, 51.517763590607899 ], [ 0.253834318187163, 51.517885871583097 ], [ 0.252332823507909, 51.524790014782198 ], [ 0.251536193164843, 51.5259708518984 ], [ 0.250852046826051, 51.528818626178598 ], [ 0.248964774122808, 51.528674028827801 ], [ 0.248882245032362, 51.527409378391297 ], [ 0.248290946236306, 51.527551167820803 ], [ 0.246324681853086, 51.526532092594898 ], [ 0.247090030662765, 51.525092063473998 ], [ 0.245837497776256, 51.523516180595699 ], [ 0.242855999994698, 51.524392462300902 ], [ 0.241038342371993, 51.522606079519299 ], [ 0.240724594603274, 51.521207386454499 ], [ 0.244299500574831, 51.520471742101002 ], [ 0.244665674083467, 51.520149972658402 ], [ 0.244228494460724, 51.519759967263603 ], [ 0.244905836375926, 51.518759474942797 ], [ 0.243936552751851, 51.518337397929699 ], [ 0.240195293721183, 51.5193514140514 ], [ 0.23717600954358, 51.519334433490599 ], [ 0.241142377348182, 51.5137431566327 ], [ 0.239974249865455, 51.513053245262299 ], [ 0.240306918525124, 51.510755462567801 ], [ 0.240601660610401, 51.510506994328999 ], [ 0.241502262637164, 51.510621041365503 ], [ 0.241919319161816, 51.507960126895298 ], [ 0.239998906759376, 51.507707250889702 ], [ 0.239846708667299, 51.5072785215566 ], [ 0.233441679621537, 51.506670425010803 ], [ 0.228956434706699, 51.506804372232402 ], [ 0.226597286350539, 51.506563242715899 ], [ 0.226396337183668, 51.5059285540787 ], [ 0.226020782132384, 51.505879949142702 ], [ 0.22661442818287, 51.504489161613101 ], [ 0.229965349544136, 51.499365918716499 ], [ 0.227907634814815, 51.498860055598399 ], [ 0.224360731972241, 51.497325772664901 ], [ 0.223606650551861, 51.497906671987202 ], [ 0.221654041113826, 51.497810559527302 ], [ 0.217025915516599, 51.496583430200303 ], [ 0.215487472707436, 51.496619720424398 ], [ 0.214156929096117, 51.496039609880299 ], [ 0.213543890555933, 51.495013394482498 ], [ 0.213074626967269, 51.495022252413101 ], [ 0.211932601890547, 51.491044477212903 ], [ 0.210693317337075, 51.4901847583346 ], [ 0.210575775391054, 51.490247753730003 ], [ 0.209640744454131, 51.4897692799263 ], [ 0.208874603367088, 51.489863754502998 ], [ 0.209313718258614, 51.4904238598386 ], [ 0.208366747037579, 51.489669171414903 ], [ 0.201046537249163, 51.489148488252098 ], [ 0.196314168137655, 51.488158018632603 ], [ 0.191597288612279, 51.488085285502002 ], [ 0.189173732149631, 51.487712364893902 ], [ 0.187657973831843, 51.487885443468599 ], [ 0.187482151264599, 51.4885749119465 ], [ 0.184786729408486, 51.490707106190797 ], [ 0.183866199833321, 51.492242318448902 ], [ 0.183315760740498, 51.495370542881098 ], [ 0.182563369244045, 51.495935836273098 ], [ 0.182491378362689, 51.496523988315801 ], [ 0.183751235065009, 51.497153899000999 ], [ 0.182868261001597, 51.497911383916502 ], [ 0.182923043487266, 51.498649612677703 ], [ 0.182264295911253, 51.499095348545801 ], [ 0.182515176169594, 51.499400049193902 ], [ 0.180180335665186, 51.501359934040899 ], [ 0.180271768321775, 51.502172572690696 ], [ 0.17853043795575, 51.505274431266002 ], [ 0.17410354688398, 51.507993477405101 ], [ 0.172208816779667, 51.508330101457403 ], [ 0.166202205356285, 51.510674178506001 ], [ 0.165002402903745, 51.5116498456755 ], [ 0.163862869182584, 51.511644775343001 ], [ 0.163606385933079, 51.511919743014197 ], [ 0.162531095473409, 51.511627947118299 ], [ 0.159938961096818, 51.511763349374199 ], [ 0.159528546308957, 51.511922882020599 ], [ 0.15958340640759, 51.512415275766898 ], [ 0.158756508323291, 51.512265208391099 ], [ 0.15961339949936, 51.515771082335903 ], [ 0.162282351387461, 51.521371089543202 ], [ 0.162329976802079, 51.522336270361997 ], [ 0.16444905840584, 51.527014303084499 ], [ 0.165962965775036, 51.528793373911299 ], [ 0.168696354883914, 51.531190839565298 ], [ 0.170789863690154, 51.532634101070599 ], [ 0.17249553690431, 51.535777322673901 ], [ 0.175073248709193, 51.538512941645102 ], [ 0.17657089623205, 51.539245344554303 ], [ 0.178075658693201, 51.539541418720802 ], [ 0.179232426985772, 51.5402908377716 ], [ 0.180377631779663, 51.544096650161698 ], [ 0.1826044479021, 51.545834488952401 ], [ 0.18601364212704, 51.547535921329803 ], [ 0.187493161398344, 51.550198140537603 ], [ 0.189598191738071, 51.551457072284002 ], [ 0.190169028841709, 51.552720860833503 ], [ 0.187881083994856, 51.554094001200397 ], [ 0.186936385277378, 51.555783164756797 ], [ 0.185865487146026, 51.556343215176597 ], [ 0.184758725100155, 51.556408925222797 ], [ 0.185039737914464, 51.556791580578398 ], [ 0.184413098077479, 51.557653283022198 ], [ 0.184791816200115, 51.559875525301003 ], [ 0.182665768712343, 51.561242706856099 ], [ 0.183994548015001, 51.563851932839498 ], [ 0.185179273154283, 51.564751491334398 ], [ 0.185180463309676, 51.565513081713803 ], [ 0.183481321442701, 51.564632825435403 ], [ 0.178743970957364, 51.564940833339797 ], [ 0.176117781458231, 51.564721990517299 ], [ 0.173401352116817, 51.565093068238802 ], [ 0.168540865226235, 51.563598883058297 ], [ 0.16636792610052, 51.563271822560402 ], [ 0.161893735700278, 51.561616872887903 ], [ 0.151310465967264, 51.568084296868001 ], [ 0.150414733712369, 51.5678417583525 ], [ 0.148736447411088, 51.568637674201803 ], [ 0.146703647684621, 51.568796633310299 ], [ 0.146674855399834, 51.569431005304097 ], [ 0.149736009898797, 51.569710281903902 ], [ 0.148988109531544, 51.5731491297406 ], [ 0.147944569813229, 51.573124257535 ], [ 0.148039018161371, 51.575792137196899 ], [ 0.147012279510983, 51.575707622107103 ], [ 0.147452002377933, 51.580812557477003 ], [ 0.14856379433479, 51.580775011088001 ], [ 0.150973634032508, 51.583828663049701 ], [ 0.151276598075538, 51.589883674660904 ], [ 0.150619253152612, 51.5913744331326 ], [ 0.151137669958092, 51.595451285407599 ], [ 0.149879933900273, 51.597011675621403 ], [ 0.148066115493633, 51.5963564131536 ], [ 0.148153093952352, 51.5967765483569 ], [ 0.147649118923652, 51.596794328926698 ], [ 0.14820590165784, 51.598968464245701 ], [ 0.149510112602879, 51.602904246523501 ], [ 0.148618257531294, 51.604440419212203 ], [ 0.148702061675442, 51.608697750909599 ], [ 0.147540561512271, 51.612223352045703 ], [ 0.145513450183006, 51.614534541614603 ], [ 0.144374330471667, 51.616804967236398 ], [ 0.138184235471144, 51.6235453960564 ], [ 0.151073417666375, 51.623247042874397 ], [ 0.155545015252706, 51.623340470958702 ], [ 0.162530221812874, 51.622577184018503 ], [ 0.162801932714823, 51.622792533601498 ], [ 0.165840788023513, 51.622379446551797 ], [ 0.16890129781848, 51.621420169565802 ], [ 0.175303885291077, 51.623587739700099 ], [ 0.180397231258125, 51.624472620228602 ], [ 0.180612434833379, 51.6257357203555 ], [ 0.181238047261213, 51.6258265942297 ], [ 0.182784975586598, 51.6257259331367 ], [ 0.185931858915748, 51.624373337469201 ], [ 0.186268761256766, 51.624559549497903 ], [ 0.185997113774138, 51.625522345312 ], [ 0.188371546923765, 51.625413305621599 ], [ 0.18940055171144, 51.624490419180098 ], [ 0.189814527404496, 51.625104113099397 ], [ 0.194775111046519, 51.625714741084401 ], [ 0.200311572516926, 51.6249357566968 ], [ 0.203614197353024, 51.625173249304297 ], [ 0.208496660961782, 51.626687695222301 ], [ 0.212251016379556, 51.626979293245398 ], [ 0.212109364039914, 51.627187037677402 ], [ 0.217546984560731, 51.629093437236001 ], [ 0.222076944786036, 51.630126440815403 ], [ 0.224087730411796, 51.631737761450097 ] ] ] } },
{ "type": "Feature", "properties": { "LAD24CD": "E09000017", "LAD24NM": "Hillingdon" }, "geometry": { "type": "Polygon", "coordinates": [ [ [ -0.494210180014142, 51.631052313392999 ], [ -0.493480882577229, 51.630561434061399 ], [ -0.491526450108775, 51.630764750971302 ], [ -0.488177909365534, 51.626962996707 ], [ -0.478666488977238, 51.622501716937002 ], [ -0.476695138061389, 51.621890223582703 ], [ -0.46915075929997, 51.616842159768296 ], [ -0.464451355443198, 51.614773548509604 ], [ -0.457130755473738, 51.612293889069903 ], [ -0.455347724742092, 51.612701131984998 ], [ -0.448878700687709, 51.615325306817198 ], [ -0.445548334763496, 51.619624723750398 ], [ -0.44325573325963, 51.619502717375703 ], [ -0.440575301279442, 51.620073238383497 ], [ -0.438282252147841, 51.619922360964303 ], [ -0.432730160764855, 51.618348545711498 ], [ -0.428395647588457, 51.617752109310601 ], [ -0.426481434439677, 51.617007045971299 ], [ -0.420902666008495, 51.616933168812899 ], [ -0.416617279539307, 51.6164250279123 ], [ -0.411000788489722, 51.613791701068301 ], [ -0.404003977890064, 51.613183972624697 ], [ -0.403215759027032, 51.609098996739199 ], [ -0.401760469398902, 51.606619739351501 ], [ -0.402478037533898, 51.605190346288097 ], [ -0.402337877317186, 51.601939805743598 ], [ -0.401172349725285, 51.599560507100897 ], [ -0.39992651454445, 51.598178951395901 ], [ -0.400334603316673, 51.597416196294397 ], [ -0.39769618244992, 51.5968808155259 ], [ -0.396501870140447, 51.595052723430697 ], [ -0.396366445066841, 51.593615962500699 ], [ -0.395532851232754, 51.591884486537602 ], [ -0.395490674494017, 51.590193816756901 ], [ -0.394459472115783, 51.590420406584002 ], [ -0.391984929059064, 51.588274363537501 ], [ -0.391044193673723, 51.583048317295898 ], [ -0.390978402327779, 51.581697763433802 ], [ -0.391563901542468, 51.581559051105003 ], [ -0.388544818560857, 51.577685703365702 ], [ -0.387536201348649, 51.575252721250401 ], [ -0.388075351840062, 51.5749917997125 ], [ -0.385651517379384, 51.5721336223829 ], [ -0.386475786941669, 51.571553431303201 ], [ -0.383296018626681, 51.567279948654601 ], [ -0.382358611270806, 51.564830869081298 ], [ -0.382399541453545, 51.563601082235898 ], [ -0.381892290346184, 51.563076687067102 ], [ -0.38233243396987, 51.562879699063402 ], [ -0.380422439051526, 51.560856822989599 ], [ -0.380088715629006, 51.559585800167298 ], [ -0.380241090382526, 51.559047685923197 ], [ -0.377656412711582, 51.554699565733401 ], [ -0.385035861073688, 51.551258604203497 ], [ -0.392796401622069, 51.548968941370099 ], [ -0.394210632799448, 51.5486144950032 ], [ -0.394946979967999, 51.5487312776824 ], [ -0.394879242969686, 51.547646581309301 ], [ -0.398706173814887, 51.547897359714497 ], [ -0.397890417634814, 51.545666927035299 ], [ -0.396540579884704, 51.545967072956202 ], [ -0.39634437286305, 51.545704060688301 ], [ -0.395285532006663, 51.542551632821201 ], [ -0.397831391499307, 51.542329964418997 ], [ -0.405008718566556, 51.542490065919502 ], [ -0.416756112004966, 51.540159257573301 ], [ -0.418269884101982, 51.540093028809203 ], [ -0.419402613769689, 51.540390082850401 ], [ -0.419413609326482, 51.539933243780098 ], [ -0.418159934292837, 51.539154038194397 ], [ -0.419548090734817, 51.538706229010899 ], [ -0.419409329709237, 51.538291410259397 ], [ -0.417489782128102, 51.537838703078897 ], [ -0.417431210773785, 51.5366461544399 ], [ -0.415306149337927, 51.536556581834397 ], [ -0.414763950786028, 51.535975869528002 ], [ -0.413819749243935, 51.535743839881903 ], [ -0.413487345767395, 51.534712022521902 ], [ -0.41222056534672, 51.534494685086898 ], [ -0.411845422020108, 51.534072812822401 ], [ -0.411049520079079, 51.5342901849694 ], [ -0.405321733528102, 51.533220590038901 ], [ -0.392648908258066, 51.531448841276202 ], [ -0.389276233506824, 51.5308027094094 ], [ -0.387115192662479, 51.529574211357598 ], [ -0.386642781660345, 51.530399154371302 ], [ -0.380996722618005, 51.5294116942163 ], [ -0.376371680549651, 51.528884901986302 ], [ -0.376145316078738, 51.524945205379503 ], [ -0.381788639446717, 51.518620423968798 ], [ -0.384947709027511, 51.516373684175399 ], [ -0.38911607191857, 51.514665169005802 ], [ -0.390422060131917, 51.513204561725601 ], [ -0.393513489171671, 51.507011728887299 ], [ -0.40023371074684, 51.504292708369398 ], [ -0.402859076450413, 51.503581836406497 ], [ -0.403819232556505, 51.502933844238903 ], [ -0.406918399587474, 51.499666397135996 ], [ -0.409221185586189, 51.5003295625121 ], [ -0.40963795368194, 51.499935910659701 ], [ -0.410824254026211, 51.497739428617898 ], [ -0.41053842709551, 51.496206810780798 ], [ -0.411429611768479, 51.494858353854603 ], [ -0.412630495035642, 51.4885281335225 ], [ -0.413314897699202, 51.487224340682502 ], [ -0.413928076156038, 51.487220115514504 ], [ -0.414537371041991, 51.4864428787346 ], [ -0.414589867349905, 51.486169502628499 ], [ -0.413972371112925, 51.486077470396197 ], [ -0.414732909190859, 51.4855691594707 ], [ -0.416207131304551, 51.482960417614898 ], [ -0.41692034965768, 51.482462892504302 ], [ -0.416402112037153, 51.482108698652198 ], [ -0.41674675099563, 51.480571236764703 ], [ -0.414890863109542, 51.476908591999198 ], [ -0.41577488458582, 51.4739385114732 ], [ -0.414738221996228, 51.473421700101397 ], [ -0.412866178871015, 51.471339605126403 ], [ -0.411363360666867, 51.470498316410499 ], [ -0.41113166386798, 51.469887513853202 ], [ -0.420209163731638, 51.4671420690877 ], [ -0.420282077206307, 51.466781305415402 ], [ -0.421924734333478, 51.466624053239897 ], [ -0.433596848004709, 51.4617176947799 ], [ -0.436579316441717, 51.457851400348197 ], [ -0.434786162764005, 51.457094641341698 ], [ -0.434997243798071, 51.456883663748599 ], [ -0.441424059282673, 51.456777546766801 ], [ -0.443949638873137, 51.453290591353898 ], [ -0.449122696011472, 51.453805706344099 ], [ -0.453782881340728, 51.4548534679463 ], [ -0.453949876033812, 51.455451993855 ], [ -0.455421771421196, 51.455623897517903 ], [ -0.455363519486257, 51.455282290082103 ], [ -0.455735987025624, 51.455232314102098 ], [ -0.461113245329111, 51.457174399528299 ], [ -0.468764042358764, 51.457833558644602 ], [ -0.473617541485337, 51.458576728544102 ], [ -0.476054109765015, 51.460082324733698 ], [ -0.476481138422562, 51.460595057229 ], [ -0.475912440424056, 51.460792242322903 ], [ -0.477154075467776, 51.461375364489598 ], [ -0.48619975341885, 51.461366663662702 ], [ -0.489617451707073, 51.461795621418197 ], [ -0.492154235722143, 51.4629883034629 ], [ -0.493866101952904, 51.462763463434499 ], [ -0.496941186913499, 51.465849569335397 ], [ -0.498097277725186, 51.466440799177597 ], [ -0.501015709361946, 51.467314440703298 ], [ -0.504252974031127, 51.467766282422403 ], [ -0.506380359413811, 51.467751853391697 ], [ -0.507295325694769, 51.466943574090003 ], [ -0.508788421574085, 51.467103302221503 ], [ -0.510241120496709, 51.467500347787102 ], [ -0.509807321692741, 51.469207263698998 ], [ -0.50849877081596, 51.469418430125003 ], [ -0.505942270589562, 51.472478721500799 ], [ -0.503494938672219, 51.480520037523299 ], [ -0.501955132674415, 51.482858143958701 ], [ -0.498699721684486, 51.486079905068799 ], [ -0.498996806746307, 51.4867248604899 ], [ -0.499675950001652, 51.486834237327301 ], [ -0.499024434028171, 51.487858197778202 ], [ -0.499169215876422, 51.488581212751797 ], [ -0.498307585240541, 51.488455111681503 ], [ -0.497978110137033, 51.488882492099499 ], [ -0.498629785052795, 51.489261396940499 ], [ -0.497382045763709, 51.489882970328203 ], [ -0.496650754037745, 51.489826850084903 ], [ -0.496761568359183, 51.490487401741099 ], [ -0.495986207409483, 51.490543084373897 ], [ -0.494942278304082, 51.491317374029499 ], [ -0.495348927702837, 51.492046540439397 ], [ -0.494830416382882, 51.492657656659603 ], [ -0.491444676643396, 51.4930637190784 ], [ -0.490116783229529, 51.494578915093001 ], [ -0.489627338591989, 51.495525783791003 ], [ -0.488702732485759, 51.495974272490599 ], [ -0.48902468302824, 51.497367721417 ], [ -0.489506678817567, 51.497560969940203 ], [ -0.488852671675367, 51.498559672785397 ], [ -0.489597588650347, 51.498644805428803 ], [ -0.489764829162995, 51.498989563495698 ], [ -0.488759525420495, 51.500197755374501 ], [ -0.487496398030058, 51.500358615576701 ], [ -0.487235553476811, 51.500968970458302 ], [ -0.4862629163842, 51.500863348273903 ], [ -0.486297608734147, 51.501772011771401 ], [ -0.485226935454765, 51.502579175793201 ], [ -0.484693041916118, 51.5036005390496 ], [ -0.48529156049607, 51.504017868376899 ], [ -0.484895757342036, 51.5043733430592 ], [ -0.485095648943368, 51.5051663427137 ], [ -0.483950090929856, 51.505687473910299 ], [ -0.483266374938188, 51.506640800472603 ], [ -0.483268224863511, 51.507213629262999 ], [ -0.48402411224431, 51.507687852535298 ], [ -0.48359100657625, 51.508080607995701 ], [ -0.48585399694688, 51.509843106614802 ], [ -0.485535852064559, 51.510027807205702 ], [ -0.48978652323901, 51.511526827744099 ], [ -0.489921430798479, 51.5134142426758 ], [ -0.489560812101573, 51.5140777104967 ], [ -0.491199327048256, 51.515257039738202 ], [ -0.492329767424708, 51.517077162404298 ], [ -0.491631096332019, 51.518897205336799 ], [ -0.490366717444449, 51.520169504311397 ], [ -0.491173211463826, 51.521279677869501 ], [ -0.49052218356144, 51.522482560036302 ], [ -0.490256627097217, 51.524585049278997 ], [ -0.490819364282009, 51.526443794415897 ], [ -0.489455604889582, 51.527619511414997 ], [ -0.488973661709899, 51.5290887439157 ], [ -0.489886983581709, 51.530436923272603 ], [ -0.49012850555366, 51.532071194343203 ], [ -0.491188814012385, 51.533272722091503 ], [ -0.490481810396702, 51.534157461692601 ], [ -0.491207260895676, 51.534325013256499 ], [ -0.491595796808793, 51.534917212541998 ], [ -0.493328796553323, 51.535836917595297 ], [ -0.49548974434616, 51.538429205174602 ], [ -0.493584924005186, 51.541005365591801 ], [ -0.491806813320703, 51.541573231911997 ], [ -0.492098080580767, 51.542448338824201 ], [ -0.490782112817112, 51.545041925394798 ], [ -0.491564434879796, 51.545328866639402 ], [ -0.491392581552945, 51.546077562867602 ], [ -0.489311370782817, 51.546383497491902 ], [ -0.489514221844471, 51.547180973550901 ], [ -0.488148901429543, 51.547430476499201 ], [ -0.486597107292304, 51.550034468850903 ], [ -0.484227716383995, 51.551455177961799 ], [ -0.482664861360182, 51.551522252625503 ], [ -0.478882100802227, 51.554836274722703 ], [ -0.477784298092541, 51.554838208947302 ], [ -0.477329883021475, 51.555272083268299 ], [ -0.476595819817008, 51.558031185217601 ], [ -0.476986931705237, 51.559625276552403 ], [ -0.477518912026973, 51.5602823164539 ], [ -0.480421055378501, 51.560814481340998 ], [ -0.481040707828238, 51.5607056439611 ], [ -0.480752350677791, 51.561780936118097 ], [ -0.482793741222473, 51.562821667049697 ], [ -0.482245240435, 51.563915260349397 ], [ -0.483221553434395, 51.565140055832302 ], [ -0.482578819452941, 51.565726135085498 ], [ -0.484762571793146, 51.56687115375 ], [ -0.484012855777258, 51.571195722193103 ], [ -0.485061222329002, 51.572299167461097 ], [ -0.485533844261732, 51.573841050432399 ], [ -0.484541753875331, 51.574295884980202 ], [ -0.484026266081064, 51.575127325954803 ], [ -0.488060351626916, 51.576458034024398 ], [ -0.488120815477178, 51.576941644055204 ], [ -0.488935439625814, 51.5772713506259 ], [ -0.48946612053725, 51.578154935671002 ], [ -0.488553064489496, 51.5796188295664 ], [ -0.489602980617373, 51.5817724933395 ], [ -0.494825295709162, 51.5847772579626 ], [ -0.494941539394957, 51.586546639509898 ], [ -0.49574126561331, 51.588116039871203 ], [ -0.497209494067828, 51.589338902328599 ], [ -0.497912383295883, 51.590961073860903 ], [ -0.498822083760922, 51.5912182113508 ], [ -0.498620530740637, 51.591901719302797 ], [ -0.499542328397435, 51.592142824331297 ], [ -0.498782490579854, 51.5930763892543 ], [ -0.498568487558822, 51.594444024372201 ], [ -0.499401600021716, 51.595315244176298 ], [ -0.499634636476258, 51.596703238266102 ], [ -0.500544826185814, 51.598522042013798 ], [ -0.500595886737316, 51.599689898645799 ], [ -0.500827277038045, 51.600250375840297 ], [ -0.500169839989581, 51.6012284186599 ], [ -0.499231467220527, 51.6013715457564 ], [ -0.498117513597482, 51.600910397027498 ], [ -0.497385262759285, 51.6009594796298 ], [ -0.496676942360353, 51.601420703674101 ], [ -0.496257603641733, 51.6024440352721 ], [ -0.49711034664165, 51.603163530186301 ], [ -0.497200381387699, 51.604810241735002 ], [ -0.498562120178398, 51.608312554844701 ], [ -0.499214909481778, 51.6088811068051 ], [ -0.498377553874772, 51.609402468645499 ], [ -0.498934567264451, 51.610160431012901 ], [ -0.498939388796522, 51.611065100351396 ], [ -0.497775375185582, 51.614432156036798 ], [ -0.497033626983844, 51.614875870086799 ], [ -0.495321906681722, 51.618937545102398 ], [ -0.4968685670868, 51.620523772809101 ], [ -0.499111058443274, 51.621032805600898 ], [ -0.500148673577685, 51.6220718781112 ], [ -0.500047387696966, 51.623654093980001 ], [ -0.498370277589076, 51.624744090720803 ], [ -0.497635161966895, 51.626617640929901 ], [ -0.500147340423195, 51.628639702383403 ], [ -0.499261609188921, 51.6304798524868 ], [ -0.497127638653444, 51.631679110685397 ], [ -0.496147547043516, 51.6317362556644 ], [ -0.495524794108788, 51.631168521468098 ], [ -0.494210180014142, 51.631052313392999 ] ] ] } },
{ "type": "Feature", "properties": { "LAD24CD": "E09000018", "LAD24NM": "Hounslow" }, "geometry": { "type": "MultiPolygon", "coordinates": [ [ [ [ -0.326393087573391, 51.460891046679698 ], [ -0.326393507395222, 51.460885509681802 ], [ -0.326431629146651, 51.460919227254401 ], [ -0.326393087573391, 51.460891046679698 ] ] ], [ [ [ -0.323685889149201, 51.4651174725347 ], [ -0.324339632665799, 51.4645666343785 ], [ -0.323989114919517, 51.464981812255402 ], [ -0.323685889149201, 51.4651174725347 ] ] ], [ [ [ -0.321735939727372, 51.4653628012978 ], [ -0.322575004039864, 51.465341267807702 ], [ -0.321737472892495, 51.465364296217899 ], [ -0.321735939727372, 51.4653628012978 ] ] ], [ [ [ -0.319775972807438, 51.470680455510802 ], [ -0.320907288566913, 51.4659823178702 ], [ -0.32129999589734, 51.466874604221303 ], [ -0.321219446746203, 51.469561323358299 ], [ -0.320469082621924, 51.470469617266403 ], [ -0.319775972807438, 51.470680455510802 ] ] ], [ [ [ -0.297668853644578, 51.485222318778803 ], [ -0.298568514580154, 51.484112340334903 ], [ -0.29903900198016, 51.484667266793799 ], [ -0.298651083818592, 51.484515259170202 ], [ -0.298112306470681, 51.4848493291138 ], [ -0.29843689053787, 51.485036678521297 ], [ -0.297668853644578, 51.485222318778803 ] ] ], [ [ [ -0.280426226075598, 51.484796563476898 ], [ -0.280799184729689, 51.484722017158902 ], [ -0.281799392857364, 51.485355370703601 ], [ -0.280426226075598, 51.484796563476898 ] ] ], [ [ [ -0.244477991114727, 51.488273998848001 ], [ -0.247566423995083, 51.486541421268399 ], [ -0.246235610853322, 51.487590314166297 ], [ -0.244477991114727, 51.488273998848001 ] ] ], [ [ [ -0.280772402092, 51.502847527375302 ], [ -0.277402382334547, 51.4990864619229 ], [ -0.272401695976202, 51.496156208268502 ], [ -0.271303045031441, 51.494801356384798 ], [ -0.269061038858674, 51.494026320925698 ], [ -0.267676633366511, 51.4939192512037 ], [ -0.261483309223535, 51.494641320645997 ], [ -0.255422123395226, 51.494978343897699 ], [ -0.255606406879975, 51.496033357024999 ], [ -0.252771583657548, 51.499888497177899 ], [ -0.253040909966186, 51.501422334223903 ], [ -0.251290048414711, 51.499858360162499 ], [ -0.249203165323049, 51.496949899369703 ], [ -0.245238856675817, 51.498306355371902 ], [ -0.24498272220723, 51.4978967460234 ], [ -0.244419991253253, 51.497938912448603 ], [ -0.245565857109029, 51.490052646094298 ], [ -0.244942229294421, 51.489001698547803 ], [ -0.24451713921975, 51.488702205231 ], [ -0.247638033090757, 51.487341039330403 ], [ -0.249713346511328, 51.485693536061497 ], [ -0.249430245279678, 51.485563864757303 ], [ -0.251401184465005, 51.482178281924597 ], [ -0.251528006063237, 51.477334450797002 ], [ -0.252697152941449, 51.475058279930003 ], [ -0.25465189688673, 51.472908014147798 ], [ -0.258065991599084, 51.471659312586198 ], [ -0.262135076139299, 51.471357241964498 ], [ -0.265678740766768, 51.471924044441401 ], [ -0.269125135946822, 51.473550528581697 ], [ -0.273062253676309, 51.476968118505901 ], [ -0.276716500370242, 51.483338006961297 ], [ -0.281565624776101, 51.4862871597497 ], [ -0.286444158997584, 51.487495641354499 ], [ -0.287249571787035, 51.487931406868903 ], [ -0.287446558347857, 51.4876131574173 ], [ -0.29246184737579, 51.487463775207502 ], [ -0.299015550024827, 51.4853062062937 ], [ -0.300401978823454, 51.4839770461315 ], [ -0.299966155102813, 51.484135747785999 ], [ -0.299717357017977, 51.4832580510421 ], [ -0.300506280910718, 51.4837938380008 ], [ -0.301419643566376, 51.4833768622793 ], [ -0.300362665544346, 51.483507956414698 ], [ -0.300182139329026, 51.483168563745899 ], [ -0.303394335185601, 51.4825936670033 ], [ -0.304205643154527, 51.483222298005998 ], [ -0.305088070374836, 51.482670759362499 ], [ -0.306273189577842, 51.482792642015099 ], [ -0.304863917245117, 51.482296382595599 ], [ -0.304022434109203, 51.482958411292003 ], [ -0.304384941608407, 51.482173642858797 ], [ -0.300090794900859, 51.482700518152001 ], [ -0.300928659769566, 51.4817018735286 ], [ -0.303537537149551, 51.4798974757339 ], [ -0.304118608429246, 51.4796068711793 ], [ -0.30466779992558, 51.479923710040197 ], [ -0.304277874919713, 51.479603328628997 ], [ -0.304648075122245, 51.479601036427702 ], [ -0.304463100208062, 51.479132540341702 ], [ -0.305213651866614, 51.478270646074201 ], [ -0.305750249258055, 51.478344045544802 ], [ -0.305357507496577, 51.478138733436502 ], [ -0.306175135457294, 51.476961709398601 ], [ -0.307066052835895, 51.4770446264179 ], [ -0.306264366546903, 51.476865876922602 ], [ -0.306930916350892, 51.476209591956902 ], [ -0.308073590263858, 51.475644705077201 ], [ -0.308041046179009, 51.475862758048798 ], [ -0.308748909036499, 51.475879713041998 ], [ -0.308233813119794, 51.475575974252102 ], [ -0.309314150662648, 51.4750214252512 ], [ -0.30958681473946, 51.4752416266004 ], [ -0.309351238079197, 51.474972500896499 ], [ -0.309765992562579, 51.4751664236192 ], [ -0.309507088825394, 51.474905055314302 ], [ -0.310104001396786, 51.474923550024101 ], [ -0.309993236694313, 51.474667015112502 ], [ -0.310616580929483, 51.474925089910002 ], [ -0.31024962371033, 51.474528627288301 ], [ -0.310662544855287, 51.474694193908299 ], [ -0.310625878190218, 51.474380725017902 ], [ -0.311151968172075, 51.474718328891598 ], [ -0.310716413385483, 51.474327174628002 ], [ -0.311318477587845, 51.474557062275998 ], [ -0.311309301329686, 51.474142373652597 ], [ -0.311651565959442, 51.474447203105797 ], [ -0.311336593435763, 51.474085663958597 ], [ -0.311845620076269, 51.474339388327301 ], [ -0.311460470930404, 51.474006514707597 ], [ -0.312032288119697, 51.474217078841598 ], [ -0.31164348759516, 51.473924619732799 ], [ -0.312017079611213, 51.473751045923002 ], [ -0.312467364494379, 51.473996728048803 ], [ -0.312171291136956, 51.473708302730998 ], [ -0.312711985422259, 51.473884243944802 ], [ -0.312469974892922, 51.473672134613402 ], [ -0.312959625449747, 51.473748422139003 ], [ -0.312903510373546, 51.473512909367997 ], [ -0.313445725858076, 51.473901542837801 ], [ -0.313100772503876, 51.473454597689503 ], [ -0.313880791919316, 51.473466264785401 ], [ -0.313856170071864, 51.473196583962498 ], [ -0.314206493909516, 51.4734588072332 ], [ -0.313918302869092, 51.473190732874997 ], [ -0.314300078932249, 51.473263665304103 ], [ -0.314290539586241, 51.473053552188297 ], [ -0.3147169413047, 51.473400498158 ], [ -0.31441885917653, 51.472970866659999 ], [ -0.316000143964369, 51.4724633834158 ], [ -0.316248928493035, 51.472659935684298 ], [ -0.316196519334359, 51.472401546721898 ], [ -0.319066203178041, 51.471494361754303 ], [ -0.320198710395752, 51.471304299609102 ], [ -0.321446013955583, 51.470489449981301 ], [ -0.322532386022837, 51.470685745068003 ], [ -0.322486128831666, 51.470474657841997 ], [ -0.321497404720767, 51.470403407497301 ], [ -0.322233578524099, 51.469037183475102 ], [ -0.321774169058415, 51.465431795106497 ], [ -0.323514029036673, 51.465329888364103 ], [ -0.324037805499754, 51.465042420889297 ], [ -0.324824785931235, 51.464368436177999 ], [ -0.326777994434598, 51.461642815218703 ], [ -0.326892872521222, 51.461158408889702 ], [ -0.326437229594522, 51.460863695641699 ], [ -0.326739097422449, 51.460052725056997 ], [ -0.326410054676839, 51.460667043248797 ], [ -0.326513406711705, 51.459302465239404 ], [ -0.325588217827617, 51.458080862108801 ], [ -0.326934014640788, 51.457010898984997 ], [ -0.328455258887979, 51.457999095030999 ], [ -0.330373639818618, 51.457933566534997 ], [ -0.331400259935538, 51.457356878925403 ], [ -0.333027908582819, 51.4553783475546 ], [ -0.333616069775311, 51.455240072657503 ], [ -0.333692637193721, 51.455490923700701 ], [ -0.33627331434432, 51.455678908333603 ], [ -0.336982324195838, 51.454648188541398 ], [ -0.337512639549886, 51.454767198005499 ], [ -0.337736793521605, 51.455475259711903 ], [ -0.338548700277405, 51.456099255762801 ], [ -0.338953300500773, 51.455881017194002 ], [ -0.340644811569025, 51.457268907140097 ], [ -0.340111328286192, 51.459241255622302 ], [ -0.341706616118169, 51.4590172879508 ], [ -0.342735402175869, 51.458071779414801 ], [ -0.345289190489759, 51.457859381500903 ], [ -0.346024097188038, 51.457259873934802 ], [ -0.348569300602764, 51.456764667111599 ], [ -0.352810773187725, 51.4568638208737 ], [ -0.353487090513193, 51.458180237044701 ], [ -0.355812842546929, 51.458380704584101 ], [ -0.359854797465852, 51.458201855981898 ], [ -0.362636099233493, 51.457683269204502 ], [ -0.364419302861009, 51.457587231590402 ], [ -0.36503235055546, 51.457805583978796 ], [ -0.367837401588697, 51.457424921622099 ], [ -0.368435236749007, 51.456862613156197 ], [ -0.372439929994924, 51.457235415583703 ], [ -0.372687650270116, 51.456997647922101 ], [ -0.373024056271843, 51.457473020304498 ], [ -0.375258068480552, 51.4562711366328 ], [ -0.383751479151189, 51.449506182990703 ], [ -0.384490171047228, 51.4498948963532 ], [ -0.387786648191089, 51.449371317220397 ], [ -0.386257004588281, 51.448124082217497 ], [ -0.386223447876444, 51.446712100104101 ], [ -0.382905141601064, 51.445095133647897 ], [ -0.379747633102291, 51.444321742143103 ], [ -0.379546064371273, 51.443103672247403 ], [ -0.378205143117411, 51.442484292992297 ], [ -0.377126285412797, 51.4424596270295 ], [ -0.375926680168315, 51.443087118698699 ], [ -0.373881385979297, 51.443033978963001 ], [ -0.37307817455589, 51.443669277622099 ], [ -0.366823470215651, 51.441623326301702 ], [ -0.377761461379696, 51.436819416288799 ], [ -0.377871941022836, 51.4362797841464 ], [ -0.37609256289144, 51.435506267828998 ], [ -0.383150312332945, 51.432238444511199 ], [ -0.387726274714751, 51.428887727396898 ], [ -0.387934644192034, 51.428623636547897 ], [ -0.387103166507676, 51.428176016004301 ], [ -0.388057123788859, 51.427849695373197 ], [ -0.388387260380427, 51.427997270462399 ], [ -0.384081926037091, 51.422692392313898 ], [ -0.385430928192615, 51.420629015584197 ], [ -0.391019331671074, 51.423145832157502 ], [ -0.392754332190993, 51.423443608686398 ], [ -0.392912348231466, 51.423276917545799 ], [ -0.39131707100993, 51.422315411876703 ], [ -0.394511657485767, 51.423238278288899 ], [ -0.398112219660125, 51.423556450195598 ], [ -0.401759735010021, 51.4233122011115 ], [ -0.405361519526498, 51.422479981969303 ], [ -0.408441393437487, 51.423834747879603 ], [ -0.409006533109657, 51.425451180159598 ], [ -0.410868379205712, 51.427342325481099 ], [ -0.413086017775112, 51.427855290972097 ], [ -0.412452594196594, 51.428781897586603 ], [ -0.414352303011755, 51.429295831700799 ], [ -0.413806058184536, 51.430075297281803 ], [ -0.417900391369536, 51.431028039369401 ], [ -0.417294140034465, 51.431918177992301 ], [ -0.418356202174201, 51.4318667918754 ], [ -0.419078640341703, 51.432359435656899 ], [ -0.421153880112781, 51.432171519334801 ], [ -0.423579568058236, 51.431161049015302 ], [ -0.423498704137031, 51.430877601131201 ], [ -0.427485561864324, 51.430819578366702 ], [ -0.427831380170741, 51.429252368595201 ], [ -0.429424721185525, 51.429395042344098 ], [ -0.429534400842161, 51.428797616623299 ], [ -0.432639793866264, 51.429018074090699 ], [ -0.439983256299083, 51.430626450055399 ], [ -0.439752292782007, 51.434619596638598 ], [ -0.447716870984933, 51.435002982426603 ], [ -0.446288585067704, 51.4399964192609 ], [ -0.453660346816655, 51.438494075607203 ], [ -0.456475091199213, 51.4382245454754 ], [ -0.455391174524668, 51.442119225370398 ], [ -0.457443722592711, 51.442998787998597 ], [ -0.457461624027761, 51.449090629915098 ], [ -0.46148169282775, 51.448992376664599 ], [ -0.461319944712023, 51.452391262826701 ], [ -0.459838360775427, 51.452239547811402 ], [ -0.459294048144444, 51.4527153348849 ], [ -0.458723754309907, 51.456341740020797 ], [ -0.455735987025624, 51.455232314102098 ], [ -0.455363519486257, 51.455282290082103 ], [ -0.455421771421196, 51.455623897517903 ], [ -0.453949876033812, 51.455451993855 ], [ -0.453782881340728, 51.4548534679463 ], [ -0.449122696011472, 51.453805706344099 ], [ -0.443949638873137, 51.453290591353898 ], [ -0.441424059282673, 51.456777546766801 ], [ -0.434997243798071, 51.456883663748599 ], [ -0.434786162764005, 51.457094641341698 ], [ -0.436579316441717, 51.457851400348197 ], [ -0.433596848004709, 51.4617176947799 ], [ -0.421924734333478, 51.466624053239897 ], [ -0.420282077206307, 51.466781305415402 ], [ -0.420209163731638, 51.4671420690877 ], [ -0.41113166386798, 51.469887513853202 ], [ -0.411363360666867, 51.470498316410499 ], [ -0.412866178871015, 51.471339605126403 ], [ -0.414738221996228, 51.473421700101397 ], [ -0.41577488458582, 51.4739385114732 ], [ -0.414890863109542, 51.476908591999198 ], [ -0.41674675099563, 51.480571236764703 ], [ -0.416402112037153, 51.482108698652198 ], [ -0.41692034965768, 51.482462892504302 ], [ -0.416207131304551, 51.482960417614898 ], [ -0.414732909190859, 51.4855691594707 ], [ -0.413972371112925, 51.486077470396197 ], [ -0.414589867349905, 51.486169502628499 ], [ -0.414537371041991, 51.4864428787346 ], [ -0.413928076156038, 51.487220115514504 ], [ -0.413314897699202, 51.487224340682502 ], [ -0.412630495035642, 51.4885281335225 ], [ -0.411429611768479, 51.494858353854603 ], [ -0.41053842709551, 51.496206810780798 ], [ -0.410824254026211, 51.497739428617898 ], [ -0.40963795368194, 51.499935910659701 ], [ -0.409221185586189, 51.5003295625121 ], [ -0.389375031127265, 51.495157935021702 ], [ -0.386575408414563, 51.494685299047397 ], [ -0.384546938967056, 51.4946830551931 ], [ -0.381841111112896, 51.495223999971898 ], [ -0.377876677159829, 51.496606645479197 ], [ -0.377903011367198, 51.4954693003247 ], [ -0.375823922335663, 51.495391610845203 ], [ -0.373809044711411, 51.491960149243098 ], [ -0.37249726445803, 51.491027704152103 ], [ -0.371919091997922, 51.4909905553857 ], [ -0.371851047191365, 51.490476154912798 ], [ -0.367912694991677, 51.4917891591151 ], [ -0.368354836430718, 51.492298900671003 ], [ -0.366986978925952, 51.492803378534298 ], [ -0.365794059745001, 51.493653906613297 ], [ -0.365363324880322, 51.493313676823597 ], [ -0.363734025283402, 51.494695978448597 ], [ -0.363117893266542, 51.4958757777258 ], [ -0.36187789583015, 51.496087418317103 ], [ -0.358052570966066, 51.497767974406997 ], [ -0.350619148399036, 51.499106657078102 ], [ -0.349708960195708, 51.498981455050803 ], [ -0.342278725726975, 51.495987794708498 ], [ -0.335264555913964, 51.496157912716001 ], [ -0.331231243629166, 51.495509557754303 ], [ -0.329945002137216, 51.495020531531601 ], [ -0.327341220314482, 51.496002413072198 ], [ -0.326127384627688, 51.495003655658003 ], [ -0.324675743393902, 51.495993759239198 ], [ -0.323898551965763, 51.495716561475902 ], [ -0.323414300516202, 51.495896587876501 ], [ -0.31918147076384, 51.494217300145003 ], [ -0.315794343146763, 51.495907346294899 ], [ -0.31528026854231, 51.495554853935403 ], [ -0.315712070935597, 51.495348247441001 ], [ -0.31446791118935, 51.494357297270902 ], [ -0.315085314491169, 51.493964384847096 ], [ -0.314388695555614, 51.493457121635799 ], [ -0.313884658435713, 51.493608091701702 ], [ -0.311911168808834, 51.491971457659197 ], [ -0.308405375534104, 51.493574122326599 ], [ -0.305431203745424, 51.494537362144797 ], [ -0.305851829897637, 51.496182882505302 ], [ -0.301377122233943, 51.495194213917998 ], [ -0.301132918675038, 51.494405562344099 ], [ -0.297537161815247, 51.494884714354399 ], [ -0.299946959438523, 51.497856012673402 ], [ -0.300669386722828, 51.4993292247146 ], [ -0.293897823008893, 51.501577555220798 ], [ -0.288668716199761, 51.500832416983698 ], [ -0.285711510361579, 51.500783729505002 ], [ -0.280772402092, 51.502847527375302 ] ] ] ] } },
{ "type": "Feature", "properties": { "LAD24CD": "E09000019", "LAD24NM": "Islington" }, "geometry": { "type": "Polygon", "coordinates": [ [ [ -0.117551176826914, 51.574141983641098 ], [ -0.115550981531812, 51.572581254371002 ], [ -0.116080307943225, 51.572184358567597 ], [ -0.115701333599976, 51.572016488298701 ], [ -0.115019872269648, 51.5705899253403 ], [ -0.110690523650188, 51.568612868029 ], [ -0.104884456446495, 51.564671305914899 ], [ -0.104373934561655, 51.564766657584897 ], [ -0.09858579502073, 51.560813933077 ], [ -0.096016917118238, 51.5612154561409 ], [ -0.091716867631208, 51.560201485892399 ], [ -0.090396922359362, 51.557574174198798 ], [ -0.09035614157729, 51.554151425660699 ], [ -0.08928633113383, 51.553740870237299 ], [ -0.088554181142665, 51.553940527597298 ], [ -0.087564941247415, 51.552844718594798 ], [ -0.085398519589809, 51.552134202345798 ], [ -0.081942657095435, 51.552063310094901 ], [ -0.079399001200161, 51.551672691120402 ], [ -0.077677391125827, 51.549483009182701 ], [ -0.076326084702188, 51.5472035730605 ], [ -0.076685252779043, 51.546086594584203 ], [ -0.083789524422233, 51.546585234698703 ], [ -0.083576321534458, 51.545172984552501 ], [ -0.086563398371577, 51.537302271638701 ], [ -0.089688991217803, 51.536043227345999 ], [ -0.093147286859681, 51.534398806264399 ], [ -0.097032336919264, 51.533003339418102 ], [ -0.095104053620339, 51.530084104748497 ], [ -0.095373128319278, 51.5292060090243 ], [ -0.088731377645233, 51.527452512851397 ], [ -0.087832062724355, 51.526241789087102 ], [ -0.086976774251228, 51.525767762694997 ], [ -0.085009792427472, 51.5262376352971 ], [ -0.084745306316308, 51.525429221260801 ], [ -0.08546359587602, 51.524538665899101 ], [ -0.085119040764848, 51.524457307972099 ], [ -0.085201496858163, 51.523944518854996 ], [ -0.084214160827147, 51.5239300155637 ], [ -0.085232645096576, 51.520348396265902 ], [ -0.086199731342019, 51.5188121086316 ], [ -0.089983067442775, 51.519973324352797 ], [ -0.089673327954981, 51.520718976064003 ], [ -0.092360246779547, 51.521035611232698 ], [ -0.092498378174381, 51.5214729029003 ], [ -0.094318568083321, 51.521484892955499 ], [ -0.095090210520414, 51.523109077736301 ], [ -0.096415369872962, 51.522831671002997 ], [ -0.0967586335164, 51.523314038751401 ], [ -0.097945359231051, 51.522874425075301 ], [ -0.097385010500735, 51.521592092074897 ], [ -0.097662850949076, 51.520712509402699 ], [ -0.100252195422361, 51.520129046053498 ], [ -0.105290341558648, 51.518554857832299 ], [ -0.10700150504442, 51.522183751342602 ], [ -0.108238180531229, 51.522087023721298 ], [ -0.10896954375494, 51.523019892936397 ], [ -0.11236382231395, 51.523716118805602 ], [ -0.113627431450157, 51.524566389695202 ], [ -0.114229005936754, 51.525482558456197 ], [ -0.11291918547122, 51.5264088150684 ], [ -0.115451101817419, 51.527757860393002 ], [ -0.115925682086207, 51.529831559752402 ], [ -0.119838911111641, 51.530947183538899 ], [ -0.122563726204788, 51.530753113421198 ], [ -0.122399839076584, 51.537049579138802 ], [ -0.125064221994798, 51.541142977110503 ], [ -0.127079037829745, 51.547530197180997 ], [ -0.130127780258333, 51.549611730996901 ], [ -0.130991514299285, 51.551483259849803 ], [ -0.134082277774744, 51.553389821638 ], [ -0.135303748671231, 51.554638445045398 ], [ -0.136987309045876, 51.555261623210598 ], [ -0.138419158853717, 51.556868161754899 ], [ -0.141034701474325, 51.5605000342293 ], [ -0.140627152838409, 51.564459426870499 ], [ -0.14239561120072, 51.569106001966802 ], [ -0.140631972825196, 51.569428405316899 ], [ -0.133385080843479, 51.572875184525401 ], [ -0.131138788998908, 51.5735929930079 ], [ -0.127566925850632, 51.574146941145401 ], [ -0.124861081757225, 51.5740921504472 ], [ -0.123784663310148, 51.574646940441298 ], [ -0.119534587269282, 51.575506765325997 ], [ -0.118876825460692, 51.5747308220161 ], [ -0.119554521778125, 51.574380449895997 ], [ -0.117551176826914, 51.574141983641098 ] ] ] } },
{ "type": "Feature", "properties": { "LAD24CD": "E09000020", "LAD24NM": "Kensington and Chelsea" }, "geometry": { "type": "Polygon", "coordinates": [ [ [ -0.22756201378156, 51.530154599221099 ], [ -0.227659506765089, 51.529914322092203 ], [ -0.225433971441795, 51.5301603013706 ], [ -0.223728265491944, 51.529946791053902 ], [ -0.217791000545462, 51.528600424401503 ], [ -0.216020723983129, 51.527920360248999 ], [ -0.21549666909487, 51.526718587077603 ], [ -0.212960661863203, 51.526883942780003 ], [ -0.207297353929911, 51.526234515740903 ], [ -0.206017430034413, 51.525854210806202 ], [ -0.203953081013443, 51.523532727987302 ], [ -0.201625846701851, 51.522742148933503 ], [ -0.200620363638551, 51.520711779907899 ], [ -0.202649698006663, 51.520894746786603 ], [ -0.203742321009568, 51.520624324673399 ], [ -0.201449310818032, 51.517804233080902 ], [ -0.200765178561406, 51.517983861438701 ], [ -0.199907498009142, 51.516840194529301 ], [ -0.199171143961617, 51.514540977378701 ], [ -0.195052992094996, 51.515040106714501 ], [ -0.194004101884694, 51.511700687054798 ], [ -0.192915313999014, 51.511842863685601 ], [ -0.192123026589169, 51.509877738671896 ], [ -0.187859378088, 51.510194716743598 ], [ -0.184204941023171, 51.501788852415302 ], [ -0.180311745243243, 51.5014622342186 ], [ -0.179523790495782, 51.497781199935801 ], [ -0.173418772260889, 51.498231181980501 ], [ -0.168149601678426, 51.499033226262704 ], [ -0.167578430986111, 51.498280421534602 ], [ -0.165718041043788, 51.499219070084301 ], [ -0.165419106384145, 51.498685487649801 ], [ -0.162645857685283, 51.500229752434102 ], [ -0.160900957801054, 51.501676930887903 ], [ -0.158457848304668, 51.502226196896103 ], [ -0.157872281859908, 51.499003534913598 ], [ -0.156056937706088, 51.497775622923399 ], [ -0.155248805698977, 51.495054049371603 ], [ -0.155978849547772, 51.494462995491098 ], [ -0.154973307336501, 51.493826289237099 ], [ -0.155962988061772, 51.4932005305742 ], [ -0.154742871175929, 51.491971171756099 ], [ -0.155800936370808, 51.491464558607497 ], [ -0.155169196968643, 51.4900390378154 ], [ -0.155834442321332, 51.4896139833739 ], [ -0.150160100799982, 51.486036742647599 ], [ -0.150023801162345, 51.485462431955902 ], [ -0.16378022447888, 51.483636167556199 ], [ -0.175759293976535, 51.481619779113799 ], [ -0.177682134129641, 51.480350691724702 ], [ -0.17751415416621, 51.480102583161901 ], [ -0.179262186029739, 51.477993991242698 ], [ -0.180816283019759, 51.477916043582198 ], [ -0.182162460543091, 51.477385123316203 ], [ -0.183876303255074, 51.477443131748103 ], [ -0.186521019063067, 51.479868845147898 ], [ -0.188262412705968, 51.480966676265403 ], [ -0.193630274569299, 51.485890501914803 ], [ -0.195906065404788, 51.487370710514597 ], [ -0.196405191810415, 51.487186901836402 ], [ -0.197966108552929, 51.487907184182703 ], [ -0.202364641392252, 51.4916615386255 ], [ -0.201833011307257, 51.491845295347098 ], [ -0.203085508305625, 51.493371467080102 ], [ -0.20733489853243, 51.496152794218297 ], [ -0.207951410590124, 51.496031566821401 ], [ -0.210504590283717, 51.498346851101502 ], [ -0.213440028889613, 51.500177466591502 ], [ -0.216976653096357, 51.504466149606003 ], [ -0.217975379717538, 51.506143110520398 ], [ -0.215938670705129, 51.506400335938999 ], [ -0.21611922117336, 51.507521202192699 ], [ -0.215197890345675, 51.507651352093603 ], [ -0.215813858155986, 51.509153452649997 ], [ -0.216452382074861, 51.509112649900104 ], [ -0.217190220202911, 51.510399243876797 ], [ -0.218043289167948, 51.5102242389612 ], [ -0.217847732543837, 51.509752699201798 ], [ -0.219315925780897, 51.509554297564101 ], [ -0.220235964075799, 51.511732797587499 ], [ -0.222464368050734, 51.515407012367497 ], [ -0.22654329333555, 51.519577077927401 ], [ -0.228276943623204, 51.521095181262403 ], [ -0.226696960668858, 51.521939247595803 ], [ -0.22656793126906, 51.5246259086028 ], [ -0.227229453930617, 51.524777239070097 ], [ -0.227429972121213, 51.527996359870599 ], [ -0.228730175524929, 51.529905645165698 ], [ -0.228440758153743, 51.530319156284797 ], [ -0.22756201378156, 51.530154599221099 ] ] ] } },
{ "type": "Feature", "properties": { "LAD24CD": "E09000021", "LAD24NM": "Kingston upon Thames" }, "geometry": { "type": "Polygon", "coordinates": [ [ [ -0.251156453118063, 51.422390395878303 ], [ -0.249651145906568, 51.418565303600502 ], [ -0.249520611777482, 51.414775849915998 ], [ -0.247157795613144, 51.409606740053299 ], [ -0.247483474170963, 51.408478804196498 ], [ -0.24702184888123, 51.407846962572499 ], [ -0.245818587038421, 51.407561038799201 ], [ -0.245336450507355, 51.4070702850427 ], [ -0.244703374362305, 51.403855321538103 ], [ -0.24522590265169, 51.401755255178301 ], [ -0.246816434841592, 51.4005082357859 ], [ -0.246726763858157, 51.398618548326098 ], [ -0.247406743509032, 51.397569571953497 ], [ -0.244672198866986, 51.394724217980198 ], [ -0.241707851567578, 51.393896935848801 ], [ -0.240094785343288, 51.391187835679197 ], [ -0.239691091190174, 51.3892739323285 ], [ -0.238730295207436, 51.386088182543602 ], [ -0.241638610666307, 51.384494802012298 ], [ -0.243232236749675, 51.382596967717703 ], [ -0.24427892294775, 51.383066034374004 ], [ -0.245027866580531, 51.3800591554688 ], [ -0.248473134757924, 51.380059234210798 ], [ -0.251855991990156, 51.3789615474778 ], [ -0.253882339585554, 51.378748504085799 ], [ -0.258211975143256, 51.378918604648803 ], [ -0.260991332915542, 51.379595673917002 ], [ -0.262267173534486, 51.377410017972501 ], [ -0.264623840046074, 51.375616258276899 ], [ -0.269040310104722, 51.373537313356799 ], [ -0.27244582790641, 51.3722467417846 ], [ -0.273462254930149, 51.371609250663099 ], [ -0.274022551853225, 51.370655282187201 ], [ -0.275832391300465, 51.370013773384699 ], [ -0.276560062628712, 51.368807745961803 ], [ -0.279819388836289, 51.367825088816602 ], [ -0.282161781469282, 51.365999753470902 ], [ -0.284071129097295, 51.365150023548402 ], [ -0.287199548589013, 51.3625394047912 ], [ -0.288395626599499, 51.362159953041299 ], [ -0.285210052743086, 51.361191577958799 ], [ -0.287018686644174, 51.359397841058097 ], [ -0.289008414827386, 51.358744805016201 ], [ -0.291199885866217, 51.356577222703002 ], [ -0.291329995960083, 51.355086817816897 ], [ -0.292697986139606, 51.353657164062099 ], [ -0.292882670548092, 51.352350726946597 ], [ -0.299230749741224, 51.348369336476203 ], [ -0.301376941291102, 51.345302940835403 ], [ -0.304065646686288, 51.343171651372799 ], [ -0.305385030571139, 51.339558711136299 ], [ -0.305062772223965, 51.337814634487003 ], [ -0.305135065101119, 51.336350841008603 ], [ -0.30618917299884, 51.335075564703899 ], [ -0.30761218961433, 51.334607699042699 ], [ -0.310929454278381, 51.332389396017703 ], [ -0.313692682687823, 51.331414861886998 ], [ -0.316741565315754, 51.3291458801178 ], [ -0.318955380094986, 51.327956487282997 ], [ -0.323946901864069, 51.326716064817198 ], [ -0.327140919810089, 51.326695175619797 ], [ -0.327410431581052, 51.326294007689398 ], [ -0.328222223353321, 51.326468182661898 ], [ -0.330115429028617, 51.327517266349901 ], [ -0.330655551869037, 51.329009638114002 ], [ -0.329092769011158, 51.330262466266198 ], [ -0.329695128024568, 51.332764658178398 ], [ -0.328955585873479, 51.3402312948174 ], [ -0.327883030922136, 51.343741869572703 ], [ -0.327457063136016, 51.344005568495902 ], [ -0.328153711774205, 51.344039791473001 ], [ -0.330510146371957, 51.348419435144699 ], [ -0.327953895283763, 51.352210641715402 ], [ -0.323728750303053, 51.354411321165799 ], [ -0.321505261906821, 51.357208528642701 ], [ -0.319768281986379, 51.359928191664402 ], [ -0.318261315113004, 51.363504509151902 ], [ -0.318481506558764, 51.365762189346 ], [ -0.317897383198478, 51.369797794721798 ], [ -0.317481776739619, 51.371968981395902 ], [ -0.316670830797393, 51.373165976551903 ], [ -0.314318044952796, 51.374637567079397 ], [ -0.312651478126198, 51.374751135664802 ], [ -0.308671850631228, 51.375448321137704 ], [ -0.308434001890765, 51.375859425800797 ], [ -0.307869091759371, 51.378363846373198 ], [ -0.307365443633207, 51.378383545088603 ], [ -0.308494520730574, 51.380500579171397 ], [ -0.309253672384853, 51.380447702052798 ], [ -0.309500986998989, 51.382432417044001 ], [ -0.310642202088745, 51.384815638347 ], [ -0.311740205976356, 51.385764396368302 ], [ -0.310809252619536, 51.3862128496948 ], [ -0.31323073989252, 51.388722522324301 ], [ -0.31599322782127, 51.3875714291976 ], [ -0.316737320533465, 51.388772066883298 ], [ -0.314111593459175, 51.390217163315697 ], [ -0.317697879461912, 51.393667079332403 ], [ -0.312929585463551, 51.397059051695798 ], [ -0.312108371837945, 51.398138666363799 ], [ -0.309498774898725, 51.400144278793903 ], [ -0.308733514756071, 51.4022585732301 ], [ -0.309048761744961, 51.409166197728801 ], [ -0.308252540115846, 51.415313621023898 ], [ -0.30593062819211, 51.421261704774302 ], [ -0.306706626551084, 51.423046132404302 ], [ -0.308361931519297, 51.425009426270499 ], [ -0.311054040219989, 51.426762573694099 ], [ -0.314430429140883, 51.4282489129277 ], [ -0.312903931530096, 51.430256153727001 ], [ -0.310650913997973, 51.4322095269603 ], [ -0.309758432683688, 51.432138793044899 ], [ -0.308067540697836, 51.431072901653202 ], [ -0.308542761575097, 51.430780525959399 ], [ -0.306881882251474, 51.4301500111129 ], [ -0.306411012209388, 51.430157404618399 ], [ -0.305917554801736, 51.431361202289899 ], [ -0.301754172083702, 51.430390833162001 ], [ -0.302079636232512, 51.431160120610798 ], [ -0.301593960146175, 51.431434681103497 ], [ -0.297677226510859, 51.428676670193497 ], [ -0.295483633547867, 51.4276615223554 ], [ -0.295430789425014, 51.427037113076999 ], [ -0.294720818622335, 51.426998038541001 ], [ -0.294792456201313, 51.4264438922945 ], [ -0.293394214716677, 51.4265036126951 ], [ -0.293009168924247, 51.428940937240903 ], [ -0.290616410459767, 51.428990164330102 ], [ -0.286559992341689, 51.420185492770798 ], [ -0.280399432687045, 51.421891285966304 ], [ -0.270905100636418, 51.429558919545201 ], [ -0.264549483902374, 51.432909752742603 ], [ -0.256318925603588, 51.436345213641196 ], [ -0.256186003261627, 51.436652150920303 ], [ -0.254066366518792, 51.4372878642506 ], [ -0.253088501444922, 51.435284202818302 ], [ -0.251280847100016, 51.434227201859699 ], [ -0.251085089413751, 51.432557791518001 ], [ -0.252441767222631, 51.431206223685201 ], [ -0.253307115028818, 51.4308384796986 ], [ -0.254238567069917, 51.429302008316803 ], [ -0.252239244105153, 51.425702094290699 ], [ -0.252927898194788, 51.423213763397101 ], [ -0.251156453118063, 51.422390395878303 ] ] ] } },
{ "type": "Feature", "properties": { "LAD24CD": "E09000022", "LAD24NM": "Lambeth" }, "geometry": { "type": "Polygon", "coordinates": [ [ [ -0.111002562487437, 51.508492275091903 ], [ -0.110687379627812, 51.508238549215903 ], [ -0.108857461430635, 51.508426051019498 ], [ -0.10871351564232, 51.507765366375999 ], [ -0.108165120586132, 51.506922229891998 ], [ -0.107338698342433, 51.507072166196799 ], [ -0.106485998777198, 51.5050629730083 ], [ -0.106403248457154, 51.503366672685097 ], [ -0.107392358397182, 51.503035631267402 ], [ -0.106757424261746, 51.502209622469699 ], [ -0.106077481114859, 51.502524278862097 ], [ -0.105916627617627, 51.502033386095597 ], [ -0.108266979418785, 51.500442602244398 ], [ -0.110257746605117, 51.496763291206001 ], [ -0.111466570957293, 51.496458867881202 ], [ -0.110934052373937, 51.4954679912491 ], [ -0.104852358393814, 51.4935279334602 ], [ -0.103272415150889, 51.491252772172203 ], [ -0.108460594138318, 51.485848836115103 ], [ -0.106359457173477, 51.484898612147397 ], [ -0.107189477364099, 51.4836490712201 ], [ -0.105612023384638, 51.482940204033603 ], [ -0.106018261091277, 51.482698048659302 ], [ -0.104033587799528, 51.480901405895601 ], [ -0.108209178745986, 51.480286167608497 ], [ -0.099972184559721, 51.476864060148003 ], [ -0.10065393018864, 51.474447421586 ], [ -0.098829060782442, 51.471871687816403 ], [ -0.095975147411214, 51.469867430114803 ], [ -0.094143309396168, 51.470673100517999 ], [ -0.093625985061065, 51.471735158631198 ], [ -0.093015133239932, 51.472028568511703 ], [ -0.092756365628963, 51.469869418829198 ], [ -0.090062931917093, 51.465830648535402 ], [ -0.090657729643476, 51.4633175035761 ], [ -0.092244056346028, 51.461058411748198 ], [ -0.094947321683048, 51.458787199682099 ], [ -0.095812467077683, 51.4574150014369 ], [ -0.101080293087612, 51.453927270441099 ], [ -0.101454142519827, 51.452216316606297 ], [ -0.100762530181985, 51.450336114654 ], [ -0.099962146045565, 51.450272824511302 ], [ -0.099134206640954, 51.448974963119603 ], [ -0.096037693358199, 51.446725926756997 ], [ -0.095065256528057, 51.445412060831401 ], [ -0.094426579975035, 51.443235358974597 ], [ -0.092895539504095, 51.441081581840898 ], [ -0.091019219233248, 51.4375532018081 ], [ -0.089345231767567, 51.432017166193802 ], [ -0.08819782379406, 51.429335318352699 ], [ -0.085909248750157, 51.428504400378898 ], [ -0.086075035537298, 51.427817114913097 ], [ -0.085186974505404, 51.4272995730433 ], [ -0.084034939010266, 51.425691337586798 ], [ -0.083462372067102, 51.422996821580597 ], [ -0.081734404677303, 51.423378410969697 ], [ -0.080876107738524, 51.421859740402702 ], [ -0.079835362800129, 51.422139552303499 ], [ -0.078908466797088, 51.421568228384601 ], [ -0.0792173354281, 51.420868632149997 ], [ -0.078287681880069, 51.4206047134332 ], [ -0.078557367172468, 51.4198742113104 ], [ -0.083218331775642, 51.419739839653097 ], [ -0.086283457047553, 51.419283730029697 ], [ -0.088337502305502, 51.420005496425397 ], [ -0.092701970567971, 51.422553813843003 ], [ -0.094862705879843, 51.422820207983698 ], [ -0.096883073011681, 51.422670080871001 ], [ -0.105962230700077, 51.422594331323999 ], [ -0.109259088108701, 51.4231778555421 ], [ -0.112632832695885, 51.423242374703499 ], [ -0.115592254616413, 51.420631424086302 ], [ -0.119813449955782, 51.418801665657 ], [ -0.122491042995267, 51.415026994044702 ], [ -0.124080514586188, 51.414596916338098 ], [ -0.124452089727923, 51.413365415215402 ], [ -0.12576501462844, 51.412631302421502 ], [ -0.126236483923793, 51.412929566950602 ], [ -0.126832475641387, 51.412698924543399 ], [ -0.127724902236922, 51.412316330601598 ], [ -0.12788253825179, 51.411999010008898 ], [ -0.13267970911943, 51.412345859366802 ], [ -0.133560060166767, 51.412579791111703 ], [ -0.133503224264562, 51.412939099219699 ], [ -0.134082522818334, 51.410991264919502 ], [ -0.13798690198434, 51.4117707254888 ], [ -0.142597576551947, 51.413348054122203 ], [ -0.144789248046352, 51.412389070740502 ], [ -0.148064535784428, 51.412870112471602 ], [ -0.147125644495259, 51.413756835320498 ], [ -0.144310995873561, 51.415344973493298 ], [ -0.1449843422781, 51.415791391475501 ], [ -0.14318984934952, 51.417281071120797 ], [ -0.137791699678717, 51.421108380168 ], [ -0.138866326253484, 51.424337480436698 ], [ -0.138368338384437, 51.430484904209102 ], [ -0.135255998790616, 51.4303225915898 ], [ -0.136464099062131, 51.433880414987797 ], [ -0.137884499247972, 51.433784409837202 ], [ -0.139765384553264, 51.435743790366899 ], [ -0.139938047971136, 51.436947096265499 ], [ -0.137659341390584, 51.438585935738899 ], [ -0.137232919854898, 51.439724968937199 ], [ -0.137475775318929, 51.440157906904297 ], [ -0.136979798665832, 51.4402460380213 ], [ -0.135931718469766, 51.442007438957297 ], [ -0.137979440726898, 51.441694024159297 ], [ -0.143610577448564, 51.441838961720599 ], [ -0.145464847497787, 51.445068418732802 ], [ -0.145576035836982, 51.446017935929397 ], [ -0.144813183140119, 51.448437448873896 ], [ -0.143116121447447, 51.449709479394599 ], [ -0.142285534925371, 51.4509823240248 ], [ -0.147704337009784, 51.452340059975199 ], [ -0.147352389580989, 51.452963989872103 ], [ -0.14814010330762, 51.456402188146697 ], [ -0.149376245139551, 51.4593627583263 ], [ -0.149694859272761, 51.461291727163001 ], [ -0.150933201647102, 51.463797374094597 ], [ -0.151211614592545, 51.465861155225603 ], [ -0.150551491834348, 51.465948746273099 ], [ -0.150658802947856, 51.466291204509297 ], [ -0.150537817483623, 51.467628075650502 ], [ -0.143116955255333, 51.470512616573998 ], [ -0.142704269112585, 51.470076240659303 ], [ -0.140418758150858, 51.471530006844702 ], [ -0.139785263891007, 51.471332519550302 ], [ -0.139306241780889, 51.4715303523298 ], [ -0.139489285297356, 51.4717929818149 ], [ -0.138326464852263, 51.471962732075198 ], [ -0.136904799699104, 51.473088739722002 ], [ -0.135794146780679, 51.472711458167602 ], [ -0.134664497992621, 51.473340191350303 ], [ -0.134445897632089, 51.473962439434104 ], [ -0.13520708998533, 51.474291589454502 ], [ -0.13387647860239, 51.475694393490599 ], [ -0.129937287491489, 51.481173524619997 ], [ -0.127481700381845, 51.482009713645397 ], [ -0.127056218266137, 51.4835805738212 ], [ -0.12630848820243, 51.484471006523997 ], [ -0.128153514265536, 51.4847318197234 ], [ -0.128506848127153, 51.485042631788502 ], [ -0.126999150376349, 51.485816452670399 ], [ -0.124885072740546, 51.487857825686703 ], [ -0.124204750490972, 51.487854499816301 ], [ -0.122122039961002, 51.491900259120101 ], [ -0.121353582908502, 51.494373962128698 ], [ -0.119380608631458, 51.503814429712797 ], [ -0.118228889290303, 51.505834612736002 ], [ -0.116844065492178, 51.506953117877998 ], [ -0.115120220889926, 51.507660137474502 ], [ -0.111002562487437, 51.508492275091903 ] ] ] } },
{ "type": "Feature", "properties": { "LAD24CD": "E09000023", "LAD24NM": "Lewisham" }, "geometry": { "type": "Polygon", "coordinates": [ [ [ -0.03238416473143, 51.4930527824311 ], [ -0.029385373203074, 51.488937885895197 ], [ -0.029446707365208, 51.488551323810398 ], [ -0.029107248892424, 51.488623403064501 ], [ -0.027553743018761, 51.487221800269303 ], [ -0.024713189485506, 51.4854828066224 ], [ -0.025167112582495, 51.485023274317697 ], [ -0.02576214354767, 51.482150795929002 ], [ -0.026365298265196, 51.4815068251661 ], [ -0.023281438657874, 51.480780825797197 ], [ -0.023040156598423, 51.479665192953803 ], [ -0.020308184536145, 51.479913798374398 ], [ -0.020400856411995, 51.480218968485197 ], [ -0.017801137969378, 51.4808732462131 ], [ -0.01709003681281, 51.480412096045498 ], [ -0.019166359593153, 51.479650572684697 ], [ -0.019418268484612, 51.478014167085 ], [ -0.019839747383165, 51.4780484483137 ], [ -0.019288129030185, 51.4776178089487 ], [ -0.019387631113788, 51.477189540379698 ], [ -0.020050898920605, 51.477130693858101 ], [ -0.021119381460644, 51.476267887130902 ], [ -0.022803521331492, 51.475928953825303 ], [ -0.020923102423819, 51.4761348589684 ], [ -0.02095347011274, 51.475676500116997 ], [ -0.022528201571554, 51.475592470261603 ], [ -0.022260109978327, 51.475455031098697 ], [ -0.022860801086087, 51.475312024336397 ], [ -0.022791955976765, 51.474466302148201 ], [ -0.022582174966601, 51.474112005457798 ], [ -0.021274720772263, 51.473775666781698 ], [ -0.019972964912654, 51.4730017788618 ], [ -0.020311854638684, 51.472305491693803 ], [ -0.019301366576188, 51.472036124810003 ], [ -0.01865868051687, 51.470686281153597 ], [ -0.019244583388524, 51.470506579769904 ], [ -0.019113782379194, 51.470008693152799 ], [ -0.017161299778418, 51.469327664221602 ], [ -0.016890630245839, 51.469072339546003 ], [ -0.01656170945901, 51.469260270797299 ], [ -0.015061544957288, 51.468044431914798 ], [ -0.013105950650346, 51.4689394334913 ], [ -0.015146623896796, 51.471749467953899 ], [ -0.014527606774103, 51.471903084066199 ], [ -0.014045390672563, 51.472670919075199 ], [ -0.012563312715011, 51.4723431829755 ], [ -0.00822948292332, 51.472760059677597 ], [ -0.000897906415909, 51.471803078372098 ], [ 0.017962965802973, 51.473830033351803 ], [ 0.015001240868124, 51.473080943273999 ], [ 0.015529747155912, 51.471316142622697 ], [ 0.016703228587896, 51.469504459175802 ], [ 0.016543598888604, 51.469128995378199 ], [ 0.016357826077867, 51.468974620100497 ], [ 0.014364286694229, 51.469746581796798 ], [ 0.01261018328187, 51.469808512151999 ], [ 0.013088248700867, 51.468146676056698 ], [ 0.012700822773954, 51.467397275633701 ], [ 0.013265504975698, 51.466839070093698 ], [ 0.011536900815007, 51.466236009674098 ], [ 0.00909476022385, 51.465872998079 ], [ 0.009903309947229, 51.459631402846 ], [ 0.011510524862774, 51.456685203888199 ], [ 0.014035667057387, 51.455728149202301 ], [ 0.017548728810565, 51.455031930780102 ], [ 0.018350144785329, 51.451575240304201 ], [ 0.019559623229345, 51.451709750518098 ], [ 0.019885304897905, 51.450729716467897 ], [ 0.015131002164847, 51.450208204122397 ], [ 0.014932778810046, 51.450611241724303 ], [ 0.015100185138924, 51.450006786131198 ], [ 0.021979768529555, 51.448942641904402 ], [ 0.0229540613875, 51.447202581502196 ], [ 0.021242988028852, 51.446697722878 ], [ 0.021521011968616, 51.4444392423515 ], [ 0.020622087486996, 51.444206166210499 ], [ 0.021505758619613, 51.442728261822801 ], [ 0.025580070341721, 51.441716423612398 ], [ 0.027886712143873, 51.441515390285403 ], [ 0.02937881550058, 51.441705418829997 ], [ 0.028592962035554, 51.440403841814401 ], [ 0.028815917570129, 51.438772196700697 ], [ 0.024782236207963, 51.438207763134301 ], [ 0.025435831138825, 51.435666726084101 ], [ 0.027181483267427, 51.4365271656674 ], [ 0.028687013496529, 51.436409692561 ], [ 0.029086714993171, 51.434674398176902 ], [ 0.028592761273228, 51.4340338029563 ], [ 0.031405191625893, 51.432583461357801 ], [ 0.03115916363973, 51.432094199359298 ], [ 0.031607241042355, 51.432555315786999 ], [ 0.032494298593041, 51.431890541251803 ], [ 0.033255814321157, 51.4322311902895 ], [ 0.033736635099745, 51.431695166709702 ], [ 0.037708777408595, 51.433341038748203 ], [ 0.037539860800951, 51.431367589402697 ], [ 0.038364762484887, 51.428281141543799 ], [ 0.037844535071944, 51.427800773683998 ], [ 0.038474138216389, 51.427584007723901 ], [ 0.03905557875006, 51.424687940406201 ], [ 0.036230948428227, 51.422388514080801 ], [ 0.025458977328269, 51.4289732417637 ], [ 0.021218660097896, 51.426862525117798 ], [ 0.018747958647409, 51.427057810412201 ], [ 0.015981210553572, 51.426189523089199 ], [ 0.014120135419355, 51.4261747028362 ], [ 0.014418408662478, 51.425215430981197 ], [ 0.013538652529439, 51.425101516445999 ], [ 0.013365555279522, 51.4246818824287 ], [ 0.011882975678098, 51.424085756253298 ], [ 0.00998225862597, 51.4224818400034 ], [ 0.008106022892577, 51.423039533570098 ], [ 0.007388722446802, 51.421402454341802 ], [ 0.006863399624312, 51.421503311603303 ], [ 0.006728877220366, 51.420944813471202 ], [ 0.006308883682939, 51.421030454813497 ], [ 0.005216364631901, 51.419355776787498 ], [ 0.005671169669682, 51.418526324785503 ], [ 0.003533784491233, 51.417427399720502 ], [ 0.001743135951466, 51.4185857381133 ], [ -0.000118783814671, 51.417575243470203 ], [ -0.000728858659659, 51.415907104005697 ], [ -0.003391205274298, 51.415650787667303 ], [ -0.003280315144245, 51.415035639985099 ], [ -0.004966861307726, 51.4145997379512 ], [ -0.00558318053051, 51.415820045507402 ], [ -0.00655318395764, 51.415978623031499 ], [ -0.006591416803013, 51.414663478986903 ], [ -0.007663775341183, 51.4144768015084 ], [ -0.010312080263417, 51.413577793119202 ], [ -0.014239513349691, 51.413649583744203 ], [ -0.014537950086498, 51.413930885456899 ], [ -0.014274497579853, 51.415160611185399 ], [ -0.017966540008741, 51.415056158855002 ], [ -0.017797830639043, 51.415744160986399 ], [ -0.020999335432924, 51.416024245618601 ], [ -0.022173560797774, 51.416741523685303 ], [ -0.021697395980732, 51.417278696665299 ], [ -0.022558177388813, 51.417564350474102 ], [ -0.021396175911528, 51.418342242773498 ], [ -0.020758945125742, 51.4199461836916 ], [ -0.021649069036651, 51.420442309724599 ], [ -0.020997798625451, 51.420975844473901 ], [ -0.0222423203465, 51.421775678457898 ], [ -0.022574320029263, 51.421557060815303 ], [ -0.024339932274314, 51.423116804478298 ], [ -0.025769241367508, 51.423752821511002 ], [ -0.025963258388507, 51.423611627169599 ], [ -0.03008075136773, 51.425645457025702 ], [ -0.031971356040193, 51.4255360553977 ], [ -0.031793937454094, 51.4247101949598 ], [ -0.033349109439724, 51.424634709050601 ], [ -0.034212916624629, 51.424754368685299 ], [ -0.034195221237908, 51.425110316866103 ], [ -0.037469917601842, 51.424981577935903 ], [ -0.038453221804788, 51.423956802930597 ], [ -0.03989333456578, 51.424258741680902 ], [ -0.040997418554506, 51.4242626757284 ], [ -0.04157172918749, 51.423652266963103 ], [ -0.043810370041586, 51.423153741322302 ], [ -0.043675612608226, 51.422892694393902 ], [ -0.046250965091099, 51.422374927772701 ], [ -0.04599228710929, 51.422795366696299 ], [ -0.051747765242802, 51.422516584027498 ], [ -0.051801527006994, 51.423569890657397 ], [ -0.05473735901637, 51.4237258262227 ], [ -0.0551364357777, 51.422942735226798 ], [ -0.056754945213068, 51.422964975529702 ], [ -0.058099035098312, 51.423172425639002 ], [ -0.06140523705687, 51.424470896782303 ], [ -0.061426143396668, 51.424798273052403 ], [ -0.062404425023153, 51.4251548720109 ], [ -0.064408355402573, 51.425319446550802 ], [ -0.064552601502428, 51.425057581641397 ], [ -0.065808619537808, 51.425330919311897 ], [ -0.066022034512948, 51.425074901490802 ], [ -0.067885513510204, 51.425925117939201 ], [ -0.068657750218593, 51.425993412950497 ], [ -0.068901698592176, 51.425630036378799 ], [ -0.071841922858901, 51.426294897386803 ], [ -0.073907270099848, 51.426212923051899 ], [ -0.075080646733418, 51.428983167635003 ], [ -0.074864023120057, 51.4298417000469 ], [ -0.072865351728725, 51.432096832810899 ], [ -0.07222617746256, 51.432498468256803 ], [ -0.070686936420227, 51.432471616923202 ], [ -0.069113695330873, 51.432830639686799 ], [ -0.066812365549409, 51.433881510661898 ], [ -0.065851493442402, 51.434626468021001 ], [ -0.064393185510338, 51.4370506029422 ], [ -0.06340055506325, 51.437571808418802 ], [ -0.064048949510961, 51.4408409400232 ], [ -0.065030365963507, 51.441163497223499 ], [ -0.064035804744895, 51.442071634816699 ], [ -0.063702096434187, 51.444224121238399 ], [ -0.063017617328299, 51.446199087298801 ], [ -0.061801430646336, 51.447786577102001 ], [ -0.05757769253234, 51.450325767937599 ], [ -0.053855801535686, 51.448686326639802 ], [ -0.04899672876947, 51.450106484078198 ], [ -0.046080099917969, 51.449868024060798 ], [ -0.041647581474361, 51.454996814422501 ], [ -0.044574167942645, 51.456581451229098 ], [ -0.046134013217162, 51.456946084107599 ], [ -0.045211372523211, 51.459430873157501 ], [ -0.045191032271369, 51.462045045621402 ], [ -0.045973345425812, 51.463974806765599 ], [ -0.047470893882357, 51.465124206258999 ], [ -0.048515225557705, 51.465626504477797 ], [ -0.048176265582198, 51.465894319617199 ], [ -0.050811836886982, 51.466653980158199 ], [ -0.05054407460699, 51.466789678573299 ], [ -0.051297018255401, 51.467369849039798 ], [ -0.050851270510991, 51.4675767332687 ], [ -0.052269468059822, 51.469225931120597 ], [ -0.051657647337011, 51.469715835288802 ], [ -0.052741526007144, 51.472969855924703 ], [ -0.052687371435789, 51.478014328125397 ], [ -0.054234570920932, 51.4785957105858 ], [ -0.053098875343929, 51.480927020361399 ], [ -0.052782136587423, 51.4827251851003 ], [ -0.053055588049007, 51.485037677038797 ], [ -0.053534152644425, 51.485680070928296 ], [ -0.052925314218015, 51.486003611689597 ], [ -0.052854497616704, 51.486684191718801 ], [ -0.05396947356612, 51.487941045867203 ], [ -0.052591555669812, 51.487551719397104 ], [ -0.052345511581923, 51.487800714652799 ], [ -0.050486984019177, 51.487920398225398 ], [ -0.050065420473504, 51.488330275747998 ], [ -0.051936755708593, 51.4891146020612 ], [ -0.051339477164936, 51.489504263916999 ], [ -0.046540836981774, 51.4906693066632 ], [ -0.04652885262799, 51.490348347768098 ], [ -0.042255614655801, 51.4900887301159 ], [ -0.042479101114327, 51.490251330880803 ], [ -0.040276887726692, 51.491045527470902 ], [ -0.041023742751953, 51.491830604245102 ], [ -0.0400305589638, 51.492182369220302 ], [ -0.040491810932473, 51.4927970377123 ], [ -0.039234613669346, 51.492966170132398 ], [ -0.037250900448382, 51.4922243551351 ], [ -0.03238416473143, 51.4930527824311 ] ] ] } },
{ "type": "Feature", "properties": { "LAD24CD": "E09000024", "LAD24NM": "Merton" }, "geometry": { "type": "Polygon", "coordinates": [ [ [ -0.189218065514694, 51.438544122796401 ], [ -0.19024921490484, 51.434801664472403 ], [ -0.191170675654779, 51.4334547661404 ], [ -0.189774535259361, 51.431351263770701 ], [ -0.188399330993625, 51.432089140349198 ], [ -0.187397630881723, 51.432103079502497 ], [ -0.187267527249529, 51.4329863346087 ], [ -0.185726011599937, 51.4331664025473 ], [ -0.184230920198413, 51.431267594623201 ], [ -0.184554694118206, 51.427819313819001 ], [ -0.184045539170172, 51.426352393555 ], [ -0.181939169287309, 51.424731271428897 ], [ -0.178769641648691, 51.424319149268797 ], [ -0.173570188532307, 51.423176845000299 ], [ -0.167952443598719, 51.420820166445502 ], [ -0.164833602059389, 51.420358290477097 ], [ -0.165015219225781, 51.420107365084398 ], [ -0.161648654322682, 51.419856854427799 ], [ -0.160326438950233, 51.421906700198903 ], [ -0.159915122954229, 51.4219654438145 ], [ -0.159860356825961, 51.422603060067502 ], [ -0.151388394114291, 51.419874245391597 ], [ -0.15033540351685, 51.4200765866373 ], [ -0.149420808854251, 51.419888229947702 ], [ -0.144454358993661, 51.417751705070998 ], [ -0.140358848161646, 51.419263703584697 ], [ -0.14318984934952, 51.417281071120797 ], [ -0.1449843422781, 51.415791391475501 ], [ -0.144310995873561, 51.415344973493298 ], [ -0.147125644495259, 51.413756835320498 ], [ -0.148064535784428, 51.412870112471602 ], [ -0.144789248046352, 51.412389070740502 ], [ -0.142597576551947, 51.413348054122203 ], [ -0.13798690198434, 51.4117707254888 ], [ -0.134082522818334, 51.410991264919502 ], [ -0.133503224264562, 51.412939099219699 ], [ -0.133560060166767, 51.412579791111703 ], [ -0.13267970911943, 51.412345859366802 ], [ -0.12788253825179, 51.411999010008898 ], [ -0.127724902236922, 51.412316330601598 ], [ -0.128172719102879, 51.4109379441608 ], [ -0.128485181981585, 51.410991485870397 ], [ -0.129456084681713, 51.409574480486697 ], [ -0.132077065227153, 51.409202657970503 ], [ -0.132302969076169, 51.406808400849798 ], [ -0.131456540014508, 51.404934786065397 ], [ -0.130445542440792, 51.403274141403401 ], [ -0.127712992732134, 51.401468637176897 ], [ -0.125398398024585, 51.398826331711703 ], [ -0.125681408571826, 51.398324111595102 ], [ -0.12465030667513, 51.398097384539703 ], [ -0.124139637510634, 51.397609567957097 ], [ -0.129652233327207, 51.393652162289698 ], [ -0.128727428770065, 51.3935021006669 ], [ -0.134321993903791, 51.390847066178303 ], [ -0.134836543112323, 51.390961250546098 ], [ -0.141849967742782, 51.389304078599601 ], [ -0.14323257693588, 51.390416544417299 ], [ -0.144280534363931, 51.390665088732803 ], [ -0.158026699152325, 51.389251356278997 ], [ -0.158270747383943, 51.388820906956902 ], [ -0.159870506323104, 51.388509324697097 ], [ -0.160961193086177, 51.387819318558101 ], [ -0.161826346385023, 51.388137296149601 ], [ -0.165299266767606, 51.387999103736497 ], [ -0.166329573049792, 51.389609083918799 ], [ -0.16747246297784, 51.390003851591203 ], [ -0.171307920936, 51.392517778705603 ], [ -0.172919399332055, 51.392675267770102 ], [ -0.174812978456833, 51.393412945875198 ], [ -0.179299666601683, 51.389804501381398 ], [ -0.18267406468114, 51.388068105488799 ], [ -0.184505748431722, 51.3875128788425 ], [ -0.188399006002823, 51.385434280601601 ], [ -0.189635576938184, 51.386021816620499 ], [ -0.190491734111209, 51.386204254252398 ], [ -0.190291188379491, 51.386370827335902 ], [ -0.191606700460251, 51.387115366650399 ], [ -0.191845074590488, 51.386911886386102 ], [ -0.193141586701256, 51.387833722869402 ], [ -0.193479892063415, 51.387646503990702 ], [ -0.193843953585038, 51.387913570823102 ], [ -0.200282488049242, 51.384941545424702 ], [ -0.203406993201415, 51.387253275612998 ], [ -0.205073830430377, 51.386135765473803 ], [ -0.209783879622302, 51.388299755153596 ], [ -0.213360443776366, 51.385054766910898 ], [ -0.212943947841898, 51.384851217957099 ], [ -0.213739524252793, 51.384035677343697 ], [ -0.218080128415406, 51.3801823745994 ], [ -0.223186338710371, 51.382055893622102 ], [ -0.227724593485754, 51.383969332020499 ], [ -0.233712357195317, 51.3876149280023 ], [ -0.234641229449196, 51.390557787660399 ], [ -0.239691091190174, 51.3892739323285 ], [ -0.240094785343288, 51.391187835679197 ], [ -0.241707851567578, 51.393896935848801 ], [ -0.244672198866986, 51.394724217980198 ], [ -0.247406743509032, 51.397569571953497 ], [ -0.246726763858157, 51.398618548326098 ], [ -0.246816434841592, 51.4005082357859 ], [ -0.24522590265169, 51.401755255178301 ], [ -0.244703374362305, 51.403855321538103 ], [ -0.245336450507355, 51.4070702850427 ], [ -0.245818587038421, 51.407561038799201 ], [ -0.24702184888123, 51.407846962572499 ], [ -0.247483474170963, 51.408478804196498 ], [ -0.247157795613144, 51.409606740053299 ], [ -0.249520611777482, 51.414775849915998 ], [ -0.249651145906568, 51.418565303600502 ], [ -0.251156453118063, 51.422390395878303 ], [ -0.252927898194788, 51.423213763397101 ], [ -0.252239244105153, 51.425702094290699 ], [ -0.254238567069917, 51.429302008316803 ], [ -0.253307115028818, 51.4308384796986 ], [ -0.252441767222631, 51.431206223685201 ], [ -0.251085089413751, 51.432557791518001 ], [ -0.241417272763755, 51.435024071524403 ], [ -0.231241775790899, 51.4381627126034 ], [ -0.225663923299855, 51.438727400776202 ], [ -0.224476439324272, 51.438606915741303 ], [ -0.224313610817667, 51.438868069066601 ], [ -0.220629461672805, 51.438460630265503 ], [ -0.21782201680995, 51.438692724087097 ], [ -0.216594258474707, 51.438370671793699 ], [ -0.215697720793874, 51.437742747182902 ], [ -0.212530125599758, 51.437829396044499 ], [ -0.204528109815396, 51.438953252120299 ], [ -0.190026527777626, 51.441464584023301 ], [ -0.18985428904194, 51.4402710898283 ], [ -0.190639590037065, 51.438919373950803 ], [ -0.189218065514694, 51.438544122796401 ] ] ] } },
{ "type": "Feature", "properties": { "LAD24CD": "E09000025", "LAD24NM": "Newham" }, "geometry": { "type": "Polygon", "coordinates": [ [ [ 0.055662330231665, 51.559353034882101 ], [ 0.056314588682491, 51.558587475681698 ], [ 0.05696050081235, 51.558670121477697 ], [ 0.057197220298006, 51.558003547295201 ], [ 0.058257188177207, 51.557877385274303 ], [ 0.058704986650362, 51.557215656291802 ], [ 0.060150741845131, 51.556407096597098 ], [ 0.063642630151228, 51.557276259842901 ], [ 0.064945013599727, 51.556395296205103 ], [ 0.066607409415652, 51.554719097548301 ], [ 0.066929705883806, 51.5532818646954 ], [ 0.06778482188534, 51.5532667287507 ], [ 0.068713400044093, 51.5474641815659 ], [ 0.068361694633867, 51.5443903891844 ], [ 0.066892728562933, 51.541865657810703 ], [ 0.066684410303725, 51.540648243036898 ], [ 0.06708434955537, 51.539466059415297 ], [ 0.068906113511104, 51.537193027049703 ], [ 0.068272939675622, 51.536989759423101 ], [ 0.067955091990852, 51.536196121061202 ], [ 0.069525361087501, 51.536262198029597 ], [ 0.071756237764852, 51.532897446487297 ], [ 0.072576977672917, 51.530751238575199 ], [ 0.07274547622173, 51.529274736874697 ], [ 0.073325398731502, 51.529404451737399 ], [ 0.073275763361914, 51.529195646807104 ], [ 0.075184576368199, 51.529511271479102 ], [ 0.077986132531863, 51.529119958079697 ], [ 0.078509066452787, 51.528809884856301 ], [ 0.077961994826036, 51.528605546122002 ], [ 0.077533252188639, 51.528846952469998 ], [ 0.077607399084942, 51.528485565711598 ], [ 0.078849716460187, 51.528438740510701 ], [ 0.08010638379697, 51.5275074274102 ], [ 0.083094335900575, 51.526609849686999 ], [ 0.085201261770673, 51.525582308529202 ], [ 0.0864858694039, 51.525600386272302 ], [ 0.088861767953423, 51.526232120617301 ], [ 0.089676197517541, 51.525584070686499 ], [ 0.092088444528606, 51.525623812585401 ], [ 0.092251225116151, 51.524142925879502 ], [ 0.090700653658084, 51.523935405726803 ], [ 0.091775459870277, 51.523560126555502 ], [ 0.091824118475342, 51.522545758107398 ], [ 0.094458692703587, 51.520302676227601 ], [ 0.093935688045081, 51.518972517904899 ], [ 0.094772263047195, 51.516486760848998 ], [ 0.095590648323685, 51.515757639115002 ], [ 0.09690210496223, 51.5153146686295 ], [ 0.09659958750327, 51.515082659491497 ], [ 0.095612429287365, 51.515462726008103 ], [ 0.094001451219935, 51.514984742368803 ], [ 0.090259726286287, 51.514795985628901 ], [ 0.090534660134532, 51.514298373629799 ], [ 0.088074522854472, 51.513671326118299 ], [ 0.084840686345054, 51.512370025253801 ], [ 0.083317574700798, 51.511523429553399 ], [ 0.083680873160657, 51.5109733476896 ], [ 0.08099637373363, 51.5085960663747 ], [ 0.080251772069623, 51.508400187635701 ], [ 0.077975524217572, 51.505146029338498 ], [ 0.076662367467393, 51.504921126495503 ], [ 0.078231372945453, 51.504377895218802 ], [ 0.078149687574295, 51.503976004725899 ], [ 0.077758979170194, 51.504540531121101 ], [ 0.076836020790222, 51.503828412949403 ], [ 0.076246462258755, 51.503839753526201 ], [ 0.076656398050542, 51.503462160427397 ], [ 0.075262066780961, 51.502264965275401 ], [ 0.073958857254781, 51.502124352920099 ], [ 0.074664109956765, 51.501602420176397 ], [ 0.073666230079338, 51.500360156056402 ], [ 0.069694185192834, 51.499192931499302 ], [ 0.068826522258802, 51.4991477960479 ], [ 0.068746195150152, 51.499353549142498 ], [ 0.068663426675089, 51.499069036882801 ], [ 0.060124711912613, 51.498356518942202 ], [ 0.057614711187452, 51.498449155496402 ], [ 0.049305630367928, 51.499555108908702 ], [ 0.043472395957515, 51.4999078277514 ], [ 0.034961594478566, 51.499644537754797 ], [ 0.026801930955463, 51.498624821397797 ], [ 0.024649719762683, 51.498615241745703 ], [ 0.022455510591324, 51.499120731969498 ], [ 0.022359389716623, 51.4989025172735 ], [ 0.019676153194089, 51.4996394087525 ], [ 0.017131961229118, 51.500997501698201 ], [ 0.015495819287921, 51.502643014449802 ], [ 0.015169469939788, 51.502512831327799 ], [ 0.014642625516083, 51.502981424092503 ], [ 0.014863687189744, 51.503239768844601 ], [ 0.014467487266227, 51.503159345940702 ], [ 0.013084939959679, 51.504449298955201 ], [ 0.013406386239751, 51.504932921271902 ], [ 0.012030833124046, 51.505281256615199 ], [ 0.009691501178077, 51.506837148218104 ], [ 0.010472847587042, 51.508581286562197 ], [ 0.009833895980989, 51.509169734231897 ], [ 0.006574398115316, 51.510028133619997 ], [ 0.008176013234267, 51.5125449515821 ], [ 0.0081209887566, 51.513341337852403 ], [ 0.007207047686815, 51.514368723896197 ], [ 0.006321934966126, 51.514610508224997 ], [ 0.005144078104404, 51.514176514010103 ], [ 0.004281585728526, 51.513411130410397 ], [ 0.003712071156631, 51.511039912738902 ], [ 0.002569842191103, 51.510971752646199 ], [ 0.004388817308359, 51.514700530661301 ], [ 0.003151449027451, 51.515832058144902 ], [ -0.002536717116274, 51.5184818096104 ], [ -0.00248347222222, 51.518199875496798 ], [ -0.004035249311434, 51.517889238806802 ], [ -0.005124336050802, 51.516920864195001 ], [ -0.006555370559688, 51.518960247662697 ], [ -0.008554261763721, 51.520045713616199 ], [ -0.008657732964083, 51.520759450218797 ], [ -0.00722424592842, 51.522820996730097 ], [ -0.006510417239788, 51.525684363888502 ], [ -0.002088281577661, 51.527029969126701 ], [ 0.000662319228078, 51.528310833328099 ], [ 0.000867302717087, 51.529270456088398 ], [ 0.001821418142682, 51.530315306679498 ], [ 0.001109501560405, 51.531094993936598 ], [ -0.000776211816237, 51.528141057432499 ], [ -0.00230100560479, 51.527159938701502 ], [ -0.00380271434285, 51.526957529327099 ], [ -0.003889877669766, 51.528257471952898 ], [ -0.004309596439372, 51.527880801427798 ], [ -0.0041856785536, 51.526870519225298 ], [ -0.004932972052294, 51.5264466302743 ], [ -0.006447916697773, 51.526319951119497 ], [ -0.006968579365124, 51.527090479428502 ], [ -0.00797559922721, 51.527233216380502 ], [ -0.006941387730803, 51.526062598744801 ], [ -0.007862988808133, 51.523025145937297 ], [ -0.008090340113275, 51.523835311029401 ], [ -0.007562454849609, 51.526275884256201 ], [ -0.008640835277911, 51.527556209742897 ], [ -0.010267401705797, 51.528482073861902 ], [ -0.010687929501827, 51.529281324590201 ], [ -0.013682263791693, 51.529846546692703 ], [ -0.017147264030107, 51.531315223322999 ], [ -0.018011217811193, 51.532222357286102 ], [ -0.018071227467736, 51.533438879599501 ], [ -0.01894794563592, 51.534139043119701 ], [ -0.019663001775841, 51.535585116850001 ], [ -0.020953384868906, 51.536283923283399 ], [ -0.021267833703349, 51.537007401384997 ], [ -0.019445991984592, 51.538254152375103 ], [ -0.018885820643558, 51.539341035172598 ], [ -0.017858506703941, 51.540174829654198 ], [ -0.017699053550178, 51.540956854853 ], [ -0.016595008818855, 51.541390265331302 ], [ -0.016091422267586, 51.542476820572602 ], [ -0.016549676137034, 51.543329866782997 ], [ -0.017463145883719, 51.547598272684702 ], [ -0.018935593886592, 51.550534912348901 ], [ -0.018983206844693, 51.551596232414802 ], [ -0.017174335251558, 51.551577283719801 ], [ -0.016918682041395, 51.551402917757102 ], [ -0.013788931775043, 51.551920097354198 ], [ -0.010842382025656, 51.552623690005397 ], [ -0.009443059965719, 51.552196912041801 ], [ -0.008686252297432, 51.549922890254003 ], [ -0.003760482657641, 51.551166054105501 ], [ -0.003580555789053, 51.550911980572202 ], [ -0.000155843808585, 51.551731470479801 ], [ 0.003320360166942, 51.552095142152297 ], [ 0.003876080747987, 51.551799177250302 ], [ 0.005247386004184, 51.551985090597 ], [ 0.005748049773169, 51.5518622024058 ], [ 0.005773160071566, 51.550659700737597 ], [ 0.009568766876411, 51.551246983236602 ], [ 0.010825459420903, 51.552244648917799 ], [ 0.009637923444795, 51.553413215780701 ], [ 0.011138918896229, 51.554385819551698 ], [ 0.01163241127802, 51.553914514048003 ], [ 0.014641293454769, 51.5549643727134 ], [ 0.016280796697931, 51.553192710386597 ], [ 0.016755569874395, 51.553378946356403 ], [ 0.016993580512891, 51.553151046721297 ], [ 0.021523156694709, 51.554894519730901 ], [ 0.020474204165771, 51.556128125074501 ], [ 0.022581466894598, 51.556094246959802 ], [ 0.022712751830834, 51.556700513222196 ], [ 0.023385350661203, 51.556787658668597 ], [ 0.023793999305182, 51.5555239234507 ], [ 0.025374533585223, 51.555545012193903 ], [ 0.025518326187618, 51.554044008873198 ], [ 0.032269022193695, 51.554589706665503 ], [ 0.035430363145461, 51.555258472317902 ], [ 0.046272611011731, 51.554829939768297 ], [ 0.04433960933968, 51.557591145491799 ], [ 0.042936891131819, 51.558360733181601 ], [ 0.042029277947446, 51.561492079870803 ], [ 0.050344992489226, 51.564021770310298 ], [ 0.051559556466444, 51.562172397411402 ], [ 0.054097824073952, 51.560840695527297 ], [ 0.054441976420733, 51.559627085985198 ], [ 0.055662330231665, 51.559353034882101 ] ] ] } },
{ "type": "Feature", "properties": { "LAD24CD": "E09000026", "LAD24NM": "Redbridge" }, "geometry": { "type": "Polygon", "coordinates": [ [ [ 0.032697958394257, 51.622342103021403 ], [ 0.037477764578158, 51.618325835066301 ], [ 0.037545414378219, 51.6179002367113 ], [ 0.040214577970348, 51.616410523313199 ], [ 0.04001414572321, 51.616097463668197 ], [ 0.040787843297423, 51.615728818776098 ], [ 0.042186573587699, 51.616512082809898 ], [ 0.044138483765703, 51.6170510187102 ], [ 0.047860649686672, 51.617410534777299 ], [ 0.053098115652603, 51.6184233353354 ], [ 0.053672773791309, 51.618279097780103 ], [ 0.054451422299301, 51.617610300621003 ], [ 0.054165084189171, 51.6166809384301 ], [ 0.053268054304035, 51.616342522034799 ], [ 0.051905079226826, 51.616897961907704 ], [ 0.050154563543251, 51.6164165846237 ], [ 0.048495743199827, 51.615032475991597 ], [ 0.048565738621745, 51.6138498370549 ], [ 0.047956183543044, 51.613302634582801 ], [ 0.048242974898449, 51.6131175168562 ], [ 0.04886601057736, 51.613576569853301 ], [ 0.05865533414635, 51.609101742203997 ], [ 0.062622581730431, 51.607039816688399 ], [ 0.063960277037774, 51.607241575005602 ], [ 0.065967272830215, 51.606320979236699 ], [ 0.072811862575804, 51.604681898933499 ], [ 0.076698474710054, 51.606309130756998 ], [ 0.079369067593195, 51.607038472899497 ], [ 0.084443865362895, 51.606340118915703 ], [ 0.087142016724408, 51.6044152917096 ], [ 0.08883661041525, 51.604859697675302 ], [ 0.089188794190133, 51.605415391283302 ], [ 0.092544709804261, 51.606192849833803 ], [ 0.09173485703422, 51.607409627128 ], [ 0.091940550003848, 51.608230066872999 ], [ 0.092638316288266, 51.609421051419901 ], [ 0.093912786022191, 51.609838796419197 ], [ 0.09420448175843, 51.610669203611998 ], [ 0.094653204239815, 51.610790785381802 ], [ 0.093571069638298, 51.6125198830104 ], [ 0.092284867930696, 51.613574263712998 ], [ 0.098068391136137, 51.615421580507302 ], [ 0.100190203158366, 51.612730137844601 ], [ 0.103414553809219, 51.613453654224799 ], [ 0.103837892902431, 51.612551364641902 ], [ 0.109631880082643, 51.613961749790697 ], [ 0.116710192938793, 51.616921649018202 ], [ 0.118606674569968, 51.6153667569791 ], [ 0.119307301579151, 51.615368502629003 ], [ 0.124198641273924, 51.617505954030598 ], [ 0.12609846056529, 51.619643272717298 ], [ 0.128839209569546, 51.620668316799097 ], [ 0.129189005999239, 51.6214037068032 ], [ 0.135810576180092, 51.623547134796802 ], [ 0.138184235471144, 51.6235453960564 ], [ 0.144374330471667, 51.616804967236398 ], [ 0.145513450183006, 51.614534541614603 ], [ 0.147540561512271, 51.612223352045703 ], [ 0.148702061675442, 51.608697750909599 ], [ 0.148618257531294, 51.604440419212203 ], [ 0.149510112602879, 51.602904246523501 ], [ 0.14820590165784, 51.598968464245701 ], [ 0.146599887190742, 51.599435939951903 ], [ 0.137595192673804, 51.593894059565002 ], [ 0.129573872052847, 51.590045578560499 ], [ 0.13102192079694, 51.587524238876902 ], [ 0.126386612488677, 51.586725220138398 ], [ 0.127258715353732, 51.583925850623402 ], [ 0.127662365447979, 51.583878518326699 ], [ 0.128092527625584, 51.582833359748498 ], [ 0.127759038931832, 51.581636383111302 ], [ 0.132555277913465, 51.5813066129801 ], [ 0.133567347777831, 51.579953650033403 ], [ 0.130823841436869, 51.579365455315603 ], [ 0.131643362720049, 51.577085304056702 ], [ 0.129191022343564, 51.576312337886399 ], [ 0.129443523032527, 51.573944442064601 ], [ 0.13009987732425, 51.573064432330497 ], [ 0.130909699401323, 51.5733421683491 ], [ 0.131578541181193, 51.571824371111902 ], [ 0.129906952553102, 51.5715383926836 ], [ 0.130026134177711, 51.570730149641001 ], [ 0.130423208865367, 51.570670055061498 ], [ 0.130459106946623, 51.570281750621099 ], [ 0.129659209964429, 51.568111200994302 ], [ 0.129324285273829, 51.566525443787498 ], [ 0.127680076814031, 51.566161181554897 ], [ 0.12502855734482, 51.564340978406499 ], [ 0.119051087716779, 51.563051821024501 ], [ 0.118877678684053, 51.562732732803397 ], [ 0.119745551654053, 51.5625073441525 ], [ 0.117486903589319, 51.559180308647001 ], [ 0.120491599554835, 51.558573466586502 ], [ 0.118901016628217, 51.557370990102903 ], [ 0.117085043058467, 51.557417649940099 ], [ 0.117084962182422, 51.556911878214599 ], [ 0.11327287260786, 51.557266754034799 ], [ 0.112737337980796, 51.5565250331288 ], [ 0.114742939156256, 51.555318016450599 ], [ 0.112354343080321, 51.553501643738102 ], [ 0.111946500144236, 51.552668956184498 ], [ 0.111139441785709, 51.552484571396299 ], [ 0.108418923121705, 51.552696257634402 ], [ 0.108318691080143, 51.552156848650597 ], [ 0.107456041875476, 51.552002312701802 ], [ 0.106131546667101, 51.550944912441501 ], [ 0.104316248210586, 51.5498418764059 ], [ 0.099768592382731, 51.548426662280797 ], [ 0.093519764473527, 51.545857893450098 ], [ 0.092267712378569, 51.548637050455 ], [ 0.092608263784322, 51.549649699568299 ], [ 0.091704325393476, 51.549109623379998 ], [ 0.091536762628964, 51.548302789757003 ], [ 0.085892009998172, 51.547344393162703 ], [ 0.081660029763233, 51.545584630036998 ], [ 0.081512527647245, 51.545169707414701 ], [ 0.077960041034707, 51.544052000750497 ], [ 0.077493984221171, 51.544573513570001 ], [ 0.077033061451772, 51.544379501966901 ], [ 0.076809971289619, 51.544584913370102 ], [ 0.075548908011019, 51.544011218307602 ], [ 0.071957090273782, 51.543810875449303 ], [ 0.071809841347655, 51.543561840514101 ], [ 0.069711436354359, 51.544066004797003 ], [ 0.069665275729358, 51.546446704850297 ], [ 0.06898066772517, 51.548976038068901 ], [ 0.069458504279925, 51.550383973047502 ], [ 0.068605669827013, 51.551377872706702 ], [ 0.067983720560586, 51.554299336255802 ], [ 0.066010557445104, 51.556794184582003 ], [ 0.06422197336771, 51.557861394645499 ], [ 0.063262982462812, 51.558252930691701 ], [ 0.061934099469253, 51.558121169227498 ], [ 0.060954681542361, 51.558475607232801 ], [ 0.05806099892273, 51.560752105051897 ], [ 0.057395967209165, 51.560849650317202 ], [ 0.060725163749929, 51.558424783229697 ], [ 0.061880120645314, 51.557996219415102 ], [ 0.062716550125087, 51.558080656685902 ], [ 0.064065131465104, 51.557818156288697 ], [ 0.065870598644971, 51.5567212596358 ], [ 0.067575878191708, 51.554658140667897 ], [ 0.06832663310175, 51.551427306284303 ], [ 0.069245960916118, 51.550293297679303 ], [ 0.068716493677441, 51.549018915610702 ], [ 0.069422343215137, 51.546327968635403 ], [ 0.069343818956674, 51.544154324161397 ], [ 0.068361694633867, 51.5443903891844 ], [ 0.068713400044093, 51.5474641815659 ], [ 0.06778482188534, 51.5532667287507 ], [ 0.066929705883806, 51.5532818646954 ], [ 0.066607409415652, 51.554719097548301 ], [ 0.064945013599727, 51.556395296205103 ], [ 0.063642630151228, 51.557276259842901 ], [ 0.060150741845131, 51.556407096597098 ], [ 0.058704986650362, 51.557215656291802 ], [ 0.058257188177207, 51.557877385274303 ], [ 0.057197220298006, 51.558003547295201 ], [ 0.05696050081235, 51.558670121477697 ], [ 0.056314588682491, 51.558587475681698 ], [ 0.055662330231665, 51.559353034882101 ], [ 0.054441976420733, 51.559627085985198 ], [ 0.054097824073952, 51.560840695527297 ], [ 0.051559556466444, 51.562172397411402 ], [ 0.050344992489226, 51.564021770310298 ], [ 0.042029277947446, 51.561492079870803 ], [ 0.042936891131819, 51.558360733181601 ], [ 0.04433960933968, 51.557591145491799 ], [ 0.046272611011731, 51.554829939768297 ], [ 0.035430363145461, 51.555258472317902 ], [ 0.032269022193695, 51.554589706665503 ], [ 0.025518326187618, 51.554044008873198 ], [ 0.025374533585223, 51.555545012193903 ], [ 0.023793999305182, 51.5555239234507 ], [ 0.023385350661203, 51.556787658668597 ], [ 0.022712751830834, 51.556700513222196 ], [ 0.022581466894598, 51.556094246959802 ], [ 0.020474204165771, 51.556128125074501 ], [ 0.017140699535492, 51.558840657863797 ], [ 0.014819972211581, 51.559426259711302 ], [ 0.014308954583771, 51.563507878202799 ], [ 0.01446477450541, 51.565615794621699 ], [ 0.017577675120316, 51.565663562536002 ], [ 0.018858943909972, 51.566326029471 ], [ 0.018998174561027, 51.566976234945997 ], [ 0.017683436098059, 51.570014231689001 ], [ 0.018281654656394, 51.570138606217697 ], [ 0.019131076233343, 51.569854894944903 ], [ 0.018921120683096, 51.572322094887397 ], [ 0.018054755978928, 51.572037465492002 ], [ 0.016486728826275, 51.572887233818903 ], [ 0.017412692744331, 51.574486272618302 ], [ 0.017505595813187, 51.577387716387101 ], [ 0.015351112953979, 51.581642906572903 ], [ 0.015703684812444, 51.581837107155998 ], [ 0.01533244862944, 51.582474757073498 ], [ 0.0155406198265, 51.583346610416299 ], [ 0.014935484514515, 51.583357745324797 ], [ 0.013413525149581, 51.583783621449399 ], [ 0.012095900506266, 51.592690500742599 ], [ 0.012966478194586, 51.599123110875901 ], [ 0.019145068610421, 51.607790205594199 ], [ 0.019579013468185, 51.607610941702902 ], [ 0.019280772375472, 51.608245641003201 ], [ 0.021424605946604, 51.6110918355539 ], [ 0.021250445433346, 51.612307458387797 ], [ 0.016274436042784, 51.6168571923616 ], [ 0.00869444540429, 51.619069901452697 ], [ 0.014538092445483, 51.6188930894347 ], [ 0.014727864674831, 51.619761188741599 ], [ 0.014270718517204, 51.620276598125102 ], [ 0.015906299354702, 51.620949374069298 ], [ 0.016229306123901, 51.621774602628101 ], [ 0.017053094690418, 51.6219869950665 ], [ 0.017057799864386, 51.622355751135501 ], [ 0.01771086577983, 51.622342615616297 ], [ 0.018468225343173, 51.622786095679601 ], [ 0.018845105450582, 51.623256478197597 ], [ 0.018492220156206, 51.623505347486699 ], [ 0.019066124036121, 51.623668572919797 ], [ 0.018781592797772, 51.6240917997184 ], [ 0.019120230514192, 51.625045190766699 ], [ 0.020087735028436, 51.626428774961703 ], [ 0.019938734141976, 51.627005898409699 ], [ 0.020580017171243, 51.627335192421299 ], [ 0.020995982746382, 51.628917775847498 ], [ 0.021819035344359, 51.628832786110401 ], [ 0.024588109735276, 51.627518052640099 ], [ 0.026833859523459, 51.6259074323115 ], [ 0.029075576932441, 51.625116930072501 ], [ 0.028937232651381, 51.624676791705802 ], [ 0.030727318068551, 51.623636089446897 ], [ 0.030524246548568, 51.623292492818699 ], [ 0.031502897052281, 51.623092539052102 ], [ 0.032697958394257, 51.622342103021403 ] ] ] } },
{ "type": "Feature", "properties": { "LAD24CD": "E09000027", "LAD24NM": "Richmond upon Thames" }, "geometry": { "type": "MultiPolygon", "coordinates": [ [ [ [ -0.3311857080572, 51.439565149109399 ], [ -0.330667635536419, 51.438894388766499 ], [ -0.331481865809256, 51.439349878540199 ], [ -0.3311857080572, 51.439565149109399 ] ] ], [ [ [ -0.320907968517047, 51.446132799112497 ], [ -0.325056137774888, 51.444778573970403 ], [ -0.325487800654684, 51.445035629519502 ], [ -0.325137686918841, 51.444752313050003 ], [ -0.328068298054922, 51.443965973068401 ], [ -0.327171950006568, 51.444945033132903 ], [ -0.325787157187955, 51.445722874332603 ], [ -0.324521209128429, 51.445749741087702 ], [ -0.323821527152493, 51.446055877567098 ], [ -0.323329795268306, 51.445823971211901 ], [ -0.323367047927864, 51.446044366696398 ], [ -0.321753265417953, 51.4462357314721 ], [ -0.320907968517047, 51.446132799112497 ] ] ], [ [ [ -0.308738338665654, 51.4581642169464 ], [ -0.308449961785582, 51.457787766248899 ], [ -0.309919196973506, 51.458521160764199 ], [ -0.308738338665654, 51.4581642169464 ] ] ], [ [ [ -0.326876811513731, 51.461247960115799 ], [ -0.326886287042126, 51.461251653672498 ], [ -0.326861258371947, 51.461291716087203 ], [ -0.326876811513731, 51.461247960115799 ] ] ], [ [ [ -0.325312331286944, 51.463688119964303 ], [ -0.325716053946399, 51.463124752368998 ], [ -0.325205783547585, 51.463836796655301 ], [ -0.325312331286944, 51.463688119964303 ] ] ], [ [ [ -0.294793582150298, 51.485982860621597 ], [ -0.297418798873058, 51.484567734759402 ], [ -0.296409058180967, 51.485612472712504 ], [ -0.294793582150298, 51.485982860621597 ] ] ], [ [ [ -0.289887911380429, 51.487174928477501 ], [ -0.2945303527175, 51.486089613077702 ], [ -0.294332309916349, 51.486301688047398 ], [ -0.291880995927489, 51.487030453497098 ], [ -0.289887911380429, 51.487174928477501 ] ] ], [ [ [ -0.224871310099639, 51.473684218935901 ], [ -0.222919139768397, 51.471838585011398 ], [ -0.223712792431086, 51.471590715959898 ], [ -0.223408174319422, 51.471496334147801 ], [ -0.223617472767174, 51.470742051294501 ], [ -0.226953611355139, 51.471401494149397 ], [ -0.231193690359327, 51.4728239810253 ], [ -0.232733298874365, 51.472510758717803 ], [ -0.233483177036173, 51.467998551223403 ], [ -0.232873971995118, 51.466634358882303 ], [ -0.233626914383744, 51.466089239176 ], [ -0.233290023158623, 51.463971745614899 ], [ -0.239534478428114, 51.464855424029103 ], [ -0.244245925605333, 51.465261327426198 ], [ -0.248747588002848, 51.465054658361197 ], [ -0.252950677329956, 51.465224043455301 ], [ -0.255947145177923, 51.4630733671545 ], [ -0.257958102690143, 51.4603786614855 ], [ -0.256800012380191, 51.459822308527599 ], [ -0.258466733609521, 51.457043412625097 ], [ -0.259111198831886, 51.454953488951801 ], [ -0.247289858979786, 51.449195909574598 ], [ -0.24159865877434, 51.443117985084697 ], [ -0.242721716909592, 51.441911280861298 ], [ -0.254066366518792, 51.4372878642506 ], [ -0.256186003261627, 51.436652150920303 ], [ -0.256318925603588, 51.436345213641196 ], [ -0.264549483902374, 51.432909752742603 ], [ -0.270905100636418, 51.429558919545201 ], [ -0.280399432687045, 51.421891285966304 ], [ -0.286559992341689, 51.420185492770798 ], [ -0.290616410459767, 51.428990164330102 ], [ -0.293009168924247, 51.428940937240903 ], [ -0.293394214716677, 51.4265036126951 ], [ -0.294792456201313, 51.4264438922945 ], [ -0.294720818622335, 51.426998038541001 ], [ -0.295430789425014, 51.427037113076999 ], [ -0.295483633547867, 51.4276615223554 ], [ -0.297677226510859, 51.428676670193497 ], [ -0.301593960146175, 51.431434681103497 ], [ -0.302079636232512, 51.431160120610798 ], [ -0.301754172083702, 51.430390833162001 ], [ -0.305917554801736, 51.431361202289899 ], [ -0.306411012209388, 51.430157404618399 ], [ -0.306881882251474, 51.4301500111129 ], [ -0.308542761575097, 51.430780525959399 ], [ -0.308067540697836, 51.431072901653202 ], [ -0.309758432683688, 51.432138793044899 ], [ -0.310650913997973, 51.4322095269603 ], [ -0.312903931530096, 51.430256153727001 ], [ -0.314430429140883, 51.4282489129277 ], [ -0.311054040219989, 51.426762573694099 ], [ -0.308361931519297, 51.425009426270499 ], [ -0.306706626551084, 51.423046132404302 ], [ -0.30593062819211, 51.421261704774302 ], [ -0.308252540115846, 51.415313621023898 ], [ -0.309048761744961, 51.409166197728801 ], [ -0.308733514756071, 51.4022585732301 ], [ -0.309498774898725, 51.400144278793903 ], [ -0.312108371837945, 51.398138666363799 ], [ -0.312929585463551, 51.397059051695798 ], [ -0.317697879461912, 51.393667079332403 ], [ -0.319832885343762, 51.392593439199203 ], [ -0.325860279723407, 51.391439603439402 ], [ -0.327586908786079, 51.391744842944199 ], [ -0.32867176277269, 51.392308812077097 ], [ -0.332288104719694, 51.3959948210939 ], [ -0.33671089974836, 51.399221807415003 ], [ -0.338237922033318, 51.400763261288098 ], [ -0.338992682695845, 51.401875144957103 ], [ -0.340531005417365, 51.403087152805902 ], [ -0.343719389503046, 51.4038966608301 ], [ -0.346873940977662, 51.405846803696797 ], [ -0.349199086203049, 51.406620597348201 ], [ -0.355109148235357, 51.409807147165097 ], [ -0.355357024954818, 51.410752164924602 ], [ -0.359139332144209, 51.411903160417303 ], [ -0.361238189559091, 51.412040506708301 ], [ -0.364739828180263, 51.4115920902819 ], [ -0.373860205320599, 51.408493305839897 ], [ -0.379427940842277, 51.407833947399801 ], [ -0.383350026681253, 51.408538295089201 ], [ -0.3837773443953, 51.410118835328298 ], [ -0.386635766084178, 51.410411747243302 ], [ -0.389176859552194, 51.4103199377059 ], [ -0.389649814820215, 51.410693330111101 ], [ -0.390292426772994, 51.414338002948703 ], [ -0.386122609992955, 51.414280658151803 ], [ -0.386594002397961, 51.415021833040001 ], [ -0.386761620321015, 51.417654491250303 ], [ -0.387693548658496, 51.419328280637501 ], [ -0.386641675154269, 51.4200808186377 ], [ -0.39131707100993, 51.422315411876703 ], [ -0.392912348231466, 51.423276917545799 ], [ -0.392754332190993, 51.423443608686398 ], [ -0.391019331671074, 51.423145832157502 ], [ -0.385430928192615, 51.420629015584197 ], [ -0.384081926037091, 51.422692392313898 ], [ -0.388387260380427, 51.427997270462399 ], [ -0.388057123788859, 51.427849695373197 ], [ -0.387103166507676, 51.428176016004301 ], [ -0.387934644192034, 51.428623636547897 ], [ -0.387726274714751, 51.428887727396898 ], [ -0.383150312332945, 51.432238444511199 ], [ -0.37609256289144, 51.435506267828998 ], [ -0.377871941022836, 51.4362797841464 ], [ -0.377761461379696, 51.436819416288799 ], [ -0.366823470215651, 51.441623326301702 ], [ -0.37307817455589, 51.443669277622099 ], [ -0.373881385979297, 51.443033978963001 ], [ -0.375926680168315, 51.443087118698699 ], [ -0.377126285412797, 51.4424596270295 ], [ -0.378205143117411, 51.442484292992297 ], [ -0.379546064371273, 51.443103672247403 ], [ -0.379747633102291, 51.444321742143103 ], [ -0.382905141601064, 51.445095133647897 ], [ -0.386223447876444, 51.446712100104101 ], [ -0.386257004588281, 51.448124082217497 ], [ -0.387786648191089, 51.449371317220397 ], [ -0.384490171047228, 51.4498948963532 ], [ -0.383751479151189, 51.449506182990703 ], [ -0.375258068480552, 51.4562711366328 ], [ -0.373024056271843, 51.457473020304498 ], [ -0.372687650270116, 51.456997647922101 ], [ -0.372439929994924, 51.457235415583703 ], [ -0.368435236749007, 51.456862613156197 ], [ -0.367837401588697, 51.457424921622099 ], [ -0.36503235055546, 51.457805583978796 ], [ -0.364419302861009, 51.457587231590402 ], [ -0.362636099233493, 51.457683269204502 ], [ -0.359854797465852, 51.458201855981898 ], [ -0.355812842546929, 51.458380704584101 ], [ -0.353487090513193, 51.458180237044701 ], [ -0.352810773187725, 51.4568638208737 ], [ -0.348569300602764, 51.456764667111599 ], [ -0.346024097188038, 51.457259873934802 ], [ -0.345289190489759, 51.457859381500903 ], [ -0.342735402175869, 51.458071779414801 ], [ -0.341706616118169, 51.4590172879508 ], [ -0.340111328286192, 51.459241255622302 ], [ -0.340644811569025, 51.457268907140097 ], [ -0.338953300500773, 51.455881017194002 ], [ -0.338548700277405, 51.456099255762801 ], [ -0.337736793521605, 51.455475259711903 ], [ -0.337512639549886, 51.454767198005499 ], [ -0.336982324195838, 51.454648188541398 ], [ -0.33627331434432, 51.455678908333603 ], [ -0.333692637193721, 51.455490923700701 ], [ -0.333616069775311, 51.455240072657503 ], [ -0.333027908582819, 51.4553783475546 ], [ -0.331400259935538, 51.457356878925403 ], [ -0.330373639818618, 51.457933566534997 ], [ -0.328455258887979, 51.457999095030999 ], [ -0.326934014640788, 51.457010898984997 ], [ -0.325588217827617, 51.458080862108801 ], [ -0.326513406711705, 51.459302465239404 ], [ -0.32633106114135, 51.460814519771503 ], [ -0.326820592675959, 51.4613241886765 ], [ -0.326378296453869, 51.462064774124499 ], [ -0.324339632665799, 51.4645666343785 ], [ -0.323685889149201, 51.4651174725347 ], [ -0.323219211569662, 51.465321176679602 ], [ -0.321735939727372, 51.4653628012978 ], [ -0.318963285511076, 51.462660945678103 ], [ -0.313995684389129, 51.459713148722301 ], [ -0.311417080300468, 51.458830411496699 ], [ -0.31156690288556, 51.458550203713003 ], [ -0.311258904396406, 51.458767344131203 ], [ -0.308909711034659, 51.457550430353102 ], [ -0.307533425316902, 51.457212506901598 ], [ -0.308035760040722, 51.456668064491097 ], [ -0.307263356068664, 51.457003128815401 ], [ -0.305947399346856, 51.456155910042398 ], [ -0.30389157024571, 51.453290386777503 ], [ -0.304350652559263, 51.451620814858899 ], [ -0.30563423765782, 51.450441116304603 ], [ -0.308854983197502, 51.448676550493197 ], [ -0.315744775642828, 51.446905786456497 ], [ -0.315804268850942, 51.446658002728199 ], [ -0.318897388956792, 51.446430392573603 ], [ -0.321500073168154, 51.446860668776502 ], [ -0.325150179799941, 51.446533421875301 ], [ -0.32718670091478, 51.445643497668399 ], [ -0.330369332556721, 51.442960170700303 ], [ -0.331632041948247, 51.441263770457603 ], [ -0.331207698824646, 51.439740721900399 ], [ -0.331844998613703, 51.439172039972703 ], [ -0.330576398270608, 51.4384683064401 ], [ -0.329067498408194, 51.436662718642502 ], [ -0.328454639033592, 51.433907404221102 ], [ -0.327222425221962, 51.432425728872502 ], [ -0.324793955597652, 51.430851847270098 ], [ -0.322331871969191, 51.429889199482702 ], [ -0.318485584241237, 51.429093536474902 ], [ -0.318319020455922, 51.4295433831617 ], [ -0.319069694695237, 51.430012395113302 ], [ -0.323354118279673, 51.430867363766801 ], [ -0.325852980578646, 51.4323229892304 ], [ -0.325659724826943, 51.432572013107198 ], [ -0.326952854179445, 51.433385408675498 ], [ -0.327595458803367, 51.434383290643503 ], [ -0.328020294819308, 51.436695438847998 ], [ -0.329074514998701, 51.438046738832703 ], [ -0.328506374863958, 51.438001766583298 ], [ -0.329146317315752, 51.4381884927923 ], [ -0.330083970492546, 51.439660416406198 ], [ -0.330078215535752, 51.441592336053098 ], [ -0.329138944100891, 51.4426854513503 ], [ -0.327790935050194, 51.443444057128602 ], [ -0.321711014698335, 51.445367366340001 ], [ -0.317058398166893, 51.4457601467073 ], [ -0.312986151833002, 51.446491131112097 ], [ -0.309564626628891, 51.447270932464797 ], [ -0.305756440513044, 51.448598534670602 ], [ -0.302820113828637, 51.451306859034901 ], [ -0.302611657860745, 51.452232323249 ], [ -0.302801605722219, 51.453398261014499 ], [ -0.305036867798716, 51.456455761789101 ], [ -0.307992662054818, 51.458807666177599 ], [ -0.31388009182422, 51.460725465131901 ], [ -0.316931088836458, 51.4624703779767 ], [ -0.319771227063503, 51.464672018350903 ], [ -0.319212463715137, 51.468440429566002 ], [ -0.318580322470445, 51.470206047141197 ], [ -0.317715853985402, 51.471004777134702 ], [ -0.314596130978665, 51.471793592067499 ], [ -0.310047382748542, 51.473473332962399 ], [ -0.30680386245554, 51.474934400814199 ], [ -0.302583060852792, 51.479247881547103 ], [ -0.295262384137631, 51.484826029488602 ], [ -0.290002663266956, 51.486339843605897 ], [ -0.287291685571959, 51.486499937229503 ], [ -0.284432694553367, 51.485901968625001 ], [ -0.280386812103438, 51.483776214622701 ], [ -0.27794116544933, 51.482056447531001 ], [ -0.273985431356271, 51.475648527732403 ], [ -0.272441066746787, 51.473968905903199 ], [ -0.270488167875147, 51.472695398008199 ], [ -0.267825403169542, 51.471230047706896 ], [ -0.264027180261776, 51.470215849703699 ], [ -0.258553377337441, 51.470430063885999 ], [ -0.255677875640439, 51.4711697126329 ], [ -0.253377523039181, 51.472229895802997 ], [ -0.251477035445965, 51.473629117535097 ], [ -0.249655497568772, 51.476084424309001 ], [ -0.249218115666759, 51.479216354291502 ], [ -0.249378406310455, 51.482064936744102 ], [ -0.248399719241134, 51.483834032460102 ], [ -0.24107902822029, 51.488281543641897 ], [ -0.238996215396385, 51.4888600015436 ], [ -0.235636070467878, 51.488998813770102 ], [ -0.233148810691863, 51.488560305787402 ], [ -0.231314813462387, 51.487880250323201 ], [ -0.228018232350901, 51.485117865847698 ], [ -0.226836799259448, 51.480967436620503 ], [ -0.226622558451729, 51.476185044627101 ], [ -0.224871310099639, 51.473684218935901 ] ] ] ] } },
{ "type": "Feature", "properties": { "LAD24CD": "E09000028", "LAD24NM": "Southwark" }, "geometry": { "type": "Polygon", "coordinates": [ [ [ -0.104675765428944, 51.508614607479302 ], [ -0.104684269537331, 51.5084052672415 ], [ -0.104150965816208, 51.508544022556599 ], [ -0.096113016408567, 51.508378330775002 ], [ -0.092076988110946, 51.507230012934599 ], [ -0.088075341086082, 51.506909057042499 ], [ -0.086128899004081, 51.506546771791903 ], [ -0.08468757409585, 51.506622609316302 ], [ -0.081135297393689, 51.505939951835003 ], [ -0.076119175874377, 51.504410578522403 ], [ -0.072718299146242, 51.503602660071699 ], [ -0.070872138493889, 51.502570046813197 ], [ -0.07348741749566, 51.500486289064199 ], [ -0.070777837943318, 51.502210134862302 ], [ -0.06735834144395, 51.501228900288901 ], [ -0.067190030883373, 51.501443749261298 ], [ -0.063788806509063, 51.500629543366301 ], [ -0.0572549094803, 51.500853620956399 ], [ -0.050721379622418, 51.502899942205602 ], [ -0.048783211418119, 51.504025693811997 ], [ -0.049169828348677, 51.504359281945398 ], [ -0.048279422188182, 51.504399362525497 ], [ -0.047705178002895, 51.504155049223002 ], [ -0.048008945862971, 51.504768014521503 ], [ -0.046981392527029, 51.505360610130701 ], [ -0.046050385180954, 51.505148068715798 ], [ -0.046542345603403, 51.505656351329201 ], [ -0.04572793262032, 51.506129916845197 ], [ -0.04531801401462, 51.5059234456238 ], [ -0.044367033635846, 51.506950566830902 ], [ -0.041301506738224, 51.507490945522903 ], [ -0.037264318624237, 51.5072306368791 ], [ -0.037314212884493, 51.506422211205098 ], [ -0.036790074165064, 51.507133309787498 ], [ -0.034194428141164, 51.506304031309803 ], [ -0.03305846039713, 51.505093698454402 ], [ -0.03301728415633, 51.504360541586301 ], [ -0.032321782805258, 51.504349318293798 ], [ -0.032348824782948, 51.500108296631701 ], [ -0.032729494690259, 51.500088159197702 ], [ -0.032489556923744, 51.498283754820498 ], [ -0.032944316934157, 51.496941557324199 ], [ -0.032548696991167, 51.496008647566399 ], [ -0.033957337833127, 51.495682467982903 ], [ -0.03384894540583, 51.495472913478302 ], [ -0.03253430864898, 51.495673870427602 ], [ -0.032663996776734, 51.494402654454703 ], [ -0.033249253228688, 51.494143592028003 ], [ -0.032639699541403, 51.494130661130299 ], [ -0.032392672465701, 51.493088667559398 ], [ -0.037250900448382, 51.4922243551351 ], [ -0.039234613669346, 51.492966170132398 ], [ -0.040491810932473, 51.4927970377123 ], [ -0.0400305589638, 51.492182369220302 ], [ -0.041023742751953, 51.491830604245102 ], [ -0.040276887726692, 51.491045527470902 ], [ -0.042479101114327, 51.490251330880803 ], [ -0.042255614655801, 51.4900887301159 ], [ -0.04652885262799, 51.490348347768098 ], [ -0.046540836981774, 51.4906693066632 ], [ -0.051339477164936, 51.489504263916999 ], [ -0.051936755708593, 51.4891146020612 ], [ -0.050065420473504, 51.488330275747998 ], [ -0.050486984019177, 51.487920398225398 ], [ -0.052345511581923, 51.487800714652799 ], [ -0.052591555669812, 51.487551719397104 ], [ -0.05396947356612, 51.487941045867203 ], [ -0.052854497616704, 51.486684191718801 ], [ -0.052925314218015, 51.486003611689597 ], [ -0.053534152644425, 51.485680070928296 ], [ -0.053055588049007, 51.485037677038797 ], [ -0.052782136587423, 51.4827251851003 ], [ -0.053098875343929, 51.480927020361399 ], [ -0.054234570920932, 51.4785957105858 ], [ -0.052687371435789, 51.478014328125397 ], [ -0.052741526007144, 51.472969855924703 ], [ -0.051657647337011, 51.469715835288802 ], [ -0.052269468059822, 51.469225931120597 ], [ -0.050851270510991, 51.4675767332687 ], [ -0.051297018255401, 51.467369849039798 ], [ -0.05054407460699, 51.466789678573299 ], [ -0.050811836886982, 51.466653980158199 ], [ -0.048176265582198, 51.465894319617199 ], [ -0.048515225557705, 51.465626504477797 ], [ -0.047470893882357, 51.465124206258999 ], [ -0.045973345425812, 51.463974806765599 ], [ -0.045191032271369, 51.462045045621402 ], [ -0.045211372523211, 51.459430873157501 ], [ -0.046134013217162, 51.456946084107599 ], [ -0.044574167942645, 51.456581451229098 ], [ -0.041647581474361, 51.454996814422501 ], [ -0.046080099917969, 51.449868024060798 ], [ -0.04899672876947, 51.450106484078198 ], [ -0.053855801535686, 51.448686326639802 ], [ -0.05757769253234, 51.450325767937599 ], [ -0.061801430646336, 51.447786577102001 ], [ -0.063017617328299, 51.446199087298801 ], [ -0.063702096434187, 51.444224121238399 ], [ -0.064035804744895, 51.442071634816699 ], [ -0.065030365963507, 51.441163497223499 ], [ -0.064048949510961, 51.4408409400232 ], [ -0.06340055506325, 51.437571808418802 ], [ -0.064393185510338, 51.4370506029422 ], [ -0.065851493442402, 51.434626468021001 ], [ -0.066812365549409, 51.433881510661898 ], [ -0.069113695330873, 51.432830639686799 ], [ -0.070686936420227, 51.432471616923202 ], [ -0.07222617746256, 51.432498468256803 ], [ -0.072865351728725, 51.432096832810899 ], [ -0.074864023120057, 51.4298417000469 ], [ -0.075080646733418, 51.428983167635003 ], [ -0.073907270099848, 51.426212923051899 ], [ -0.075041494918316, 51.425626955270197 ], [ -0.078287681880069, 51.4206047134332 ], [ -0.0792173354281, 51.420868632149997 ], [ -0.078908466797088, 51.421568228384601 ], [ -0.079835362800129, 51.422139552303499 ], [ -0.080876107738524, 51.421859740402702 ], [ -0.081734404677303, 51.423378410969697 ], [ -0.083462372067102, 51.422996821580597 ], [ -0.084034939010266, 51.425691337586798 ], [ -0.085186974505404, 51.4272995730433 ], [ -0.086075035537298, 51.427817114913097 ], [ -0.085909248750157, 51.428504400378898 ], [ -0.08819782379406, 51.429335318352699 ], [ -0.089345231767567, 51.432017166193802 ], [ -0.091019219233248, 51.4375532018081 ], [ -0.092895539504095, 51.441081581840898 ], [ -0.094426579975035, 51.443235358974597 ], [ -0.095065256528057, 51.445412060831401 ], [ -0.096037693358199, 51.446725926756997 ], [ -0.099134206640954, 51.448974963119603 ], [ -0.099962146045565, 51.450272824511302 ], [ -0.100762530181985, 51.450336114654 ], [ -0.101454142519827, 51.452216316606297 ], [ -0.101080293087612, 51.453927270441099 ], [ -0.095812467077683, 51.4574150014369 ], [ -0.094947321683048, 51.458787199682099 ], [ -0.092244056346028, 51.461058411748198 ], [ -0.090657729643476, 51.4633175035761 ], [ -0.090062931917093, 51.465830648535402 ], [ -0.092756365628963, 51.469869418829198 ], [ -0.093015133239932, 51.472028568511703 ], [ -0.093625985061065, 51.471735158631198 ], [ -0.094143309396168, 51.470673100517999 ], [ -0.095975147411214, 51.469867430114803 ], [ -0.098829060782442, 51.471871687816403 ], [ -0.10065393018864, 51.474447421586 ], [ -0.099972184559721, 51.476864060148003 ], [ -0.108209178745986, 51.480286167608497 ], [ -0.104033587799528, 51.480901405895601 ], [ -0.106018261091277, 51.482698048659302 ], [ -0.105612023384638, 51.482940204033603 ], [ -0.107189477364099, 51.4836490712201 ], [ -0.106359457173477, 51.484898612147397 ], [ -0.108460594138318, 51.485848836115103 ], [ -0.103272415150889, 51.491252772172203 ], [ -0.104852358393814, 51.4935279334602 ], [ -0.110934052373937, 51.4954679912491 ], [ -0.111466570957293, 51.496458867881202 ], [ -0.110257746605117, 51.496763291206001 ], [ -0.108266979418785, 51.500442602244398 ], [ -0.105916627617627, 51.502033386095597 ], [ -0.106077481114859, 51.502524278862097 ], [ -0.106757424261746, 51.502209622469699 ], [ -0.107392358397182, 51.503035631267402 ], [ -0.106403248457154, 51.503366672685097 ], [ -0.106485998777198, 51.5050629730083 ], [ -0.107338698342433, 51.507072166196799 ], [ -0.108165120586132, 51.506922229891998 ], [ -0.10871351564232, 51.507765366375999 ], [ -0.108857461430635, 51.508426051019498 ], [ -0.104675765428944, 51.508614607479302 ] ] ] } },
{ "type": "Feature", "properties": { "LAD24CD": "E09000029", "LAD24NM": "Sutton" }, "geometry": { "type": "Polygon", "coordinates": [ [ [ -0.166329573049792, 51.389609083918799 ], [ -0.165299266767606, 51.387999103736497 ], [ -0.161826346385023, 51.388137296149601 ], [ -0.160961193086177, 51.387819318558101 ], [ -0.159870506323104, 51.388509324697097 ], [ -0.158270747383943, 51.388820906956902 ], [ -0.158026699152325, 51.389251356278997 ], [ -0.144280534363931, 51.390665088732803 ], [ -0.14323257693588, 51.390416544417299 ], [ -0.141849967742782, 51.389304078599601 ], [ -0.134836543112323, 51.390961250546098 ], [ -0.13261288844745, 51.390124933912404 ], [ -0.133234752312872, 51.389552114099097 ], [ -0.129566505009285, 51.387230981890802 ], [ -0.130632294439637, 51.386268198318199 ], [ -0.128760011133675, 51.3856431179616 ], [ -0.129514898946542, 51.385300680309903 ], [ -0.128648796741574, 51.382493454356997 ], [ -0.130261888492008, 51.382214037713801 ], [ -0.128049150500356, 51.380475149433401 ], [ -0.126732898500071, 51.377068144853602 ], [ -0.125840985080286, 51.375599281102502 ], [ -0.126834723541615, 51.375466419500199 ], [ -0.126674514578054, 51.374915272206501 ], [ -0.127842352848183, 51.374741026951199 ], [ -0.124762057193566, 51.373686341326298 ], [ -0.124745912217793, 51.372936503381503 ], [ -0.123326780930294, 51.371198440633599 ], [ -0.122078281656429, 51.365754177639701 ], [ -0.124116081766397, 51.365350151446698 ], [ -0.122336988661194, 51.364521310803603 ], [ -0.12130137633784, 51.364726893777302 ], [ -0.120903500493868, 51.363307774440798 ], [ -0.12140265279712, 51.362343763107098 ], [ -0.121366806670331, 51.361039998028403 ], [ -0.122014136100827, 51.360963976333501 ], [ -0.121816937190466, 51.359977080633101 ], [ -0.12288486825092, 51.3599240264274 ], [ -0.121894540634818, 51.359071722504602 ], [ -0.123318616959913, 51.358903956497301 ], [ -0.123470691200314, 51.359154131306497 ], [ -0.124591346813467, 51.358872953467099 ], [ -0.124554967689601, 51.358363305136002 ], [ -0.124188829561267, 51.357414292455701 ], [ -0.121373975745096, 51.357740188887199 ], [ -0.120149031060929, 51.353027613514698 ], [ -0.11909473537565, 51.353137982546798 ], [ -0.118624594642974, 51.351842450233498 ], [ -0.117378055521415, 51.346649035252803 ], [ -0.116934258986665, 51.346680477822403 ], [ -0.116842029977448, 51.345762859090399 ], [ -0.117284836311771, 51.345666614167101 ], [ -0.118678553663495, 51.345847703586202 ], [ -0.118898161446538, 51.3455771500319 ], [ -0.125875453491107, 51.345232770351302 ], [ -0.126854880054177, 51.3448644246307 ], [ -0.127279014929812, 51.347091138987999 ], [ -0.127513725712915, 51.347446718489103 ], [ -0.128347393422096, 51.347450569124597 ], [ -0.128851811718693, 51.347270620687397 ], [ -0.128964281487169, 51.346582332898798 ], [ -0.131418656486028, 51.346024647070998 ], [ -0.131092308834141, 51.345470848465098 ], [ -0.132864027644778, 51.345434245412299 ], [ -0.132484895636453, 51.344272485300699 ], [ -0.136253021585845, 51.344407688392103 ], [ -0.136340896567951, 51.3447912595839 ], [ -0.136869320555868, 51.344720118496603 ], [ -0.141531530744641, 51.343413187442501 ], [ -0.144576133845834, 51.342087665178198 ], [ -0.143458983799658, 51.340539018072 ], [ -0.144280389204621, 51.340218944434298 ], [ -0.144463895734416, 51.339511392500597 ], [ -0.147483922501982, 51.338798016362198 ], [ -0.145594430642885, 51.332454959602998 ], [ -0.144071412377831, 51.330690768874902 ], [ -0.149188030596626, 51.328845910455499 ], [ -0.144411359169946, 51.326464767218901 ], [ -0.144232252932735, 51.325929032236601 ], [ -0.14557670392873, 51.323492954078297 ], [ -0.147930696732596, 51.322683041818301 ], [ -0.149003761414741, 51.322801559133602 ], [ -0.150677617675547, 51.322168381592697 ], [ -0.152070678446811, 51.322271335447297 ], [ -0.152720892895178, 51.323000342379899 ], [ -0.156523624561657, 51.321485286251999 ], [ -0.158634513022564, 51.323975870980597 ], [ -0.160600116025925, 51.323241489883699 ], [ -0.164187029319929, 51.326040518397299 ], [ -0.163567228253123, 51.326213398889799 ], [ -0.164362156000791, 51.328126054910598 ], [ -0.163982170696406, 51.328187528816699 ], [ -0.163970646115068, 51.328583013060502 ], [ -0.162290500691429, 51.328889404128901 ], [ -0.163076717058335, 51.330264219194497 ], [ -0.170065836767003, 51.329474318084202 ], [ -0.16989442115201, 51.330245884325002 ], [ -0.172854635136869, 51.330013447582097 ], [ -0.174139125445574, 51.333211560533201 ], [ -0.174666244468829, 51.333168448492003 ], [ -0.175019793495567, 51.333809756014404 ], [ -0.187459116165297, 51.340812281438701 ], [ -0.193229272402731, 51.342625615805602 ], [ -0.196047487352986, 51.343330043120197 ], [ -0.196267143164344, 51.343039357441903 ], [ -0.196690325340346, 51.343158256036702 ], [ -0.196541212119756, 51.343446432238402 ], [ -0.197319340394251, 51.343595159866702 ], [ -0.198557576483129, 51.342299402707198 ], [ -0.199557392330879, 51.341884063797302 ], [ -0.201199296412049, 51.339884169594797 ], [ -0.20205494756804, 51.340140194763997 ], [ -0.213053983018457, 51.335553568244002 ], [ -0.211968448705917, 51.333326112087803 ], [ -0.214229603051396, 51.330252715745999 ], [ -0.216085272317037, 51.329799447942897 ], [ -0.220841625332819, 51.3298019706872 ], [ -0.229822682346971, 51.336522804565497 ], [ -0.226826853442208, 51.337888470377003 ], [ -0.224090565020614, 51.340041223493202 ], [ -0.223261121111112, 51.339881107601599 ], [ -0.222276761871338, 51.340460594040202 ], [ -0.222700381564937, 51.340829420844202 ], [ -0.221785936519717, 51.341345235756201 ], [ -0.217264425534208, 51.343387090802203 ], [ -0.21777747301199, 51.345631393493903 ], [ -0.22018551426333, 51.350079862383701 ], [ -0.220420862146078, 51.351419727875196 ], [ -0.221261964912739, 51.351170803779503 ], [ -0.222091853689523, 51.351324637740703 ], [ -0.221974866292256, 51.353530550384598 ], [ -0.222736428311044, 51.357086072360403 ], [ -0.224057875439187, 51.359274225888697 ], [ -0.226944751876078, 51.362625642304302 ], [ -0.233191345765746, 51.366010023716903 ], [ -0.233949400956512, 51.365384782706101 ], [ -0.236779812334742, 51.366796911255598 ], [ -0.237824768755512, 51.367006898988301 ], [ -0.238917446309639, 51.366834444855002 ], [ -0.24089087845287, 51.367036776408703 ], [ -0.241150340069487, 51.366261965632098 ], [ -0.245382434157475, 51.366889294327898 ], [ -0.244679372720784, 51.369061153644701 ], [ -0.245041240280716, 51.379960269474402 ], [ -0.244940588211468, 51.380646280564498 ], [ -0.24427892294775, 51.383066034374004 ], [ -0.243232236749675, 51.382596967717703 ], [ -0.241638610666307, 51.384494802012298 ], [ -0.238730295207436, 51.386088182543602 ], [ -0.239691091190174, 51.3892739323285 ], [ -0.234641229449196, 51.390557787660399 ], [ -0.233712357195317, 51.3876149280023 ], [ -0.227724593485754, 51.383969332020499 ], [ -0.223186338710371, 51.382055893622102 ], [ -0.218080128415406, 51.3801823745994 ], [ -0.213739524252793, 51.384035677343697 ], [ -0.212943947841898, 51.384851217957099 ], [ -0.213360443776366, 51.385054766910898 ], [ -0.209783879622302, 51.388299755153596 ], [ -0.205073830430377, 51.386135765473803 ], [ -0.203406993201415, 51.387253275612998 ], [ -0.200282488049242, 51.384941545424702 ], [ -0.193843953585038, 51.387913570823102 ], [ -0.193479892063415, 51.387646503990702 ], [ -0.193141586701256, 51.387833722869402 ], [ -0.191845074590488, 51.386911886386102 ], [ -0.191606700460251, 51.387115366650399 ], [ -0.190291188379491, 51.386370827335902 ], [ -0.190491734111209, 51.386204254252398 ], [ -0.189635576938184, 51.386021816620499 ], [ -0.188399006002823, 51.385434280601601 ], [ -0.184505748431722, 51.3875128788425 ], [ -0.18267406468114, 51.388068105488799 ], [ -0.179299666601683, 51.389804501381398 ], [ -0.174812978456833, 51.393412945875198 ], [ -0.172919399332055, 51.392675267770102 ], [ -0.171307920936, 51.392517778705603 ], [ -0.16747246297784, 51.390003851591203 ], [ -0.166329573049792, 51.389609083918799 ] ] ] } },
{ "type": "Feature", "properties": { "LAD24CD": "E09000030", "LAD24NM": "Tower Hamlets" }, "geometry": { "type": "Polygon", "coordinates": [ [ [ -0.02955352757103, 51.5430909967655 ], [ -0.028991068823779, 51.542272975585497 ], [ -0.025584556064175, 51.543338960576897 ], [ -0.019852897161567, 51.543582851156998 ], [ -0.016549676137034, 51.543329866782997 ], [ -0.016091422267586, 51.542476820572602 ], [ -0.016595008818855, 51.541390265331302 ], [ -0.017699053550178, 51.540956854853 ], [ -0.017858506703941, 51.540174829654198 ], [ -0.018885820643558, 51.539341035172598 ], [ -0.019445991984592, 51.538254152375103 ], [ -0.021267833703349, 51.537007401384997 ], [ -0.020953384868906, 51.536283923283399 ], [ -0.019663001775841, 51.535585116850001 ], [ -0.01894794563592, 51.534139043119701 ], [ -0.018071227467736, 51.533438879599501 ], [ -0.018011217811193, 51.532222357286102 ], [ -0.017147264030107, 51.531315223322999 ], [ -0.013682263791693, 51.529846546692703 ], [ -0.010687929501827, 51.529281324590201 ], [ -0.010267401705797, 51.528482073861902 ], [ -0.008640835277911, 51.527556209742897 ], [ -0.007562454849609, 51.526275884256201 ], [ -0.008090340113275, 51.523835311029401 ], [ -0.007862988808133, 51.523025145937297 ], [ -0.008636103434752, 51.5218258570453 ], [ -0.009350478143683, 51.521822108318801 ], [ -0.009165356055358, 51.519895312368099 ], [ -0.006723350464849, 51.518298980687703 ], [ -0.005970917408717, 51.516421707965399 ], [ -0.005132190017044, 51.5162350194609 ], [ -0.004374318236829, 51.5164109730052 ], [ -0.003453749552647, 51.517614412231602 ], [ -0.00259251148183, 51.517790874804398 ], [ 0.002672812707962, 51.515517384720397 ], [ 0.003589024577819, 51.5145452480198 ], [ 0.001758834975269, 51.510912237051002 ], [ 0.002807854520658, 51.510385827728101 ], [ 0.004327378768036, 51.510595471271003 ], [ 0.005537606676863, 51.513522273090402 ], [ 0.005940302677704, 51.513929065634898 ], [ 0.006694565482521, 51.5139237964977 ], [ 0.007393413841638, 51.512727529451901 ], [ 0.005582820685979, 51.510026310660201 ], [ 0.006351032568758, 51.509372849536703 ], [ 0.008957514366193, 51.5088380741335 ], [ 0.008789732837763, 51.507367902573101 ], [ 0.005801074298312, 51.508265207151403 ], [ 0.003675959826869, 51.508379911591099 ], [ 0.003469778478621, 51.508016521559803 ], [ 0.002989934827831, 51.508237137480997 ], [ -0.00173309285475, 51.507475826672099 ], [ -0.003433370581919, 51.506623480780803 ], [ -0.005390697610209, 51.505031760312399 ], [ -0.005773790655895, 51.505135403313197 ], [ -0.00558967458972, 51.504798179316701 ], [ -0.007219267523728, 51.503118565944597 ], [ -0.00763334663063, 51.501505508358903 ], [ -0.008657427140483, 51.5013488954759 ], [ -0.00774251086436, 51.500803658172899 ], [ -0.007277328549278, 51.498307425659 ], [ -0.00695595254179, 51.498342429920697 ], [ -0.005605966639493, 51.495836549116603 ], [ -0.006212285357497, 51.495610350386798 ], [ -0.005423981976089, 51.494643701269197 ], [ -0.00475993339177, 51.494542923688499 ], [ -0.003299125915406, 51.492270748125001 ], [ -0.003058353832017, 51.490875858351899 ], [ -0.003687002957374, 51.488984167221702 ], [ -0.004435211567905, 51.488277923880901 ], [ -0.005125938181976, 51.488606675781902 ], [ -0.004620713875388, 51.4881367453076 ], [ -0.006669302726842, 51.487083631932201 ], [ -0.011499955393768, 51.4861402853466 ], [ -0.016377221354174, 51.486141869259299 ], [ -0.020980059071988, 51.487329037426797 ], [ -0.023823336338098, 51.488946281799898 ], [ -0.025699308339558, 51.490695276471399 ], [ -0.027331729729098, 51.493512186003599 ], [ -0.027235403352109, 51.493807779606797 ], [ -0.026232458492479, 51.494013913166299 ], [ -0.027628998731374, 51.494251011006 ], [ -0.027873173171281, 51.494684981528302 ], [ -0.0274125302329, 51.501812642049103 ], [ -0.026747833770636, 51.503339689888499 ], [ -0.028456984319724, 51.505666643360399 ], [ -0.028629249666877, 51.5049914182583 ], [ -0.028934826433081, 51.505393142891798 ], [ -0.02857884696748, 51.505284278309702 ], [ -0.028452009648312, 51.505718659994599 ], [ -0.030102435912084, 51.5074231961392 ], [ -0.030414665241058, 51.507241761394603 ], [ -0.031524953407748, 51.507840452166199 ], [ -0.02985621142275, 51.508908205793297 ], [ -0.031598379368516, 51.508206254711801 ], [ -0.032599536962679, 51.5082422116025 ], [ -0.033163878961866, 51.508683334477702 ], [ -0.035585484514223, 51.509072217110798 ], [ -0.035916591879742, 51.509381719529898 ], [ -0.037333834875644, 51.509360662360201 ], [ -0.036923055777971, 51.5099785161459 ], [ -0.037800838766043, 51.509499591788099 ], [ -0.0421051650428, 51.509800021520498 ], [ -0.046058162460672, 51.509355984827799 ], [ -0.049129816144918, 51.508009655466999 ], [ -0.049687405749281, 51.508079630831801 ], [ -0.049399673417847, 51.5078491283464 ], [ -0.050420817758218, 51.507592731244699 ], [ -0.056163210195956, 51.5038765233909 ], [ -0.05963013137109, 51.502825603003501 ], [ -0.060843355401943, 51.5028092554399 ], [ -0.061625213168176, 51.503178745337998 ], [ -0.062578217137202, 51.503097826162097 ], [ -0.065177475008468, 51.503727344505599 ], [ -0.06534689224521, 51.503490214918202 ], [ -0.065220106330764, 51.503738029943797 ], [ -0.068080687964712, 51.5044797987428 ], [ -0.068067717328466, 51.504878231621198 ], [ -0.068665056955977, 51.5045363714461 ], [ -0.070574284870472, 51.505356031379797 ], [ -0.071186072053372, 51.505166464141404 ], [ -0.071271853434781, 51.5057793802888 ], [ -0.073767419817166, 51.506195422651103 ], [ -0.074758590271218, 51.506713953633302 ], [ -0.079465009142246, 51.507825595013799 ], [ -0.078704849747439, 51.508834937001303 ], [ -0.079071694945698, 51.509064095362497 ], [ -0.078814775941371, 51.509460731923397 ], [ -0.077855677524786, 51.510085431598498 ], [ -0.076212251560164, 51.510560386011001 ], [ -0.075517402091197, 51.509736390820002 ], [ -0.072812674479547, 51.5102370516409 ], [ -0.073052076952636, 51.511808325274401 ], [ -0.074003284602797, 51.514478465242398 ], [ -0.076872042152347, 51.516625076303903 ], [ -0.078173494433389, 51.518471204068398 ], [ -0.078099054011485, 51.518978621658 ], [ -0.07941295295195, 51.518885330066901 ], [ -0.078529105704302, 51.521511917961497 ], [ -0.078252104074425, 51.521902581891403 ], [ -0.076458320543827, 51.522046471204703 ], [ -0.076119965722006, 51.522368978201001 ], [ -0.0757417110885, 51.523681358418003 ], [ -0.075927390451861, 51.524339072179998 ], [ -0.076459965151695, 51.524318294083699 ], [ -0.076641044443924, 51.526346752108303 ], [ -0.076297109586629, 51.527142208398701 ], [ -0.077273487135776, 51.527305353539703 ], [ -0.075715309555896, 51.528358194279697 ], [ -0.074575388460412, 51.529852105862403 ], [ -0.072828447246596, 51.53065700874 ], [ -0.066253448951339, 51.531220072023999 ], [ -0.065162284380672, 51.533155165922402 ], [ -0.065008609485811, 51.532904457235603 ], [ -0.06219016861956, 51.533259176743201 ], [ -0.062860231027885, 51.534918721595503 ], [ -0.062434445954616, 51.535532497537197 ], [ -0.060073346419153, 51.534196022876401 ], [ -0.058757935746739, 51.534104763488003 ], [ -0.054674106710224, 51.535155469202799 ], [ -0.052856451084132, 51.534938715867 ], [ -0.052376904539379, 51.535931031829698 ], [ -0.05091293600747, 51.536461704863598 ], [ -0.04970075760856, 51.536346609226797 ], [ -0.047159776852271, 51.535448775251702 ], [ -0.044963262877795, 51.535781476252303 ], [ -0.041493593393847, 51.537442561469597 ], [ -0.037143713678451, 51.541416610877498 ], [ -0.037733618928663, 51.541798507812501 ], [ -0.033191114631596, 51.544685716368299 ], [ -0.02955352757103, 51.5430909967655 ] ] ] } },
{ "type": "Feature", "properties": { "LAD24CD": "E09000031", "LAD24NM": "Waltham Forest" }, "geometry": { "type": "Polygon", "coordinates": [ [ [ -0.008191370623742, 51.643608547174999 ], [ -0.006656948682194, 51.643333403893301 ], [ -0.004559376868553, 51.6435379292965 ], [ -0.003984085633119, 51.642717052598599 ], [ -0.000494698122584, 51.643710752107602 ], [ 0.001067278487392, 51.6417623958517 ], [ 0.009898702508012, 51.641449719555297 ], [ 0.017420684342586, 51.640257893501399 ], [ 0.020079627001789, 51.640446931665103 ], [ 0.022719541696959, 51.6411154928849 ], [ 0.023082838445718, 51.637718116189198 ], [ 0.025159214133519, 51.637289388820399 ], [ 0.024712405281317, 51.636051613898303 ], [ 0.025738664606171, 51.634565406138101 ], [ 0.024329684696659, 51.632389216051898 ], [ 0.023890286727129, 51.630797024878703 ], [ 0.021819035344359, 51.628832786110401 ], [ 0.020995982746382, 51.628917775847498 ], [ 0.020580017171243, 51.627335192421299 ], [ 0.019938734141976, 51.627005898409699 ], [ 0.020087735028436, 51.626428774961703 ], [ 0.019120230514192, 51.625045190766699 ], [ 0.018781592797772, 51.6240917997184 ], [ 0.019066124036121, 51.623668572919797 ], [ 0.018492220156206, 51.623505347486699 ], [ 0.018845105450582, 51.623256478197597 ], [ 0.018468225343173, 51.622786095679601 ], [ 0.01771086577983, 51.622342615616297 ], [ 0.017057799864386, 51.622355751135501 ], [ 0.017053094690418, 51.6219869950665 ], [ 0.016229306123901, 51.621774602628101 ], [ 0.015906299354702, 51.620949374069298 ], [ 0.014270718517204, 51.620276598125102 ], [ 0.014727864674831, 51.619761188741599 ], [ 0.014538092445483, 51.6188930894347 ], [ 0.00869444540429, 51.619069901452697 ], [ 0.016274436042784, 51.6168571923616 ], [ 0.021250445433346, 51.612307458387797 ], [ 0.021424605946604, 51.6110918355539 ], [ 0.019280772375472, 51.608245641003201 ], [ 0.019579013468185, 51.607610941702902 ], [ 0.019145068610421, 51.607790205594199 ], [ 0.012966478194586, 51.599123110875901 ], [ 0.012095900506266, 51.592690500742599 ], [ 0.013413525149581, 51.583783621449399 ], [ 0.014935484514515, 51.583357745324797 ], [ 0.0155406198265, 51.583346610416299 ], [ 0.01533244862944, 51.582474757073498 ], [ 0.015703684812444, 51.581837107155998 ], [ 0.015351112953979, 51.581642906572903 ], [ 0.017505595813187, 51.577387716387101 ], [ 0.017412692744331, 51.574486272618302 ], [ 0.016486728826275, 51.572887233818903 ], [ 0.018054755978928, 51.572037465492002 ], [ 0.018921120683096, 51.572322094887397 ], [ 0.019131076233343, 51.569854894944903 ], [ 0.018281654656394, 51.570138606217697 ], [ 0.017683436098059, 51.570014231689001 ], [ 0.018998174561027, 51.566976234945997 ], [ 0.018858943909972, 51.566326029471 ], [ 0.017577675120316, 51.565663562536002 ], [ 0.01446477450541, 51.565615794621699 ], [ 0.014308954583771, 51.563507878202799 ], [ 0.014819972211581, 51.559426259711302 ], [ 0.017140699535492, 51.558840657863797 ], [ 0.020474204165771, 51.556128125074501 ], [ 0.021523156694709, 51.554894519730901 ], [ 0.016993580512891, 51.553151046721297 ], [ 0.016755569874395, 51.553378946356403 ], [ 0.016280796697931, 51.553192710386597 ], [ 0.014641293454769, 51.5549643727134 ], [ 0.01163241127802, 51.553914514048003 ], [ 0.011138918896229, 51.554385819551698 ], [ 0.009637923444795, 51.553413215780701 ], [ 0.010825459420903, 51.552244648917799 ], [ 0.009568766876411, 51.551246983236602 ], [ 0.005773160071566, 51.550659700737597 ], [ 0.005748049773169, 51.5518622024058 ], [ 0.005247386004184, 51.551985090597 ], [ 0.003876080747987, 51.551799177250302 ], [ 0.003320360166942, 51.552095142152297 ], [ -0.000155843808585, 51.551731470479801 ], [ -0.003580555789053, 51.550911980572202 ], [ -0.003760482657641, 51.551166054105501 ], [ -0.008686252297432, 51.549922890254003 ], [ -0.009443059965719, 51.552196912041801 ], [ -0.010842382025656, 51.552623690005397 ], [ -0.013788931775043, 51.551920097354198 ], [ -0.016918682041395, 51.551402917757102 ], [ -0.017174335251558, 51.551577283719801 ], [ -0.017481172276085, 51.553340904280802 ], [ -0.018464154139737, 51.555184624382399 ], [ -0.02300628180468, 51.557272391380103 ], [ -0.023940773714459, 51.557369777592903 ], [ -0.024338691573958, 51.558638979727199 ], [ -0.025778224931497, 51.5598757347937 ], [ -0.028390534944039, 51.561020250037103 ], [ -0.03003958890447, 51.561358910699397 ], [ -0.033285271928068, 51.560619992489997 ], [ -0.036286593314691, 51.561475293684197 ], [ -0.038819721111305, 51.561158693309899 ], [ -0.040175862242425, 51.561782985268103 ], [ -0.042362666008864, 51.561368174988097 ], [ -0.045129708597706, 51.5617899453013 ], [ -0.047248094983294, 51.562706112046698 ], [ -0.046656294641543, 51.564376749283198 ], [ -0.051144958641868, 51.567729394347701 ], [ -0.053287507628187, 51.568659012206197 ], [ -0.054355280667889, 51.570285159770798 ], [ -0.056316166816922, 51.570711273431002 ], [ -0.058432109016743, 51.572564912793197 ], [ -0.061158572066501, 51.577786036197502 ], [ -0.062184586349229, 51.579192064028099 ], [ -0.061943503550975, 51.580029609721699 ], [ -0.061000701093672, 51.580850219960297 ], [ -0.057832346395549, 51.582514605802999 ], [ -0.055736336724138, 51.584255157205 ], [ -0.054839837210415, 51.585780599779802 ], [ -0.052157397688485, 51.587661650305897 ], [ -0.053532686308443, 51.590005930130197 ], [ -0.052288932083511, 51.593541036868601 ], [ -0.050402861891792, 51.596664070137599 ], [ -0.046032406471264, 51.600121840094801 ], [ -0.04351863482237, 51.6027101538997 ], [ -0.041390716789704, 51.605646784415903 ], [ -0.0352240727947, 51.608268207549003 ], [ -0.033946652048461, 51.609503859872902 ], [ -0.034056097371644, 51.610215409531698 ], [ -0.035493760635627, 51.611963930591401 ], [ -0.035322450190773, 51.612984249768303 ], [ -0.032099060686343, 51.616864748981101 ], [ -0.025937770522075, 51.621742821838701 ], [ -0.024024617370562, 51.624643964540397 ], [ -0.016809081916336, 51.633528897390299 ], [ -0.014780074497915, 51.636738786275799 ], [ -0.013308672804058, 51.639694938265301 ], [ -0.012259687054712, 51.646228696271898 ], [ -0.009214078217822, 51.646527846918097 ], [ -0.007343764107065, 51.646161617933402 ], [ -0.008445798529285, 51.644497771983602 ], [ -0.008191370623742, 51.643608547174999 ] ] ] } },
{ "type": "Feature", "properties": { "LAD24CD": "E09000032", "LAD24NM": "Wandsworth" }, "geometry": { "type": "Polygon", "coordinates": [ [ [ -0.127056218266137, 51.4835805738212 ], [ -0.127481700381845, 51.482009713645397 ], [ -0.129937287491489, 51.481173524619997 ], [ -0.13387647860239, 51.475694393490599 ], [ -0.13520708998533, 51.474291589454502 ], [ -0.134445897632089, 51.473962439434104 ], [ -0.134664497992621, 51.473340191350303 ], [ -0.135794146780679, 51.472711458167602 ], [ -0.136904799699104, 51.473088739722002 ], [ -0.138326464852263, 51.471962732075198 ], [ -0.139489285297356, 51.4717929818149 ], [ -0.139306241780889, 51.4715303523298 ], [ -0.139785263891007, 51.471332519550302 ], [ -0.140418758150858, 51.471530006844702 ], [ -0.142704269112585, 51.470076240659303 ], [ -0.143116955255333, 51.470512616573998 ], [ -0.150537817483623, 51.467628075650502 ], [ -0.150658802947856, 51.466291204509297 ], [ -0.150551491834348, 51.465948746273099 ], [ -0.151211614592545, 51.465861155225603 ], [ -0.150933201647102, 51.463797374094597 ], [ -0.149694859272761, 51.461291727163001 ], [ -0.149376245139551, 51.4593627583263 ], [ -0.14814010330762, 51.456402188146697 ], [ -0.147352389580989, 51.452963989872103 ], [ -0.147704337009784, 51.452340059975199 ], [ -0.142285534925371, 51.4509823240248 ], [ -0.143116121447447, 51.449709479394599 ], [ -0.144813183140119, 51.448437448873896 ], [ -0.145576035836982, 51.446017935929397 ], [ -0.145464847497787, 51.445068418732802 ], [ -0.143610577448564, 51.441838961720599 ], [ -0.137979440726898, 51.441694024159297 ], [ -0.135931718469766, 51.442007438957297 ], [ -0.136979798665832, 51.4402460380213 ], [ -0.137475775318929, 51.440157906904297 ], [ -0.137232919854898, 51.439724968937199 ], [ -0.137659341390584, 51.438585935738899 ], [ -0.139938047971136, 51.436947096265499 ], [ -0.139765384553264, 51.435743790366899 ], [ -0.137884499247972, 51.433784409837202 ], [ -0.136464099062131, 51.433880414987797 ], [ -0.135255998790616, 51.4303225915898 ], [ -0.138368338384437, 51.430484904209102 ], [ -0.138866326253484, 51.424337480436698 ], [ -0.137791699678717, 51.421108380168 ], [ -0.140358848161646, 51.419263703584697 ], [ -0.144454358993661, 51.417751705070998 ], [ -0.149420808854251, 51.419888229947702 ], [ -0.15033540351685, 51.4200765866373 ], [ -0.151388394114291, 51.419874245391597 ], [ -0.159860356825961, 51.422603060067502 ], [ -0.159915122954229, 51.4219654438145 ], [ -0.160326438950233, 51.421906700198903 ], [ -0.161648654322682, 51.419856854427799 ], [ -0.165015219225781, 51.420107365084398 ], [ -0.164833602059389, 51.420358290477097 ], [ -0.167952443598719, 51.420820166445502 ], [ -0.173570188532307, 51.423176845000299 ], [ -0.178769641648691, 51.424319149268797 ], [ -0.181939169287309, 51.424731271428897 ], [ -0.184045539170172, 51.426352393555 ], [ -0.184554694118206, 51.427819313819001 ], [ -0.184230920198413, 51.431267594623201 ], [ -0.185726011599937, 51.4331664025473 ], [ -0.187267527249529, 51.4329863346087 ], [ -0.187397630881723, 51.432103079502497 ], [ -0.188399330993625, 51.432089140349198 ], [ -0.189774535259361, 51.431351263770701 ], [ -0.191170675654779, 51.4334547661404 ], [ -0.19024921490484, 51.434801664472403 ], [ -0.189276069484165, 51.438037540924697 ], [ -0.189218065514694, 51.438544122796401 ], [ -0.190639590037065, 51.438919373950803 ], [ -0.18985428904194, 51.4402710898283 ], [ -0.190026527777626, 51.441464584023301 ], [ -0.204528109815396, 51.438953252120299 ], [ -0.212530125599758, 51.437829396044499 ], [ -0.215697720793874, 51.437742747182902 ], [ -0.216594258474707, 51.438370671793699 ], [ -0.21782201680995, 51.438692724087097 ], [ -0.220629461672805, 51.438460630265503 ], [ -0.224313610817667, 51.438868069066601 ], [ -0.224476439324272, 51.438606915741303 ], [ -0.225663923299855, 51.438727400776202 ], [ -0.231241775790899, 51.4381627126034 ], [ -0.241417272763755, 51.435024071524403 ], [ -0.251085089413751, 51.432557791518001 ], [ -0.251280847100016, 51.434227201859699 ], [ -0.253088501444922, 51.435284202818302 ], [ -0.254066366518792, 51.4372878642506 ], [ -0.242721716909592, 51.441911280861298 ], [ -0.24159865877434, 51.443117985084697 ], [ -0.247289858979786, 51.449195909574598 ], [ -0.259111198831886, 51.454953488951801 ], [ -0.258466733609521, 51.457043412625097 ], [ -0.256800012380191, 51.459822308527599 ], [ -0.257958102690143, 51.4603786614855 ], [ -0.255947145177923, 51.4630733671545 ], [ -0.252950677329956, 51.465224043455301 ], [ -0.248747588002848, 51.465054658361197 ], [ -0.244245925605333, 51.465261327426198 ], [ -0.239534478428114, 51.464855424029103 ], [ -0.233290023158623, 51.463971745614899 ], [ -0.233626914383744, 51.466089239176 ], [ -0.232873971995118, 51.466634358882303 ], [ -0.233483177036173, 51.467998551223403 ], [ -0.232958389018286, 51.471681434452002 ], [ -0.232733298874365, 51.472510758717803 ], [ -0.231193690359327, 51.4728239810253 ], [ -0.226953611355139, 51.471401494149397 ], [ -0.223617472767174, 51.470742051294501 ], [ -0.223442448413863, 51.4714789739091 ], [ -0.222885578359532, 51.471720272066797 ], [ -0.218042385723572, 51.468192246735597 ], [ -0.212757971639032, 51.465545354038099 ], [ -0.207268028639518, 51.463900429475999 ], [ -0.203674938295673, 51.463195289281302 ], [ -0.199104019435762, 51.462709471853799 ], [ -0.195500450356724, 51.462888626351599 ], [ -0.195062897780062, 51.462564207969997 ], [ -0.195143631222148, 51.460018046037199 ], [ -0.193301062837148, 51.459797687872097 ], [ -0.194754871876378, 51.460184275469302 ], [ -0.194858893020611, 51.461762305773703 ], [ -0.194359361544695, 51.461378900814502 ], [ -0.193884978675195, 51.4614892232984 ], [ -0.194916419745511, 51.462614085113501 ], [ -0.194793421429803, 51.462911021516497 ], [ -0.190362803152816, 51.463405253263801 ], [ -0.187122241885869, 51.464227870349298 ], [ -0.183598728488574, 51.465461121982202 ], [ -0.180957087181626, 51.467581211352801 ], [ -0.179141376002964, 51.470006220231902 ], [ -0.178472261863543, 51.470180177369798 ], [ -0.178574341524063, 51.470654325483501 ], [ -0.177900908470095, 51.470625428574103 ], [ -0.178511377064627, 51.470771150872402 ], [ -0.176854463062393, 51.474882009436598 ], [ -0.175662657212577, 51.476183680938497 ], [ -0.175988081001179, 51.476440895976403 ], [ -0.175262499190293, 51.477753770499397 ], [ -0.173954521103011, 51.479080054963497 ], [ -0.171633232175267, 51.480263735298699 ], [ -0.166242588848957, 51.481329708688001 ], [ -0.14893167431511, 51.483608068534402 ], [ -0.146251083713656, 51.483559882176301 ], [ -0.14003878462456, 51.482735364351399 ], [ -0.137415607705942, 51.482728802560999 ], [ -0.136912574040293, 51.482437543684597 ], [ -0.136724531175863, 51.4827933627707 ], [ -0.132057012326054, 51.483736178884399 ], [ -0.128506848127153, 51.485042631788502 ], [ -0.128153514265536, 51.4847318197234 ], [ -0.12630848820243, 51.484471006523997 ], [ -0.127056218266137, 51.4835805738212 ] ] ] } },
{ "type": "Feature", "properties": { "LAD24CD": "E09000033", "LAD24NM": "Westminster" }, "geometry": { "type": "Polygon", "coordinates": [ [ [ -0.174128478544183, 51.538261688594098 ], [ -0.173476990559195, 51.537646390317803 ], [ -0.171934140702352, 51.5384038512207 ], [ -0.170876388503664, 51.537778248057698 ], [ -0.169447390913976, 51.538593557513103 ], [ -0.164898867211156, 51.535784639530803 ], [ -0.160396596135671, 51.537298510137603 ], [ -0.159351924771759, 51.536339642373797 ], [ -0.152701824938766, 51.537509540373598 ], [ -0.147123640879697, 51.525034742172203 ], [ -0.145764043772245, 51.525266813218401 ], [ -0.145205616696418, 51.523988970252603 ], [ -0.14408751434632, 51.5239975294581 ], [ -0.143986909810925, 51.524678221652799 ], [ -0.143384543178008, 51.524548393034799 ], [ -0.143544818600121, 51.523965965406397 ], [ -0.142844961598762, 51.523867679706598 ], [ -0.136961309094795, 51.518886618979202 ], [ -0.136278097237986, 51.519157173386603 ], [ -0.135797668689083, 51.5186853550004 ], [ -0.13520781378243, 51.518929715322997 ], [ -0.134006210429943, 51.517547251207397 ], [ -0.133531598252919, 51.517697285827602 ], [ -0.132406111775616, 51.5171171634979 ], [ -0.132516418534426, 51.516673088583502 ], [ -0.130782502682123, 51.5170819805722 ], [ -0.130326509997426, 51.516419590622398 ], [ -0.129610815866559, 51.513998808735899 ], [ -0.128949099459364, 51.5134147753338 ], [ -0.127646380675082, 51.512678929283098 ], [ -0.127169746226547, 51.512705102455001 ], [ -0.122853761042668, 51.515140198845401 ], [ -0.12206608989202, 51.514615206955 ], [ -0.121796317287431, 51.514868898625799 ], [ -0.119451253170614, 51.514502255286203 ], [ -0.114694811598885, 51.516026474685702 ], [ -0.113825664039223, 51.514823672758503 ], [ -0.111567824442113, 51.515335029083097 ], [ -0.111057012329661, 51.513829222695897 ], [ -0.111935793019154, 51.513688103200302 ], [ -0.111704400673957, 51.513190130931001 ], [ -0.112508903162863, 51.512727516288201 ], [ -0.111555901893517, 51.511799998023598 ], [ -0.111502690035089, 51.510833708139501 ], [ -0.116892774210445, 51.5101040605294 ], [ -0.11954268577267, 51.509062495006702 ], [ -0.121128605059339, 51.507749789926599 ], [ -0.122392686253247, 51.506061411831297 ], [ -0.123055272262188, 51.504228055616203 ], [ -0.124707103980221, 51.494710950710598 ], [ -0.125395133896375, 51.4916402166293 ], [ -0.128406612451762, 51.4881896694246 ], [ -0.13249809444204, 51.485730230263798 ], [ -0.138099883632503, 51.4848071919277 ], [ -0.140037506220274, 51.4848207435818 ], [ -0.146453295156885, 51.485677258286401 ], [ -0.148996641409196, 51.485542970405497 ], [ -0.149069825202255, 51.4862077858986 ], [ -0.149694758889763, 51.4861056884424 ], [ -0.149215697877333, 51.4855221474009 ], [ -0.150023801162345, 51.485462431955902 ], [ -0.150160100799982, 51.486036742647599 ], [ -0.155834442321332, 51.4896139833739 ], [ -0.155169196968643, 51.4900390378154 ], [ -0.155800936370808, 51.491464558607497 ], [ -0.154742871175929, 51.491971171756099 ], [ -0.155962988061772, 51.4932005305742 ], [ -0.154973307336501, 51.493826289237099 ], [ -0.155978849547772, 51.494462995491098 ], [ -0.155248805698977, 51.495054049371603 ], [ -0.156056937706088, 51.497775622923399 ], [ -0.157872281859908, 51.499003534913598 ], [ -0.158457848304668, 51.502226196896103 ], [ -0.160900957801054, 51.501676930887903 ], [ -0.162645857685283, 51.500229752434102 ], [ -0.165419106384145, 51.498685487649801 ], [ -0.165718041043788, 51.499219070084301 ], [ -0.167578430986111, 51.498280421534602 ], [ -0.168149601678426, 51.499033226262704 ], [ -0.173418772260889, 51.498231181980501 ], [ -0.179523790495782, 51.497781199935801 ], [ -0.180311745243243, 51.5014622342186 ], [ -0.184204941023171, 51.501788852415302 ], [ -0.187859378088, 51.510194716743598 ], [ -0.192123026589169, 51.509877738671896 ], [ -0.192915313999014, 51.511842863685601 ], [ -0.194004101884694, 51.511700687054798 ], [ -0.195052992094996, 51.515040106714501 ], [ -0.199171143961617, 51.514540977378701 ], [ -0.199907498009142, 51.516840194529301 ], [ -0.200765178561406, 51.517983861438701 ], [ -0.201449310818032, 51.517804233080902 ], [ -0.203742321009568, 51.520624324673399 ], [ -0.202649698006663, 51.520894746786603 ], [ -0.200620363638551, 51.520711779907899 ], [ -0.201625846701851, 51.522742148933503 ], [ -0.203953081013443, 51.523532727987302 ], [ -0.206017430034413, 51.525854210806202 ], [ -0.207297353929911, 51.526234515740903 ], [ -0.212960661863203, 51.526883942780003 ], [ -0.21549666909487, 51.526718587077603 ], [ -0.216020723983129, 51.527920360248999 ], [ -0.215855751894516, 51.529752389511302 ], [ -0.21510696879434, 51.530170176019503 ], [ -0.215266647764194, 51.531360559591697 ], [ -0.211186423402787, 51.531925441531897 ], [ -0.207814035554874, 51.532792006938401 ], [ -0.203013026994402, 51.532895554131898 ], [ -0.20167541569191, 51.532559995325201 ], [ -0.201079967472329, 51.531905855228104 ], [ -0.198174940299363, 51.530417966217698 ], [ -0.197801829405802, 51.527899609217101 ], [ -0.196479321959949, 51.527638635643697 ], [ -0.192997934912252, 51.531983560648399 ], [ -0.192347014575535, 51.533260856280798 ], [ -0.193016132577393, 51.533949842350097 ], [ -0.191467608561554, 51.536292358151599 ], [ -0.188722649361543, 51.534530508369699 ], [ -0.187821656046345, 51.534963943500699 ], [ -0.184160670423868, 51.538228573375598 ], [ -0.180114010393227, 51.539564995793498 ], [ -0.178343045457858, 51.539808068738502 ], [ -0.173911770601983, 51.539473219280701 ], [ -0.174128478544183, 51.538261688594098 ] ] ] } }
]
}
