{
"type": "FeatureCollection",
"name": "lad_boundaries_west_midlands_police",
"crs": { "type": "name", "properties": { "name": "urn:ogc:def:crs:OGC:1.3:CRS84" } },
"features": [
{ "type": "Feature", "properties": { "LAD24CD": "E08000025", "LAD24NM": "Birmingham" }, "geometry": { "type": "Polygon", "coordinates": [ [ [ -1.8279868819582, 52.608715491911802 ], [ -1.81181738966629, 52.604409073790201 ], [ -1.8038693206567, 52.601332428415802 ], [ -1.80167788610274, 52.601072560920301 ], [ -1.79757171721554, 52.599169657297203 ], [ -1.7965280894026, 52.599122937771703 ], [ -1.79433483226039, 52.596168090863401 ], [ -1.79532734016063, 52.595131872115097 ], [ -1.79365819752235, 52.594422283361602 ], [ -1.78962611086412, 52.591614836575701 ], [ -1.78800228267072, 52.587897862166201 ], [ -1.78846071184577, 52.586911249428098 ], [ -1.78828291538582, 52.584610428497498 ], [ -1.78679966131804, 52.583072277148098 ], [ -1.78483582366208, 52.581741834224601 ], [ -1.78384939312287, 52.581584474867498 ], [ -1.78360779348693, 52.581176816913803 ], [ -1.78135878764623, 52.580270100893799 ], [ -1.78026794080559, 52.578859405680497 ], [ -1.77949539353823, 52.578697911073697 ], [ -1.77868415070294, 52.576580231024501 ], [ -1.77915127864207, 52.576401260566797 ], [ -1.77883254221986, 52.575814510307701 ], [ -1.77794755265331, 52.575741862209398 ], [ -1.7779991405885, 52.575162989474698 ], [ -1.77664914100166, 52.57456891244 ], [ -1.77471005994695, 52.5746003085289 ], [ -1.77337322259757, 52.574887254545601 ], [ -1.77193251946475, 52.574694867697602 ], [ -1.77128261465561, 52.575113422255903 ], [ -1.76968817396814, 52.574982725322798 ], [ -1.76888355679066, 52.574256736577297 ], [ -1.76807764354211, 52.574140636593398 ], [ -1.7677237230176, 52.573386702067602 ], [ -1.7681994344654, 52.572988498181402 ], [ -1.76701653011938, 52.571226910682803 ], [ -1.76357709782207, 52.570852865312197 ], [ -1.76356332378601, 52.570252714438801 ], [ -1.76452852982488, 52.569380868125201 ], [ -1.76679231588238, 52.568727255789398 ], [ -1.76790224101192, 52.568074957437901 ], [ -1.76903483545692, 52.568173324203002 ], [ -1.77034050116472, 52.567881872682797 ], [ -1.77390765657733, 52.565635825922001 ], [ -1.7742300480517, 52.564627779779599 ], [ -1.77015202479335, 52.563577079879401 ], [ -1.76691396009666, 52.561618189171803 ], [ -1.76691890042253, 52.559854330646303 ], [ -1.76773126467406, 52.558805913830099 ], [ -1.76629347310924, 52.557886125038202 ], [ -1.76533972140962, 52.5566768875685 ], [ -1.76342400037978, 52.556619184539699 ], [ -1.75995258315033, 52.555668310022803 ], [ -1.75781299802624, 52.555571419888501 ], [ -1.75639975933876, 52.555879598914998 ], [ -1.75575966440478, 52.554787759908699 ], [ -1.75357675972706, 52.545302435131198 ], [ -1.7521059440183, 52.543841175591098 ], [ -1.74642783211678, 52.5417130608161 ], [ -1.74899304746964, 52.541261740044497 ], [ -1.74836112640124, 52.5365208676522 ], [ -1.75091450605661, 52.536278079096697 ], [ -1.75041157427796, 52.533972010913899 ], [ -1.74908599922833, 52.531422363380003 ], [ -1.74685335384251, 52.531315192097601 ], [ -1.7435270398998, 52.532693418935303 ], [ -1.74234690692832, 52.531305547935403 ], [ -1.73942151465685, 52.531911422168903 ], [ -1.73867024604816, 52.529085105015497 ], [ -1.73975501172586, 52.529119831226097 ], [ -1.73882295998834, 52.528705988241597 ], [ -1.73691624022167, 52.529079453060298 ], [ -1.73157066738197, 52.527717174420303 ], [ -1.73082132991798, 52.525881499498098 ], [ -1.73041846122037, 52.525960667574402 ], [ -1.72885044838865, 52.524467436553401 ], [ -1.72958544010516, 52.5243081401902 ], [ -1.73028930847506, 52.523334779051197 ], [ -1.73091633527985, 52.523112813085902 ], [ -1.73182531733656, 52.522960411234799 ], [ -1.73378523215328, 52.523483369494002 ], [ -1.73482603720175, 52.523429066808198 ], [ -1.73622924643451, 52.522613955468103 ], [ -1.73774923421579, 52.522291956280498 ], [ -1.73876023471672, 52.521621735676099 ], [ -1.74163655811635, 52.5207298791276 ], [ -1.74386832903245, 52.520641220290997 ], [ -1.74582290579337, 52.5200700211984 ], [ -1.74690456289991, 52.520100181396202 ], [ -1.74877590684243, 52.520694414431702 ], [ -1.7513407447763, 52.520598516474898 ], [ -1.753810175173, 52.521213161517302 ], [ -1.75431911690793, 52.518475897639298 ], [ -1.75703898620823, 52.518298021193999 ], [ -1.75707693385447, 52.517827063141198 ], [ -1.75492230979489, 52.515732442361298 ], [ -1.75409103220134, 52.515776571090498 ], [ -1.75325738991496, 52.514115309673898 ], [ -1.75393386396951, 52.513829913545102 ], [ -1.75351881384396, 52.5129615055519 ], [ -1.76049418746731, 52.514326855304198 ], [ -1.7644009562316, 52.5144928863606 ], [ -1.76848391189917, 52.514243730805198 ], [ -1.77360220340732, 52.513247596792098 ], [ -1.78461233528875, 52.509922806574998 ], [ -1.79391953163888, 52.5088390119667 ], [ -1.79482516759673, 52.508303855306501 ], [ -1.79402471990701, 52.507762146889398 ], [ -1.79430725618759, 52.506583223264897 ], [ -1.79869050065041, 52.5056251368121 ], [ -1.79935848028548, 52.504863059571697 ], [ -1.79929459260207, 52.5036996238086 ], [ -1.79859632606231, 52.503052966714399 ], [ -1.79744153189014, 52.502684225559101 ], [ -1.79209227201989, 52.503001303599703 ], [ -1.78254077034429, 52.501623132050099 ], [ -1.78197885749374, 52.501456643801603 ], [ -1.78216433777341, 52.5011872723151 ], [ -1.77939496621795, 52.501166880259397 ], [ -1.77245545268402, 52.501632093375001 ], [ -1.7720225820525, 52.5018614318818 ], [ -1.77153626963372, 52.501621340777596 ], [ -1.77139810656299, 52.501843154603897 ], [ -1.77035595899601, 52.501676583579197 ], [ -1.77027097152615, 52.501297058575503 ], [ -1.76417349611971, 52.500799638633403 ], [ -1.76418277135587, 52.499884464104099 ], [ -1.76154214144287, 52.499796529553699 ], [ -1.76149186524712, 52.5001092822217 ], [ -1.75889086688682, 52.499768730453397 ], [ -1.75873136538214, 52.500108224732799 ], [ -1.75583724416139, 52.499495498874701 ], [ -1.75695862683998, 52.496754087188002 ], [ -1.75896288679485, 52.495211862478499 ], [ -1.75989933739683, 52.494719264100702 ], [ -1.76033643695063, 52.493707885 ], [ -1.76083910704831, 52.493634300614403 ], [ -1.76100788676902, 52.4915803738417 ], [ -1.76159463360359, 52.490377773178601 ], [ -1.76235904708119, 52.4901077929634 ], [ -1.76232459369014, 52.488578510553303 ], [ -1.76111270794269, 52.4882749103731 ], [ -1.76365496845306, 52.487110460710397 ], [ -1.76309356884437, 52.4866274349272 ], [ -1.7620644576813, 52.4865714522888 ], [ -1.76147840993464, 52.486829205317797 ], [ -1.76086064249292, 52.4864225385612 ], [ -1.76156084414712, 52.485222863226902 ], [ -1.76109464538837, 52.485102302611999 ], [ -1.76041166337913, 52.483968236462403 ], [ -1.75947401125269, 52.483894439659302 ], [ -1.75904601914715, 52.483254383665098 ], [ -1.75980625368312, 52.482933096843396 ], [ -1.75887185016452, 52.480399619369599 ], [ -1.75985560527535, 52.480377349443401 ], [ -1.75883665743018, 52.478500861140603 ], [ -1.75859985930961, 52.476574729118703 ], [ -1.75915660687533, 52.476548000346803 ], [ -1.75916287042053, 52.475409034194797 ], [ -1.75580346600127, 52.471902275119099 ], [ -1.75669170309456, 52.4715391214786 ], [ -1.75932352521777, 52.468953595186797 ], [ -1.75872949244421, 52.4672181706716 ], [ -1.75994967242564, 52.4669878732604 ], [ -1.76171649976253, 52.467179276197399 ], [ -1.76374773869409, 52.466118961991903 ], [ -1.76337862439142, 52.463846475630902 ], [ -1.75497780141399, 52.456284100779399 ], [ -1.75960051292333, 52.4519109576989 ], [ -1.76139223116363, 52.450923001499 ], [ -1.7627665732461, 52.451195386457997 ], [ -1.76667532829702, 52.451089014553403 ], [ -1.76666103142904, 52.450739286528098 ], [ -1.76901485324649, 52.451102590035802 ], [ -1.77247781479673, 52.4507173574859 ], [ -1.77333566259662, 52.451006689399598 ], [ -1.77438349116316, 52.450679663209101 ], [ -1.7774781723753, 52.4506315971772 ], [ -1.77795123821377, 52.450188329334203 ], [ -1.77910650582978, 52.450153642019401 ], [ -1.77913012945202, 52.450428790621899 ], [ -1.78145382024471, 52.450670460413498 ], [ -1.78163891399044, 52.451049261360403 ], [ -1.78245528517338, 52.4511010939692 ], [ -1.78270372256494, 52.450859699721597 ], [ -1.7889805112826, 52.453096061354898 ], [ -1.78942064920775, 52.452772311286097 ], [ -1.79028343117725, 52.452973452189902 ], [ -1.79050250719387, 52.452699634752101 ], [ -1.7913077176073, 52.452966274982103 ], [ -1.79090609992385, 52.453254151065799 ], [ -1.7939884627725, 52.454300563676298 ], [ -1.79482511275738, 52.455100364761897 ], [ -1.79529226136584, 52.455255756530299 ], [ -1.79568316993517, 52.455051429449298 ], [ -1.79874353911794, 52.457469602442998 ], [ -1.80031736681895, 52.458297577609201 ], [ -1.80491286411673, 52.454428714911899 ], [ -1.80538852309611, 52.454697410850102 ], [ -1.80596506153781, 52.454094226130302 ], [ -1.80512369859533, 52.453331433063703 ], [ -1.80625417355158, 52.4515667292251 ], [ -1.80606636028185, 52.449760406589597 ], [ -1.80667876172508, 52.449681330081702 ], [ -1.80827568370454, 52.446532049106203 ], [ -1.80926330603013, 52.445393773195804 ], [ -1.81001004063735, 52.445231313356402 ], [ -1.80957346370991, 52.444776658063702 ], [ -1.81227038300094, 52.443012605035698 ], [ -1.81157148917493, 52.442344450477698 ], [ -1.81241579728778, 52.442012268724802 ], [ -1.81183733289341, 52.4414090150809 ], [ -1.81279839421585, 52.440595110875101 ], [ -1.81190441883669, 52.440489440664301 ], [ -1.81339861923043, 52.438499656293402 ], [ -1.81448147927685, 52.437744348635498 ], [ -1.81610967530427, 52.437820675111801 ], [ -1.81731473297498, 52.432367355724097 ], [ -1.81924004550818, 52.4309004035808 ], [ -1.82526331290558, 52.429305582541097 ], [ -1.82702968604712, 52.427788918545403 ], [ -1.82799861797337, 52.425568796171802 ], [ -1.83072531182291, 52.422795745493502 ], [ -1.83289793405241, 52.419483233280602 ], [ -1.83440999735922, 52.418563852974003 ], [ -1.83372923110355, 52.418152986684802 ], [ -1.83905967189958, 52.414350306075598 ], [ -1.84236507081714, 52.412615091065497 ], [ -1.84360880287724, 52.410523802236803 ], [ -1.84781816302923, 52.409965631441104 ], [ -1.84871905340463, 52.410018004550402 ], [ -1.84943389003688, 52.410789316892 ], [ -1.85025288111983, 52.410293246025098 ], [ -1.8508359960285, 52.410445864645197 ], [ -1.8539426048547, 52.408559087139402 ], [ -1.85781070857399, 52.408419051931297 ], [ -1.86275898865266, 52.409336437815099 ], [ -1.86413120002076, 52.410086843491499 ], [ -1.86476940071998, 52.410997373013799 ], [ -1.86664513342295, 52.411045314349401 ], [ -1.86563702507381, 52.409951934547401 ], [ -1.86625181858913, 52.409823113178 ], [ -1.86711341916205, 52.408786645385597 ], [ -1.86878646526985, 52.407738487733504 ], [ -1.86919640530842, 52.407809942529497 ], [ -1.86876745689888, 52.404711906543596 ], [ -1.87237763765325, 52.404678095031599 ], [ -1.87233411299135, 52.402157313192099 ], [ -1.87786566497485, 52.402429129389397 ], [ -1.87835404802744, 52.399897648890999 ], [ -1.8826972850066, 52.399812964025699 ], [ -1.88619261310968, 52.404357333884398 ], [ -1.88593896234133, 52.4046879199038 ], [ -1.89238068950327, 52.404433253287799 ], [ -1.8961328593028, 52.403327203990798 ], [ -1.9006898367434, 52.403835515769302 ], [ -1.90458785454367, 52.403145632107901 ], [ -1.90662611862734, 52.404093922903797 ], [ -1.90966661274623, 52.404446902865701 ], [ -1.91081158125015, 52.406690775168698 ], [ -1.91367502449958, 52.407464303254201 ], [ -1.91395883062614, 52.406660765828597 ], [ -1.91464961252024, 52.406754739348102 ], [ -1.91530304875513, 52.403163748007699 ], [ -1.91646872916699, 52.401543703533399 ], [ -1.91829667328584, 52.400133515771103 ], [ -1.91857786578453, 52.398192750264101 ], [ -1.92243665119051, 52.396855849218397 ], [ -1.92313577579746, 52.396225199384297 ], [ -1.92438269412263, 52.396693453737903 ], [ -1.92827236409414, 52.393139407501899 ], [ -1.9280729558748, 52.392891137617603 ], [ -1.93207202215495, 52.390504792116701 ], [ -1.93285845698872, 52.390325492114897 ], [ -1.93463552846939, 52.387890136239498 ], [ -1.93415409732938, 52.387550045821499 ], [ -1.93431470610424, 52.387236378657001 ], [ -1.93634574198434, 52.387904557257201 ], [ -1.93967153237808, 52.389600116785701 ], [ -1.94544940926848, 52.3906961060109 ], [ -1.95254253088033, 52.393320700080402 ], [ -1.95361379620871, 52.393370650846101 ], [ -1.95891155487297, 52.388248183093602 ], [ -1.95940814861202, 52.388242066352397 ], [ -1.95956171180786, 52.388989255650202 ], [ -1.96043451281946, 52.389092912644699 ], [ -1.9649269608741, 52.392187863789196 ], [ -1.966361665048, 52.389465156101402 ], [ -1.96882734129807, 52.389457734754401 ], [ -1.96895968323073, 52.389212318282503 ], [ -1.96971606541492, 52.389689014818899 ], [ -1.97054633128707, 52.389656850177403 ], [ -1.97162072437709, 52.3892156215882 ], [ -1.97245742808667, 52.388126242451698 ], [ -1.97557735720171, 52.387110993085599 ], [ -1.97779714982338, 52.387703747425498 ], [ -1.97859206835627, 52.387514237665599 ], [ -1.97892699302344, 52.387872084074303 ], [ -1.98362447262023, 52.3873341820359 ], [ -1.98819017428832, 52.384502683595201 ], [ -1.98807737346497, 52.383596461303 ], [ -1.98897085434931, 52.382641787646001 ], [ -1.99288031461083, 52.381951533943898 ], [ -1.99451104210707, 52.381181163795503 ], [ -1.99803022721597, 52.381061553568003 ], [ -2.00017711560184, 52.381632173152603 ], [ -2.00127910459127, 52.383565118460901 ], [ -2.00218554547118, 52.3835291270494 ], [ -2.00220764688087, 52.384199780283403 ], [ -2.00416612898093, 52.383957001195398 ], [ -2.00500053851913, 52.384154672795802 ], [ -2.00613659530207, 52.385670358468197 ], [ -2.00845976530079, 52.386962038488299 ], [ -2.01135254232925, 52.3861805017265 ], [ -2.01295055084592, 52.388700264653501 ], [ -2.01336609450826, 52.392073293567897 ], [ -2.01418392695015, 52.394224584260201 ], [ -2.01507466712143, 52.394668627161003 ], [ -2.01690261321493, 52.394261004757297 ], [ -2.01807411820076, 52.394948635508001 ], [ -2.0194299246891, 52.396482127225298 ], [ -2.0207239261077, 52.399341580117202 ], [ -2.02167013198302, 52.400098716769598 ], [ -2.025055513847, 52.400664251746797 ], [ -2.02578294766412, 52.400417735443199 ], [ -2.0294266066027, 52.400571444091803 ], [ -2.03131271412427, 52.401004332910297 ], [ -2.03364061279039, 52.4023279266382 ], [ -2.03343542536014, 52.403032805192197 ], [ -2.02805803865894, 52.406431708203399 ], [ -2.02731470626582, 52.407113340083498 ], [ -2.02727090789761, 52.407568309972298 ], [ -2.02786067141224, 52.407884624671098 ], [ -2.02753442235217, 52.408104904111902 ], [ -2.02417725566461, 52.406370587933601 ], [ -2.02315996643359, 52.406291709067098 ], [ -2.02202837813706, 52.406816911119797 ], [ -2.02047762120945, 52.406867626450598 ], [ -2.01754876515636, 52.405582435697802 ], [ -2.01507067736877, 52.406123189785099 ], [ -2.01427436005843, 52.406880349817399 ], [ -2.01267809260723, 52.4073165717612 ], [ -2.01234911352502, 52.4082048760528 ], [ -2.01280751747656, 52.409461195174003 ], [ -2.01090089299496, 52.409527964482201 ], [ -2.00923424074021, 52.4103626289589 ], [ -2.00809659464756, 52.408619786200397 ], [ -2.00644142851911, 52.409134210016497 ], [ -2.00463912461886, 52.4092233196899 ], [ -2.00420137259166, 52.4109692862164 ], [ -2.00279008446754, 52.410678072434202 ], [ -2.00207715386416, 52.410871337980701 ], [ -2.00101276220284, 52.410308572379002 ], [ -1.99861646840249, 52.409757587076903 ], [ -1.99814170983728, 52.4099876727348 ], [ -1.99779772084586, 52.409737818125699 ], [ -1.99692588431517, 52.410353646210801 ], [ -1.99560864934105, 52.412495913899697 ], [ -1.99324464924427, 52.413572923349903 ], [ -1.99107463437163, 52.4135593428283 ], [ -1.98886196594896, 52.414122002473697 ], [ -1.98603705906246, 52.416726185078304 ], [ -1.98821893695329, 52.416988905788202 ], [ -1.98869680541712, 52.416368618727098 ], [ -1.99104201651639, 52.415413120920398 ], [ -1.9970611444877, 52.417426156843597 ], [ -1.99700973434387, 52.417942219540699 ], [ -1.9990181453853, 52.418713525067197 ], [ -2.00036801166618, 52.420243633375399 ], [ -2.00204282203893, 52.420987943314699 ], [ -2.00127533521147, 52.421871708974599 ], [ -2.00281937583094, 52.422331112328699 ], [ -2.00164897073082, 52.422999099649601 ], [ -2.0033917673588, 52.425392167045104 ], [ -2.00351542698727, 52.4262606386405 ], [ -2.00431691490645, 52.426371243740597 ], [ -2.00468631003248, 52.428410162666999 ], [ -2.00655843310693, 52.427928234228503 ], [ -2.0072966739274, 52.428093558133398 ], [ -2.00974055226798, 52.426521876585802 ], [ -2.01317806915342, 52.4287205253613 ], [ -2.01257103800784, 52.429804864109698 ], [ -2.01378283404368, 52.429552078011298 ], [ -2.01545901611643, 52.428611483525501 ], [ -2.0152795879895, 52.432174295424403 ], [ -2.01580474927565, 52.432664228481698 ], [ -2.01699028095924, 52.432682930084901 ], [ -2.01700108699185, 52.4406742734839 ], [ -2.01743461533019, 52.443256167500998 ], [ -2.01651223480981, 52.4467318913361 ], [ -2.0152678385812, 52.4476589486693 ], [ -2.01323319186999, 52.448356000600498 ], [ -2.01351180423611, 52.449658625521302 ], [ -2.01212055044881, 52.452193070874102 ], [ -2.01150484508758, 52.455364813116702 ], [ -2.01175700851419, 52.457222139613798 ], [ -2.01308393513488, 52.460284030618702 ], [ -2.01324348263751, 52.462190789470199 ], [ -2.00790512842713, 52.461914355344199 ], [ -2.00439194260558, 52.462592366886 ], [ -2.00208711332442, 52.4633979739369 ], [ -1.99772305017184, 52.463112982697901 ], [ -1.98795676797129, 52.465366192250599 ], [ -1.98171395236995, 52.4662913756205 ], [ -1.97724162901162, 52.467431380416699 ], [ -1.96831644884581, 52.472239960810498 ], [ -1.96574528552979, 52.473362036850702 ], [ -1.96580683504019, 52.473664123722699 ], [ -1.96712986376984, 52.474197641237197 ], [ -1.96537415111056, 52.475322630803397 ], [ -1.96902431598344, 52.4767935536115 ], [ -1.96840526634391, 52.477746330121498 ], [ -1.96869228360914, 52.477862434187003 ], [ -1.96703214150266, 52.4789533250581 ], [ -1.96468909886545, 52.481513880676403 ], [ -1.96379195528685, 52.482076399549896 ], [ -1.96139117059592, 52.482776830531002 ], [ -1.95920151544, 52.482868746098902 ], [ -1.95612318684597, 52.482308431632703 ], [ -1.95248644794049, 52.483360610078797 ], [ -1.951566756486, 52.482826198667198 ], [ -1.95077702386458, 52.483246661359303 ], [ -1.94951879866871, 52.485227497152302 ], [ -1.95072013039105, 52.485494127545898 ], [ -1.94970505669282, 52.487142441468301 ], [ -1.94842850593154, 52.486999883853798 ], [ -1.94802575725241, 52.4876236143105 ], [ -1.94709073856467, 52.4874909899223 ], [ -1.94594619090101, 52.490211772814099 ], [ -1.94393765032977, 52.489935723204297 ], [ -1.94302844199936, 52.491512130075598 ], [ -1.9456833149021, 52.493166629496102 ], [ -1.94552814136277, 52.4935442095152 ], [ -1.94382449450575, 52.4944171627928 ], [ -1.94431028955988, 52.495735401045003 ], [ -1.94141368025522, 52.497542707543801 ], [ -1.93813215324312, 52.498424754796801 ], [ -1.94258515985575, 52.499413211406903 ], [ -1.94246273927009, 52.499597483093403 ], [ -1.94300211530353, 52.4994062248647 ], [ -1.94571321207794, 52.4999721037941 ], [ -1.95103811248496, 52.501518044629599 ], [ -1.95552362506615, 52.501596226390298 ], [ -1.95548432318589, 52.502635427954701 ], [ -1.96302485370939, 52.504897309688602 ], [ -1.96114946326388, 52.506617343731698 ], [ -1.96196931392438, 52.507574142923403 ], [ -1.96126147990603, 52.5082661222634 ], [ -1.96223530506959, 52.508335732948197 ], [ -1.96197610166239, 52.509875644064202 ], [ -1.9595687647455, 52.509667140526801 ], [ -1.96226557254918, 52.512650875369197 ], [ -1.96264341418891, 52.513661541103303 ], [ -1.96210802564959, 52.515936715576402 ], [ -1.96020023148301, 52.517066080287996 ], [ -1.95990198517528, 52.517723141846503 ], [ -1.95879471798479, 52.518415067046497 ], [ -1.95803874968885, 52.519979069489601 ], [ -1.95949278025741, 52.522289976314099 ], [ -1.960108083847, 52.524897261223103 ], [ -1.96207914582894, 52.527961707903003 ], [ -1.96047932728237, 52.530223947622503 ], [ -1.96023808581839, 52.531351246552198 ], [ -1.95808176597462, 52.531398958930801 ], [ -1.9579184032093, 52.529966350162802 ], [ -1.95747906513867, 52.529716184080598 ], [ -1.95403690924121, 52.529945955566703 ], [ -1.95127187116957, 52.529791762429099 ], [ -1.94986831195496, 52.530434231858997 ], [ -1.94798214428908, 52.532587422389 ], [ -1.94730139972581, 52.532826975903902 ], [ -1.94740797375411, 52.533475560754603 ], [ -1.94647804611796, 52.533761818539404 ], [ -1.94528157972568, 52.533391418586298 ], [ -1.94414281194613, 52.5334336643472 ], [ -1.94284961636143, 52.533827997459703 ], [ -1.93972359893277, 52.533177586129 ], [ -1.93946011035973, 52.532776407749203 ], [ -1.93723814420562, 52.532008407071899 ], [ -1.93367936381102, 52.532753362323 ], [ -1.93263000770657, 52.532484055640097 ], [ -1.93246610141241, 52.532666100053902 ], [ -1.92944518787316, 52.531306739442201 ], [ -1.9303474136562, 52.533357521920799 ], [ -1.92944016976446, 52.542822405107799 ], [ -1.92994176625728, 52.543587786223 ], [ -1.93314991922693, 52.545812812130102 ], [ -1.92119024333543, 52.546050907504402 ], [ -1.91980935196755, 52.546343056140202 ], [ -1.91850599639123, 52.5470325680567 ], [ -1.91679969537041, 52.548644138946202 ], [ -1.91183491631661, 52.551944328781097 ], [ -1.90815690491608, 52.553227054789801 ], [ -1.90127972640905, 52.5544143753744 ], [ -1.8997930437395, 52.554999267587398 ], [ -1.89809604973742, 52.5566231551445 ], [ -1.89668206890154, 52.558857772215497 ], [ -1.89163279419325, 52.562454540783797 ], [ -1.88849901688753, 52.563826146745498 ], [ -1.88274613648667, 52.567457055922503 ], [ -1.8785192231514, 52.569635581683798 ], [ -1.87592485252269, 52.580362435378603 ], [ -1.87256445035415, 52.584944694866898 ], [ -1.87080789502696, 52.5867785212561 ], [ -1.86771191986206, 52.588276441285799 ], [ -1.86796061067901, 52.588530233440203 ], [ -1.86391204135949, 52.591075219047802 ], [ -1.85467955682279, 52.601351906611697 ], [ -1.85279623242263, 52.602492685896003 ], [ -1.84855114164341, 52.604653031987098 ], [ -1.84447073817853, 52.605223948121697 ], [ -1.83865718821092, 52.606872215249503 ], [ -1.83803439982297, 52.606746356689399 ], [ -1.83672031739614, 52.607357068443498 ], [ -1.83237033744878, 52.607806569123298 ], [ -1.8279868819582, 52.608715491911802 ] ] ] } },
{ "type": "Feature", "properties": { "LAD24CD": "E08000026", "LAD24NM": "Coventry" }, "geometry": { "type": "Polygon", "coordinates": [ [ [ -1.52595610305627, 52.456365791182698 ], [ -1.5220932749082, 52.456327474536202 ], [ -1.51763287695838, 52.456817090558502 ], [ -1.51912161097524, 52.455160231636697 ], [ -1.51976908036449, 52.453399888409301 ], [ -1.5050136515019, 52.450068065446999 ], [ -1.50297166350615, 52.450763889826298 ], [ -1.50002712685777, 52.451032459819103 ], [ -1.49882500078048, 52.450976602611597 ], [ -1.49600519596588, 52.452119020628203 ], [ -1.49557323828227, 52.451932439706297 ], [ -1.49432632069245, 52.4526904089646 ], [ -1.49482475403411, 52.4529833612646 ], [ -1.49260278347521, 52.454584939441297 ], [ -1.49290617537381, 52.454883809587201 ], [ -1.49170684427205, 52.455011741628802 ], [ -1.49142015024455, 52.4565235645507 ], [ -1.49192232627438, 52.456621008220601 ], [ -1.49201525387226, 52.457498578222001 ], [ -1.49278872769022, 52.4584500764458 ], [ -1.49198638009856, 52.458602180232099 ], [ -1.48964893655484, 52.457998904509303 ], [ -1.48936370447302, 52.458421117366299 ], [ -1.4882065585232, 52.458519078144903 ], [ -1.48678976597356, 52.458227081064599 ], [ -1.48681780509743, 52.457650031894801 ], [ -1.48502154420994, 52.457721376271202 ], [ -1.48455360451611, 52.457211852928701 ], [ -1.48312654485801, 52.458115919631702 ], [ -1.47909567885193, 52.457105377827503 ], [ -1.4789311920049, 52.456826861440497 ], [ -1.47735076793348, 52.457001532132601 ], [ -1.47285812832636, 52.456415785189797 ], [ -1.46635445722656, 52.458522826428897 ], [ -1.46423476289243, 52.458070060918701 ], [ -1.46386695120717, 52.458300343512398 ], [ -1.4620137193778, 52.457841579571898 ], [ -1.46133254178352, 52.455778826878401 ], [ -1.46057141126682, 52.455796940457503 ], [ -1.46032520371626, 52.455232126339098 ], [ -1.45977628817378, 52.455598296369303 ], [ -1.45905317416489, 52.455158032827399 ], [ -1.45874620583406, 52.454751209274399 ], [ -1.46039922806175, 52.453632325075503 ], [ -1.45216512896527, 52.4496578767843 ], [ -1.44605276229449, 52.447546463021702 ], [ -1.44547386772553, 52.448298076418901 ], [ -1.44364719055357, 52.447421964296602 ], [ -1.44437377527678, 52.447091844961697 ], [ -1.44364484131013, 52.446789955441297 ], [ -1.44433984155832, 52.446394978445198 ], [ -1.44501478591985, 52.446426896539897 ], [ -1.4466546904845, 52.442602025993203 ], [ -1.43981662725891, 52.440273934825001 ], [ -1.4400933531224, 52.439686381024799 ], [ -1.43186529869174, 52.437526490722597 ], [ -1.43169381291561, 52.4367903148609 ], [ -1.42993004561497, 52.436792625621202 ], [ -1.4287854815672, 52.435779349413401 ], [ -1.42520756010595, 52.434797422675402 ], [ -1.42414571781375, 52.434000202935401 ], [ -1.4239377808286, 52.432907845705998 ], [ -1.42442983034931, 52.430707678976901 ], [ -1.43239819173664, 52.415692496327502 ], [ -1.43478173559036, 52.412583804599201 ], [ -1.43783608898368, 52.410549858672098 ], [ -1.43799696083637, 52.409757673091498 ], [ -1.43724631063449, 52.407917389829102 ], [ -1.43264391346317, 52.402712978703001 ], [ -1.43103181164189, 52.400275105755497 ], [ -1.43087568067576, 52.398123831766597 ], [ -1.4326582861785, 52.395038785222198 ], [ -1.43581938876195, 52.392265069873901 ], [ -1.44496432719113, 52.386377290052799 ], [ -1.45089603288482, 52.383762722408399 ], [ -1.45926496680465, 52.381568412381597 ], [ -1.46313117977899, 52.379669711948402 ], [ -1.46145991912389, 52.377448729081401 ], [ -1.46292395816185, 52.376402549327899 ], [ -1.4604480537783, 52.374823877644999 ], [ -1.4620838952941, 52.374082869439803 ], [ -1.46375039863863, 52.373771267484997 ], [ -1.46401360334253, 52.373267167340003 ], [ -1.46633235788727, 52.374536276134201 ], [ -1.46469575144741, 52.375531386830701 ], [ -1.46660878554623, 52.377204082047101 ], [ -1.47100830681801, 52.376473051098898 ], [ -1.47591340806165, 52.374708533397403 ], [ -1.48040989552119, 52.374318306240603 ], [ -1.48227797499042, 52.377118847509898 ], [ -1.48660451510808, 52.376830190997197 ], [ -1.50449893765669, 52.377807146940299 ], [ -1.50816988511133, 52.375822153471297 ], [ -1.50926802659965, 52.373223169027703 ], [ -1.51301198649732, 52.370043007984002 ], [ -1.5137217529505, 52.369016274642597 ], [ -1.51500161994014, 52.370193669593398 ], [ -1.51797747852973, 52.3719390682556 ], [ -1.51846979132873, 52.373546794108897 ], [ -1.52000077262159, 52.373093555580901 ], [ -1.52108376898039, 52.374549881058201 ], [ -1.51981119314384, 52.375553413227401 ], [ -1.52278093779211, 52.3775144472026 ], [ -1.52465132517521, 52.379400900062898 ], [ -1.52991942011397, 52.377863003779197 ], [ -1.53266181148081, 52.376216083908602 ], [ -1.53547931771897, 52.377608903175698 ], [ -1.54567712824214, 52.369270549220403 ], [ -1.54189288256097, 52.3666334958655 ], [ -1.54287710118259, 52.366044826408803 ], [ -1.54333512703127, 52.366344172843199 ], [ -1.54680821339246, 52.365356898795802 ], [ -1.54939034641301, 52.366338574491699 ], [ -1.5524124217106, 52.363892074103802 ], [ -1.5550055166441, 52.365102949739601 ], [ -1.55555538969844, 52.365040302153403 ], [ -1.55745474752676, 52.3657333480025 ], [ -1.55584264869182, 52.367751965066901 ], [ -1.55825398391774, 52.368655425481599 ], [ -1.55690674446214, 52.369731067937998 ], [ -1.55555143588984, 52.372057110687898 ], [ -1.55676061644155, 52.372464465784901 ], [ -1.55490045425518, 52.373696343650103 ], [ -1.55499309564031, 52.374423969582999 ], [ -1.55930154192837, 52.375598941160099 ], [ -1.56263515278622, 52.376891497128597 ], [ -1.56314577553372, 52.379190353591099 ], [ -1.56481811533319, 52.382294551305101 ], [ -1.56779851824376, 52.3847777917629 ], [ -1.57053822349503, 52.384213255464097 ], [ -1.56877594133277, 52.383670119800897 ], [ -1.56956219279502, 52.382898060950602 ], [ -1.57137352144835, 52.383364877214298 ], [ -1.57301812732343, 52.3825373839503 ], [ -1.57670780014509, 52.382787972301898 ], [ -1.57578869048, 52.384575566756503 ], [ -1.58011559424737, 52.384893934093697 ], [ -1.58799714799665, 52.386110084334497 ], [ -1.59394334153485, 52.387894389765897 ], [ -1.59471720454327, 52.387458347596201 ], [ -1.59739014508007, 52.388242353270002 ], [ -1.5976932426149, 52.3880429565612 ], [ -1.6025062505542, 52.389754681426403 ], [ -1.60314295852869, 52.390361857750499 ], [ -1.6016003427856, 52.391480503718803 ], [ -1.60103979000195, 52.392869366268002 ], [ -1.60001705851798, 52.392869521281703 ], [ -1.60077034806847, 52.395057575361001 ], [ -1.60225114969124, 52.394948401025601 ], [ -1.60269179445118, 52.395809271623101 ], [ -1.60158835275573, 52.395938681909499 ], [ -1.60427393198842, 52.400009432774297 ], [ -1.60439926334444, 52.401793440938697 ], [ -1.60430786758891, 52.403473459142099 ], [ -1.6012246913873, 52.403738257695402 ], [ -1.60133118892773, 52.404648430989802 ], [ -1.60367560519928, 52.4044818271163 ], [ -1.60579861424499, 52.405927357427998 ], [ -1.60587627526346, 52.407286001226602 ], [ -1.60339505384328, 52.407759567105799 ], [ -1.60405319448269, 52.409133717095202 ], [ -1.60368658940641, 52.409196306332099 ], [ -1.60461019720019, 52.415913169601303 ], [ -1.60219962288867, 52.415827823515002 ], [ -1.60217550224297, 52.416057014638596 ], [ -1.60323947722667, 52.4167797581906 ], [ -1.60470605464999, 52.4186797513279 ], [ -1.61109498408289, 52.422340961651699 ], [ -1.61105451435294, 52.422749847942903 ], [ -1.60938220063078, 52.4241108097115 ], [ -1.60645312495955, 52.425386788874199 ], [ -1.60724189988717, 52.425835271425903 ], [ -1.61058382889501, 52.426262494685901 ], [ -1.61328739472064, 52.427215290468297 ], [ -1.61445000065458, 52.427967998816001 ], [ -1.61139681165766, 52.432133893972797 ], [ -1.60811285057446, 52.431098255755998 ], [ -1.60654582464958, 52.431000411458498 ], [ -1.60623595430369, 52.432920637730298 ], [ -1.6097450781379, 52.4336289343616 ], [ -1.60973531027965, 52.434902792678599 ], [ -1.60894276079996, 52.435711937974197 ], [ -1.60957666791086, 52.436555525637999 ], [ -1.60956415125553, 52.437975961812299 ], [ -1.60827084648276, 52.4388409739921 ], [ -1.60732895915169, 52.4390536525257 ], [ -1.60569295615945, 52.4400515070365 ], [ -1.60440150440553, 52.440041818584596 ], [ -1.59898235633727, 52.439503169719202 ], [ -1.59668234131878, 52.438444377923801 ], [ -1.59586199269661, 52.439688516722399 ], [ -1.59522861041217, 52.439926415004301 ], [ -1.59284561870792, 52.4453581411775 ], [ -1.5936723003877, 52.4485767950423 ], [ -1.5942169676177, 52.448714369470899 ], [ -1.59530511299377, 52.450077354123799 ], [ -1.5959022471255, 52.451395517793699 ], [ -1.59364992852745, 52.451823005760097 ], [ -1.594795298618, 52.453051376899701 ], [ -1.59354035962898, 52.453503742445903 ], [ -1.59548725924308, 52.4559197581506 ], [ -1.5946094456239, 52.455992259276499 ], [ -1.59565038962668, 52.456591859929198 ], [ -1.59574272056519, 52.457590055151996 ], [ -1.5965164911971, 52.458445869038201 ], [ -1.59492116060893, 52.460689736945099 ], [ -1.59400456867352, 52.461460698608498 ], [ -1.59305711943938, 52.461571596815503 ], [ -1.58998539510705, 52.461103386012098 ], [ -1.58986310702649, 52.461912108179099 ], [ -1.58564487263706, 52.460170515619801 ], [ -1.57870397335189, 52.458151134805298 ], [ -1.5775209226441, 52.458438216282801 ], [ -1.57404376412751, 52.457924198954103 ], [ -1.56842065051747, 52.456088774255399 ], [ -1.56295896044066, 52.4559806231632 ], [ -1.56119166726618, 52.455222568536499 ], [ -1.55852245437759, 52.456665501828397 ], [ -1.55428931786015, 52.456444676534502 ], [ -1.55399518142115, 52.456855289370999 ], [ -1.55142085388797, 52.4570443021451 ], [ -1.54923018166041, 52.459300584961497 ], [ -1.54756117611661, 52.459590014121403 ], [ -1.54526084190572, 52.461456556347599 ], [ -1.53993880020312, 52.464802478078603 ], [ -1.53701456424533, 52.462426154203101 ], [ -1.53493799410342, 52.459513727270199 ], [ -1.52967710442915, 52.457087747692199 ], [ -1.52595610305627, 52.456365791182698 ] ] ] } },
{ "type": "Feature", "properties": { "LAD24CD": "E08000027", "LAD24NM": "Dudley" }, "geometry": { "type": "Polygon", "coordinates": [ [ [ -2.1215270601688, 52.556815290411599 ], [ -2.11795572320693, 52.552799540150197 ], [ -2.11847574934538, 52.552594105792103 ], [ -2.11782631098175, 52.551832365897603 ], [ -2.11723113566125, 52.552078404593701 ], [ -2.11465620807243, 52.548725891410697 ], [ -2.11550659355208, 52.548490489984403 ], [ -2.11452277263948, 52.547301172896297 ], [ -2.11220045429236, 52.547955173200698 ], [ -2.11146826478649, 52.547092818486199 ], [ -2.11198471184149, 52.546069301312599 ], [ -2.10963825730688, 52.546491312015903 ], [ -2.10824437895226, 52.543944879749603 ], [ -2.10775972190216, 52.544121566897601 ], [ -2.10610407396039, 52.545478722161199 ], [ -2.10508448368989, 52.5458284368449 ], [ -2.10231877753924, 52.546100588903897 ], [ -2.09731382391359, 52.546022159577902 ], [ -2.09619710640248, 52.546470737552099 ], [ -2.09418188989927, 52.548126487113002 ], [ -2.09369678933051, 52.547454444524199 ], [ -2.09005138395249, 52.548862463807097 ], [ -2.09034477814514, 52.549574213599897 ], [ -2.08915297837864, 52.550192732682298 ], [ -2.0893569456462, 52.551120337685603 ], [ -2.08901698006531, 52.551489164962803 ], [ -2.08853785094301, 52.550457678054002 ], [ -2.08645686920676, 52.551373590748803 ], [ -2.0850341161344, 52.552805819310997 ], [ -2.08256713438821, 52.552465067323602 ], [ -2.08198652457041, 52.552636012591698 ], [ -2.08142550998649, 52.553118081088201 ], [ -2.08083366413261, 52.556579592522802 ], [ -2.07987656607507, 52.557065521898402 ], [ -2.07849012928428, 52.557081921128201 ], [ -2.07527483117698, 52.553094502942997 ], [ -2.07394205771191, 52.5498796740698 ], [ -2.07285882905092, 52.545862738762999 ], [ -2.07299524950524, 52.541837846890999 ], [ -2.07333792389404, 52.5404451211175 ], [ -2.07235766143933, 52.540547285234901 ], [ -2.07356658972855, 52.5387854499984 ], [ -2.07465363150103, 52.539019339327297 ], [ -2.07522642610557, 52.5377424025708 ], [ -2.07412178749896, 52.537510325790002 ], [ -2.07591603832156, 52.534104661454002 ], [ -2.07907659226124, 52.535665057160998 ], [ -2.07926934434774, 52.535445545908303 ], [ -2.07854464031671, 52.533347741483098 ], [ -2.0771209454623, 52.532733763987103 ], [ -2.07856004090418, 52.530464688942097 ], [ -2.07967533623358, 52.527796682601 ], [ -2.07959041311892, 52.524089371913 ], [ -2.07578190012666, 52.524087296365202 ], [ -2.07143777153052, 52.521847029117502 ], [ -2.06783444362308, 52.519046981309202 ], [ -2.06433650778583, 52.5144110108101 ], [ -2.06322005304718, 52.513720311344201 ], [ -2.06044983719395, 52.512744579234699 ], [ -2.0572576082469, 52.512271474390602 ], [ -2.05745882294821, 52.511735548994999 ], [ -2.05802754394957, 52.511756029148302 ], [ -2.05788499134175, 52.5108948413245 ], [ -2.05906680915289, 52.509892787860998 ], [ -2.05997520473152, 52.509396941263098 ], [ -2.06138551927574, 52.509576044531997 ], [ -2.06244233334281, 52.507721753481299 ], [ -2.06138796273839, 52.5070831330518 ], [ -2.06162474374984, 52.505728167614997 ], [ -2.06100821954909, 52.505263756228501 ], [ -2.06147309855499, 52.5047510540087 ], [ -2.06090398320541, 52.504475351241602 ], [ -2.06131765967827, 52.503233622959399 ], [ -2.06092341787004, 52.502569484475202 ], [ -2.06295859886967, 52.502086593845398 ], [ -2.06354033028191, 52.500950817239897 ], [ -2.06312201931115, 52.499945995902799 ], [ -2.06274482003912, 52.499895870593598 ], [ -2.0641686938693, 52.499497684230498 ], [ -2.06500385434851, 52.498453540175099 ], [ -2.06586353168644, 52.498068319175097 ], [ -2.06769324949855, 52.4981661359583 ], [ -2.06709946613497, 52.4971398717474 ], [ -2.06884677999731, 52.496378362360304 ], [ -2.06854303920704, 52.495295227047201 ], [ -2.06975824158066, 52.494402706537201 ], [ -2.07027852707454, 52.491858296060798 ], [ -2.06962578426735, 52.490770956204599 ], [ -2.06685981884934, 52.489743164069303 ], [ -2.06715272231233, 52.489595605599597 ], [ -2.06658542100594, 52.489445748141499 ], [ -2.0643228987227, 52.487168984409799 ], [ -2.06698124625472, 52.485375889593598 ], [ -2.06807391494363, 52.486258001209997 ], [ -2.06860670919068, 52.486110294305099 ], [ -2.0685156066712, 52.485309308783201 ], [ -2.06939899907007, 52.4852162116484 ], [ -2.0693559121803, 52.484919566577297 ], [ -2.06914298053071, 52.484400046983502 ], [ -2.0680238551274, 52.484360268070603 ], [ -2.06901224807913, 52.482727118931798 ], [ -2.07160039355285, 52.480632630005303 ], [ -2.07145967711109, 52.480105961379401 ], [ -2.07290200438891, 52.478847353853702 ], [ -2.07328234052963, 52.477397882234101 ], [ -2.07551999098215, 52.477191438933602 ], [ -2.07688678894441, 52.477488115389903 ], [ -2.07727340672364, 52.4779571835467 ], [ -2.07815370386698, 52.477924237696499 ], [ -2.0791334414901, 52.477432677359801 ], [ -2.07895478070573, 52.477180160910002 ], [ -2.07993252596, 52.476409982944901 ], [ -2.08102988060612, 52.475876983255098 ], [ -2.0818039561973, 52.475734437442 ], [ -2.08197964815404, 52.475951900415502 ], [ -2.08403894481077, 52.475027141813598 ], [ -2.08357760102706, 52.474732594615297 ], [ -2.08648256740563, 52.474100253432802 ], [ -2.08966504217713, 52.474658737633902 ], [ -2.09132825726603, 52.474424658164097 ], [ -2.09250308557746, 52.4737656573637 ], [ -2.09425027612785, 52.4736014826168 ], [ -2.09546281344068, 52.4720029569094 ], [ -2.09533906147274, 52.470627608609902 ], [ -2.09650600488758, 52.470431521940398 ], [ -2.09703538981975, 52.469475435588301 ], [ -2.09707415300443, 52.468395731838498 ], [ -2.09363539665447, 52.468317588619001 ], [ -2.09090075683358, 52.4677948094998 ], [ -2.08917594500834, 52.467935459650398 ], [ -2.08577778349686, 52.466741434263298 ], [ -2.08463370031193, 52.465800115161798 ], [ -2.08342228189332, 52.465809080339803 ], [ -2.08176695657107, 52.463750672512099 ], [ -2.08018781975893, 52.463060451045202 ], [ -2.07922371456946, 52.463024173017999 ], [ -2.07813337355769, 52.463994938349103 ], [ -2.07654967232258, 52.464000486738598 ], [ -2.07611894601022, 52.464332590916698 ], [ -2.07426116849353, 52.463312449426297 ], [ -2.07396212579661, 52.461428309931698 ], [ -2.07208588065021, 52.460732775446701 ], [ -2.06636347369008, 52.461555215007799 ], [ -2.06450003861373, 52.461504124318502 ], [ -2.06330456689146, 52.462233845943999 ], [ -2.06188455244454, 52.462451292893697 ], [ -2.05901666622542, 52.461975349834503 ], [ -2.056786695857, 52.4629132240864 ], [ -2.05545420876246, 52.462626169678202 ], [ -2.05508565177839, 52.463292500928503 ], [ -2.05289396323769, 52.464392150513603 ], [ -2.0510724814098, 52.463776230424003 ], [ -2.04940508981989, 52.4665656918529 ], [ -2.04889720716316, 52.466480431712 ], [ -2.04801955802016, 52.467511122344703 ], [ -2.04749695833344, 52.467514928861497 ], [ -2.04710818305779, 52.470052072530301 ], [ -2.04472699282633, 52.470684094962301 ], [ -2.04243091742453, 52.472539589880398 ], [ -2.04174876364834, 52.4735601760352 ], [ -2.04103152972456, 52.473198140485202 ], [ -2.03746187870777, 52.473736852440503 ], [ -2.03459347265275, 52.474851615813598 ], [ -2.03129260485108, 52.476939132663702 ], [ -2.03003219683204, 52.476789277078801 ], [ -2.02346138029602, 52.479630684511598 ], [ -2.02274923685235, 52.480551404615099 ], [ -2.02216141844182, 52.479861999705797 ], [ -2.02097621887372, 52.477165175958703 ], [ -2.01846475044548, 52.474423701667703 ], [ -2.01557244502349, 52.4719365765311 ], [ -2.01437350971177, 52.4702483478288 ], [ -2.01301464219301, 52.464724194211399 ], [ -2.01288449238989, 52.462504580159496 ], [ -2.01324348263751, 52.462190789470199 ], [ -2.01308393513488, 52.460284030618702 ], [ -2.01175700851419, 52.457222139613798 ], [ -2.01150484508758, 52.455364813116702 ], [ -2.01212055044881, 52.452193070874102 ], [ -2.01351180423611, 52.449658625521302 ], [ -2.01323319186999, 52.448356000600498 ], [ -2.0152678385812, 52.4476589486693 ], [ -2.01651223480981, 52.4467318913361 ], [ -2.01743461533019, 52.443256167500998 ], [ -2.01700108699185, 52.4406742734839 ], [ -2.01699028095924, 52.432682930084901 ], [ -2.02476636851673, 52.434882312849503 ], [ -2.02488059187079, 52.434041675165702 ], [ -2.02373875191739, 52.433331714314598 ], [ -2.02368401310598, 52.432608851966201 ], [ -2.02603841185236, 52.432094161840801 ], [ -2.02619025719365, 52.430160351397902 ], [ -2.0277985883844, 52.429231285692403 ], [ -2.02932514924958, 52.429043876725999 ], [ -2.02897056856168, 52.428847137276698 ], [ -2.02970627999278, 52.427301530034697 ], [ -2.03698776266666, 52.4275457066191 ], [ -2.03694404299033, 52.428038422123301 ], [ -2.03757205467276, 52.428040918377697 ], [ -2.03811099751734, 52.428802174126297 ], [ -2.03806142769443, 52.429247257373099 ], [ -2.03752755522392, 52.429308544975001 ], [ -2.03734259723168, 52.429697857444701 ], [ -2.03786800413743, 52.430075258353497 ], [ -2.03695939333875, 52.430547578173602 ], [ -2.03749069014905, 52.4308548752254 ], [ -2.03687597320041, 52.4309898844988 ], [ -2.0376604706313, 52.431561426414198 ], [ -2.03753172798889, 52.432457801154897 ], [ -2.03815546857889, 52.432496246587696 ], [ -2.03759265290044, 52.433072714257001 ], [ -2.03844045650131, 52.433728713918597 ], [ -2.03813028917197, 52.434065940181803 ], [ -2.03984279929884, 52.437558046329698 ], [ -2.03848876776918, 52.4385186463211 ], [ -2.03863048300516, 52.438978944551401 ], [ -2.03713074512545, 52.439838914872901 ], [ -2.03710943511271, 52.440723482523502 ], [ -2.03788100010757, 52.441557554193999 ], [ -2.03973888785105, 52.4414040587899 ], [ -2.03984863320587, 52.440718087146102 ], [ -2.04039498521037, 52.441279804724097 ], [ -2.04455034387303, 52.440677745424402 ], [ -2.04468059787128, 52.440073549788799 ], [ -2.0463854896999, 52.439956048278397 ], [ -2.04709056890397, 52.440407034248302 ], [ -2.04915962970283, 52.4396798076897 ], [ -2.05148385055635, 52.440828682906798 ], [ -2.05216469561933, 52.440533499335501 ], [ -2.0535946227357, 52.440617338531702 ], [ -2.05571102239096, 52.441313970810199 ], [ -2.05849078418415, 52.440766892771997 ], [ -2.05926358742543, 52.439982607542397 ], [ -2.05963051249379, 52.439369287677202 ], [ -2.05922968841439, 52.438866004819801 ], [ -2.05945104421351, 52.437260257807999 ], [ -2.06020595502229, 52.4363986819329 ], [ -2.05946737565007, 52.436247976392302 ], [ -2.05930879520621, 52.435396660679899 ], [ -2.05869789390115, 52.435028385498399 ], [ -2.05864731415171, 52.433577451499701 ], [ -2.05915938794508, 52.432625137253098 ], [ -2.05894226353794, 52.430792133693402 ], [ -2.05951614032736, 52.4288571707133 ], [ -2.06071299531874, 52.427537625729897 ], [ -2.06246734325287, 52.427430652478598 ], [ -2.06578767648413, 52.428086913647498 ], [ -2.0658710953889, 52.4288078539346 ], [ -2.06665410613352, 52.429216528106402 ], [ -2.06670644056545, 52.429740566053802 ], [ -2.06534991872652, 52.430439935554602 ], [ -2.06382511713879, 52.430699617069699 ], [ -2.06234948268488, 52.432455329869001 ], [ -2.06754618376386, 52.432558511899103 ], [ -2.06800862106194, 52.432963766314998 ], [ -2.06762604622569, 52.4347215133593 ], [ -2.06805186468972, 52.43519509507 ], [ -2.06860085043941, 52.434469204271799 ], [ -2.06976708039803, 52.434334597208498 ], [ -2.07097069916318, 52.433701863369201 ], [ -2.071504901381, 52.433915532511101 ], [ -2.07328452244947, 52.433783121011402 ], [ -2.07430345495226, 52.432694708149903 ], [ -2.07473302119923, 52.432706118845701 ], [ -2.07481162452978, 52.433997945286301 ], [ -2.07793570826571, 52.4339383841385 ], [ -2.07826362358208, 52.4330454273356 ], [ -2.07989188904816, 52.432272022866599 ], [ -2.08212084381643, 52.431728865763802 ], [ -2.08267492373406, 52.4322888324633 ], [ -2.0834475917664, 52.431998621206702 ], [ -2.0847405599547, 52.432132994315502 ], [ -2.08606132293397, 52.432874608401697 ], [ -2.0855565261755, 52.433400456278001 ], [ -2.08640312000999, 52.433612355123799 ], [ -2.08693301744183, 52.434629643535096 ], [ -2.08746240736856, 52.434564516011797 ], [ -2.08766354258409, 52.435853550997201 ], [ -2.08728823106224, 52.436853089084302 ], [ -2.08771095854453, 52.438243095254101 ], [ -2.0887930315711, 52.440140987807297 ], [ -2.08940611520747, 52.440692510287597 ], [ -2.09037580356694, 52.440954269291502 ], [ -2.09072263322658, 52.441570811058398 ], [ -2.09021528329427, 52.442594285419098 ], [ -2.09246335730976, 52.4430201729377 ], [ -2.09415500759195, 52.4437582492396 ], [ -2.0928457744041, 52.4450023729798 ], [ -2.09328034075516, 52.445282521471697 ], [ -2.09567179143749, 52.444917383672397 ], [ -2.09856509199697, 52.445283538566699 ], [ -2.10224010263934, 52.443961526622701 ], [ -2.10524933915254, 52.444207898060696 ], [ -2.10702460302163, 52.442205930713399 ], [ -2.10877723780402, 52.441222610537501 ], [ -2.11175660523078, 52.437277719377498 ], [ -2.11246053797298, 52.437563747559501 ], [ -2.1128970287586, 52.437415036427097 ], [ -2.11464300285983, 52.435660252412703 ], [ -2.11724758287632, 52.434359540172402 ], [ -2.11751850742379, 52.433943960395403 ], [ -2.11966232856266, 52.434719400425799 ], [ -2.12288146424891, 52.433420645508001 ], [ -2.12775974242525, 52.432705281738201 ], [ -2.12778227323085, 52.432359151349203 ], [ -2.1296969625812, 52.432210478712499 ], [ -2.12902100060268, 52.430917565085799 ], [ -2.12974999174314, 52.430727131877298 ], [ -2.12926955169987, 52.429900542852103 ], [ -2.13046007161936, 52.429632216656898 ], [ -2.13227434498838, 52.429930469522901 ], [ -2.13309105166694, 52.427618247702299 ], [ -2.13547937838935, 52.428060502113297 ], [ -2.13602683609072, 52.4262682220361 ], [ -2.14357790486549, 52.426054278797501 ], [ -2.14660255763756, 52.426373303535399 ], [ -2.16485128257998, 52.430204140401898 ], [ -2.17031833453552, 52.439073122214502 ], [ -2.17126308205039, 52.441429883958001 ], [ -2.17178913970629, 52.441646706808598 ], [ -2.1753693989844, 52.453009300320304 ], [ -2.17642032184009, 52.454552227613199 ], [ -2.17634944870591, 52.455978998307899 ], [ -2.17492345032422, 52.458578392081698 ], [ -2.17393771463767, 52.461096106309498 ], [ -2.17425609556508, 52.463830393012799 ], [ -2.17168450467381, 52.465872182318499 ], [ -2.17021424017299, 52.4682287824672 ], [ -2.16751209692955, 52.471217229551897 ], [ -2.16741962532073, 52.471541097484199 ], [ -2.16821484400309, 52.4716199630424 ], [ -2.1686241619999, 52.472213617590398 ], [ -2.17192513179874, 52.472676795681402 ], [ -2.1737633407373, 52.474226193897003 ], [ -2.17769575306628, 52.478980136053202 ], [ -2.17857848267065, 52.482697782080699 ], [ -2.17774898295732, 52.485064035898397 ], [ -2.17932400220699, 52.488331332035699 ], [ -2.1823408771568, 52.493130986617203 ], [ -2.18426924804825, 52.4928798786868 ], [ -2.18517593720853, 52.494813111382499 ], [ -2.18865957656525, 52.494507321584301 ], [ -2.18460856645196, 52.500006712489103 ], [ -2.18478380806703, 52.5003471546394 ], [ -2.1918142832255, 52.503386663803902 ], [ -2.18942108452787, 52.504761997126401 ], [ -2.18661911053264, 52.504787140022998 ], [ -2.18768385915471, 52.506078209330703 ], [ -2.188000805327, 52.507160066502202 ], [ -2.18710359878093, 52.507506704500699 ], [ -2.18798239526355, 52.508362980794303 ], [ -2.18584936683848, 52.508803337153999 ], [ -2.18564643172878, 52.508530348699502 ], [ -2.18051580544342, 52.510249074367202 ], [ -2.18019504308439, 52.510729640944398 ], [ -2.17809331946218, 52.511678582947702 ], [ -2.17371368129873, 52.512310827278903 ], [ -2.17272132094195, 52.512809793010703 ], [ -2.17037558123463, 52.513306418845303 ], [ -2.16998282868736, 52.513095692975398 ], [ -2.16838570154811, 52.513514195360997 ], [ -2.16715329763787, 52.513395520779603 ], [ -2.16463684359703, 52.514641489242102 ], [ -2.16338750445217, 52.514711534663697 ], [ -2.16207244562401, 52.514160446003601 ], [ -2.15744814638311, 52.514894976781903 ], [ -2.15691136879362, 52.515200458332998 ], [ -2.15622409319544, 52.5150422055749 ], [ -2.15517572936215, 52.515261179596997 ], [ -2.15266977889133, 52.515042378065402 ], [ -2.1505476086618, 52.5141371096284 ], [ -2.1487812463097, 52.514694959838302 ], [ -2.14412411851623, 52.517169430219496 ], [ -2.14528864578245, 52.517730787277301 ], [ -2.14451671399543, 52.5196205256116 ], [ -2.1445828888359, 52.521384216369299 ], [ -2.14606999742981, 52.522674450880103 ], [ -2.14562179046474, 52.522760501239603 ], [ -2.14578369393687, 52.523496396999001 ], [ -2.14611120103473, 52.5233623360349 ], [ -2.14756784707827, 52.524156616828598 ], [ -2.14809842903802, 52.523725364900599 ], [ -2.14984714912741, 52.524802800116298 ], [ -2.15156876267963, 52.525252836536701 ], [ -2.15221000603085, 52.525696072791497 ], [ -2.15198232215195, 52.5261821091404 ], [ -2.14701052579846, 52.528091329920301 ], [ -2.14599930875871, 52.528748854814701 ], [ -2.14603629854391, 52.529459012513101 ], [ -2.1393865787904, 52.532677356998803 ], [ -2.13737628834319, 52.533293739783197 ], [ -2.13739686277498, 52.5337333763472 ], [ -2.13716185132194, 52.534028525284 ], [ -2.13651459594559, 52.5339897354012 ], [ -2.13647184710233, 52.534473393380097 ], [ -2.13556384068747, 52.534508596574703 ], [ -2.13542330057328, 52.534856658051503 ], [ -2.13666634795031, 52.534927162775297 ], [ -2.1354026073773, 52.536028990278602 ], [ -2.13659789177244, 52.536160618342898 ], [ -2.13630868560179, 52.537491527827797 ], [ -2.13572518307396, 52.537611289891103 ], [ -2.13679980687016, 52.538031220252599 ], [ -2.13640797509743, 52.540289937897597 ], [ -2.13573301159241, 52.540731763765599 ], [ -2.13604967842751, 52.541721544389397 ], [ -2.13555427351461, 52.543408171971201 ], [ -2.13680249740132, 52.543417063868503 ], [ -2.13696599548011, 52.5450229182171 ], [ -2.13616608498513, 52.545518741397203 ], [ -2.13706004955499, 52.5470558727609 ], [ -2.13914034203083, 52.548080973009803 ], [ -2.13815163444411, 52.548820231605497 ], [ -2.13804149320418, 52.549448754184702 ], [ -2.1374726005742, 52.549540192714502 ], [ -2.13488962331188, 52.5517376174801 ], [ -2.13456491467968, 52.551645420884398 ], [ -2.13345687774355, 52.553445494390303 ], [ -2.13348672789088, 52.554066663040501 ], [ -2.13169214997198, 52.554175726930602 ], [ -2.12838152781869, 52.553836884888298 ], [ -2.12833118405694, 52.555299534771997 ], [ -2.12806862953301, 52.555802390508298 ], [ -2.12720976036063, 52.556162906202303 ], [ -2.12732673836622, 52.5573377795764 ], [ -2.12838985342619, 52.557698900947997 ], [ -2.12759765825411, 52.558206827112002 ], [ -2.1215270601688, 52.556815290411599 ] ] ] } },
{ "type": "Feature", "properties": { "LAD24CD": "E08000028", "LAD24NM": "Sandwell" }, "geometry": { "type": "Polygon", "coordinates": [ [ [ -2.01681078791758, 52.569085322265899 ], [ -2.01614512586745, 52.568414780691398 ], [ -2.01249792706714, 52.568420613921298 ], [ -2.01177334854713, 52.567777016592103 ], [ -2.01097848483523, 52.569065334444801 ], [ -2.00577735822614, 52.566885647755903 ], [ -1.99979924570975, 52.565222670812403 ], [ -1.99440732986915, 52.563938772946102 ], [ -1.99289223589851, 52.564070803717001 ], [ -1.98905091695053, 52.563016014829401 ], [ -1.98622646636772, 52.561215900853199 ], [ -1.98372346917035, 52.560363304914198 ], [ -1.98055280488847, 52.558565795283499 ], [ -1.97924434459271, 52.558738128400201 ], [ -1.97549655588075, 52.555560404633603 ], [ -1.97443033765059, 52.557858855466002 ], [ -1.97453727141428, 52.559018600329402 ], [ -1.96711445435097, 52.559480607083501 ], [ -1.96697159140239, 52.561028644451198 ], [ -1.96734483068144, 52.561067482622398 ], [ -1.96684501861226, 52.562573090502298 ], [ -1.96414344608535, 52.563226771291902 ], [ -1.95993314786607, 52.5616674742135 ], [ -1.95506804574337, 52.561797947139098 ], [ -1.95406892213995, 52.562211972816101 ], [ -1.95187310114811, 52.561498232363803 ], [ -1.95275279990467, 52.557091758702398 ], [ -1.95106861813868, 52.5568330602228 ], [ -1.94932537670804, 52.556656997303797 ], [ -1.949429680049, 52.556999633459498 ], [ -1.94776675029154, 52.557481623827996 ], [ -1.94422216882958, 52.559908202884401 ], [ -1.9428459007972, 52.559903060844199 ], [ -1.94230925174648, 52.560761358091597 ], [ -1.9403515231552, 52.560980585974498 ], [ -1.94028411496484, 52.560649731407203 ], [ -1.93795449490269, 52.559910511220501 ], [ -1.93643737990746, 52.560406799117501 ], [ -1.93392727461876, 52.560034172564499 ], [ -1.93260232119757, 52.559329549277201 ], [ -1.93465254404344, 52.557448229562503 ], [ -1.93257046100339, 52.556141766249198 ], [ -1.93306656939252, 52.553840690940703 ], [ -1.92937837413272, 52.553549079152198 ], [ -1.92503598822324, 52.552069368115497 ], [ -1.92309384383676, 52.551073868492303 ], [ -1.91815749708244, 52.5473065293844 ], [ -1.91980935196755, 52.546343056140202 ], [ -1.92119024333543, 52.546050907504402 ], [ -1.93314991922693, 52.545812812130102 ], [ -1.92994176625728, 52.543587786223 ], [ -1.92944016976446, 52.542822405107799 ], [ -1.9303474136562, 52.533357521920799 ], [ -1.92944518787316, 52.531306739442201 ], [ -1.93246610141241, 52.532666100053902 ], [ -1.93263000770657, 52.532484055640097 ], [ -1.93367936381102, 52.532753362323 ], [ -1.93723814420562, 52.532008407071899 ], [ -1.93946011035973, 52.532776407749203 ], [ -1.93972359893277, 52.533177586129 ], [ -1.94284961636143, 52.533827997459703 ], [ -1.94414281194613, 52.5334336643472 ], [ -1.94528157972568, 52.533391418586298 ], [ -1.94647804611796, 52.533761818539404 ], [ -1.94740797375411, 52.533475560754603 ], [ -1.94730139972581, 52.532826975903902 ], [ -1.94798214428908, 52.532587422389 ], [ -1.94986831195496, 52.530434231858997 ], [ -1.95127187116957, 52.529791762429099 ], [ -1.95403690924121, 52.529945955566703 ], [ -1.95747906513867, 52.529716184080598 ], [ -1.9579184032093, 52.529966350162802 ], [ -1.95808176597462, 52.531398958930801 ], [ -1.96023808581839, 52.531351246552198 ], [ -1.96047932728237, 52.530223947622503 ], [ -1.96207914582894, 52.527961707903003 ], [ -1.960108083847, 52.524897261223103 ], [ -1.95949278025741, 52.522289976314099 ], [ -1.95803874968885, 52.519979069489601 ], [ -1.95879471798479, 52.518415067046497 ], [ -1.95990198517528, 52.517723141846503 ], [ -1.96020023148301, 52.517066080287996 ], [ -1.96210802564959, 52.515936715576402 ], [ -1.96264341418891, 52.513661541103303 ], [ -1.96226557254918, 52.512650875369197 ], [ -1.9595687647455, 52.509667140526801 ], [ -1.96197610166239, 52.509875644064202 ], [ -1.96223530506959, 52.508335732948197 ], [ -1.96126147990603, 52.5082661222634 ], [ -1.96196931392438, 52.507574142923403 ], [ -1.96114946326388, 52.506617343731698 ], [ -1.96302485370939, 52.504897309688602 ], [ -1.95548432318589, 52.502635427954701 ], [ -1.95552362506615, 52.501596226390298 ], [ -1.95103811248496, 52.501518044629599 ], [ -1.94571321207794, 52.4999721037941 ], [ -1.94300211530353, 52.4994062248647 ], [ -1.94246273927009, 52.499597483093403 ], [ -1.94258515985575, 52.499413211406903 ], [ -1.93813215324312, 52.498424754796801 ], [ -1.94141368025522, 52.497542707543801 ], [ -1.94431028955988, 52.495735401045003 ], [ -1.94382449450575, 52.4944171627928 ], [ -1.94552814136277, 52.4935442095152 ], [ -1.9456833149021, 52.493166629496102 ], [ -1.94302844199936, 52.491512130075598 ], [ -1.94393765032977, 52.489935723204297 ], [ -1.94594619090101, 52.490211772814099 ], [ -1.94709073856467, 52.4874909899223 ], [ -1.94802575725241, 52.4876236143105 ], [ -1.94842850593154, 52.486999883853798 ], [ -1.94970505669282, 52.487142441468301 ], [ -1.95072013039105, 52.485494127545898 ], [ -1.94951879866871, 52.485227497152302 ], [ -1.95077702386458, 52.483246661359303 ], [ -1.951566756486, 52.482826198667198 ], [ -1.95248644794049, 52.483360610078797 ], [ -1.95612318684597, 52.482308431632703 ], [ -1.95920151544, 52.482868746098902 ], [ -1.96139117059592, 52.482776830531002 ], [ -1.96379195528685, 52.482076399549896 ], [ -1.96468909886545, 52.481513880676403 ], [ -1.96703214150266, 52.4789533250581 ], [ -1.96869228360914, 52.477862434187003 ], [ -1.96840526634391, 52.477746330121498 ], [ -1.96902431598344, 52.4767935536115 ], [ -1.96537415111056, 52.475322630803397 ], [ -1.96712986376984, 52.474197641237197 ], [ -1.96580683504019, 52.473664123722699 ], [ -1.96574528552979, 52.473362036850702 ], [ -1.96831644884581, 52.472239960810498 ], [ -1.97724162901162, 52.467431380416699 ], [ -1.98171395236995, 52.4662913756205 ], [ -1.98795676797129, 52.465366192250599 ], [ -1.99772305017184, 52.463112982697901 ], [ -2.00208711332442, 52.4633979739369 ], [ -2.00439194260558, 52.462592366886 ], [ -2.00790512842713, 52.461914355344199 ], [ -2.01324348263751, 52.462190789470199 ], [ -2.01288449238989, 52.462504580159496 ], [ -2.01301464219301, 52.464724194211399 ], [ -2.01437350971177, 52.4702483478288 ], [ -2.01557244502349, 52.4719365765311 ], [ -2.01846475044548, 52.474423701667703 ], [ -2.02097621887372, 52.477165175958703 ], [ -2.02216141844182, 52.479861999705797 ], [ -2.02274923685235, 52.480551404615099 ], [ -2.02346138029602, 52.479630684511598 ], [ -2.03003219683204, 52.476789277078801 ], [ -2.03129260485108, 52.476939132663702 ], [ -2.03459347265275, 52.474851615813598 ], [ -2.03746187870777, 52.473736852440503 ], [ -2.04103152972456, 52.473198140485202 ], [ -2.04174876364834, 52.4735601760352 ], [ -2.04243091742453, 52.472539589880398 ], [ -2.04472699282633, 52.470684094962301 ], [ -2.04710818305779, 52.470052072530301 ], [ -2.04749695833344, 52.467514928861497 ], [ -2.04801955802016, 52.467511122344703 ], [ -2.04889720716316, 52.466480431712 ], [ -2.04940508981989, 52.4665656918529 ], [ -2.0510724814098, 52.463776230424003 ], [ -2.05289396323769, 52.464392150513603 ], [ -2.05508565177839, 52.463292500928503 ], [ -2.05545420876246, 52.462626169678202 ], [ -2.056786695857, 52.4629132240864 ], [ -2.05901666622542, 52.461975349834503 ], [ -2.06188455244454, 52.462451292893697 ], [ -2.06330456689146, 52.462233845943999 ], [ -2.06450003861373, 52.461504124318502 ], [ -2.06636347369008, 52.461555215007799 ], [ -2.07208588065021, 52.460732775446701 ], [ -2.07396212579661, 52.461428309931698 ], [ -2.07426116849353, 52.463312449426297 ], [ -2.07611894601022, 52.464332590916698 ], [ -2.07654967232258, 52.464000486738598 ], [ -2.07813337355769, 52.463994938349103 ], [ -2.07922371456946, 52.463024173017999 ], [ -2.08018781975893, 52.463060451045202 ], [ -2.08176695657107, 52.463750672512099 ], [ -2.08342228189332, 52.465809080339803 ], [ -2.08463370031193, 52.465800115161798 ], [ -2.08577778349686, 52.466741434263298 ], [ -2.08917594500834, 52.467935459650398 ], [ -2.09090075683358, 52.4677948094998 ], [ -2.09363539665447, 52.468317588619001 ], [ -2.09707415300443, 52.468395731838498 ], [ -2.09703538981975, 52.469475435588301 ], [ -2.09650600488758, 52.470431521940398 ], [ -2.09533906147274, 52.470627608609902 ], [ -2.09546281344068, 52.4720029569094 ], [ -2.09425027612785, 52.4736014826168 ], [ -2.09250308557746, 52.4737656573637 ], [ -2.09132825726603, 52.474424658164097 ], [ -2.08966504217713, 52.474658737633902 ], [ -2.08648256740563, 52.474100253432802 ], [ -2.08357760102706, 52.474732594615297 ], [ -2.08403894481077, 52.475027141813598 ], [ -2.08197964815404, 52.475951900415502 ], [ -2.0818039561973, 52.475734437442 ], [ -2.08102988060612, 52.475876983255098 ], [ -2.07993252596, 52.476409982944901 ], [ -2.07895478070573, 52.477180160910002 ], [ -2.0791334414901, 52.477432677359801 ], [ -2.07815370386698, 52.477924237696499 ], [ -2.07727340672364, 52.4779571835467 ], [ -2.07688678894441, 52.477488115389903 ], [ -2.07551999098215, 52.477191438933602 ], [ -2.07328234052963, 52.477397882234101 ], [ -2.07290200438891, 52.478847353853702 ], [ -2.07145967711109, 52.480105961379401 ], [ -2.07160039355285, 52.480632630005303 ], [ -2.06901224807913, 52.482727118931798 ], [ -2.0680238551274, 52.484360268070603 ], [ -2.06914298053071, 52.484400046983502 ], [ -2.0693559121803, 52.484919566577297 ], [ -2.06939899907007, 52.4852162116484 ], [ -2.0685156066712, 52.485309308783201 ], [ -2.06860670919068, 52.486110294305099 ], [ -2.06807391494363, 52.486258001209997 ], [ -2.06698124625472, 52.485375889593598 ], [ -2.0643228987227, 52.487168984409799 ], [ -2.06658542100594, 52.489445748141499 ], [ -2.06715272231233, 52.489595605599597 ], [ -2.06685981884934, 52.489743164069303 ], [ -2.06962578426735, 52.490770956204599 ], [ -2.07027852707454, 52.491858296060798 ], [ -2.06975824158066, 52.494402706537201 ], [ -2.06854303920704, 52.495295227047201 ], [ -2.06884677999731, 52.496378362360304 ], [ -2.06709946613497, 52.4971398717474 ], [ -2.06769324949855, 52.4981661359583 ], [ -2.06586353168644, 52.498068319175097 ], [ -2.06500385434851, 52.498453540175099 ], [ -2.0641686938693, 52.499497684230498 ], [ -2.06274482003912, 52.499895870593598 ], [ -2.06312201931115, 52.499945995902799 ], [ -2.06354033028191, 52.500950817239897 ], [ -2.06295859886967, 52.502086593845398 ], [ -2.06092341787004, 52.502569484475202 ], [ -2.06131765967827, 52.503233622959399 ], [ -2.06090398320541, 52.504475351241602 ], [ -2.06147309855499, 52.5047510540087 ], [ -2.06100821954909, 52.505263756228501 ], [ -2.06162474374984, 52.505728167614997 ], [ -2.06138796273839, 52.5070831330518 ], [ -2.06244233334281, 52.507721753481299 ], [ -2.06138551927574, 52.509576044531997 ], [ -2.05997520473152, 52.509396941263098 ], [ -2.05906680915289, 52.509892787860998 ], [ -2.05788499134175, 52.5108948413245 ], [ -2.05802754394957, 52.511756029148302 ], [ -2.05745882294821, 52.511735548994999 ], [ -2.0572576082469, 52.512271474390602 ], [ -2.06044983719395, 52.512744579234699 ], [ -2.06322005304718, 52.513720311344201 ], [ -2.06433650778583, 52.5144110108101 ], [ -2.06783444362308, 52.519046981309202 ], [ -2.07143777153052, 52.521847029117502 ], [ -2.07578190012666, 52.524087296365202 ], [ -2.07959041311892, 52.524089371913 ], [ -2.07967533623358, 52.527796682601 ], [ -2.07856004090418, 52.530464688942097 ], [ -2.0771209454623, 52.532733763987103 ], [ -2.07854464031671, 52.533347741483098 ], [ -2.07926934434774, 52.535445545908303 ], [ -2.07907659226124, 52.535665057160998 ], [ -2.07591603832156, 52.534104661454002 ], [ -2.07412178749896, 52.537510325790002 ], [ -2.07522642610557, 52.5377424025708 ], [ -2.07465363150103, 52.539019339327297 ], [ -2.07356658972855, 52.5387854499984 ], [ -2.07235766143933, 52.540547285234901 ], [ -2.07333792389404, 52.5404451211175 ], [ -2.07299524950524, 52.541837846890999 ], [ -2.07285882905092, 52.545862738762999 ], [ -2.07394205771191, 52.5498796740698 ], [ -2.0721243754889, 52.550247580044498 ], [ -2.0703796539072, 52.550180337519798 ], [ -2.06901121489684, 52.547447288348302 ], [ -2.06661621137727, 52.548319813336299 ], [ -2.06336838818343, 52.548931129670798 ], [ -2.06146913708656, 52.546922912866698 ], [ -2.05076601800597, 52.550514988990102 ], [ -2.05098246778017, 52.552729114373399 ], [ -2.04846229624456, 52.551742188828101 ], [ -2.04150937297949, 52.553992307602002 ], [ -2.04106126718114, 52.554388898971098 ], [ -2.04062009868214, 52.554143604992397 ], [ -2.03750835299145, 52.5578341510627 ], [ -2.03485231344094, 52.558478649161401 ], [ -2.03137252786394, 52.560306392269098 ], [ -2.02536851401748, 52.562280194262797 ], [ -2.02704866346928, 52.564606470638999 ], [ -2.01681078791758, 52.569085322265899 ] ] ] } },
{ "type": "Feature", "properties": { "LAD24CD": "E08000029", "LAD24NM": "Solihull" }, "geometry": { "type": "Polygon", "coordinates": [ [ [ -1.74307904933239, 52.506501691320302 ], [ -1.73308021745514, 52.491961588026001 ], [ -1.72998847417421, 52.488864801044798 ], [ -1.72252682735316, 52.482680413300102 ], [ -1.71902896173267, 52.480477729409003 ], [ -1.71480155580575, 52.478656155738598 ], [ -1.71527279230539, 52.478417225448197 ], [ -1.71268354985393, 52.476506006747499 ], [ -1.7116570743165, 52.474960812343099 ], [ -1.71115832203526, 52.474844838829497 ], [ -1.70985812374783, 52.466430198670999 ], [ -1.7090598981096, 52.4662835515038 ], [ -1.70851632767436, 52.465758979439499 ], [ -1.70851694239368, 52.464459899187702 ], [ -1.70660553704241, 52.462596029947399 ], [ -1.70412817033134, 52.460664214202403 ], [ -1.70040757351274, 52.458703148759 ], [ -1.69744832059935, 52.4547803622835 ], [ -1.69002294348226, 52.4486605141797 ], [ -1.68647871217943, 52.446323627983602 ], [ -1.68534609252678, 52.445051241008898 ], [ -1.68469699098791, 52.4428155008342 ], [ -1.6842091206675, 52.442525617498497 ], [ -1.68441771271341, 52.441527393528197 ], [ -1.68354952469031, 52.440535295357698 ], [ -1.68203279274851, 52.439716712727702 ], [ -1.67814471413863, 52.438706571055398 ], [ -1.67659561529728, 52.4379085915335 ], [ -1.67715419118533, 52.436356626342402 ], [ -1.67074335554818, 52.436787600913497 ], [ -1.66658594082774, 52.435471565602903 ], [ -1.66454349084565, 52.4400354956435 ], [ -1.6648883458561, 52.442675010596901 ], [ -1.66228667335888, 52.444299323513498 ], [ -1.6583189781411, 52.4419748677307 ], [ -1.65486819323016, 52.440754819197998 ], [ -1.65467528035582, 52.440979035035497 ], [ -1.65279308778941, 52.440674175206802 ], [ -1.65113597558337, 52.440947123463403 ], [ -1.65070232761432, 52.441271285517097 ], [ -1.64822060145445, 52.441619956393502 ], [ -1.64699580545374, 52.442097243344598 ], [ -1.6452509165583, 52.442096538183897 ], [ -1.64325710635058, 52.443062385239799 ], [ -1.64159005921899, 52.4432713590923 ], [ -1.63842053334709, 52.445331638760202 ], [ -1.63754102215644, 52.447560112778397 ], [ -1.63630884022872, 52.448375071421097 ], [ -1.63505259747899, 52.448711312270902 ], [ -1.63471566604575, 52.450191029792002 ], [ -1.6335962940143, 52.450890245371397 ], [ -1.63315479195408, 52.452065751201303 ], [ -1.62971486044923, 52.453773125446403 ], [ -1.6269192430397, 52.456181742191802 ], [ -1.62466196476492, 52.457029610044501 ], [ -1.62594364453138, 52.459305419355601 ], [ -1.62578438339539, 52.460561727688003 ], [ -1.6266509066529, 52.461300799446803 ], [ -1.62688001957354, 52.462237385816501 ], [ -1.62445220517117, 52.463538670904903 ], [ -1.62172864103805, 52.4634293684528 ], [ -1.61831807666179, 52.464137635519002 ], [ -1.61660185174777, 52.463458765432101 ], [ -1.61421254511723, 52.462999677319999 ], [ -1.61220098672709, 52.461094430661497 ], [ -1.61071423782563, 52.4586029079979 ], [ -1.60601533837502, 52.458241303770002 ], [ -1.60382734867184, 52.456698512316002 ], [ -1.60234751271267, 52.4564661831579 ], [ -1.60015934779793, 52.454818977482603 ], [ -1.59854649387931, 52.454331715468903 ], [ -1.59669490717735, 52.455655949755297 ], [ -1.59548725924308, 52.4559197581506 ], [ -1.59354035962898, 52.453503742445903 ], [ -1.594795298618, 52.453051376899701 ], [ -1.59364992852745, 52.451823005760097 ], [ -1.5959022471255, 52.451395517793699 ], [ -1.59530511299377, 52.450077354123799 ], [ -1.5942169676177, 52.448714369470899 ], [ -1.5936723003877, 52.4485767950423 ], [ -1.59284561870792, 52.4453581411775 ], [ -1.59522861041217, 52.439926415004301 ], [ -1.59586199269661, 52.439688516722399 ], [ -1.59668234131878, 52.438444377923801 ], [ -1.59898235633727, 52.439503169719202 ], [ -1.60440150440553, 52.440041818584596 ], [ -1.60569295615945, 52.4400515070365 ], [ -1.60732895915169, 52.4390536525257 ], [ -1.60827084648276, 52.4388409739921 ], [ -1.60956415125553, 52.437975961812299 ], [ -1.60957666791086, 52.436555525637999 ], [ -1.60894276079996, 52.435711937974197 ], [ -1.60973531027965, 52.434902792678599 ], [ -1.6097450781379, 52.4336289343616 ], [ -1.60623595430369, 52.432920637730298 ], [ -1.60654582464958, 52.431000411458498 ], [ -1.60811285057446, 52.431098255755998 ], [ -1.61139681165766, 52.432133893972797 ], [ -1.61445000065458, 52.427967998816001 ], [ -1.61328739472064, 52.427215290468297 ], [ -1.61058382889501, 52.426262494685901 ], [ -1.60724189988717, 52.425835271425903 ], [ -1.60645312495955, 52.425386788874199 ], [ -1.60938220063078, 52.4241108097115 ], [ -1.61105451435294, 52.422749847942903 ], [ -1.61109498408289, 52.422340961651699 ], [ -1.60470605464999, 52.4186797513279 ], [ -1.60323947722667, 52.4167797581906 ], [ -1.60217550224297, 52.416057014638596 ], [ -1.60219962288867, 52.415827823515002 ], [ -1.60461019720019, 52.415913169601303 ], [ -1.60368658940641, 52.409196306332099 ], [ -1.60405319448269, 52.409133717095202 ], [ -1.60339505384328, 52.407759567105799 ], [ -1.60587627526346, 52.407286001226602 ], [ -1.60579861424499, 52.405927357427998 ], [ -1.60367560519928, 52.4044818271163 ], [ -1.60133118892773, 52.404648430989802 ], [ -1.6012246913873, 52.403738257695402 ], [ -1.60430786758891, 52.403473459142099 ], [ -1.60439926334444, 52.401793440938697 ], [ -1.60427393198842, 52.400009432774297 ], [ -1.60158835275573, 52.395938681909499 ], [ -1.60269179445118, 52.395809271623101 ], [ -1.60225114969124, 52.394948401025601 ], [ -1.60077034806847, 52.395057575361001 ], [ -1.60001705851798, 52.392869521281703 ], [ -1.60103979000195, 52.392869366268002 ], [ -1.6016003427856, 52.391480503718803 ], [ -1.60314295852869, 52.390361857750499 ], [ -1.6025062505542, 52.389754681426403 ], [ -1.60106738247379, 52.389299484647303 ], [ -1.60328426317118, 52.388193888899103 ], [ -1.60199367444015, 52.387418248640003 ], [ -1.60342287790523, 52.385986364455803 ], [ -1.60377034855298, 52.3860648188897 ], [ -1.60414161558517, 52.3856192840327 ], [ -1.60503240919402, 52.385739093017001 ], [ -1.60545579682107, 52.384891892173698 ], [ -1.60458255950957, 52.384774751584501 ], [ -1.60516924283789, 52.383900144774103 ], [ -1.60750918144467, 52.384626292411703 ], [ -1.60880613733222, 52.382997089170502 ], [ -1.60904630506753, 52.383429372767999 ], [ -1.60977503731307, 52.383419191083803 ], [ -1.60939396813448, 52.382988242959399 ], [ -1.61028260611013, 52.382506560340502 ], [ -1.60691521419486, 52.381007555642697 ], [ -1.60762758960383, 52.379181600216 ], [ -1.60710586145967, 52.379089270755003 ], [ -1.60782846770139, 52.376309945268197 ], [ -1.60890739183119, 52.376496654038696 ], [ -1.60889712415517, 52.375832262031203 ], [ -1.61169093560233, 52.374668225249202 ], [ -1.61537102147016, 52.374455458242302 ], [ -1.61635994295714, 52.374592669452703 ], [ -1.61814504480596, 52.376256182803999 ], [ -1.61823714465607, 52.373402139962998 ], [ -1.61748474190408, 52.373437459482503 ], [ -1.61704086009637, 52.372623285052001 ], [ -1.61767748342478, 52.371868414517103 ], [ -1.61853037954498, 52.371578981304403 ], [ -1.61901507463566, 52.370558392169997 ], [ -1.6222333805205, 52.371742831167502 ], [ -1.62367545474847, 52.371778878959297 ], [ -1.62483699649344, 52.370256934108603 ], [ -1.62661583377347, 52.369194480027801 ], [ -1.62096632960557, 52.367883769653602 ], [ -1.62250698532454, 52.366164430422003 ], [ -1.62340074737034, 52.365551447409999 ], [ -1.62649470178907, 52.366647213639702 ], [ -1.62976650275324, 52.365106681131003 ], [ -1.63157242011412, 52.3657047733616 ], [ -1.63344817767571, 52.364242563186203 ], [ -1.63645854945387, 52.365168844301202 ], [ -1.6380863453414, 52.3640086798287 ], [ -1.6417535461632, 52.362535529781503 ], [ -1.64406463541178, 52.362217056275497 ], [ -1.64484298929189, 52.361847217187403 ], [ -1.64498778850953, 52.3609998522127 ], [ -1.647767307028, 52.358072889662502 ], [ -1.64841803963759, 52.3567433955876 ], [ -1.65131028325382, 52.356421109805503 ], [ -1.6530859707257, 52.359937875331397 ], [ -1.66088809306568, 52.365670105668201 ], [ -1.66404965049045, 52.363969136926897 ], [ -1.66606389182659, 52.364454050522198 ], [ -1.66681213094543, 52.364948857126798 ], [ -1.66810499219577, 52.364493939885399 ], [ -1.66998455749739, 52.364910014220797 ], [ -1.67253253656625, 52.363128103967902 ], [ -1.67505503202027, 52.363794019669001 ], [ -1.6779398360955, 52.364133629462799 ], [ -1.67962075275207, 52.363595156536597 ], [ -1.68060380350653, 52.363717345811502 ], [ -1.68402675265662, 52.363252278140997 ], [ -1.68469276356775, 52.362728274955003 ], [ -1.68369086855423, 52.360396621541298 ], [ -1.68568436050686, 52.358223599864097 ], [ -1.68617713860624, 52.358099978301397 ], [ -1.68586245300172, 52.356904329392599 ], [ -1.68540457749577, 52.3568707597369 ], [ -1.68493052427009, 52.356010911950399 ], [ -1.68754347649522, 52.354437357045498 ], [ -1.69136272908172, 52.353117737964197 ], [ -1.69262594661789, 52.3515585217528 ], [ -1.69388500073929, 52.351013356302197 ], [ -1.69576622831281, 52.353786487786202 ], [ -1.69809152244686, 52.355732317540401 ], [ -1.70001707625783, 52.354755489088497 ], [ -1.70408928858601, 52.354210112779299 ], [ -1.70721495715349, 52.355157352564198 ], [ -1.7102698533246, 52.355021058500803 ], [ -1.71137306196531, 52.355377952264199 ], [ -1.71263456101291, 52.356252996195103 ], [ -1.7128365831776, 52.356801910871098 ], [ -1.71509340243556, 52.357949143702598 ], [ -1.71714063508914, 52.358145483152903 ], [ -1.71833684651638, 52.358692262366802 ], [ -1.71875655771208, 52.357339364790697 ], [ -1.7185353656547, 52.355817852513802 ], [ -1.72021099321276, 52.357443665449097 ], [ -1.72075475397555, 52.359240108359003 ], [ -1.72008828015867, 52.363169906292804 ], [ -1.71802308565533, 52.366015790239899 ], [ -1.71772961828266, 52.367838314087599 ], [ -1.71823327972603, 52.369478484204897 ], [ -1.72025822194711, 52.372574012122101 ], [ -1.72079612464049, 52.37252584817 ], [ -1.72086283055153, 52.371970394572898 ], [ -1.72328214292985, 52.370769666988799 ], [ -1.72563889713182, 52.370639343840601 ], [ -1.72604816779434, 52.370255532423101 ], [ -1.72756923874099, 52.369855406864801 ], [ -1.72858030631724, 52.370421915549301 ], [ -1.72888986656975, 52.370070390410902 ], [ -1.73048333047807, 52.3706544270363 ], [ -1.73403112281356, 52.3707177874998 ], [ -1.73523358502696, 52.3700624092209 ], [ -1.7357501428061, 52.368890415257901 ], [ -1.73654604251842, 52.368433641011599 ], [ -1.7383229252413, 52.364971872472701 ], [ -1.73773000330516, 52.362772556941799 ], [ -1.73822206759044, 52.361981340133603 ], [ -1.74102966795947, 52.360072238345197 ], [ -1.74143676627234, 52.357234926226198 ], [ -1.74243433774525, 52.3568846824095 ], [ -1.74388086762697, 52.355317230692201 ], [ -1.7459260666355, 52.354876976482799 ], [ -1.7486752954666, 52.354741690001902 ], [ -1.75128578701039, 52.355126310738797 ], [ -1.75219371949448, 52.355874217706102 ], [ -1.75349969618369, 52.356021682474903 ], [ -1.75951498511587, 52.358403040071899 ], [ -1.75988810393109, 52.359192234988598 ], [ -1.75956905761356, 52.362527842435803 ], [ -1.76269979867317, 52.3642104559815 ], [ -1.7670416878064, 52.364683496398499 ], [ -1.77012933504464, 52.364044658595198 ], [ -1.77006019852762, 52.364635178254701 ], [ -1.7721337865042, 52.365394176033703 ], [ -1.77561333916559, 52.365898867860203 ], [ -1.77961371235848, 52.364276186013399 ], [ -1.780126883137, 52.3638501061981 ], [ -1.77907860023586, 52.360124791059199 ], [ -1.77864315783669, 52.360193652572697 ], [ -1.7789018129453, 52.357785579108203 ], [ -1.77818431213413, 52.3577380291593 ], [ -1.7781848775617, 52.356445153488302 ], [ -1.77657826989199, 52.355063402571801 ], [ -1.77344924815673, 52.356617708028701 ], [ -1.77284732963885, 52.356023204191899 ], [ -1.77179981332959, 52.355856222075502 ], [ -1.77198632447896, 52.355246867039803 ], [ -1.77318020962991, 52.3555302809092 ], [ -1.77480991042632, 52.354534310106203 ], [ -1.7730172640657, 52.352498659521899 ], [ -1.77174624959289, 52.351668221977398 ], [ -1.77187167854886, 52.3512576120091 ], [ -1.77483439278538, 52.350388623887703 ], [ -1.77622212574142, 52.349615759436603 ], [ -1.77579036258067, 52.347965250888301 ], [ -1.77767963614628, 52.347739832049697 ], [ -1.77940660450202, 52.347917420297797 ], [ -1.77947938773568, 52.348350039438003 ], [ -1.78452242765323, 52.3501123507043 ], [ -1.78374609475083, 52.350947952629298 ], [ -1.78489419038539, 52.353065453937802 ], [ -1.78577146750373, 52.35384644965 ], [ -1.79170956705521, 52.3567574819265 ], [ -1.79779877608911, 52.358464307943898 ], [ -1.79959528735464, 52.358632734672099 ], [ -1.80330085633139, 52.362441842825802 ], [ -1.80549109508213, 52.3632922541018 ], [ -1.80695982988184, 52.365940484671803 ], [ -1.80791009025338, 52.366623455897098 ], [ -1.81280370804634, 52.366596203490303 ], [ -1.81324188530558, 52.365771571902698 ], [ -1.81904960167242, 52.366311959191599 ], [ -1.82425988109194, 52.365638653177598 ], [ -1.82451828177374, 52.3664013864379 ], [ -1.82686755182352, 52.366124147659697 ], [ -1.82724672498091, 52.366546148400403 ], [ -1.82952654487134, 52.367258556786702 ], [ -1.83026587140771, 52.365949045973302 ], [ -1.83146072685519, 52.366106265005001 ], [ -1.83131166420755, 52.366763673190498 ], [ -1.83182444052107, 52.366899425978801 ], [ -1.83317606982819, 52.366068127985201 ], [ -1.83506629796098, 52.367343737838198 ], [ -1.83660293913231, 52.366668540871999 ], [ -1.83805153073065, 52.366607942453101 ], [ -1.84156729040924, 52.365166612085197 ], [ -1.84288176844052, 52.365140477669598 ], [ -1.84965284342534, 52.3667040049544 ], [ -1.86314568213548, 52.366565944963298 ], [ -1.86330864136494, 52.367065078840497 ], [ -1.86821561895909, 52.368094378423898 ], [ -1.87202017377615, 52.367609005230896 ], [ -1.87049504183335, 52.3686466166168 ], [ -1.86999904022569, 52.369462917650601 ], [ -1.87023798801609, 52.369924369431097 ], [ -1.86891418819302, 52.370281357981902 ], [ -1.86895197531785, 52.370669231972997 ], [ -1.86754007607814, 52.371700815473403 ], [ -1.86755787504191, 52.3722877979069 ], [ -1.86676595099592, 52.372709092721102 ], [ -1.86659959893869, 52.373277889717599 ], [ -1.86532753235453, 52.3736304933906 ], [ -1.86502579082311, 52.374518912706101 ], [ -1.8634449940137, 52.376047589593902 ], [ -1.86311885709064, 52.377450029853101 ], [ -1.86193986020723, 52.378490175572701 ], [ -1.86204260559043, 52.378994907634301 ], [ -1.86130113645451, 52.380097402653803 ], [ -1.861800029727, 52.381443543011201 ], [ -1.86094463559249, 52.383201892641999 ], [ -1.86135503431742, 52.383848306581001 ], [ -1.85807833159097, 52.386460938457297 ], [ -1.85728401490068, 52.386649234120803 ], [ -1.85819517384795, 52.3874235562945 ], [ -1.84998020837415, 52.393182198174898 ], [ -1.84754994853957, 52.395412175964204 ], [ -1.84559793546976, 52.399427245831802 ], [ -1.84547409706993, 52.400406098129601 ], [ -1.8506458054279, 52.401823266016002 ], [ -1.85170385831358, 52.400554285169001 ], [ -1.85320443543423, 52.401442186601898 ], [ -1.85704258674602, 52.402697711272502 ], [ -1.86177473256739, 52.403552750531396 ], [ -1.86349461334925, 52.404567550671999 ], [ -1.8638215545632, 52.404362769301898 ], [ -1.86480122056919, 52.404773926272497 ], [ -1.86502324695384, 52.404360286337997 ], [ -1.86628089429814, 52.4045558291864 ], [ -1.86868223548555, 52.404199556178298 ], [ -1.86919640530842, 52.407809942529497 ], [ -1.86878646526985, 52.407738487733504 ], [ -1.86711341916205, 52.408786645385597 ], [ -1.86625181858913, 52.409823113178 ], [ -1.86563702507381, 52.409951934547401 ], [ -1.86664513342295, 52.411045314349401 ], [ -1.86476940071998, 52.410997373013799 ], [ -1.86413120002076, 52.410086843491499 ], [ -1.86275898865266, 52.409336437815099 ], [ -1.85781070857399, 52.408419051931297 ], [ -1.8539426048547, 52.408559087139402 ], [ -1.8508359960285, 52.410445864645197 ], [ -1.85025288111983, 52.410293246025098 ], [ -1.84943389003688, 52.410789316892 ], [ -1.84871905340463, 52.410018004550402 ], [ -1.84781816302923, 52.409965631441104 ], [ -1.84360880287724, 52.410523802236803 ], [ -1.84236507081714, 52.412615091065497 ], [ -1.83905967189958, 52.414350306075598 ], [ -1.83372923110355, 52.418152986684802 ], [ -1.83440999735922, 52.418563852974003 ], [ -1.83289793405241, 52.419483233280602 ], [ -1.83072531182291, 52.422795745493502 ], [ -1.82799861797337, 52.425568796171802 ], [ -1.82702968604712, 52.427788918545403 ], [ -1.82526331290558, 52.429305582541097 ], [ -1.81924004550818, 52.4309004035808 ], [ -1.81731473297498, 52.432367355724097 ], [ -1.81610967530427, 52.437820675111801 ], [ -1.81448147927685, 52.437744348635498 ], [ -1.81339861923043, 52.438499656293402 ], [ -1.81190441883669, 52.440489440664301 ], [ -1.81279839421585, 52.440595110875101 ], [ -1.81183733289341, 52.4414090150809 ], [ -1.81241579728778, 52.442012268724802 ], [ -1.81157148917493, 52.442344450477698 ], [ -1.81227038300094, 52.443012605035698 ], [ -1.80957346370991, 52.444776658063702 ], [ -1.81001004063735, 52.445231313356402 ], [ -1.80926330603013, 52.445393773195804 ], [ -1.80827568370454, 52.446532049106203 ], [ -1.80667876172508, 52.449681330081702 ], [ -1.80606636028185, 52.449760406589597 ], [ -1.80625417355158, 52.4515667292251 ], [ -1.80512369859533, 52.453331433063703 ], [ -1.80596506153781, 52.454094226130302 ], [ -1.80538852309611, 52.454697410850102 ], [ -1.80491286411673, 52.454428714911899 ], [ -1.80031736681895, 52.458297577609201 ], [ -1.79874353911794, 52.457469602442998 ], [ -1.79568316993517, 52.455051429449298 ], [ -1.79529226136584, 52.455255756530299 ], [ -1.79482511275738, 52.455100364761897 ], [ -1.7939884627725, 52.454300563676298 ], [ -1.79090609992385, 52.453254151065799 ], [ -1.7913077176073, 52.452966274982103 ], [ -1.79050250719387, 52.452699634752101 ], [ -1.79028343117725, 52.452973452189902 ], [ -1.78942064920775, 52.452772311286097 ], [ -1.7889805112826, 52.453096061354898 ], [ -1.78270372256494, 52.450859699721597 ], [ -1.78245528517338, 52.4511010939692 ], [ -1.78163891399044, 52.451049261360403 ], [ -1.78145382024471, 52.450670460413498 ], [ -1.77913012945202, 52.450428790621899 ], [ -1.77910650582978, 52.450153642019401 ], [ -1.77795123821377, 52.450188329334203 ], [ -1.7774781723753, 52.4506315971772 ], [ -1.77438349116316, 52.450679663209101 ], [ -1.77333566259662, 52.451006689399598 ], [ -1.77247781479673, 52.4507173574859 ], [ -1.76901485324649, 52.451102590035802 ], [ -1.76666103142904, 52.450739286528098 ], [ -1.76667532829702, 52.451089014553403 ], [ -1.7627665732461, 52.451195386457997 ], [ -1.76139223116363, 52.450923001499 ], [ -1.75960051292333, 52.4519109576989 ], [ -1.75497780141399, 52.456284100779399 ], [ -1.76337862439142, 52.463846475630902 ], [ -1.76374773869409, 52.466118961991903 ], [ -1.76171649976253, 52.467179276197399 ], [ -1.75994967242564, 52.4669878732604 ], [ -1.75872949244421, 52.4672181706716 ], [ -1.75932352521777, 52.468953595186797 ], [ -1.75669170309456, 52.4715391214786 ], [ -1.75580346600127, 52.471902275119099 ], [ -1.75916287042053, 52.475409034194797 ], [ -1.75915660687533, 52.476548000346803 ], [ -1.75859985930961, 52.476574729118703 ], [ -1.75883665743018, 52.478500861140603 ], [ -1.75985560527535, 52.480377349443401 ], [ -1.75887185016452, 52.480399619369599 ], [ -1.75980625368312, 52.482933096843396 ], [ -1.75904601914715, 52.483254383665098 ], [ -1.75947401125269, 52.483894439659302 ], [ -1.76041166337913, 52.483968236462403 ], [ -1.76109464538837, 52.485102302611999 ], [ -1.76156084414712, 52.485222863226902 ], [ -1.76086064249292, 52.4864225385612 ], [ -1.76147840993464, 52.486829205317797 ], [ -1.7620644576813, 52.4865714522888 ], [ -1.76309356884437, 52.4866274349272 ], [ -1.76365496845306, 52.487110460710397 ], [ -1.76111270794269, 52.4882749103731 ], [ -1.76232459369014, 52.488578510553303 ], [ -1.76235904708119, 52.4901077929634 ], [ -1.76159463360359, 52.490377773178601 ], [ -1.76100788676902, 52.4915803738417 ], [ -1.76083910704831, 52.493634300614403 ], [ -1.76033643695063, 52.493707885 ], [ -1.75989933739683, 52.494719264100702 ], [ -1.75896288679485, 52.495211862478499 ], [ -1.75695862683998, 52.496754087188002 ], [ -1.75583724416139, 52.499495498874701 ], [ -1.75873136538214, 52.500108224732799 ], [ -1.75889086688682, 52.499768730453397 ], [ -1.76149186524712, 52.5001092822217 ], [ -1.76154214144287, 52.499796529553699 ], [ -1.76418277135587, 52.499884464104099 ], [ -1.76417349611971, 52.500799638633403 ], [ -1.77027097152615, 52.501297058575503 ], [ -1.77035595899601, 52.501676583579197 ], [ -1.77139810656299, 52.501843154603897 ], [ -1.77153626963372, 52.501621340777596 ], [ -1.7720225820525, 52.5018614318818 ], [ -1.77245545268402, 52.501632093375001 ], [ -1.77939496621795, 52.501166880259397 ], [ -1.78216433777341, 52.5011872723151 ], [ -1.78197885749374, 52.501456643801603 ], [ -1.78254077034429, 52.501623132050099 ], [ -1.79209227201989, 52.503001303599703 ], [ -1.79744153189014, 52.502684225559101 ], [ -1.79859632606231, 52.503052966714399 ], [ -1.79929459260207, 52.5036996238086 ], [ -1.79935848028548, 52.504863059571697 ], [ -1.79869050065041, 52.5056251368121 ], [ -1.79430725618759, 52.506583223264897 ], [ -1.79402471990701, 52.507762146889398 ], [ -1.79482516759673, 52.508303855306501 ], [ -1.79391953163888, 52.5088390119667 ], [ -1.78461233528875, 52.509922806574998 ], [ -1.77360220340732, 52.513247596792098 ], [ -1.76848391189917, 52.514243730805198 ], [ -1.7644009562316, 52.5144928863606 ], [ -1.76049418746731, 52.514326855304198 ], [ -1.75351881384396, 52.5129615055519 ], [ -1.74755593212168, 52.510322594615502 ], [ -1.74516923726312, 52.508619294899603 ], [ -1.74307904933239, 52.506501691320302 ] ] ] } },
{ "type": "Feature", "properties": { "LAD24CD": "E08000030", "LAD24NM": "Walsall" }, "geometry": { "type": "Polygon", "coordinates": [ [ [ -1.95363533274562, 52.662779876352097 ], [ -1.95022476161725, 52.6596972482957 ], [ -1.94964043452172, 52.659990789576199 ], [ -1.94738613819782, 52.658487800981099 ], [ -1.94573644193377, 52.657145153838002 ], [ -1.94544608874089, 52.656325690603403 ], [ -1.94044868733703, 52.656330751136899 ], [ -1.94051664938295, 52.6569331993433 ], [ -1.93866293507069, 52.657358375952199 ], [ -1.93702673359885, 52.659154584822097 ], [ -1.9364548768478, 52.659054674036803 ], [ -1.93661954816316, 52.660083016050699 ], [ -1.93547432628474, 52.659716098008403 ], [ -1.93365090158632, 52.661562295530203 ], [ -1.92858946771769, 52.658600112006397 ], [ -1.92580553916573, 52.656069586636796 ], [ -1.92368354990336, 52.655527938331701 ], [ -1.91959209541151, 52.656874695955104 ], [ -1.91284218201852, 52.658233706340198 ], [ -1.90865983061504, 52.654000013804101 ], [ -1.9165836603673, 52.652258125011898 ], [ -1.91591919862459, 52.6514939679534 ], [ -1.91812069842629, 52.649950971637097 ], [ -1.91239070948457, 52.646548103935402 ], [ -1.90968636797633, 52.644355358812398 ], [ -1.90903715317861, 52.644758781611003 ], [ -1.90508380548937, 52.643207556544397 ], [ -1.90647230997885, 52.642138893259101 ], [ -1.90587601355269, 52.641782439418201 ], [ -1.90752933885754, 52.640603339141101 ], [ -1.90751176979636, 52.639812175540897 ], [ -1.90801078325517, 52.6400705841356 ], [ -1.91315358933952, 52.637029537558803 ], [ -1.9127375213769, 52.636724476347098 ], [ -1.91311997568687, 52.636108137301498 ], [ -1.91366721029908, 52.635883761987003 ], [ -1.91413496257777, 52.6361744769221 ], [ -1.91598526501652, 52.635285780959002 ], [ -1.90995784064612, 52.6317843429687 ], [ -1.90821094511561, 52.630172039484499 ], [ -1.90459911243831, 52.627736385097002 ], [ -1.89736637109913, 52.624733369367704 ], [ -1.8943423272089, 52.622671933539799 ], [ -1.88617290445766, 52.615571334975101 ], [ -1.88516615063562, 52.613377843562397 ], [ -1.88489389308968, 52.610515399902901 ], [ -1.88660543286469, 52.608377428445102 ], [ -1.88713856486865, 52.606631257796003 ], [ -1.89227291443313, 52.5999673495457 ], [ -1.8922660164266, 52.599151927121198 ], [ -1.89018159149274, 52.598474008367198 ], [ -1.89056325425403, 52.5981240220109 ], [ -1.88808622365336, 52.597024316575101 ], [ -1.88456405394277, 52.594616538838302 ], [ -1.87806657536313, 52.587677071753603 ], [ -1.87524543777935, 52.585750309240098 ], [ -1.87319090260371, 52.584912121560002 ], [ -1.87256445035415, 52.584944694866898 ], [ -1.87592485252269, 52.580362435378603 ], [ -1.8785192231514, 52.569635581683798 ], [ -1.88274613648667, 52.567457055922503 ], [ -1.88849901688753, 52.563826146745498 ], [ -1.89163279419325, 52.562454540783797 ], [ -1.89668206890154, 52.558857772215497 ], [ -1.89809604973742, 52.5566231551445 ], [ -1.8997930437395, 52.554999267587398 ], [ -1.90127972640905, 52.5544143753744 ], [ -1.90815690491608, 52.553227054789801 ], [ -1.91183491631661, 52.551944328781097 ], [ -1.91679969537041, 52.548644138946202 ], [ -1.91815749708244, 52.5473065293844 ], [ -1.92309384383676, 52.551073868492303 ], [ -1.92503598822324, 52.552069368115497 ], [ -1.92937837413272, 52.553549079152198 ], [ -1.93306656939252, 52.553840690940703 ], [ -1.93257046100339, 52.556141766249198 ], [ -1.93465254404344, 52.557448229562503 ], [ -1.93260232119757, 52.559329549277201 ], [ -1.93392727461876, 52.560034172564499 ], [ -1.93643737990746, 52.560406799117501 ], [ -1.93795449490269, 52.559910511220501 ], [ -1.94028411496484, 52.560649731407203 ], [ -1.9403515231552, 52.560980585974498 ], [ -1.94230925174648, 52.560761358091597 ], [ -1.9428459007972, 52.559903060844199 ], [ -1.94422216882958, 52.559908202884401 ], [ -1.94776675029154, 52.557481623827996 ], [ -1.949429680049, 52.556999633459498 ], [ -1.94932537670804, 52.556656997303797 ], [ -1.95106861813868, 52.5568330602228 ], [ -1.95275279990467, 52.557091758702398 ], [ -1.95187310114811, 52.561498232363803 ], [ -1.95406892213995, 52.562211972816101 ], [ -1.95506804574337, 52.561797947139098 ], [ -1.95993314786607, 52.5616674742135 ], [ -1.96414344608535, 52.563226771291902 ], [ -1.96684501861226, 52.562573090502298 ], [ -1.96734483068144, 52.561067482622398 ], [ -1.96697159140239, 52.561028644451198 ], [ -1.96711445435097, 52.559480607083501 ], [ -1.97453727141428, 52.559018600329402 ], [ -1.97443033765059, 52.557858855466002 ], [ -1.97549655588075, 52.555560404633603 ], [ -1.97924434459271, 52.558738128400201 ], [ -1.98055280488847, 52.558565795283499 ], [ -1.98372346917035, 52.560363304914198 ], [ -1.98622646636772, 52.561215900853199 ], [ -1.98905091695053, 52.563016014829401 ], [ -1.99289223589851, 52.564070803717001 ], [ -1.99440732986915, 52.563938772946102 ], [ -1.99979924570975, 52.565222670812403 ], [ -2.00577735822614, 52.566885647755903 ], [ -2.01097848483523, 52.569065334444801 ], [ -2.01177334854713, 52.567777016592103 ], [ -2.01249792706714, 52.568420613921298 ], [ -2.01614512586745, 52.568414780691398 ], [ -2.01681078791758, 52.569085322265899 ], [ -2.02704866346928, 52.564606470638999 ], [ -2.02536851401748, 52.562280194262797 ], [ -2.03137252786394, 52.560306392269098 ], [ -2.03485231344094, 52.558478649161401 ], [ -2.03750835299145, 52.5578341510627 ], [ -2.04062009868214, 52.554143604992397 ], [ -2.04106126718114, 52.554388898971098 ], [ -2.04150937297949, 52.553992307602002 ], [ -2.04846229624456, 52.551742188828101 ], [ -2.05098246778017, 52.552729114373399 ], [ -2.06195257793633, 52.558249058379801 ], [ -2.06084879338978, 52.558949032424103 ], [ -2.06016395438342, 52.558670690920501 ], [ -2.05846944493643, 52.5600262989866 ], [ -2.0566123406573, 52.560051480555103 ], [ -2.056652852907, 52.560536057114398 ], [ -2.05611299667281, 52.560553394457699 ], [ -2.05609720835776, 52.560954325816198 ], [ -2.05535085817891, 52.5609915303572 ], [ -2.0566297080159, 52.562027512746297 ], [ -2.05794978087109, 52.564216801662603 ], [ -2.05718981754696, 52.5651503292817 ], [ -2.05364016975383, 52.566156170663298 ], [ -2.05308853043987, 52.568681678571302 ], [ -2.05002212961767, 52.572140542339199 ], [ -2.05085908824962, 52.572439549085203 ], [ -2.05542792562121, 52.573008335411103 ], [ -2.0553149013729, 52.573491097053598 ], [ -2.05709619309411, 52.573761743307699 ], [ -2.05698010912589, 52.574123179705502 ], [ -2.05816430595956, 52.574746492064897 ], [ -2.05703508714412, 52.5755310138168 ], [ -2.05770255833923, 52.575926215905902 ], [ -2.05733834501602, 52.576152066969399 ], [ -2.05679767764923, 52.575685710868498 ], [ -2.05516533068123, 52.576574711421998 ], [ -2.05628709706524, 52.576866351155097 ], [ -2.05674245479099, 52.577499915125998 ], [ -2.0630455501194, 52.580018329561099 ], [ -2.06687382427043, 52.582109966861303 ], [ -2.06820798418832, 52.582140650110397 ], [ -2.06800103115451, 52.582869820258097 ], [ -2.06864832230153, 52.583377402805503 ], [ -2.07779302176381, 52.586127893430699 ], [ -2.0776837899834, 52.5864443516789 ], [ -2.07585425778821, 52.5870805970739 ], [ -2.07448812702558, 52.588062449361402 ], [ -2.07327913031066, 52.590823549385497 ], [ -2.07219479345974, 52.590736753270001 ], [ -2.07323021136652, 52.590965529859702 ], [ -2.07330508313261, 52.591697796390001 ], [ -2.07183115393363, 52.591961485410003 ], [ -2.07082762329076, 52.593034857225703 ], [ -2.07086107027978, 52.594377830484198 ], [ -2.06855321926547, 52.593089524612203 ], [ -2.06608629987742, 52.594418838314198 ], [ -2.06637285614285, 52.594630116848798 ], [ -2.06565401536745, 52.596874119378597 ], [ -2.06650413506301, 52.597702321600799 ], [ -2.06489345933958, 52.597602902107297 ], [ -2.06500768076996, 52.597269944612002 ], [ -2.06448113803785, 52.597209465583198 ], [ -2.06406815468494, 52.597760662706598 ], [ -2.06291125351718, 52.597677155871203 ], [ -2.06268427604303, 52.597876885013498 ], [ -2.06196340947009, 52.597607562609902 ], [ -2.06104420644958, 52.5980026793628 ], [ -2.06070576629648, 52.597793362300997 ], [ -2.05999010470789, 52.598031087344502 ], [ -2.05787009878349, 52.598002501802199 ], [ -2.0569948806421, 52.598275338440097 ], [ -2.05485750290117, 52.600936417046299 ], [ -2.05459907538167, 52.600847564452202 ], [ -2.05155957843859, 52.606332798355297 ], [ -2.05118157953223, 52.606359926247301 ], [ -2.05106669989692, 52.609253782540101 ], [ -2.0480217334804, 52.616035233439497 ], [ -2.05274948011826, 52.617311536360603 ], [ -2.05071786918317, 52.620522679672497 ], [ -2.04848601450864, 52.620550589142802 ], [ -2.04764291431587, 52.6208116560435 ], [ -2.04737916308544, 52.621422176665398 ], [ -2.03188843345921, 52.617423353579397 ], [ -2.03126335717298, 52.616935333209398 ], [ -2.03017319713815, 52.616953662092598 ], [ -2.03213194818584, 52.618709634995703 ], [ -2.0318196483828, 52.619257648772503 ], [ -2.03553484766995, 52.621756202857803 ], [ -2.03057314402337, 52.623979606455997 ], [ -2.03084783687001, 52.6247282960273 ], [ -2.02953294734342, 52.625639838595397 ], [ -2.02705716403722, 52.625392493118902 ], [ -2.02669608521152, 52.625584687348898 ], [ -2.02662587168874, 52.625266194519497 ], [ -2.02547520164694, 52.624967357607098 ], [ -2.02412955153369, 52.625217556915999 ], [ -2.02015479447436, 52.628136842223299 ], [ -2.01945717688104, 52.629146064560899 ], [ -2.01899597114842, 52.6285420253054 ], [ -2.01637413795838, 52.629987976358002 ], [ -2.01432874594321, 52.633151120529099 ], [ -2.01247021528579, 52.633410415654801 ], [ -2.01001776584619, 52.6346166562425 ], [ -2.00943693689108, 52.634264314732199 ], [ -2.00756941038388, 52.634804669307897 ], [ -2.0037563416267, 52.637119564537002 ], [ -1.99547204532316, 52.638358682815699 ], [ -1.9932065935613, 52.638108656651703 ], [ -1.99091704194394, 52.636667797902199 ], [ -1.98868744075207, 52.639137452045198 ], [ -1.98655031223884, 52.640409277330399 ], [ -1.98487731393484, 52.639695372519803 ], [ -1.98295412670702, 52.641348704245203 ], [ -1.98131611968526, 52.6398296062738 ], [ -1.97872695996168, 52.640068317026397 ], [ -1.97620609678266, 52.639696573268502 ], [ -1.97512474252522, 52.641413835323199 ], [ -1.97335979421945, 52.640668376807099 ], [ -1.97112328339964, 52.641572222313798 ], [ -1.96949482547838, 52.641627459228097 ], [ -1.96746161415947, 52.641644356620397 ], [ -1.96739822143376, 52.641091556873697 ], [ -1.96459095489432, 52.640887401691103 ], [ -1.96301511144769, 52.643770047543903 ], [ -1.96096309818208, 52.642814676236902 ], [ -1.96028059215627, 52.644162891689398 ], [ -1.9599581330498, 52.649212339037597 ], [ -1.9607710644962, 52.6492764194046 ], [ -1.96055716611524, 52.6537110007176 ], [ -1.95546614920456, 52.653606746689299 ], [ -1.95507387081327, 52.654137024776901 ], [ -1.95630314832202, 52.656224944808798 ], [ -1.95580942097388, 52.656180635889697 ], [ -1.95632453044352, 52.657019602518602 ], [ -1.96006604804743, 52.662065092927897 ], [ -1.95363533274562, 52.662779876352097 ] ] ] } },
{ "type": "Feature", "properties": { "LAD24CD": "E08000031", "LAD24NM": "Wolverhampton" }, "geometry": { "type": "Polygon", "coordinates": [ [ [ -2.11380124169969, 52.6379105203495 ], [ -2.11163510181412, 52.635139315715797 ], [ -2.1102513855997, 52.635453465029997 ], [ -2.10936986167448, 52.634561586400501 ], [ -2.10663469731301, 52.634544324141402 ], [ -2.10499499499947, 52.6353107915157 ], [ -2.10124106052418, 52.635053361975203 ], [ -2.10085479140156, 52.633512832348501 ], [ -2.09924846254349, 52.632761786328999 ], [ -2.0985712274762, 52.631904704258901 ], [ -2.09902197071982, 52.6285300134818 ], [ -2.09801163843497, 52.627258800203997 ], [ -2.09840637159004, 52.627118678908801 ], [ -2.09829211626273, 52.626639077583498 ], [ -2.09755373014505, 52.626506912653099 ], [ -2.09719513741493, 52.625105966037999 ], [ -2.09764738319229, 52.624533389483403 ], [ -2.09719071168871, 52.623368341973503 ], [ -2.09608092266727, 52.622618499829699 ], [ -2.09577453673877, 52.621674369140699 ], [ -2.09473968380578, 52.620617105777598 ], [ -2.0933230194911, 52.619889614262597 ], [ -2.08861240454994, 52.619849661311797 ], [ -2.08644530660572, 52.617150735011997 ], [ -2.08492063488307, 52.613885418902001 ], [ -2.08311193746654, 52.612565230633997 ], [ -2.08178147415702, 52.612669521833197 ], [ -2.08100174127972, 52.611904978842297 ], [ -2.07174656456505, 52.612787549098201 ], [ -2.06987825707738, 52.612680834085801 ], [ -2.06732536390014, 52.612076413544997 ], [ -2.06735608815015, 52.613859106952901 ], [ -2.06870667843356, 52.618116745280602 ], [ -2.06452131708334, 52.619458591452897 ], [ -2.06400023828668, 52.620746299773003 ], [ -2.05934126141825, 52.621679213112301 ], [ -2.05285726715109, 52.622216270003698 ], [ -2.0521054239333, 52.622199533323403 ], [ -2.0518654743577, 52.621664721306502 ], [ -2.05059163352785, 52.621213133462398 ], [ -2.05071786918317, 52.620522679672497 ], [ -2.05274948011826, 52.617311536360603 ], [ -2.0480217334804, 52.616035233439497 ], [ -2.05106669989692, 52.609253782540101 ], [ -2.05118157953223, 52.606359926247301 ], [ -2.05155957843859, 52.606332798355297 ], [ -2.05459907538167, 52.600847564452202 ], [ -2.05485750290117, 52.600936417046299 ], [ -2.0569948806421, 52.598275338440097 ], [ -2.05787009878349, 52.598002501802199 ], [ -2.05999010470789, 52.598031087344502 ], [ -2.06070576629648, 52.597793362300997 ], [ -2.06104420644958, 52.5980026793628 ], [ -2.06196340947009, 52.597607562609902 ], [ -2.06268427604303, 52.597876885013498 ], [ -2.06291125351718, 52.597677155871203 ], [ -2.06406815468494, 52.597760662706598 ], [ -2.06448113803785, 52.597209465583198 ], [ -2.06500768076996, 52.597269944612002 ], [ -2.06489345933958, 52.597602902107297 ], [ -2.06650413506301, 52.597702321600799 ], [ -2.06565401536745, 52.596874119378597 ], [ -2.06637285614285, 52.594630116848798 ], [ -2.06608629987742, 52.594418838314198 ], [ -2.06855321926547, 52.593089524612203 ], [ -2.07086107027978, 52.594377830484198 ], [ -2.07082762329076, 52.593034857225703 ], [ -2.07183115393363, 52.591961485410003 ], [ -2.07330508313261, 52.591697796390001 ], [ -2.07323021136652, 52.590965529859702 ], [ -2.07219479345974, 52.590736753270001 ], [ -2.07327913031066, 52.590823549385497 ], [ -2.07448812702558, 52.588062449361402 ], [ -2.07585425778821, 52.5870805970739 ], [ -2.0776837899834, 52.5864443516789 ], [ -2.07779302176381, 52.586127893430699 ], [ -2.06864832230153, 52.583377402805503 ], [ -2.06800103115451, 52.582869820258097 ], [ -2.06820798418832, 52.582140650110397 ], [ -2.06687382427043, 52.582109966861303 ], [ -2.0630455501194, 52.580018329561099 ], [ -2.05674245479099, 52.577499915125998 ], [ -2.05628709706524, 52.576866351155097 ], [ -2.05516533068123, 52.576574711421998 ], [ -2.05679767764923, 52.575685710868498 ], [ -2.05733834501602, 52.576152066969399 ], [ -2.05770255833923, 52.575926215905902 ], [ -2.05703508714412, 52.5755310138168 ], [ -2.05816430595956, 52.574746492064897 ], [ -2.05698010912589, 52.574123179705502 ], [ -2.05709619309411, 52.573761743307699 ], [ -2.0553149013729, 52.573491097053598 ], [ -2.05542792562121, 52.573008335411103 ], [ -2.05085908824962, 52.572439549085203 ], [ -2.05002212961767, 52.572140542339199 ], [ -2.05308853043987, 52.568681678571302 ], [ -2.05364016975383, 52.566156170663298 ], [ -2.05718981754696, 52.5651503292817 ], [ -2.05794978087109, 52.564216801662603 ], [ -2.0566297080159, 52.562027512746297 ], [ -2.05535085817891, 52.5609915303572 ], [ -2.05609720835776, 52.560954325816198 ], [ -2.05611299667281, 52.560553394457699 ], [ -2.056652852907, 52.560536057114398 ], [ -2.0566123406573, 52.560051480555103 ], [ -2.05846944493643, 52.5600262989866 ], [ -2.06016395438342, 52.558670690920501 ], [ -2.06084879338978, 52.558949032424103 ], [ -2.06195257793633, 52.558249058379801 ], [ -2.05098246778017, 52.552729114373399 ], [ -2.05076601800597, 52.550514988990102 ], [ -2.06146913708656, 52.546922912866698 ], [ -2.06336838818343, 52.548931129670798 ], [ -2.06661621137727, 52.548319813336299 ], [ -2.06901121489684, 52.547447288348302 ], [ -2.0703796539072, 52.550180337519798 ], [ -2.0721243754889, 52.550247580044498 ], [ -2.07394205771191, 52.5498796740698 ], [ -2.07527483117698, 52.553094502942997 ], [ -2.07849012928428, 52.557081921128201 ], [ -2.07987656607507, 52.557065521898402 ], [ -2.08083366413261, 52.556579592522802 ], [ -2.08142550998649, 52.553118081088201 ], [ -2.08198652457041, 52.552636012591698 ], [ -2.08256713438821, 52.552465067323602 ], [ -2.0850341161344, 52.552805819310997 ], [ -2.08645686920676, 52.551373590748803 ], [ -2.08853785094301, 52.550457678054002 ], [ -2.08901698006531, 52.551489164962803 ], [ -2.0893569456462, 52.551120337685603 ], [ -2.08915297837864, 52.550192732682298 ], [ -2.09034477814514, 52.549574213599897 ], [ -2.09005138395249, 52.548862463807097 ], [ -2.09369678933051, 52.547454444524199 ], [ -2.09418188989927, 52.548126487113002 ], [ -2.09619710640248, 52.546470737552099 ], [ -2.09731382391359, 52.546022159577902 ], [ -2.10231877753924, 52.546100588903897 ], [ -2.10508448368989, 52.5458284368449 ], [ -2.10610407396039, 52.545478722161199 ], [ -2.10775972190216, 52.544121566897601 ], [ -2.10824437895226, 52.543944879749603 ], [ -2.10963825730688, 52.546491312015903 ], [ -2.11198471184149, 52.546069301312599 ], [ -2.11146826478649, 52.547092818486199 ], [ -2.11220045429236, 52.547955173200698 ], [ -2.11452277263948, 52.547301172896297 ], [ -2.11550659355208, 52.548490489984403 ], [ -2.11465620807243, 52.548725891410697 ], [ -2.11723113566125, 52.552078404593701 ], [ -2.11782631098175, 52.551832365897603 ], [ -2.11847574934538, 52.552594105792103 ], [ -2.11795572320693, 52.552799540150197 ], [ -2.1215270601688, 52.556815290411599 ], [ -2.12759765825411, 52.558206827112002 ], [ -2.12838985342619, 52.557698900947997 ], [ -2.12732673836622, 52.5573377795764 ], [ -2.12720976036063, 52.556162906202303 ], [ -2.12806862953301, 52.555802390508298 ], [ -2.12833118405694, 52.555299534771997 ], [ -2.12838152781869, 52.553836884888298 ], [ -2.13169214997198, 52.554175726930602 ], [ -2.13348672789088, 52.554066663040501 ], [ -2.13492181000119, 52.554546924025402 ], [ -2.13906564233382, 52.558072399999197 ], [ -2.1409567037919, 52.558539465488401 ], [ -2.14157108252955, 52.557846525856498 ], [ -2.14223608209226, 52.5577710383766 ], [ -2.14369439626735, 52.5558355566234 ], [ -2.14527342197224, 52.5547377939657 ], [ -2.14679276930661, 52.555679844915502 ], [ -2.14787734579555, 52.5549349661759 ], [ -2.14891652353363, 52.554764693901902 ], [ -2.1532485534927, 52.554792387477697 ], [ -2.15305435204993, 52.5536751563045 ], [ -2.15534138070082, 52.553948164263097 ], [ -2.15736071344316, 52.553590395647298 ], [ -2.15727079623581, 52.554426607311498 ], [ -2.15789351068669, 52.5545174456919 ], [ -2.15772075988062, 52.554871867507103 ], [ -2.16003338805642, 52.555269675147798 ], [ -2.16195560979606, 52.554953302160001 ], [ -2.16203042439292, 52.5552570619626 ], [ -2.16368455170033, 52.555448993288003 ], [ -2.16454185881813, 52.555923319751301 ], [ -2.16556895628868, 52.555687312589903 ], [ -2.16500611215009, 52.553866726227099 ], [ -2.16708098387801, 52.553777524556899 ], [ -2.16904426529632, 52.554206210470802 ], [ -2.17014277168242, 52.556033198952697 ], [ -2.17304882126826, 52.5546408780829 ], [ -2.1755346715768, 52.554407131335097 ], [ -2.17648816592339, 52.557152065518899 ], [ -2.17631773525389, 52.558412705544598 ], [ -2.17586918889738, 52.559867078179799 ], [ -2.17480657090589, 52.560082645147602 ], [ -2.17552631312987, 52.564486635029702 ], [ -2.17963133069319, 52.563989572332801 ], [ -2.18020404627067, 52.565129553078101 ], [ -2.1797136473528, 52.565348782337303 ], [ -2.17992754131816, 52.565688268118897 ], [ -2.18042718413226, 52.565586757561903 ], [ -2.18095867871054, 52.566395973102303 ], [ -2.17697462870266, 52.566958507724301 ], [ -2.17920611651799, 52.571106661608397 ], [ -2.17857299704508, 52.571069873934803 ], [ -2.18033702695604, 52.574504936131703 ], [ -2.18067277630491, 52.574700346996401 ], [ -2.18258860348595, 52.574109449255801 ], [ -2.18349007020673, 52.576529956771203 ], [ -2.18296345464224, 52.576929900926501 ], [ -2.18344460048036, 52.576943534770201 ], [ -2.18827737941816, 52.574175202488199 ], [ -2.18894990577335, 52.576503373590199 ], [ -2.18950542506902, 52.5766373832707 ], [ -2.18943139946547, 52.577270388951597 ], [ -2.19638400296871, 52.577896378903297 ], [ -2.19799538997616, 52.579012481411702 ], [ -2.19932834102401, 52.578873934896897 ], [ -2.19927379784003, 52.579155176891803 ], [ -2.20183199667445, 52.578818275848199 ], [ -2.2033227943762, 52.581200997513399 ], [ -2.20218847421283, 52.581649793533799 ], [ -2.20396239022653, 52.5838627465358 ], [ -2.20005671594844, 52.583461222504503 ], [ -2.19990064544878, 52.583845424984197 ], [ -2.20125651328331, 52.585185721406503 ], [ -2.20670101056387, 52.585116535155201 ], [ -2.20687697905067, 52.586583346867698 ], [ -2.20420093437929, 52.586576321300903 ], [ -2.20247410190598, 52.586929889233801 ], [ -2.20056286097869, 52.5885801643606 ], [ -2.19941704751471, 52.588479558548201 ], [ -2.19930846247989, 52.588953552375898 ], [ -2.19843125479214, 52.588855180479499 ], [ -2.19817609628779, 52.5891768414117 ], [ -2.19761637278453, 52.589162205102099 ], [ -2.19783612550889, 52.588158584017201 ], [ -2.19347674185085, 52.588680059428 ], [ -2.18930941151633, 52.588608622047303 ], [ -2.18849729632613, 52.590610136492501 ], [ -2.18842427313698, 52.594865198157599 ], [ -2.1909379789056, 52.602228300785299 ], [ -2.19193232109528, 52.603358543322599 ], [ -2.19318553360677, 52.602941107516003 ], [ -2.19304518892788, 52.603609269550901 ], [ -2.19460180960352, 52.605334602044003 ], [ -2.19638418406732, 52.605029587881702 ], [ -2.19669643182833, 52.606160023056603 ], [ -2.19639726168784, 52.606615365680099 ], [ -2.19542204847139, 52.6064839740935 ], [ -2.19524363403287, 52.607087405351699 ], [ -2.19213654535978, 52.606972088009698 ], [ -2.19203039131763, 52.6080194850528 ], [ -2.18853446447128, 52.608103448296298 ], [ -2.18852837198148, 52.609015631496398 ], [ -2.18727999438659, 52.609030745134497 ], [ -2.18677848177977, 52.606505130099897 ], [ -2.18425033535488, 52.6066583360141 ], [ -2.18396881040068, 52.606080728870197 ], [ -2.18031362008319, 52.604901462049199 ], [ -2.17768788096973, 52.607355191128697 ], [ -2.17374968249154, 52.609242626188099 ], [ -2.1724540888532, 52.610274824730197 ], [ -2.1710201974185, 52.610644579872599 ], [ -2.17071438072266, 52.609132018139803 ], [ -2.16915726306372, 52.609338360747202 ], [ -2.16955286038708, 52.610435406750902 ], [ -2.16868964292763, 52.610614681103698 ], [ -2.16862410984796, 52.611238670449197 ], [ -2.16761034229736, 52.611443226050497 ], [ -2.17096365028173, 52.614334016602001 ], [ -2.16929031048536, 52.6150754514128 ], [ -2.1658638155145, 52.615887551728797 ], [ -2.16600547596559, 52.616247920769503 ], [ -2.16536418039283, 52.6161507699005 ], [ -2.16501689529906, 52.616512633223799 ], [ -2.16957751777768, 52.618270001310201 ], [ -2.16904892392232, 52.618281637866197 ], [ -2.16835861377736, 52.618990031733503 ], [ -2.16871393079014, 52.619204380701703 ], [ -2.16846253564829, 52.619893340587197 ], [ -2.16749848884885, 52.6204116574919 ], [ -2.16461170397205, 52.619123898392999 ], [ -2.16173145404507, 52.619129678514497 ], [ -2.16284872429374, 52.6211569328268 ], [ -2.16019115341757, 52.621797858190298 ], [ -2.15631079727224, 52.623744196501399 ], [ -2.15156504306528, 52.624589485606201 ], [ -2.15249210044941, 52.627121294185102 ], [ -2.15313545588289, 52.627743448730399 ], [ -2.15304789117928, 52.629735687476199 ], [ -2.14047218109319, 52.6301024229993 ], [ -2.13711233537054, 52.629814993773898 ], [ -2.13501141867051, 52.632723511938302 ], [ -2.13146637520993, 52.6355404197434 ], [ -2.13164409782653, 52.637623081968997 ], [ -2.12867242602692, 52.637626373130402 ], [ -2.12597296716592, 52.637258936617101 ], [ -2.11824568737562, 52.637708420933599 ], [ -2.11699045636358, 52.637469626169597 ], [ -2.11611364559419, 52.637814795317098 ], [ -2.11380124169969, 52.6379105203495 ] ] ] } }
]
}
